dataset,task_id,status,error_type,error_message,line_number
DS1000,DS0000,passed,,,
DS1000,DS0001,failed,AssertionError,,53
DS1000,DS0002,failed,ValueError,"The truth value of a Series is ambiguous. Use a.empty, a.bool(), a.item(), a.any() or a.all().",1513
DS1000,DS0003,failed,ValueError,"The truth value of a Series is ambiguous. Use a.empty, a.bool(), a.item(), a.any() or a.all().",1513
DS1000,DS0004,failed,IndentationError,"expected an indented block after function definition on line 4 (<string>, line 6)",118
DS1000,DS0005,failed,AssertionError,,123
DS1000,DS0006,failed,AttributeError,module 'pandas' has no attribute 'value_counts',11
DS1000,DS0007,failed,AssertionError,,56
DS1000,DS0008,failed,AssertionError,,56
DS1000,DS0009,failed,AssertionError,,56
DS1000,DS0010,failed,ValueError,DataFrame index must be unique for orient='index'.,259
DS1000,DS0011,failed,KeyError,'datetime_column',3648
DS1000,DS0012,failed,IndentationError,"expected an indented block after function definition on line 4 (<string>, line 6)",66
DS1000,DS0013,failed,AssertionError,,68
DS1000,DS0014,failed,AssertionError,,67
DS1000,DS0015,failed,ModuleNotFoundError,No module named 'yaml',3
DS1000,DS0016,failed,AssertionError,,104
DS1000,DS0017,failed,AssertionError,,104
DS1000,DS0018,failed,AssertionError,,109
DS1000,DS0019,failed,AssertionError,,78
DS1000,DS0020,failed,NameError,name 'result' is not defined,9
DS1000,DS0021,failed,NameError,name 'result' is not defined,9
DS1000,DS0022,failed,NameError,name 'result' is not defined,9
DS1000,DS0023,failed,NameError,name 'result' is not defined,9
DS1000,DS0024,failed,NameError,name 'result' is not defined,9
DS1000,DS0025,failed,NameError,name 'result' is not defined,9
DS1000,DS0026,failed,AssertionError,,68
DS1000,DS0027,failed,AssertionError,,68
DS1000,DS0028,failed,AssertionError,,69
DS1000,DS0029,failed,AssertionError,,80
DS1000,DS0030,passed,,,
DS1000,DS0031,passed,,,
DS1000,DS0032,failed,AssertionError,,63
DS1000,DS0033,failed,TypeError,Cannot perform reduction 'mean' with string dtype,967
DS1000,DS0034,failed,AssertionError,,53
DS1000,DS0035,failed,AssertionError,,67
DS1000,DS0036,passed,,,
DS1000,DS0037,passed,,,
DS1000,DS0038,failed,AssertionError,,68
DS1000,DS0039,failed,TypeError,'<' not supported between instances of 'str' and 'int',442
DS1000,DS0040,failed,TypeError,'<' not supported between instances of 'str' and 'int',442
DS1000,DS0041,failed,AssertionError,,59
DS1000,DS0042,failed,AttributeError,'DataFrame' object has no attribute 'append',6206
DS1000,DS0043,failed,AssertionError,,85
DS1000,DS0044,failed,AssertionError,,63
DS1000,DS0045,failed,TypeError,NDFrame.fillna() got an unexpected keyword argument 'method',9
DS1000,DS0046,failed,TypeError,NDFrame.fillna() got an unexpected keyword argument 'method',9
DS1000,DS0047,failed,AttributeError,'DataFrame' object has no attribute 'append',6206
DS1000,DS0048,failed,AttributeError,'DataFrame' object has no attribute 'append',6206
DS1000,DS0049,failed,AttributeError,'DataFrame' object has no attribute 'append',6206
DS1000,DS0050,passed,,,
DS1000,DS0051,passed,,,
DS1000,DS0052,passed,,,
DS1000,DS0053,failed,TypeError,bad operand type for unary -: 'str',9
DS1000,DS0054,failed,InvalidIndexError,"a   2017-01-08
b   2017-01-05
c   2017-01-05
dtype: datetime64[us]",6094
DS1000,DS0055,failed,AssertionError,,75
DS1000,DS0056,failed,AssertionError,,67
DS1000,DS0057,failed,ValueError,cannot include dtype 'M' in a buffer,3128
DS1000,DS0058,failed,AssertionError,,67
DS1000,DS0059,failed,ValueError,Length of values (1) does not match length of index (2),601
DS1000,DS0060,failed,KeyError,'dt',1776
DS1000,DS0061,failed,TypeError,"Invalid value '1' for dtype 'str'. Value should be a string or missing value, got 'int' instead.",837
DS1000,DS0062,failed,AssertionError,,57
DS1000,DS0063,failed,TypeError,"Invalid value '1' for dtype 'str'. Value should be a string or missing value, got 'int' instead.",837
DS1000,DS0064,failed,TypeError,"Invalid value '1' for dtype 'str'. Value should be a string or missing value, got 'int' instead.",837
DS1000,DS0065,failed,AssertionError,,66
DS1000,DS0066,failed,AssertionError,,65
DS1000,DS0067,failed,AssertionError,,66
DS1000,DS0068,failed,ValueError,"operands could not be broadcast together with shapes (4,) (5,) ",369
DS1000,DS0069,failed,ValueError,"operands could not be broadcast together with shapes (4,) (5,) ",369
DS1000,DS0070,failed,IndentationError,"expected an indented block after function definition on line 4 (<string>, line 6)",48
DS1000,DS0071,failed,IndentationError,"expected an indented block after function definition on line 4 (<string>, line 6)",49
DS1000,DS0072,failed,IndentationError,"expected an indented block after function definition on line 4 (<string>, line 6)",47
DS1000,DS0073,failed,TypeError,unsupported operand type(s) for -: 'str' and 'str',1212
DS1000,DS0074,failed,AttributeError,Can only use .dt accessor with datetimelike values,698
DS1000,DS0075,failed,AttributeError,'DataFrame' object has no attribute 'append',6206
DS1000,DS0076,passed,,,
DS1000,DS0077,passed,,,
DS1000,DS0078,passed,,,
DS1000,DS0079,failed,AssertionError,,45
DS1000,DS0080,failed,AssertionError,,56
DS1000,DS0081,failed,AssertionError,,56
DS1000,DS0082,failed,TypeError,NDFrame.replace() got an unexpected keyword argument 'method',9
DS1000,DS0083,failed,TypeError,NDFrame.replace() got an unexpected keyword argument 'method',9
DS1000,DS0084,failed,TypeError,NDFrame.replace() got an unexpected keyword argument 'method',9
DS1000,DS0085,failed,AttributeError,'DataFrame' object has no attribute 'str',6206
DS1000,DS0086,failed,AssertionError,,58
DS1000,DS0087,failed,IndentationError,"expected an indented block after function definition on line 4 (<string>, line 6)",56
DS1000,DS0088,failed,TypeError,"Invalid value '7' for dtype 'str'. Value should be a string or missing value, got 'int' instead.",837
DS1000,DS0089,passed,,,
DS1000,DS0090,failed,AssertionError,,67
DS1000,DS0091,failed,AssertionError,,51
DS1000,DS0092,failed,AssertionError,,51
DS1000,DS0093,failed,IndentationError,"expected an indented block after function definition on line 4 (<string>, line 6)",53
DS1000,DS0094,failed,IndentationError,"expected an indented block after function definition on line 4 (<string>, line 6)",53
DS1000,DS0095,failed,KeyError,"""The following id_vars or value_vars are not present in the DataFrame: ['Variable 2000', 'Variable 2001', 'Variable 2002', 'Variable 2003', 'Variable 2004', 'Variable 2005']""",204
DS1000,DS0096,failed,KeyError,"""The following id_vars or value_vars are not present in the DataFrame: ['Variable 2000', 'Variable 2001', 'Variable 2002', 'Variable 2003', 'Variable 2004', 'Variable 2005']""",204
DS1000,DS0097,failed,AssertionError,,65
DS1000,DS0098,failed,AssertionError,,65
DS1000,DS0099,failed,SyntaxError,"closing parenthesis ']' does not match opening parenthesis '(' (<string>, line 9)",68
DS1000,DS0100,failed,AssertionError,,50
DS1000,DS0101,failed,AssertionError,,50
DS1000,DS0102,failed,IndentationError,"expected an indented block after function definition on line 4 (<string>, line 6)",50
DS1000,DS0103,failed,AssertionError,,53
DS1000,DS0104,failed,AssertionError,,59
DS1000,DS0105,failed,NameError,name 'name_df' is not defined,9
DS1000,DS0106,failed,NameError,name 'name_df' is not defined,9
DS1000,DS0107,failed,NameError,name 'name_df' is not defined,9
DS1000,DS0108,failed,AssertionError,,95
DS1000,DS0109,failed,AssertionError,,95
DS1000,DS0110,failed,NameError,name 'result' is not defined,7
DS1000,DS0111,failed,NameError,name 'result' is not defined,7
DS1000,DS0112,failed,AttributeError,'str' object has no attribute 'is_integer',9
DS1000,DS0113,failed,AttributeError,'str' object has no attribute 'is_integer',9
DS1000,DS0114,failed,IndentationError,"expected an indented block after function definition on line 4 (<string>, line 6)",48
DS1000,DS0115,failed,NameError,name 'result' is not defined,9
DS1000,DS0116,failed,TypeError,"can only concatenate str (not ""int"") to str",49
DS1000,DS0117,failed,TypeError,read_csv() got an unexpected keyword argument 'delim_whitespace',26
DS1000,DS0118,failed,TypeError,read_csv() got an unexpected keyword argument 'delim_whitespace',25
DS1000,DS0119,failed,TypeError,read_csv() got an unexpected keyword argument 'delim_whitespace',25
DS1000,DS0120,failed,TypeError,read_csv() got an unexpected keyword argument 'delim_whitespace',25
DS1000,DS0121,failed,AssertionError,,84
DS1000,DS0122,failed,KeyError,'Column not found: euclidean_distance',228
DS1000,DS0123,failed,NameError,name 'result' is not defined,9
DS1000,DS0124,failed,NameError,name 'result' is not defined,9
DS1000,DS0125,failed,NameError,name 'result' is not defined,9
DS1000,DS0126,failed,NameError,name 'result' is not defined,9
DS1000,DS0127,failed,AssertionError,,63
DS1000,DS0128,failed,AssertionError,,63
DS1000,DS0129,failed,AssertionError,,71
DS1000,DS0130,failed,AssertionError,,50
DS1000,DS0131,failed,AssertionError,,58
DS1000,DS0132,failed,IndentationError,"expected an indented block after function definition on line 4 (<string>, line 6)",51
DS1000,DS0133,failed,AssertionError,,66
DS1000,DS0134,failed,AssertionError,,73
DS1000,DS0135,passed,,,
DS1000,DS0136,failed,AssertionError,,69
DS1000,DS0137,failed,AssertionError,,69
DS1000,DS0138,passed,,,
DS1000,DS0139,passed,,,
DS1000,DS0140,failed,ValueError,"('Lengths must match to compare', (4,), (2,))",328
DS1000,DS0141,failed,ValueError,id_vars must be a list of tuples when columns are a MultiIndex,35
DS1000,DS0142,failed,KeyError,"""The following id_vars or value_vars are not present in the DataFrame: ['A', 'B', 'E']""",204
DS1000,DS0143,passed,,,
DS1000,DS0144,failed,NameError,name 'result' is not defined,9
DS1000,DS0145,passed,,,
DS1000,DS0146,passed,,,
DS1000,DS0147,passed,,,
DS1000,DS0148,failed,AssertionError,,55
DS1000,DS0149,failed,AssertionError,,55
DS1000,DS0150,failed,AssertionError,,55
DS1000,DS0151,failed,KeyError,0,3648
DS1000,DS0152,failed,KeyError,0,3648
DS1000,DS0153,failed,KeyError,0,3648
DS1000,DS0154,failed,KeyError,0,3648
DS1000,DS0155,failed,AttributeError,'DataFrame' object has no attribute 'applymap',6206
DS1000,DS0156,failed,NameError,name 'df' is not defined,9
DS1000,DS0157,failed,AssertionError,,58
DS1000,DS0158,failed,AssertionError,,60
DS1000,DS0159,failed,TypeError,DataFrame.groupby() got an unexpected keyword argument 'axis',336
DS1000,DS0160,failed,AssertionError,,57
DS1000,DS0161,failed,AssertionError,,57
DS1000,DS0162,passed,,,
DS1000,DS0163,passed,,,
DS1000,DS0164,failed,AssertionError,,57
DS1000,DS0165,failed,AssertionError,,49
DS1000,DS0166,failed,AssertionError,,55
DS1000,DS0167,failed,AssertionError,,55
DS1000,DS0168,failed,NameError,name 'result' is not defined,9
DS1000,DS0169,failed,AssertionError,,51
DS1000,DS0170,failed,AssertionError,,57
DS1000,DS0171,failed,AssertionError,,51
DS1000,DS0172,failed,AssertionError,,55
DS1000,DS0173,failed,AssertionError,,93
DS1000,DS0174,failed,KeyError,'value',1776
DS1000,DS0175,passed,,,
DS1000,DS0176,passed,,,
DS1000,DS0177,passed,,,
DS1000,DS0178,failed,AssertionError,,69
DS1000,DS0179,failed,AssertionError,,69
DS1000,DS0180,passed,,,
DS1000,DS0181,failed,AttributeError,module 'numpy' has no attribute 'NAN',792
DS1000,DS0182,failed,AttributeError,module 'numpy' has no attribute 'NAN',792
DS1000,DS0183,failed,AttributeError,module 'numpy' has no attribute 'NAN',792
DS1000,DS0184,failed,AttributeError,module 'numpy' has no attribute 'NAN',792
DS1000,DS0185,failed,AttributeError,Can only use .dt accessor with datetimelike values,698
DS1000,DS0186,failed,AttributeError,Can only use .dt accessor with datetimelike values,698
DS1000,DS0187,failed,AttributeError,Can only use .dt accessor with datetimelike values,698
DS1000,DS0188,failed,TypeError,DataFrame.reset_index() got an unexpected keyword argument 'name'. Did you mean 'names'?,9
DS1000,DS0189,failed,AttributeError,'DataFrame' object has no attribute 'applymap',6206
DS1000,DS0190,passed,,,
DS1000,DS0191,passed,,,
DS1000,DS0192,passed,,,
DS1000,DS0193,failed,ValueError,No group keys passed!,929
DS1000,DS0194,failed,AssertionError,,59
DS1000,DS0195,failed,TypeError,DataFrame.drop() takes from 1 to 2 positional arguments but 3 were given,19
DS1000,DS0196,failed,TypeError,DataFrame.drop() takes from 1 to 2 positional arguments but 3 were given,19
DS1000,DS0197,failed,AttributeError,module 'numpy' has no attribute 'NAN',792
DS1000,DS0198,failed,AssertionError,,47
DS1000,DS0199,failed,TypeError,StringMethods.split() takes from 1 to 2 positional arguments but 3 were given,142
DS1000,DS0200,failed,TypeError,StringMethods.split() takes from 1 to 2 positional arguments but 3 were given,142
DS1000,DS0201,failed,TypeError,StringMethods.split() takes from 1 to 2 positional arguments but 3 were given,142
DS1000,DS0202,failed,TypeError,Invalid value '3.5' for dtype 'int64',468
DS1000,DS0203,failed,TypeError,Invalid value '3.5' for dtype 'int64',468
DS1000,DS0204,failed,TypeError,Invalid value '3.5' for dtype 'int64',468
DS1000,DS0205,failed,TypeError,Invalid value '4.25' for dtype 'int64',468
DS1000,DS0206,passed,,,
DS1000,DS0207,failed,NameError,name 'result' is not defined,9
DS1000,DS0208,failed,AssertionError,,81
DS1000,DS0209,failed,ValueError,"time data ""2016-05-19 21:25:00"" doesn't match format "" %Y-%m-%d %H:%M:%S"". You might want to try:
    - passing `format` if your strings have a consistent format;
    - passing `format='ISO8601'` if your strings are all ISO8601 but not necessarily in exactly the same format;
    - passing `format='mixed'`, and the format will be inferred for each element individually. You might want to use `dayfirst` alongside this.",617
DS1000,DS0210,failed,ValueError,"time data ""2016-05-19 21:25:00"" doesn't match format "" %Y-%m-%d %H:%M:%S"". You might want to try:
    - passing `format` if your strings have a consistent format;
    - passing `format='ISO8601'` if your strings are all ISO8601 but not necessarily in exactly the same format;
    - passing `format='mixed'`, and the format will be inferred for each element individually. You might want to use `dayfirst` alongside this.",617
DS1000,DS0211,failed,ValueError,"time data ""2016-05-19 21:25:00"" doesn't match format "" %Y-%m-%d %H:%M:%S"". You might want to try:
    - passing `format` if your strings have a consistent format;
    - passing `format='ISO8601'` if your strings are all ISO8601 but not necessarily in exactly the same format;
    - passing `format='mixed'`, and the format will be inferred for each element individually. You might want to use `dayfirst` alongside this.",617
DS1000,DS0212,failed,AssertionError,,59
DS1000,DS0213,failed,AssertionError,,52
DS1000,DS0214,failed,AssertionError,,52
DS1000,DS0215,passed,,,
DS1000,DS0216,failed,ValueError,Length of values (13) does not match length of index (12),601
DS1000,DS0217,passed,,,
DS1000,DS0218,passed,,,
DS1000,DS0219,failed,AssertionError,,57
DS1000,DS0220,failed,TypeError,StringMethods.rsplit() takes from 1 to 2 positional arguments but 3 were given,142
DS1000,DS0221,failed,TypeError,StringMethods.rsplit() takes from 1 to 2 positional arguments but 3 were given,142
DS1000,DS0222,failed,TypeError,StringMethods.rsplit() takes from 1 to 2 positional arguments but 3 were given,142
DS1000,DS0223,failed,TypeError,NDFrame.fillna() got an unexpected keyword argument 'method',9
DS1000,DS0224,failed,AssertionError,,105
DS1000,DS0225,failed,AssertionError,,105
DS1000,DS0226,failed,AssertionError,,53
DS1000,DS0227,failed,ValueError,"1 columns passed, passed data had 3 columns",886
DS1000,DS0228,failed,AssertionError,,61
DS1000,DS0229,failed,AssertionError,,79
DS1000,DS0230,failed,AssertionError,,79
DS1000,DS0231,failed,AssertionError,,79
DS1000,DS0232,failed,AssertionError,,45
DS1000,DS0233,failed,AssertionError,,45
DS1000,DS0234,failed,AssertionError,,47
DS1000,DS0235,failed,AssertionError,,45
DS1000,DS0236,failed,AssertionError,,45
DS1000,DS0237,failed,AssertionError,,103
DS1000,DS0238,failed,KeyError,'date',1776
DS1000,DS0239,failed,AssertionError,,104
DS1000,DS0240,failed,AssertionError,,53
DS1000,DS0241,failed,AssertionError,,53
DS1000,DS0242,failed,TypeError,NDFrame.fillna() got an unexpected keyword argument 'method',9
DS1000,DS0243,failed,KeyError,'time',3648
DS1000,DS0244,failed,KeyError,'time',3648
DS1000,DS0245,failed,KeyError,'time',3648
DS1000,DS0246,failed,NameError,name 'df' is not defined,10
DS1000,DS0247,failed,NameError,name 'df' is not defined,10
DS1000,DS0248,failed,AssertionError,,53
DS1000,DS0249,failed,ValueError,Item wrong length 5 instead of 3.,4419
DS1000,DS0250,failed,AttributeError,'Index' object has no attribute 'columns',10
DS1000,DS0251,failed,AssertionError,,65
DS1000,DS0252,failed,ValueError,"1 columns passed, passed data had 3 columns",886
DS1000,DS0253,failed,AssertionError,,72
DS1000,DS0254,failed,KeyError,'User IDs',3648
DS1000,DS0255,failed,KeyError,'User IDs',3648
DS1000,DS0256,failed,KeyError,'User IDs',3648
DS1000,DS0257,failed,ValueError,"Invalid frequency: 2T. Failed to parse with error message: ValueError(""Invalid frequency: T. Failed to parse with error message: KeyError('T'). Did you mean min?"")",6137
DS1000,DS0258,failed,ValueError,"Invalid frequency: 3T. Failed to parse with error message: ValueError(""Invalid frequency: T. Failed to parse with error message: KeyError('T'). Did you mean min?"")",6137
DS1000,DS0259,failed,AssertionError,,57
DS1000,DS0260,failed,AssertionError,,57
DS1000,DS0261,passed,,,
DS1000,DS0262,failed,IndexingError,Unalignable boolean Series provided as indexer (index of the boolean Series and of the indexed object do not match).,2677
DS1000,DS0263,failed,IndexingError,Unalignable boolean Series provided as indexer (index of the boolean Series and of the indexed object do not match).,2677
DS1000,DS0264,failed,AssertionError,,50
DS1000,DS0265,failed,TypeError,Series.eq() got an unexpected keyword argument 'na_equal',9
DS1000,DS0266,failed,AssertionError,,52
DS1000,DS0267,failed,AttributeError,module 'pandas' has no attribute 'isclose',9
DS1000,DS0268,failed,NameError,name 'ts' is not defined,10
DS1000,DS0269,failed,AssertionError,,56
DS1000,DS0270,failed,AssertionError,,54
DS1000,DS0271,failed,TypeError,type NAType doesn't define __round__ method,2597
DS1000,DS0272,failed,AssertionError,,68
DS1000,DS0273,failed,AssertionError,,51
DS1000,DS0274,failed,NameError,name 'result' is not defined,9
DS1000,DS0275,failed,NameError,name 'result' is not defined,9
DS1000,DS0276,passed,,,
DS1000,DS0277,passed,,,
DS1000,DS0278,failed,NameError,name 'sp' is not defined,9
DS1000,DS0279,failed,NameError,name 'sp' is not defined,9
DS1000,DS0280,failed,AssertionError,,49
DS1000,DS0281,failed,AssertionError,,47
DS1000,DS0282,failed,TypeError,DataFrame.set_axis() got an unexpected keyword argument 'inplace',9
DS1000,DS0283,failed,TypeError,DataFrame.set_axis() got an unexpected keyword argument 'inplace',9
DS1000,DS0284,failed,NameError,name 'result' is not defined,9
DS1000,DS0285,failed,NameError,name 'result' is not defined,9
DS1000,DS0286,failed,KeyError,'frequent',3648
DS1000,DS0287,failed,TypeError,"agg function failed [how->mean,dtype->object]",1748
DS1000,DS0288,failed,TypeError,"can only concatenate str (not ""int"") to str",49
DS1000,DS0289,passed,,,
DS1000,DS0290,passed,,,
DS1000,DS0291,passed,,,
DS1000,DS0292,failed,AssertionError,"
Arrays are not equal

(shapes (7,), (4,) mismatch)
 ACTUAL: array([1400., 1500., 1600.,   nan,   nan,   nan, 1700.])
 DESIRED: array([1400., 1500., 1600., 1700.])",842
DS1000,DS0293,failed,AttributeError,'numpy.ndarray' object has no attribute 'fillna',7
DS1000,DS0294,failed,AssertionError,"
Arrays are not equal

Mismatched elements: 2 / 3 (66.7%)
Mismatch at indices:
 [1]: 1500.0 (ACTUAL), 1400.0 (DESIRED)
 [2]: 1600.0 (ACTUAL), 1400.0 (DESIRED)
Max absolute difference among violations: 200.
Max relative difference among violations: 0.14285714
 ACTUAL: array([1400., 1500., 1600.])
 DESIRED: array(1400.)",983
DS1000,DS0295,passed,,,
DS1000,DS0296,failed,AssertionError,"
Arrays are not equal

(shapes (3, 1, 4), (3, 4) mismatch)
 ACTUAL: array([[[0., 1., 0., 0.]],

       [[1., 0., 0., 0.]],...
 DESIRED: array([[0., 1., 0., 0.],
       [1., 0., 0., 0.],
       [0., 0., 0., 1.]])",842
DS1000,DS0297,passed,,,
DS1000,DS0298,failed,AssertionError,"
Arrays are not equal

Mismatched elements: 6 / 9 (66.7%)
First 5 mismatches are at indices:
 [0, 0]: 1.0 (ACTUAL), 0.0 (DESIRED)
 [0, 2]: 0.0 (ACTUAL), 1.0 (DESIRED)
 [1, 0]: 0.0 (ACTUAL), 1.0 (DESIRED)
 [1, 1]: 1.0 (ACTUAL), 0.0 (DESIRED)
 [2, 1]: 0.0 (ACTUAL), 1.0 (DESIRED)
Max absolute difference among violations: 1.
Max relative difference among violations: 1.
 ACTUAL: array([[1., 0., 0.],
       [0., 1., 0.],
       [0., 0., 1.]])
 DESIRED: array([[0., 0., 1.],
       [1., 0., 0.],
       [0., 1., 0.]])",983
DS1000,DS0299,failed,AssertionError,"
Arrays are not equal

(shapes (5, 5), (6, 5) mismatch)
 ACTUAL: array([[1., 0., 0., 0., 0.],
       [0., 1., 0., 0., 0.],
       [0., 0., 1., 0., 0.],...
 DESIRED: array([[0., 1., 0., 0., 0.],
       [1., 0., 0., 0., 0.],
       [0., 0., 0., 1., 0.],...",842
DS1000,DS0300,passed,,,
DS1000,DS0301,passed,,,
DS1000,DS0302,passed,,,
DS1000,DS0303,failed,ValueError,cannot reshape array of size 7 into shape (2),7
DS1000,DS0304,failed,ValueError,cannot reshape array of size 1 into shape (2),7
DS1000,DS0305,failed,AssertionError,"
Arrays are not equal

nan location mismatch:
 ACTUAL: array([7., 8., 9., 0., 1., 2., 3., 4., 5., 6.])
 DESIRED: array([nan, nan, nan,  0.,  1.,  2.,  3.,  4.,  5.,  6.])",790
DS1000,DS0306,failed,AssertionError,"
Arrays are not equal

nan location mismatch:
 ACTUAL: array([[ 7.,  8.,  9.,  0.,  1.,  2.,  3.,  4.,  5.,  6.],
       [ 8.,  9., 10.,  1.,  2.,  3.,  4.,  5.,  6.,  7.]])
 DESIRED: array([[nan, nan, nan,  0.,  1.,  2.,  3.,  4.,  5.,  6.],
       [nan, nan, nan,  1.,  2.,  3.,  4.,  5.,  6.,  7.]])",790
DS1000,DS0307,failed,AssertionError,"
Arrays are not equal

nan location mismatch:
 ACTUAL: array([[ 9.,  0.,  1.,  2.,  3.,  4.,  5.,  6.,  7.,  8.],
       [10.,  1.,  2.,  3.,  4.,  5.,  6.,  7.,  8.,  9.]])
 DESIRED: array([[ 2.,  3.,  4.,  5.,  6.,  7.,  8.,  9., nan, nan],
       [nan, nan, nan,  1.,  2.,  3.,  4.,  5.,  6.,  7.]])",790
DS1000,DS0308,failed,AssertionError,"
Arrays are not equal

Mismatched elements: 133413 / 200000 (66.7%)
First 5 mismatches are at indices:
 [0, 0]: 1 (ACTUAL), -1 (DESIRED)
 [0, 1]: -1 (ACTUAL), 1 (DESIRED)
 [0, 4]: -1 (ACTUAL), 1 (DESIRED)
 [0, 5]: -1 (ACTUAL), 1 (DESIRED)
 [0, 6]: 1 (ACTUAL), 0 (DESIRED)
Max absolute difference among violations: 2
Max relative difference among violations: 2.
 ACTUAL: array([[ 1, -1,  1, ...,  0,  1,  1],
       [ 0, -1, -1, ...,  0,  1,  0],
       [-1,  0,  0, ...,  1,  0,  0],...
 DESIRED: array([[-1,  1,  1, ...,  1, -1,  1],
       [ 1,  0, -1, ...,  0,  1,  0],
       [ 1,  0, -1, ...,  1,  0, -1],...",983
DS1000,DS0309,passed,,,
DS1000,DS0310,passed,,,
DS1000,DS0311,failed,AssertionError,"
Arrays are not equal

Mismatched elements: 2 / 2 (100%)
Mismatch at indices:
 [0]: 3 (ACTUAL), 1 (DESIRED)
 [1]: 3 (ACTUAL), 1 (DESIRED)
Max absolute difference among violations: 2
Max relative difference among violations: 2.
 ACTUAL: array(3)
 DESIRED: array([1, 1])",983
DS1000,DS0312,failed,AssertionError,"
Arrays are not equal

Mismatched elements: 2 / 2 (100%)
Mismatch at indices:
 [0]: 3 (ACTUAL), 1 (DESIRED)
 [1]: 3 (ACTUAL), 0 (DESIRED)
Max absolute difference among violations: 3
Max relative difference among violations: 2.
 ACTUAL: array(3)
 DESIRED: array([1, 0])",983
DS1000,DS0313,failed,IndentationError,"expected an indented block after function definition on line 4 (<string>, line 6)",44
DS1000,DS0314,passed,,,
DS1000,DS0315,failed,NameError,name 'z' is not defined,7
DS1000,DS0316,failed,AssertionError,"
Arrays are not equal

(shapes (2, 4), (1, 4) mismatch)
 ACTUAL: array([[nan,  2.,  3., nan],
       [ 1.,  2.,  3.,  9.]])
 DESIRED: array([[1., 2., 3., 9.]])",842
DS1000,DS0317,passed,,,
DS1000,DS0318,failed,AssertionError,"
Arrays are not equal

Mismatched elements: 6 / 10 (60%)
First 5 mismatches are at indices:
 [0, 1]: 20 (ACTUAL), 30 (DESIRED)
 [0, 2]: 30 (ACTUAL), 50 (DESIRED)
 [0, 4]: 50 (ACTUAL), 20 (DESIRED)
 [1, 1]: 7 (ACTUAL), 8 (DESIRED)
 [1, 2]: 8 (ACTUAL), 10 (DESIRED)
Max absolute difference among violations: 30
Max relative difference among violations: 1.5
 ACTUAL: array([[10, 20, 30, 40, 50],
       [ 6,  7,  8,  9, 10]])
 DESIRED: array([[10, 30, 50, 40, 20],
       [ 6,  8, 10,  9,  7]])",983
DS1000,DS0319,failed,IndexError,index 2 is out of bounds for axis 2 with size 2,7
DS1000,DS0320,passed,,,
DS1000,DS0321,passed,,,
DS1000,DS0322,failed,AssertionError,"
Arrays are not equal

(shapes (2,), (2, 2) mismatch)
 ACTUAL: array([0, 0])
 DESIRED: array([[1, 0],
       [1, 1]])",842
DS1000,DS0323,passed,,,
DS1000,DS0324,passed,,,
DS1000,DS0325,failed,AssertionError,,31
DS1000,DS0326,passed,,,
DS1000,DS0327,passed,,,
DS1000,DS0328,failed,AssertionError,"
Arrays are not equal

Mismatched elements: 2 / 5 (40%)
Mismatch at indices:
 [3]: 4 (ACTUAL), 0 (DESIRED)
 [4]: 5 (ACTUAL), 0 (DESIRED)
Max absolute difference among violations: 5
Max relative difference among violations: inf
 ACTUAL: array([1, 2, 3, 4, 5])
 DESIRED: array([1, 2, 3, 0, 0])",983
DS1000,DS0329,failed,AssertionError,,28
DS1000,DS0330,failed,IndentationError,"expected an indented block after function definition on line 4 (<string>, line 6)",46
DS1000,DS0331,passed,,,
DS1000,DS0332,failed,IndentationError,"expected an indented block after function definition on line 4 (<string>, line 6)",50
DS1000,DS0333,failed,AssertionError,,41
DS1000,DS0334,passed,,,
DS1000,DS0335,passed,,,
DS1000,DS0336,failed,AssertionError,"
Arrays are not equal

Mismatched elements: 4 / 5 (80%)
Mismatch at indices:
 [0]: 20 (ACTUAL), 4 (DESIRED)
 [1]: 16 (ACTUAL), 8 (DESIRED)
 [3]: 8 (ACTUAL), 16 (DESIRED)
 [4]: 4 (ACTUAL), 20 (DESIRED)
Max absolute difference among violations: 16
Max relative difference among violations: 4.
 ACTUAL: array([20, 16, 12,  8,  4])
 DESIRED: array([ 4,  8, 12, 16, 20])",983
DS1000,DS0337,failed,AssertionError,"
Arrays are not equal

Mismatched elements: 5 / 5 (100%)
Mismatch at indices:
 [0]: 20 (ACTUAL), 5 (DESIRED)
 [1]: 16 (ACTUAL), 9 (DESIRED)
 [2]: 12 (ACTUAL), 13 (DESIRED)
 [3]: 8 (ACTUAL), 17 (DESIRED)
 [4]: 4 (ACTUAL), 21 (DESIRED)
Max absolute difference among violations: 17
Max relative difference among violations: 3.
 ACTUAL: array([20, 16, 12,  8,  4])
 DESIRED: array([ 5,  9, 13, 17, 21])",983
DS1000,DS0338,failed,AssertionError,"
Arrays are not equal

(shapes (5,), (2, 5) mismatch)
 ACTUAL: array([ 0,  5, 10, 15, 20])
 DESIRED: array([[ 0,  6, 12, 18, 24],
       [ 4,  8, 12, 16, 20]])",842
DS1000,DS0339,failed,AssertionError,"
Arrays are not equal

(shapes (10,), (2, 5) mismatch)
 ACTUAL: array([ 5, 10, 11, 15, 16, 17, 20, 21, 22, 23])
 DESIRED: array([[ 0,  6, 12, 18, 24],
       [ 4,  8, 12, 16, 20]])",842
DS1000,DS0340,passed,,,
DS1000,DS0341,passed,,,
DS1000,DS0342,failed,IndentationError,"expected an indented block after function definition on line 4 (<string>, line 6)",45
DS1000,DS0343,passed,,,
DS1000,DS0344,passed,,,
DS1000,DS0345,failed,AssertionError,"
Not equal to tolerance rtol=1e-07, atol=0

Mismatched elements: 8 / 8 (100%)
First 5 mismatches are at indices:
 [0]: 3.8063684974193066 (ACTUAL), 4.943714393331565 (DESIRED)
 [1]: 8.31048445544897 (ACTUAL), 5.245749176606202 (DESIRED)
 [2]: 12.639186187611163 (ACTUAL), 10.289280407848572 (DESIRED)
 [3]: 15.3679196320988 (ACTUAL), 11.87134007123817 (DESIRED)
 [4]: 16.887071804481934 (ACTUAL), 12.596708146628787 (DESIRED)
Max absolute difference among violations: 5.92607907
Max relative difference among violations: 0.58423214
 ACTUAL: array([ 3.806368,  8.310484, 12.639186, 15.36792 , 16.887072, 19.561091,
       19.899359, 20.407254])
 DESIRED: array([ 4.943714,  5.245749, 10.28928 , 11.87134 , 12.596708, 13.635012,
       14.521737, 16.105729])",983
DS1000,DS0346,failed,AssertionError,"
Not equal to tolerance rtol=1e-07, atol=0

Mismatched elements: 5 / 5 (100%)
Mismatch at indices:
 [0]: 0.10703937033817272 (ACTUAL), 0.8111715057482538 (DESIRED)
 [1]: 5.150570601580544 (ACTUAL), 1.113206289022891 (DESIRED)
 [2]: 9.479272333742736 (ACTUAL), 5.617322247052554 (DESIRED)
 [3]: 10.583435709269773 (ACTUAL), 8.74312030811724 (DESIRED)
 [4]: 11.528925538746696 (ACTUAL), 12.425097712656676 (DESIRED)
Max absolute difference among violations: 4.03736431
Max relative difference among violations: 3.62678899
 ACTUAL: array([ 0.107039,  5.150571,  9.479272, 10.583436, 11.528926])
 DESIRED: array([ 0.811172,  1.113206,  5.617322,  8.74312 , 12.425098])",983
DS1000,DS0347,failed,AssertionError,"
Not equal to tolerance rtol=1e-07, atol=0

Mismatched elements: 1 / 1 (100%)
Max absolute difference among violations: 0.00064151
Max relative difference among violations: 730.1616
 ACTUAL: array(0.000642)
 DESIRED: array(8.785931e-07)",983
DS1000,DS0348,failed,IndexError,tuple index out of range,44
DS1000,DS0349,failed,AssertionError,"
Arrays are not equal

Mismatched elements: 1 / 1 (100%)
Max absolute difference among violations: 2
Max relative difference among violations: 0.33333333
 ACTUAL: array(8)
 DESIRED: array(6)",983
DS1000,DS0350,failed,ModuleNotFoundError,No module named 'scipy',3
DS1000,DS0351,failed,ModuleNotFoundError,No module named 'scipy',3
DS1000,DS0352,failed,ModuleNotFoundError,No module named 'scipy',3
DS1000,DS0353,failed,AttributeError,module 'numpy' has no attribute 'in1d',792
DS1000,DS0354,failed,AttributeError,module 'numpy' has no attribute 'in1d',792
DS1000,DS0355,failed,NameError,name 'c' is not defined,8
DS1000,DS0356,failed,NameError,name 'c' is not defined,8
DS1000,DS0357,failed,NameError,name 'c' is not defined,8
DS1000,DS0358,passed,,,
DS1000,DS0359,failed,AssertionError,"
Arrays are not equal

(shapes (3, 4), (3, 3) mismatch)
 ACTUAL: array([[ 0,  1,  2,  3],
       [ 4,  5,  6,  7],
       [ 8,  9, 10, 11]])
 DESIRED: array([[ 0,  1,  3],
       [ 4,  5,  7],
       [ 8,  9, 11]])",842
DS1000,DS0360,failed,AssertionError,"
Arrays are not equal

(shapes (3, 4), (2, 4) mismatch)
 ACTUAL: array([[ 0,  1,  2,  3],
       [ 4,  5,  6,  7],
       [ 8,  9, 10, 11]])
 DESIRED: array([[0, 1, 2, 3],
       [4, 5, 6, 7]])",842
DS1000,DS0361,failed,AssertionError,"
Arrays are not equal

(shapes (3, 4), (3, 2) mismatch)
 ACTUAL: array([[ 0,  1,  2,  3],
       [ 4,  5,  6,  7],
       [ 8,  9, 10, 11]])
 DESIRED: array([[ 1,  3],
       [ 5,  7],
       [ 9, 11]])",842
DS1000,DS0362,failed,NameError,name 'arr' is not defined,7
DS1000,DS0363,failed,AssertionError,"
Arrays are not equal

(shapes (4,), (5,) mismatch)
 ACTUAL: array([ 1,  2, 66,  4])
 DESIRED: array([ 1,  2, 66,  3,  4])",842
DS1000,DS0364,failed,AssertionError,"
Arrays are not equal

(shapes (2, 2), (3, 2) mismatch)
 ACTUAL: array([[1, 2],
       [3, 4]])
 DESIRED: array([[1, 2],
       [3, 5],
       [3, 4]])",842
DS1000,DS0365,failed,IndentationError,"expected an indented block after function definition on line 4 (<string>, line 6)",50
DS1000,DS0366,failed,AssertionError,"
Arrays are not equal

(shapes (2, 2), (4, 2) mismatch)
 ACTUAL: array([[1, 2],
       [3, 4]])
 DESIRED: array([[1, 2],
       [3, 5],
       [6, 6],
       [3, 4]])",842
DS1000,DS0367,passed,,,
DS1000,DS0368,passed,,,
DS1000,DS0369,failed,AxisError,axis 1 is out of bounds for array of dimension 1,99
DS1000,DS0370,failed,IndentationError,"expected an indented block after function definition on line 4 (<string>, line 6)",52
DS1000,DS0371,failed,ModuleNotFoundError,No module named 'scipy',3
DS1000,DS0372,failed,ModuleNotFoundError,No module named 'scipy',3
DS1000,DS0373,failed,AssertionError,,63
DS1000,DS0374,failed,AssertionError,,73
DS1000,DS0375,failed,AssertionError,"
Not equal to tolerance rtol=1e-07, atol=0

Mismatched elements: 2 / 2 (100%)
Mismatch at indices:
 [0]: 0 (ACTUAL), 60.8 (DESIRED)
 [1]: 1 (ACTUAL), 91.5 (DESIRED)
Max absolute difference among violations: 90.5
Max relative difference among violations: 1.
 ACTUAL: array([0, 1])
 DESIRED: array([60.8, 91.5])",983
DS1000,DS0376,failed,AssertionError,,29
DS1000,DS0377,failed,ModuleNotFoundError,No module named 'torch',3
DS1000,DS0378,failed,ModuleNotFoundError,No module named 'torch',3
DS1000,DS0379,failed,ModuleNotFoundError,No module named 'tensorflow',3
DS1000,DS0380,failed,ModuleNotFoundError,No module named 'tensorflow',3
DS1000,DS0381,passed,,,
DS1000,DS0382,passed,,,
DS1000,DS0383,failed,AssertionError,"
Arrays are not equal

Mismatched elements: 3 / 3 (100%)
Mismatch at indices:
 [0]: 5 (ACTUAL), 3 (DESIRED)
 [1]: 1 (ACTUAL), 4 (DESIRED)
 [2]: 2 (ACTUAL), 0 (DESIRED)
Max absolute difference among violations: 3
Max relative difference among violations: 0.75
 ACTUAL: array([5, 1, 2])
 DESIRED: array([3, 4, 0])",983
DS1000,DS0384,failed,AssertionError,"
Not equal to tolerance rtol=1e-07, atol=0

Mismatched elements: 16 / 16 (100%)
First 5 mismatches are at indices:
 [0, 0]: 0 (ACTUAL), 1780800 (DESIRED)
 [0, 1]: 1 (ACTUAL), 2050000 (DESIRED)
 [0, 2]: 32 (ACTUAL), 2319200 (DESIRED)
 [0, 3]: 243 (ACTUAL), 2588400 (DESIRED)
 [1, 0]: 1024 (ACTUAL), 5147200 (DESIRED)
Max absolute difference among violations: 16507425
Max relative difference among violations: 1.
 ACTUAL: array([[     0,      1,     32,    243],
       [  1024,   3125,   7776,  16807],
       [ 32768,  59049, 100000, 161051],
       [248832, 371293, 537824, 759375]])
 DESIRED: array([[ 1780800,  2050000,  2319200,  2588400],
       [ 5147200,  5925200,  6703200,  7481200],
       [ 8513600,  9800400, 11087200, 12374000],
       [11880000, 13675600, 15471200, 17266800]])",983
DS1000,DS0385,failed,AssertionError,"
Arrays are not equal

Mismatched elements: 12 / 16 (75%)
First 5 mismatches are at indices:
 [0, 1, 0]: 9 (ACTUAL), 2 (DESIRED)
 [0, 1, 1]: 13 (ACTUAL), 6 (DESIRED)
 [1, 0, 0]: 2 (ACTUAL), 3 (DESIRED)
 [1, 0, 1]: 6 (ACTUAL), 7 (DESIRED)
 [1, 1, 0]: 10 (ACTUAL), 4 (DESIRED)
Max absolute difference among violations: 7
Max relative difference among violations: 3.5
 ACTUAL: array([[[ 1,  5],
        [ 9, 13]],
...
 DESIRED: array([[[ 1,  5],
        [ 2,  6]],
...",983
DS1000,DS0386,failed,AssertionError,"
Arrays are not equal

(shapes (4, 2, 2), (9, 2, 2) mismatch)
 ACTUAL: array([[[ 1,  5],
        [ 9, 13]],
...
 DESIRED: array([[[ 1,  5],
        [ 2,  6]],
...",842
DS1000,DS0387,failed,AssertionError,"
Arrays are not equal

Mismatched elements: 8 / 16 (50%)
First 5 mismatches are at indices:
 [0, 1, 0]: 9 (ACTUAL), 2 (DESIRED)
 [0, 1, 1]: 13 (ACTUAL), 6 (DESIRED)
 [1, 0, 0]: 2 (ACTUAL), 9 (DESIRED)
 [1, 0, 1]: 6 (ACTUAL), 13 (DESIRED)
 [2, 1, 0]: 11 (ACTUAL), 4 (DESIRED)
Max absolute difference among violations: 7
Max relative difference among violations: 3.5
 ACTUAL: array([[[ 1,  5],
        [ 9, 13]],
...
 DESIRED: array([[[ 1,  5],
        [ 2,  6]],
...",983
DS1000,DS0388,failed,AssertionError,"
Arrays are not equal

(shapes (5, 2, 2), (4, 2, 2) mismatch)
 ACTUAL: array([[[ 1,  5],
        [ 9, 13]],
...
 DESIRED: array([[[ 1,  5],
        [ 2,  6]],
...",842
DS1000,DS0389,failed,ValueError,"all the input arrays must have same number of dimensions, but the array at index 0 has 3 dimension(s) and the array at index 1 has 0 dimension(s)",7
DS1000,DS0390,failed,AssertionError,"
Arrays are not equal

(shapes (5, 2, 2), (4, 2, 2) mismatch)
 ACTUAL: array([[[ 1,  5],
        [ 9, 13]],
...
 DESIRED: array([[[ 1,  5],
        [ 2,  6]],
...",842
DS1000,DS0391,failed,AssertionError,"
Arrays are not equal

(shapes (20, 4), (20, 3) mismatch)
 ACTUAL: array([[0.950714, 0.731994, 0.598658, 0.156019],
       [0.96991 , 0.832443, 0.212339, 0.181825],
       [0.139494, 0.292145, 0.366362, 0.45607 ],...
 DESIRED: array([[0.156019, 0.155995, 0.058084],
       [0.181825, 0.183405, 0.304242],
       [0.45607 , 0.785176, 0.199674],...",842
DS1000,DS0392,failed,AssertionError,"
Arrays are not equal

(shapes (0, 8), (2, 8) mismatch)
 ACTUAL: array([], shape=(0, 8), dtype=int64)
 DESIRED: array([[0, 1, 2, 3, 5, 6, 7, 8],
       [4, 5, 6, 7, 5, 3, 2, 5]])",842
DS1000,DS0393,passed,,,
DS1000,DS0394,failed,SyntaxError,"invalid syntax. Perhaps you forgot a comma? (<string>, line 1)",9
DS1000,DS0395,failed,ModuleNotFoundError,No module named 'scipy',4
DS1000,DS0396,failed,ModuleNotFoundError,No module named 'scipy',4
DS1000,DS0397,failed,ModuleNotFoundError,No module named 'scipy',4
DS1000,DS0398,failed,NameError,name 'B' is not defined,12
DS1000,DS0399,failed,KeyError,-1,523
DS1000,DS0400,passed,,,
DS1000,DS0401,passed,,,
DS1000,DS0402,failed,TypeError,only int indices permitted,7
DS1000,DS0403,passed,,,
DS1000,DS0404,failed,NameError,name 'df' is not defined,10
DS1000,DS0405,passed,,,
DS1000,DS0406,failed,AssertionError,"
Arrays are not equal

Mismatched elements: 3 / 3 (100%)
Mismatch at indices:
 [0]: 3 (ACTUAL), 5.0 (DESIRED)
 [1]: 3 (ACTUAL), 10.0 (DESIRED)
 [2]: 3 (ACTUAL), 9.0 (DESIRED)
Max absolute difference among violations: 7.
Max relative difference among violations: 0.7
 ACTUAL: array(3)
 DESIRED: array([ 5., 10.,  9.])",983
DS1000,DS0407,failed,ValueError,'list' argument must have no negative elements,7
DS1000,DS0408,failed,AssertionError,"
Arrays are not equal

(shapes (10,), (3,) mismatch)
 ACTUAL: array([2, 3, 2, 2, 2, 1, 1, 4, 4, 3])
 DESIRED: array([1., 2., 6.])",842
DS1000,DS0409,failed,NameError,name 'elementwise_function' is not defined,7
DS1000,DS0410,failed,ValueError,a must be 1-dimensional,971
DS1000,DS0411,failed,AssertionError,"
Arrays are not equal

(shapes (2, 2), (3, 3) mismatch)
 ACTUAL: array([[1., 1.],
       [1., 1.]])
 DESIRED: array([[0., 0., 0.],
       [0., 1., 1.],
       [0., 1., 1.]])",842
DS1000,DS0412,passed,,,
DS1000,DS0413,passed,,,
DS1000,DS0414,failed,NameError,name 'bin_data_mean' is not defined,11
DS1000,DS0415,failed,NameError,name 'bin_data_max' is not defined,11
DS1000,DS0416,failed,NameError,name 'bin_data_mean' is not defined,11
DS1000,DS0417,failed,NameError,name 'bin_data_mean' is not defined,11
DS1000,DS0418,failed,NameError,name 'bin_data_mean' is not defined,18
DS1000,DS0419,failed,NameError,name 'bin_data_mean' is not defined,11
DS1000,DS0420,failed,NameError,name 'smoothclamp' is not defined,8
DS1000,DS0421,failed,ModuleNotFoundError,No module named 'scipy',3
DS1000,DS0422,failed,AssertionError,"
Not equal to tolerance rtol=1e-07, atol=0

(shapes (7,), (4,) mismatch)
 ACTUAL: array([ 2,  7, 16, 30, 34, 31, 20])
 DESIRED: array([30, 36, 38, 36])",842
DS1000,DS0423,failed,AssertionError,"
Arrays are not equal

Mismatched elements: 278 / 300 (92.7%)
First 5 mismatches are at indices:
 [0, 0, 1]: 3 (ACTUAL), 6 (DESIRED)
 [0, 0, 3]: 4 (ACTUAL), 7 (DESIRED)
 [0, 0, 4]: 6 (ACTUAL), 1 (DESIRED)
 [0, 1, 0]: 9 (ACTUAL), 4 (DESIRED)
 [0, 1, 1]: 2 (ACTUAL), 8 (DESIRED)
Max absolute difference among violations: 9
Max relative difference among violations: 8.
 ACTUAL: array([[[6, 3, 7, 4, 6],
        [9, 2, 6, 7, 4],
        [3, 7, 7, 2, 5],...
 DESIRED: array([[[6, 6, 7, 7, 1],
        [4, 8, 6, 4, 8],
        [8, 9, 6, 3, 1],...",983
DS1000,DS0424,failed,AssertionError,"
Arrays are not equal

Mismatched elements: 245 / 300 (81.7%)
First 5 mismatches are at indices:
 [0, 0, 1]: 3 (ACTUAL), 6 (DESIRED)
 [0, 0, 3]: 4 (ACTUAL), 7 (DESIRED)
 [0, 0, 4]: 6 (ACTUAL), 1 (DESIRED)
 [0, 1, 0]: 9 (ACTUAL), 3 (DESIRED)
 [0, 1, 1]: 2 (ACTUAL), 9 (DESIRED)
Max absolute difference among violations: 9
Max relative difference among violations: 8.
 ACTUAL: array([[[6, 3, 7, 4, 6],
        [9, 2, 6, 7, 4],
        [3, 7, 7, 2, 5],...
 DESIRED: array([[[6, 6, 7, 7, 1],
        [3, 9, 4, 2, 7],
        [7, 2, 3, 5, 5],...",983
DS1000,DS0425,failed,AxisError,axis 1 is out of bounds for array of dimension 1,7
DS1000,DS0426,failed,AxisError,axis 1 is out of bounds for array of dimension 1,7
DS1000,DS0427,failed,AxisError,axis 1 is out of bounds for array of dimension 1,7
DS1000,DS0428,passed,,,
DS1000,DS0429,passed,,,
DS1000,DS0430,failed,IndentationError,"expected an indented block after function definition on line 4 (<string>, line 6)",45
DS1000,DS0431,passed,,,
DS1000,DS0432,failed,NameError,name 'prob' is not defined,8
DS1000,DS0433,failed,AssertionError,"
Arrays are not equal

Mismatched elements: 6 / 16 (37.5%)
First 5 mismatches are at indices:
 [0, 1]: 3 (ACTUAL), 0 (DESIRED)
 [0, 2]: 1 (ACTUAL), 0 (DESIRED)
 [0, 3]: 3 (ACTUAL), 0 (DESIRED)
 [1, 0]: 3 (ACTUAL), 0 (DESIRED)
 [2, 0]: 1 (ACTUAL), 0 (DESIRED)
Max absolute difference among violations: 3
Max relative difference among violations: inf
 ACTUAL: array([[0, 3, 1, 3],
       [3, 0, 0, 0],
       [1, 0, 0, 0],
       [3, 0, 0, 0]])
 DESIRED: array([[0, 0, 0, 0],
       [0, 0, 0, 0],
       [0, 0, 0, 0],
       [0, 0, 0, 0]])",983
DS1000,DS0434,failed,AssertionError,"
Arrays are not equal

Mismatched elements: 4 / 16 (25%)
Mismatch at indices:
 [0, 1]: 3 (ACTUAL), 0 (DESIRED)
 [0, 2]: 1 (ACTUAL), 0 (DESIRED)
 [1, 0]: 3 (ACTUAL), 0 (DESIRED)
 [3, 0]: 3 (ACTUAL), 0 (DESIRED)
Max absolute difference among violations: 3
Max relative difference among violations: inf
 ACTUAL: array([[0, 3, 1, 3],
       [3, 0, 0, 0],
       [1, 0, 0, 0],
       [3, 0, 0, 0]])
 DESIRED: array([[0, 0, 0, 3],
       [0, 0, 0, 0],
       [1, 0, 0, 0],
       [0, 0, 0, 0]])",983
DS1000,DS0435,failed,AssertionError,"
Arrays are not equal

Mismatched elements: 3 / 16 (18.8%)
Mismatch at indices:
 [1, 0]: 3 (ACTUAL), 0 (DESIRED)
 [2, 0]: 1 (ACTUAL), 0 (DESIRED)
 [3, 0]: 3 (ACTUAL), 0 (DESIRED)
Max absolute difference among violations: 3
Max relative difference among violations: inf
 ACTUAL: array([[0, 3, 1, 3],
       [3, 0, 0, 0],
       [1, 0, 0, 0],
       [3, 0, 0, 0]])
 DESIRED: array([[0, 3, 1, 3],
       [0, 0, 0, 0],
       [0, 0, 0, 0],
       [0, 0, 0, 0]])",983
DS1000,DS0436,failed,NameError,name 'mask' is not defined,8
DS1000,DS0437,failed,NameError,name 'mask' is not defined,8
DS1000,DS0438,passed,,,
DS1000,DS0439,failed,AssertionError,"
Not equal to tolerance rtol=1e-07, atol=0

(shapes (5, 6, 6), (6, 5, 5) mismatch)
 ACTUAL: array([[[64, 40, 48, 64, 32, 72],
        [40, 25, 30, 40, 20, 45],
        [48, 30, 36, 48, 24, 54],...
 DESIRED: array([[[64, 48, 32, 72, 40],
        [48, 36, 24, 54, 30],
        [32, 24, 16, 36, 20],...",842
DS1000,DS0440,failed,ValueError,"operand has more dimensions than subscripts given in einstein sum, but no '...' ellipsis provided to broadcast the extra dimensions.",1610
DS1000,DS0441,failed,NameError,name 'is_contained' is not defined,8
DS1000,DS0442,failed,AttributeError,module 'numpy' has no attribute 'in1d',792
DS1000,DS0443,failed,AttributeError,module 'numpy' has no attribute 'in1d',792
DS1000,DS0444,failed,AssertionError,"
Arrays are not equal

Mismatched elements: 6 / 7 (85.7%)
First 5 mismatches are at indices:
 [0]: 1 (ACTUAL), 2 (DESIRED)
 [1]: 1 (ACTUAL), 3 (DESIRED)
 [2]: 2 (ACTUAL), 3 (DESIRED)
 [4]: 3 (ACTUAL), 5 (DESIRED)
 [5]: 3 (ACTUAL), 6 (DESIRED)
Max absolute difference among violations: 3
Max relative difference among violations: 0.66666667
 ACTUAL: array([1, 1, 2, 3, 3, 3, 4])
 DESIRED: array([2, 3, 3, 3, 5, 6, 7])",983
DS1000,DS0445,failed,ModuleNotFoundError,No module named 'scipy',3
DS1000,DS0446,failed,ModuleNotFoundError,No module named 'scipy',3
DS1000,DS0447,failed,ModuleNotFoundError,No module named 'scipy',3
DS1000,DS0448,passed,,,
DS1000,DS0449,passed,,,
DS1000,DS0450,failed,NameError,name 'A' is not defined,7
DS1000,DS0451,failed,NameError,name 'arr' is not defined,8
DS1000,DS0452,failed,AssertionError,,43
DS1000,DS0453,passed,,,
DS1000,DS0454,passed,,,
DS1000,DS0455,failed,TypeError,"Choicelist and default value do not have a common dtype: The DType <class 'numpy.dtypes.StrDType'> could not be promoted by <class 'numpy.dtypes._PyFloatDType'>. This means that no common DType exists for the given inputs. For example they cannot be stored in a single array unless the dtype is `object`. The full list of DTypes is: (<class 'numpy.dtypes.StrDType'>, <class 'numpy.dtypes._PyFloatDType'>)",887
DS1000,DS0456,failed,AssertionError,"
Not equal to tolerance rtol=1e-07, atol=0

(shapes (5, 5), (8, 8) mismatch)
 ACTUAL: array([[0.      , 8.717798, 8.124038, 3.316625, 7.348469],
       [8.717798, 0.      , 6.164414, 8.185353, 1.414214],
       [8.124038, 6.164414, 0.      , 9.219544, 5.830952],...
 DESIRED: array([[0.      , 1.120508, 0.190388, 0.98813 , 1.010109, 0.699047,
        0.812519, 0.766637],
       [1.120508, 0.      , 1.060633, 1.131562, 0.139802, 0.545645,...",842
DS1000,DS0457,passed,,,
DS1000,DS0458,failed,AssertionError,"
Not equal to tolerance rtol=1e-07, atol=0

Mismatched elements: 28 / 64 (43.8%)
First 5 mismatches are at indices:
 [1, 0]: 1.1474667399821354 (ACTUAL), 0.0 (DESIRED)
 [2, 0]: 1.148062554181415 (ACTUAL), 0.0 (DESIRED)
 [2, 1]: 1.1478698632556275 (ACTUAL), 0.0 (DESIRED)
 [3, 0]: 0.9388101832364938 (ACTUAL), 0.0 (DESIRED)
 [3, 1]: 1.1106901511874923 (ACTUAL), 0.0 (DESIRED)
Max absolute difference among violations: 1.52251378
Max relative difference among violations: inf
 ACTUAL: array([[0.      , 1.147467, 1.148063, 0.93881 , 0.906777, 1.522514,
        0.933728, 0.79074 ],
       [1.147467, 0.      , 1.14787 , 1.11069 , 1.19818 , 1.423759,...
 DESIRED: array([[0.      , 1.147467, 1.148063, 0.93881 , 0.906777, 1.522514,
        0.933728, 0.79074 ],
       [0.      , 0.      , 1.14787 , 1.11069 , 1.19818 , 1.423759,...",983
DS1000,DS0459,failed,AttributeError,'list' object has no attribute 'mean',7
DS1000,DS0460,failed,AttributeError,'list' object has no attribute 'mean',7
DS1000,DS0461,failed,AttributeError,'list' object has no attribute 'mean',7
DS1000,DS0462,failed,AssertionError,"
Arrays are not equal

(shapes (3,), (4,) mismatch)
 ACTUAL: array([1, 2, 3])
 DESIRED: array([1, 2, 1, 3])",842
DS1000,DS0463,failed,AttributeError,'numpy.ndarray' object has no attribute 'unique',7
DS1000,DS0464,failed,NameError,name 'df' is not defined,17
DS1000,DS0465,failed,IndentationError,"expected an indented block after function definition on line 5 (<string>, line 7)",50
DS1000,DS0466,failed,AssertionError,"DataFrame are different

DataFrame shape mismatch
[left]:  (9, 3)
[right]: (9, 4)",619
DS1000,DS0467,failed,TypeError,arange: scalar arguments expected instead of a tuple.,7
DS1000,DS0468,failed,TypeError,arange: scalar arguments expected instead of a tuple.,7
DS1000,DS0469,failed,AssertionError,"
Arrays are not equal

inf location mismatch:
 ACTUAL: array(1.5+0.j)
 DESIRED: array(inf+0.j)",790
DS1000,DS0470,failed,IndentationError,"expected an indented block after function definition on line 4 (<string>, line 6)",43
DS1000,DS0471,passed,,,
DS1000,DS0472,passed,,,
DS1000,DS0473,passed,,,
DS1000,DS0474,failed,AssertionError,,68
DS1000,DS0475,failed,ModuleNotFoundError,No module named 'scipy',3
DS1000,DS0476,failed,NameError,name 'df' is not defined,9
DS1000,DS0477,failed,AssertionError,"
Not equal to tolerance rtol=1e-07, atol=0

(shapes (4,), (4, 4) mismatch)
 ACTUAL: array([12.221511,  4.928159,  2.063808,  0.297662])
 DESIRED: array([[12.221511,  0.      ,  0.      ,  0.      ],
       [ 0.      ,  4.928159,  0.      ,  0.      ],
       [ 0.      ,  0.      ,  2.063808,  0.      ],
       [ 0.      ,  0.      ,  0.      ,  0.297662]])",842
DS1000,DS0478,failed,AssertionError,"
Arrays are not equal

Mismatched elements: 10 / 16 (62.5%)
First 5 mismatches are at indices:
 [0, 2]: 2 (ACTUAL), 0 (DESIRED)
 [0, 3]: 3 (ACTUAL), 0 (DESIRED)
 [1, 2]: 3 (ACTUAL), 0 (DESIRED)
 [1, 3]: 4 (ACTUAL), 0 (DESIRED)
 [2, 0]: 2 (ACTUAL), 0 (DESIRED)
Max absolute difference among violations: 10
Max relative difference among violations: inf
 ACTUAL: array([[ 1,  0,  2,  3],
       [ 0,  5,  3,  4],
       [ 2,  3,  2, 10],
       [ 3,  4, 10,  7]])
 DESIRED: array([[1, 0, 0, 0],
       [0, 5, 0, 0],
       [0, 0, 2, 0],
       [0, 0, 0, 7]])",983
DS1000,DS0479,failed,AssertionError,,37
DS1000,DS0480,failed,IndexError,index 0 is out of bounds for axis 0 with size 0,7
DS1000,DS0481,passed,,,
DS1000,DS0482,failed,AssertionError,"
Not equal to tolerance rtol=1e-07, atol=0

(shapes (4,), (3,) mismatch)
 ACTUAL: array([ 2.338928e+02,  1.109678e+02,  6.431283e-02, -1.071881e-02])
 DESIRED: array([ -1.049785, 115.166985, 236.161915])",842
DS1000,DS0483,failed,TypeError,vander() got an unexpected keyword argument 'n'. Did you mean 'N'?,17
DS1000,DS0484,failed,NameError,name 'temp_df' is not defined,9
DS1000,DS0485,failed,ValueError,"operands could not be broadcast together with remapped shapes [original->remapped]: (5,6,3)->(5,newaxis,3,6) (3,3)->(3,newaxis,3) ",1610
DS1000,DS0486,failed,ModuleNotFoundError,No module named 'sklearn',3
DS1000,DS0487,failed,ModuleNotFoundError,No module named 'sklearn',3
DS1000,DS0488,failed,ModuleNotFoundError,No module named 'sklearn',3
DS1000,DS0489,failed,AssertionError,"
Arrays are not equal

Mismatched elements: 5000 / 5000 (100%)
First 5 mismatches are at indices:
 [0, 0]: -6.272994057631875 (ACTUAL), -1.272994057631875 (DESIRED)
 [0, 1]: 22.535715320495807 (ACTUAL), 30.0 (DESIRED)
 [0, 2]: 11.599697090570254 (ACTUAL), 16.599697090570253 (DESIRED)
 [0, 3]: 4.93292420985183 (ACTUAL), 9.93292420985183 (DESIRED)
 [0, 4]: -17.199067977878173 (ACTUAL), 0.0 (DESIRED)
Max absolute difference among violations: 24.99941826
Max relative difference among violations: 471.08514772
 ACTUAL: array([[ -6.272994,  22.535715,  11.599697, ...,   1.003401,   2.335514,
        -15.757277],
       [ 23.479231,  13.756641,  21.974947, ...,  -3.622949, -23.729044,...
 DESIRED: array([[-1.272994, 30.      , 16.599697, ...,  6.003401,  7.335514,
         0.      ],
       [30.      , 18.756641, 30.      , ...,  1.377051,  0.      ,...",983
DS1000,DS0490,failed,ValueError,"operands could not be broadcast together with shapes (5,50) (5,) ",8
DS1000,DS0491,failed,AssertionError,,31
DS1000,DS0492,failed,AssertionError,,33
DS1000,DS0493,passed,,,
DS1000,DS0494,failed,AssertionError,"
Arrays are not equal

Mismatched elements: 1 / 1 (100%)
 ACTUAL: array(False)
 DESIRED: array(True)",983
DS1000,DS0495,passed,,,
DS1000,DS0496,passed,,,
DS1000,DS0497,passed,,,
DS1000,DS0498,failed,IndentationError,"expected an indented block after function definition on line 4 (<string>, line 6)",47
DS1000,DS0499,failed,AssertionError,"
Arrays are not equal

Mismatched elements: 654 / 1209 (54.1%)
First 5 mismatches are at indices:
 [26, 0]: 0.0 (ACTUAL), 1.0 (DESIRED)
 [26, 1]: 0.0 (ACTUAL), 1.0 (DESIRED)
 [26, 2]: 0.0 (ACTUAL), 1.0 (DESIRED)
 [26, 3]: 0.0 (ACTUAL), 1.0 (DESIRED)
 [26, 4]: 0.0 (ACTUAL), 1.0 (DESIRED)
Max absolute difference among violations: 1.
Max relative difference among violations: 1.
 ACTUAL: array([[0., 0., 0., ..., 0., 0., 0.],
       [0., 0., 0., ..., 0., 0., 0.],
       [0., 0., 0., ..., 0., 0., 0.],...
 DESIRED: array([[0., 0., 0., ..., 0., 0., 0.],
       [0., 0., 0., ..., 0., 0., 0.],
       [0., 0., 0., ..., 0., 0., 0.],...",983
DS1000,DS0500,failed,NameError,name 'n' is not defined,7
DS1000,DS0501,failed,AssertionError,"
Arrays are not equal

Mismatched elements: 6 / 9 (66.7%)
First 5 mismatches are at indices:
 [0, 1]: 9 (ACTUAL), 3 (DESIRED)
 [0, 2]: 17 (ACTUAL), 5 (DESIRED)
 [1, 0]: 1 (ACTUAL), 7 (DESIRED)
 [1, 2]: 17 (ACTUAL), 11 (DESIRED)
 [2, 0]: 1 (ACTUAL), 13 (DESIRED)
Max absolute difference among violations: 12
Max relative difference among violations: 2.4
 ACTUAL: array([[ 0,  9, 17],
       [ 1,  8, 17],
       [ 1,  9, 16]])
 DESIRED: array([[ 0,  3,  5],
       [ 7,  8, 11],
       [13, 15, 16]])",983
DS1000,DS0502,failed,AssertionError,"
Arrays are not equal

Mismatched elements: 6 / 9 (66.7%)
First 5 mismatches are at indices:
 [0, 1]: 9 (ACTUAL), 3 (DESIRED)
 [0, 2]: 17 (ACTUAL), 5 (DESIRED)
 [1, 0]: 1 (ACTUAL), 7 (DESIRED)
 [1, 2]: 17 (ACTUAL), 11 (DESIRED)
 [2, 0]: 1 (ACTUAL), 13 (DESIRED)
Max absolute difference among violations: 12
Max relative difference among violations: 2.4
 ACTUAL: array([[ 0,  9, 17],
       [ 1,  8, 17],
       [ 1,  9, 16]])
 DESIRED: array([[ 0,  3,  5],
       [ 7,  8, 11],
       [13, 15, 16]])",983
DS1000,DS0503,failed,AssertionError,"
Arrays are not equal

Mismatched elements: 6 / 9 (66.7%)
First 5 mismatches are at indices:
 [0, 1]: 9 (ACTUAL), 3 (DESIRED)
 [0, 2]: 18 (ACTUAL), 6 (DESIRED)
 [1, 0]: 2 (ACTUAL), 8 (DESIRED)
 [1, 2]: 19 (ACTUAL), 13 (DESIRED)
 [2, 0]: 1 (ACTUAL), 13 (DESIRED)
Max absolute difference among violations: 12
Max relative difference among violations: 2.
 ACTUAL: array([[ 0,  9, 18],
       [ 2,  9, 19],
       [ 1,  8, 19]])
 DESIRED: array([[ 0,  3,  6],
       [ 8,  9, 13],
       [13, 14, 19]])",983
DS1000,DS0504,failed,AssertionError,"
Arrays are not equal

Mismatched elements: 27 / 27 (100%)
First 5 mismatches are at indices:
 [0, 0, 0]: 3 (ACTUAL), 85 (DESIRED)
 [0, 0, 1]: 2 (ACTUAL), 85 (DESIRED)
 [0, 0, 2]: 8 (ACTUAL), 85 (DESIRED)
 [0, 1, 0]: 9 (ACTUAL), 85 (DESIRED)
 [0, 1, 1]: 8 (ACTUAL), 85 (DESIRED)
Max absolute difference among violations: 83
Max relative difference among violations: 0.97647059
 ACTUAL: array([[[ 3,  2,  8],
        [ 9,  8, 14],
        [15, 14, 20]],...
 DESIRED: array(85)",983
DS1000,DS0505,failed,AssertionError,"
Arrays are not equal

Mismatched elements: 27 / 27 (100%)
First 5 mismatches are at indices:
 [0, 0, 0]: 3 (ACTUAL), 257 (DESIRED)
 [0, 0, 1]: 2 (ACTUAL), 257 (DESIRED)
 [0, 0, 2]: 8 (ACTUAL), 257 (DESIRED)
 [0, 1, 0]: 9 (ACTUAL), 257 (DESIRED)
 [0, 1, 1]: 8 (ACTUAL), 257 (DESIRED)
Max absolute difference among violations: 255
Max relative difference among violations: 0.9922179
 ACTUAL: array([[[ 3,  2,  8],
        [ 9,  8, 14],
        [15, 14, 20]],...
 DESIRED: array(257)",983
DS1000,DS0506,failed,ValueError,"The truth value of a Series is ambiguous. Use a.empty, a.bool(), a.item(), a.any() or a.all().",1513
DS1000,DS0507,failed,AssertionError,"
Arrays are not equal

(shapes (3, 4), (4, 5) mismatch)
 ACTUAL: array([[0, 0, 1, 0],
       [0, 1, 0, 1],
       [0, 1, 0, 1]])
 DESIRED: array([[1, 0, 0, 0, 1],
       [0, 0, 1, 0, 0],
       [0, 1, 0, 1, 1],
       [0, 1, 0, 1, 1]])",842
DS1000,DS0508,passed,,,
DS1000,DS0509,failed,AssertionError,"
Arrays are not equal

(shapes (5, 6), (4, 5) mismatch)
 ACTUAL: array([[1, 1, 1, 1, 1, 5],
       [1, 0, 0, 1, 2, 0],
       [2, 1, 0, 0, 1, 0],...
 DESIRED: array([[0, 0, 1, 2, 0],
       [1, 0, 0, 1, 0],
       [0, 0, 7, 1, 0],
       [0, 0, 0, 0, 0]])",842
DS1000,DS0510,failed,AssertionError,"
Arrays are not equal

(shapes (8, 10), (9, 11) mismatch)
 ACTUAL: array([[2, 5, 4, 1, 7, 5, 1, 4, 0, 9],
       [0, 9, 2, 6, 3, 8, 2, 4, 2, 6],
       [6, 1, 3, 8, 1, 9, 8, 9, 4, 1],...
 DESIRED: array([[3, 7, 4, 6, 9, 2, 6, 7, 4, 3, 7],
       [2, 5, 4, 1, 7, 5, 1, 4, 0, 9, 5],
       [0, 9, 2, 6, 3, 8, 2, 4, 2, 6, 4],...",842
DS1000,DS0511,failed,RuntimeError,Cannot create a GUI FigureManager outside the main thread using the MacOS backend. Use a non-interactive backend like 'agg' to make plots on worker threads.,2656
DS1000,DS0512,failed,ModuleNotFoundError,No module named 'seaborn',4
DS1000,DS0513,failed,ModuleNotFoundError,No module named 'seaborn',4
DS1000,DS0514,failed,ModuleNotFoundError,No module named 'seaborn',4
DS1000,DS0515,failed,ModuleNotFoundError,No module named 'seaborn',4
DS1000,DS0516,failed,ModuleNotFoundError,No module named 'seaborn',4
DS1000,DS0517,failed,ModuleNotFoundError,No module named 'seaborn',4
DS1000,DS0518,failed,ModuleNotFoundError,No module named 'seaborn',4
DS1000,DS0519,failed,ModuleNotFoundError,No module named 'seaborn',4
DS1000,DS0520,failed,ModuleNotFoundError,No module named 'seaborn',4
DS1000,DS0521,failed,ModuleNotFoundError,No module named 'seaborn',4
DS1000,DS0522,failed,ModuleNotFoundError,No module named 'seaborn',4
DS1000,DS0523,failed,ModuleNotFoundError,No module named 'seaborn',4
DS1000,DS0524,failed,ModuleNotFoundError,No module named 'seaborn',4
DS1000,DS0525,failed,ModuleNotFoundError,No module named 'seaborn',3
DS1000,DS0526,failed,RuntimeError,Cannot create a GUI FigureManager outside the main thread using the MacOS backend. Use a non-interactive backend like 'agg' to make plots on worker threads.,2656
DS1000,DS0527,failed,ModuleNotFoundError,No module named 'seaborn',4
DS1000,DS0528,failed,ModuleNotFoundError,No module named 'seaborn',4
DS1000,DS0529,failed,ModuleNotFoundError,No module named 'seaborn',4
DS1000,DS0530,failed,ModuleNotFoundError,No module named 'seaborn',4
DS1000,DS0531,failed,ModuleNotFoundError,No module named 'seaborn',4
DS1000,DS0532,failed,ModuleNotFoundError,No module named 'seaborn',4
DS1000,DS0533,failed,ModuleNotFoundError,No module named 'seaborn',4
DS1000,DS0534,failed,ModuleNotFoundError,No module named 'seaborn',4
DS1000,DS0535,failed,ModuleNotFoundError,No module named 'seaborn',4
DS1000,DS0536,failed,RuntimeError,Cannot create a GUI FigureManager outside the main thread using the MacOS backend. Use a non-interactive backend like 'agg' to make plots on worker threads.,2656
DS1000,DS0537,failed,RuntimeError,Cannot create a GUI FigureManager outside the main thread using the MacOS backend. Use a non-interactive backend like 'agg' to make plots on worker threads.,2656
DS1000,DS0538,failed,ModuleNotFoundError,No module named 'seaborn',4
DS1000,DS0539,failed,ModuleNotFoundError,No module named 'seaborn',4
DS1000,DS0540,failed,RuntimeError,Cannot create a GUI FigureManager outside the main thread using the MacOS backend. Use a non-interactive backend like 'agg' to make plots on worker threads.,2656
DS1000,DS0541,failed,RuntimeError,Cannot create a GUI FigureManager outside the main thread using the MacOS backend. Use a non-interactive backend like 'agg' to make plots on worker threads.,2656
DS1000,DS0542,failed,ModuleNotFoundError,No module named 'seaborn',4
DS1000,DS0543,failed,ModuleNotFoundError,No module named 'seaborn',4
DS1000,DS0544,failed,ModuleNotFoundError,No module named 'seaborn',4
DS1000,DS0545,failed,RuntimeError,Cannot create a GUI FigureManager outside the main thread using the MacOS backend. Use a non-interactive backend like 'agg' to make plots on worker threads.,2656
DS1000,DS0546,failed,RuntimeError,Cannot create a GUI FigureManager outside the main thread using the MacOS backend. Use a non-interactive backend like 'agg' to make plots on worker threads.,2656
DS1000,DS0547,failed,ModuleNotFoundError,No module named 'seaborn',4
DS1000,DS0548,failed,ModuleNotFoundError,No module named 'seaborn',4
DS1000,DS0549,failed,ModuleNotFoundError,No module named 'seaborn',4
DS1000,DS0550,failed,ModuleNotFoundError,No module named 'seaborn',4
DS1000,DS0551,failed,ModuleNotFoundError,No module named 'seaborn',4
DS1000,DS0552,failed,ModuleNotFoundError,No module named 'seaborn',4
DS1000,DS0553,failed,ModuleNotFoundError,No module named 'seaborn',4
DS1000,DS0554,failed,ModuleNotFoundError,No module named 'seaborn',4
DS1000,DS0555,failed,ModuleNotFoundError,No module named 'seaborn',4
DS1000,DS0556,failed,ModuleNotFoundError,No module named 'seaborn',4
DS1000,DS0557,failed,ModuleNotFoundError,No module named 'seaborn',4
DS1000,DS0558,failed,RuntimeError,Cannot create a GUI FigureManager outside the main thread using the MacOS backend. Use a non-interactive backend like 'agg' to make plots on worker threads.,2656
DS1000,DS0559,failed,RuntimeError,Cannot create a GUI FigureManager outside the main thread using the MacOS backend. Use a non-interactive backend like 'agg' to make plots on worker threads.,2656
DS1000,DS0560,failed,RuntimeError,Cannot create a GUI FigureManager outside the main thread using the MacOS backend. Use a non-interactive backend like 'agg' to make plots on worker threads.,2656
DS1000,DS0561,failed,RuntimeError,Cannot create a GUI FigureManager outside the main thread using the MacOS backend. Use a non-interactive backend like 'agg' to make plots on worker threads.,2656
DS1000,DS0562,failed,RuntimeError,Cannot create a GUI FigureManager outside the main thread using the MacOS backend. Use a non-interactive backend like 'agg' to make plots on worker threads.,2656
DS1000,DS0563,failed,RuntimeError,Cannot create a GUI FigureManager outside the main thread using the MacOS backend. Use a non-interactive backend like 'agg' to make plots on worker threads.,2656
DS1000,DS0564,failed,RuntimeError,Cannot create a GUI FigureManager outside the main thread using the MacOS backend. Use a non-interactive backend like 'agg' to make plots on worker threads.,2656
DS1000,DS0565,failed,ModuleNotFoundError,No module named 'seaborn',3
DS1000,DS0566,failed,ModuleNotFoundError,No module named 'seaborn',3
DS1000,DS0567,failed,ModuleNotFoundError,No module named 'seaborn',3
DS1000,DS0568,failed,RuntimeError,Cannot create a GUI FigureManager outside the main thread using the MacOS backend. Use a non-interactive backend like 'agg' to make plots on worker threads.,2656
DS1000,DS0569,failed,RuntimeError,Cannot create a GUI FigureManager outside the main thread using the MacOS backend. Use a non-interactive backend like 'agg' to make plots on worker threads.,2656
DS1000,DS0570,failed,RuntimeError,Cannot create a GUI FigureManager outside the main thread using the MacOS backend. Use a non-interactive backend like 'agg' to make plots on worker threads.,2656
DS1000,DS0571,failed,RuntimeError,Cannot create a GUI FigureManager outside the main thread using the MacOS backend. Use a non-interactive backend like 'agg' to make plots on worker threads.,2656
DS1000,DS0572,failed,RuntimeError,Cannot create a GUI FigureManager outside the main thread using the MacOS backend. Use a non-interactive backend like 'agg' to make plots on worker threads.,2656
DS1000,DS0573,failed,RuntimeError,Cannot create a GUI FigureManager outside the main thread using the MacOS backend. Use a non-interactive backend like 'agg' to make plots on worker threads.,2656
DS1000,DS0574,failed,RuntimeError,Cannot create a GUI FigureManager outside the main thread using the MacOS backend. Use a non-interactive backend like 'agg' to make plots on worker threads.,2656
DS1000,DS0575,failed,RuntimeError,Cannot create a GUI FigureManager outside the main thread using the MacOS backend. Use a non-interactive backend like 'agg' to make plots on worker threads.,2656
DS1000,DS0576,failed,RuntimeError,Cannot create a GUI FigureManager outside the main thread using the MacOS backend. Use a non-interactive backend like 'agg' to make plots on worker threads.,2656
DS1000,DS0577,failed,ModuleNotFoundError,No module named 'seaborn',4
DS1000,DS0578,failed,RuntimeError,Cannot create a GUI FigureManager outside the main thread using the MacOS backend. Use a non-interactive backend like 'agg' to make plots on worker threads.,2656
DS1000,DS0579,failed,RuntimeError,Cannot create a GUI FigureManager outside the main thread using the MacOS backend. Use a non-interactive backend like 'agg' to make plots on worker threads.,2656
DS1000,DS0580,failed,RuntimeError,Cannot create a GUI FigureManager outside the main thread using the MacOS backend. Use a non-interactive backend like 'agg' to make plots on worker threads.,2656
DS1000,DS0581,failed,RuntimeError,Cannot create a GUI FigureManager outside the main thread using the MacOS backend. Use a non-interactive backend like 'agg' to make plots on worker threads.,2656
DS1000,DS0582,failed,RuntimeError,Cannot create a GUI FigureManager outside the main thread using the MacOS backend. Use a non-interactive backend like 'agg' to make plots on worker threads.,2656
DS1000,DS0583,failed,RuntimeError,Cannot create a GUI FigureManager outside the main thread using the MacOS backend. Use a non-interactive backend like 'agg' to make plots on worker threads.,2656
DS1000,DS0584,failed,RuntimeError,Cannot create a GUI FigureManager outside the main thread using the MacOS backend. Use a non-interactive backend like 'agg' to make plots on worker threads.,2656
DS1000,DS0585,failed,RuntimeError,Cannot create a GUI FigureManager outside the main thread using the MacOS backend. Use a non-interactive backend like 'agg' to make plots on worker threads.,2656
DS1000,DS0586,failed,RuntimeError,Cannot create a GUI FigureManager outside the main thread using the MacOS backend. Use a non-interactive backend like 'agg' to make plots on worker threads.,2656
DS1000,DS0587,failed,RuntimeError,Cannot create a GUI FigureManager outside the main thread using the MacOS backend. Use a non-interactive backend like 'agg' to make plots on worker threads.,2656
DS1000,DS0588,failed,RuntimeError,Cannot create a GUI FigureManager outside the main thread using the MacOS backend. Use a non-interactive backend like 'agg' to make plots on worker threads.,2656
DS1000,DS0589,failed,RuntimeError,Cannot create a GUI FigureManager outside the main thread using the MacOS backend. Use a non-interactive backend like 'agg' to make plots on worker threads.,2656
DS1000,DS0590,failed,RuntimeError,Cannot create a GUI FigureManager outside the main thread using the MacOS backend. Use a non-interactive backend like 'agg' to make plots on worker threads.,2656
DS1000,DS0591,failed,RuntimeError,Cannot create a GUI FigureManager outside the main thread using the MacOS backend. Use a non-interactive backend like 'agg' to make plots on worker threads.,2656
DS1000,DS0592,failed,RuntimeError,Cannot create a GUI FigureManager outside the main thread using the MacOS backend. Use a non-interactive backend like 'agg' to make plots on worker threads.,2656
DS1000,DS0593,failed,RuntimeError,Cannot create a GUI FigureManager outside the main thread using the MacOS backend. Use a non-interactive backend like 'agg' to make plots on worker threads.,2656
DS1000,DS0594,failed,RuntimeError,Cannot create a GUI FigureManager outside the main thread using the MacOS backend. Use a non-interactive backend like 'agg' to make plots on worker threads.,2656
DS1000,DS0595,failed,RuntimeError,Cannot create a GUI FigureManager outside the main thread using the MacOS backend. Use a non-interactive backend like 'agg' to make plots on worker threads.,2656
DS1000,DS0596,failed,RuntimeError,Cannot create a GUI FigureManager outside the main thread using the MacOS backend. Use a non-interactive backend like 'agg' to make plots on worker threads.,2656
DS1000,DS0597,failed,RuntimeError,Cannot create a GUI FigureManager outside the main thread using the MacOS backend. Use a non-interactive backend like 'agg' to make plots on worker threads.,2656
DS1000,DS0598,failed,ModuleNotFoundError,No module named 'seaborn',4
DS1000,DS0599,failed,RuntimeError,Cannot create a GUI FigureManager outside the main thread using the MacOS backend. Use a non-interactive backend like 'agg' to make plots on worker threads.,2656
DS1000,DS0600,failed,RuntimeError,Cannot create a GUI FigureManager outside the main thread using the MacOS backend. Use a non-interactive backend like 'agg' to make plots on worker threads.,2656
DS1000,DS0601,failed,RuntimeError,Cannot create a GUI FigureManager outside the main thread using the MacOS backend. Use a non-interactive backend like 'agg' to make plots on worker threads.,2656
DS1000,DS0602,failed,RuntimeError,Cannot create a GUI FigureManager outside the main thread using the MacOS backend. Use a non-interactive backend like 'agg' to make plots on worker threads.,2656
DS1000,DS0603,failed,RuntimeError,Cannot create a GUI FigureManager outside the main thread using the MacOS backend. Use a non-interactive backend like 'agg' to make plots on worker threads.,2656
DS1000,DS0604,failed,RuntimeError,Cannot create a GUI FigureManager outside the main thread using the MacOS backend. Use a non-interactive backend like 'agg' to make plots on worker threads.,2656
DS1000,DS0605,failed,RuntimeError,Cannot create a GUI FigureManager outside the main thread using the MacOS backend. Use a non-interactive backend like 'agg' to make plots on worker threads.,2656
DS1000,DS0606,failed,RuntimeError,Cannot create a GUI FigureManager outside the main thread using the MacOS backend. Use a non-interactive backend like 'agg' to make plots on worker threads.,2656
DS1000,DS0607,failed,RuntimeError,Cannot create a GUI FigureManager outside the main thread using the MacOS backend. Use a non-interactive backend like 'agg' to make plots on worker threads.,2656
DS1000,DS0608,failed,RuntimeError,Cannot create a GUI FigureManager outside the main thread using the MacOS backend. Use a non-interactive backend like 'agg' to make plots on worker threads.,2656
DS1000,DS0609,failed,RuntimeError,Cannot create a GUI FigureManager outside the main thread using the MacOS backend. Use a non-interactive backend like 'agg' to make plots on worker threads.,2656
DS1000,DS0610,failed,RuntimeError,Cannot create a GUI FigureManager outside the main thread using the MacOS backend. Use a non-interactive backend like 'agg' to make plots on worker threads.,2656
DS1000,DS0611,failed,RuntimeError,Cannot create a GUI FigureManager outside the main thread using the MacOS backend. Use a non-interactive backend like 'agg' to make plots on worker threads.,2656
DS1000,DS0612,failed,RuntimeError,Cannot create a GUI FigureManager outside the main thread using the MacOS backend. Use a non-interactive backend like 'agg' to make plots on worker threads.,2656
DS1000,DS0613,failed,RuntimeError,Cannot create a GUI FigureManager outside the main thread using the MacOS backend. Use a non-interactive backend like 'agg' to make plots on worker threads.,2656
DS1000,DS0614,failed,RuntimeError,Cannot create a GUI FigureManager outside the main thread using the MacOS backend. Use a non-interactive backend like 'agg' to make plots on worker threads.,2656
DS1000,DS0615,failed,RuntimeError,Cannot create a GUI FigureManager outside the main thread using the MacOS backend. Use a non-interactive backend like 'agg' to make plots on worker threads.,2656
DS1000,DS0616,failed,RuntimeError,Cannot create a GUI FigureManager outside the main thread using the MacOS backend. Use a non-interactive backend like 'agg' to make plots on worker threads.,2656
DS1000,DS0617,failed,RuntimeError,Cannot create a GUI FigureManager outside the main thread using the MacOS backend. Use a non-interactive backend like 'agg' to make plots on worker threads.,2656
DS1000,DS0618,failed,RuntimeError,Cannot create a GUI FigureManager outside the main thread using the MacOS backend. Use a non-interactive backend like 'agg' to make plots on worker threads.,2656
DS1000,DS0619,failed,RuntimeError,Cannot create a GUI FigureManager outside the main thread using the MacOS backend. Use a non-interactive backend like 'agg' to make plots on worker threads.,2656
DS1000,DS0620,failed,RuntimeError,Cannot create a GUI FigureManager outside the main thread using the MacOS backend. Use a non-interactive backend like 'agg' to make plots on worker threads.,2656
DS1000,DS0621,failed,RuntimeError,Cannot create a GUI FigureManager outside the main thread using the MacOS backend. Use a non-interactive backend like 'agg' to make plots on worker threads.,2656
DS1000,DS0622,failed,RuntimeError,Cannot create a GUI FigureManager outside the main thread using the MacOS backend. Use a non-interactive backend like 'agg' to make plots on worker threads.,2656
DS1000,DS0623,failed,RuntimeError,Cannot create a GUI FigureManager outside the main thread using the MacOS backend. Use a non-interactive backend like 'agg' to make plots on worker threads.,2656
DS1000,DS0624,failed,ModuleNotFoundError,No module named 'seaborn',4
DS1000,DS0625,failed,RuntimeError,Cannot create a GUI FigureManager outside the main thread using the MacOS backend. Use a non-interactive backend like 'agg' to make plots on worker threads.,2656
DS1000,DS0626,failed,RuntimeError,Cannot create a GUI FigureManager outside the main thread using the MacOS backend. Use a non-interactive backend like 'agg' to make plots on worker threads.,2656
DS1000,DS0627,failed,RuntimeError,Cannot create a GUI FigureManager outside the main thread using the MacOS backend. Use a non-interactive backend like 'agg' to make plots on worker threads.,2656
DS1000,DS0628,failed,RuntimeError,Cannot create a GUI FigureManager outside the main thread using the MacOS backend. Use a non-interactive backend like 'agg' to make plots on worker threads.,2656
DS1000,DS0629,failed,ModuleNotFoundError,No module named 'seaborn',4
DS1000,DS0630,failed,RuntimeError,Cannot create a GUI FigureManager outside the main thread using the MacOS backend. Use a non-interactive backend like 'agg' to make plots on worker threads.,2656
DS1000,DS0631,failed,RuntimeError,Cannot create a GUI FigureManager outside the main thread using the MacOS backend. Use a non-interactive backend like 'agg' to make plots on worker threads.,2656
DS1000,DS0632,failed,RuntimeError,Cannot create a GUI FigureManager outside the main thread using the MacOS backend. Use a non-interactive backend like 'agg' to make plots on worker threads.,2656
DS1000,DS0633,failed,RuntimeError,Cannot create a GUI FigureManager outside the main thread using the MacOS backend. Use a non-interactive backend like 'agg' to make plots on worker threads.,2656
DS1000,DS0634,failed,RuntimeError,Cannot create a GUI FigureManager outside the main thread using the MacOS backend. Use a non-interactive backend like 'agg' to make plots on worker threads.,2656
DS1000,DS0635,failed,RuntimeError,Cannot create a GUI FigureManager outside the main thread using the MacOS backend. Use a non-interactive backend like 'agg' to make plots on worker threads.,2656
DS1000,DS0636,failed,RuntimeError,Cannot create a GUI FigureManager outside the main thread using the MacOS backend. Use a non-interactive backend like 'agg' to make plots on worker threads.,2656
DS1000,DS0637,failed,RuntimeError,Cannot create a GUI FigureManager outside the main thread using the MacOS backend. Use a non-interactive backend like 'agg' to make plots on worker threads.,2656
DS1000,DS0638,failed,ModuleNotFoundError,No module named 'seaborn',2
DS1000,DS0639,failed,RuntimeError,Cannot create a GUI FigureManager outside the main thread using the MacOS backend. Use a non-interactive backend like 'agg' to make plots on worker threads.,2656
DS1000,DS0640,failed,RuntimeError,Cannot create a GUI FigureManager outside the main thread using the MacOS backend. Use a non-interactive backend like 'agg' to make plots on worker threads.,2656
DS1000,DS0641,failed,RuntimeError,Cannot create a GUI FigureManager outside the main thread using the MacOS backend. Use a non-interactive backend like 'agg' to make plots on worker threads.,2656
DS1000,DS0642,failed,RuntimeError,Cannot create a GUI FigureManager outside the main thread using the MacOS backend. Use a non-interactive backend like 'agg' to make plots on worker threads.,2656
DS1000,DS0643,failed,RuntimeError,Cannot create a GUI FigureManager outside the main thread using the MacOS backend. Use a non-interactive backend like 'agg' to make plots on worker threads.,2656
DS1000,DS0644,failed,RuntimeError,Cannot create a GUI FigureManager outside the main thread using the MacOS backend. Use a non-interactive backend like 'agg' to make plots on worker threads.,2656
DS1000,DS0645,failed,RuntimeError,Cannot create a GUI FigureManager outside the main thread using the MacOS backend. Use a non-interactive backend like 'agg' to make plots on worker threads.,2656
DS1000,DS0646,failed,RuntimeError,Cannot create a GUI FigureManager outside the main thread using the MacOS backend. Use a non-interactive backend like 'agg' to make plots on worker threads.,2656
DS1000,DS0647,failed,RuntimeError,Cannot create a GUI FigureManager outside the main thread using the MacOS backend. Use a non-interactive backend like 'agg' to make plots on worker threads.,2656
DS1000,DS0648,failed,RuntimeError,Cannot create a GUI FigureManager outside the main thread using the MacOS backend. Use a non-interactive backend like 'agg' to make plots on worker threads.,2656
DS1000,DS0649,failed,RuntimeError,Cannot create a GUI FigureManager outside the main thread using the MacOS backend. Use a non-interactive backend like 'agg' to make plots on worker threads.,2656
DS1000,DS0650,failed,ModuleNotFoundError,No module named 'seaborn',4
DS1000,DS0651,failed,RuntimeError,Cannot create a GUI FigureManager outside the main thread using the MacOS backend. Use a non-interactive backend like 'agg' to make plots on worker threads.,2656
DS1000,DS0652,failed,RuntimeError,Cannot create a GUI FigureManager outside the main thread using the MacOS backend. Use a non-interactive backend like 'agg' to make plots on worker threads.,2656
DS1000,DS0653,failed,RuntimeError,Cannot create a GUI FigureManager outside the main thread using the MacOS backend. Use a non-interactive backend like 'agg' to make plots on worker threads.,2656
DS1000,DS0654,failed,ModuleNotFoundError,No module named 'seaborn',4
DS1000,DS0655,failed,ModuleNotFoundError,No module named 'seaborn',4
DS1000,DS0656,failed,ModuleNotFoundError,No module named 'seaborn',4
DS1000,DS0657,failed,RuntimeError,Cannot create a GUI FigureManager outside the main thread using the MacOS backend. Use a non-interactive backend like 'agg' to make plots on worker threads.,2656
DS1000,DS0658,failed,RuntimeError,Cannot create a GUI FigureManager outside the main thread using the MacOS backend. Use a non-interactive backend like 'agg' to make plots on worker threads.,2656
DS1000,DS0659,failed,RuntimeError,Cannot create a GUI FigureManager outside the main thread using the MacOS backend. Use a non-interactive backend like 'agg' to make plots on worker threads.,2656
DS1000,DS0660,failed,RuntimeError,Cannot create a GUI FigureManager outside the main thread using the MacOS backend. Use a non-interactive backend like 'agg' to make plots on worker threads.,2656
DS1000,DS0661,failed,ModuleNotFoundError,No module named 'seaborn',4
DS1000,DS0662,failed,ModuleNotFoundError,No module named 'seaborn',1
DS1000,DS0663,failed,RuntimeError,Cannot create a GUI FigureManager outside the main thread using the MacOS backend. Use a non-interactive backend like 'agg' to make plots on worker threads.,2656
DS1000,DS0664,failed,RuntimeError,Cannot create a GUI FigureManager outside the main thread using the MacOS backend. Use a non-interactive backend like 'agg' to make plots on worker threads.,2656
DS1000,DS0665,failed,RuntimeError,Cannot create a GUI FigureManager outside the main thread using the MacOS backend. Use a non-interactive backend like 'agg' to make plots on worker threads.,2656
DS1000,DS0666,failed,ModuleNotFoundError,No module named 'tensorflow',1
DS1000,DS0667,failed,ModuleNotFoundError,No module named 'tensorflow',1
DS1000,DS0668,failed,ModuleNotFoundError,No module named 'tensorflow',1
DS1000,DS0669,failed,ModuleNotFoundError,No module named 'tensorflow',1
DS1000,DS0670,failed,ModuleNotFoundError,No module named 'tensorflow',1
DS1000,DS0671,failed,ModuleNotFoundError,No module named 'tensorflow',1
DS1000,DS0672,failed,ModuleNotFoundError,No module named 'tensorflow',1
DS1000,DS0673,failed,ModuleNotFoundError,No module named 'tensorflow',1
DS1000,DS0674,failed,ModuleNotFoundError,No module named 'tensorflow',1
DS1000,DS0675,failed,ModuleNotFoundError,No module named 'tensorflow',1
DS1000,DS0676,failed,ModuleNotFoundError,No module named 'tensorflow',1
DS1000,DS0677,failed,ModuleNotFoundError,No module named 'tensorflow',1
DS1000,DS0678,failed,ModuleNotFoundError,No module named 'tensorflow',1
DS1000,DS0679,failed,ModuleNotFoundError,No module named 'tensorflow',1
DS1000,DS0680,failed,ModuleNotFoundError,No module named 'tensorflow',1
DS1000,DS0681,failed,ModuleNotFoundError,No module named 'tensorflow',1
DS1000,DS0682,failed,ModuleNotFoundError,No module named 'tensorflow',1
DS1000,DS0683,failed,ModuleNotFoundError,No module named 'tensorflow',1
DS1000,DS0684,failed,ModuleNotFoundError,No module named 'tensorflow',1
DS1000,DS0685,failed,ModuleNotFoundError,No module named 'tensorflow',1
DS1000,DS0686,failed,ModuleNotFoundError,No module named 'tensorflow',1
DS1000,DS0687,failed,ModuleNotFoundError,No module named 'tensorflow',1
DS1000,DS0688,failed,ModuleNotFoundError,No module named 'tensorflow',1
DS1000,DS0689,failed,ModuleNotFoundError,No module named 'tensorflow',1
DS1000,DS0690,failed,ModuleNotFoundError,No module named 'tensorflow',1
DS1000,DS0691,failed,ModuleNotFoundError,No module named 'tensorflow',1
DS1000,DS0692,failed,ModuleNotFoundError,No module named 'tensorflow',1
DS1000,DS0693,failed,ModuleNotFoundError,No module named 'tensorflow',1
DS1000,DS0694,failed,ModuleNotFoundError,No module named 'tensorflow',1
DS1000,DS0695,failed,ModuleNotFoundError,No module named 'tensorflow',1
DS1000,DS0696,failed,ModuleNotFoundError,No module named 'tensorflow',1
DS1000,DS0697,failed,ModuleNotFoundError,No module named 'tensorflow',1
DS1000,DS0698,failed,ModuleNotFoundError,No module named 'tensorflow',1
DS1000,DS0699,failed,ModuleNotFoundError,No module named 'tensorflow',1
DS1000,DS0700,failed,ModuleNotFoundError,No module named 'tensorflow',1
DS1000,DS0701,failed,ModuleNotFoundError,No module named 'tensorflow',1
DS1000,DS0702,failed,ModuleNotFoundError,No module named 'tensorflow',1
DS1000,DS0703,failed,ModuleNotFoundError,No module named 'tensorflow',1
DS1000,DS0704,failed,ModuleNotFoundError,No module named 'tensorflow',1
DS1000,DS0705,failed,ModuleNotFoundError,No module named 'tensorflow',1
DS1000,DS0706,failed,ModuleNotFoundError,No module named 'tensorflow',6
DS1000,DS0707,failed,ModuleNotFoundError,No module named 'tensorflow',1
DS1000,DS0708,failed,ModuleNotFoundError,No module named 'tensorflow',1
DS1000,DS0709,failed,ModuleNotFoundError,No module named 'tensorflow',1
DS1000,DS0710,failed,ModuleNotFoundError,No module named 'tensorflow',1
DS1000,DS0711,failed,ModuleNotFoundError,No module named 'scipy',3
DS1000,DS0712,failed,ModuleNotFoundError,No module named 'scipy',3
DS1000,DS0713,failed,ModuleNotFoundError,No module named 'scipy',3
DS1000,DS0714,failed,ModuleNotFoundError,No module named 'scipy',3
DS1000,DS0715,failed,ModuleNotFoundError,No module named 'scipy',3
DS1000,DS0716,failed,ModuleNotFoundError,No module named 'scipy',3
DS1000,DS0717,failed,ModuleNotFoundError,No module named 'scipy',3
DS1000,DS0718,failed,ModuleNotFoundError,No module named 'scipy',3
DS1000,DS0719,failed,ModuleNotFoundError,No module named 'scipy',3
DS1000,DS0720,failed,ModuleNotFoundError,No module named 'scipy',3
DS1000,DS0721,failed,ModuleNotFoundError,No module named 'scipy',3
DS1000,DS0722,failed,ModuleNotFoundError,No module named 'scipy',3
DS1000,DS0723,failed,ModuleNotFoundError,No module named 'scipy',3
DS1000,DS0724,failed,ModuleNotFoundError,No module named 'scipy',3
DS1000,DS0725,failed,ModuleNotFoundError,No module named 'scipy',3
DS1000,DS0726,failed,ModuleNotFoundError,No module named 'scipy',3
DS1000,DS0727,failed,ModuleNotFoundError,No module named 'scipy',3
DS1000,DS0728,failed,ModuleNotFoundError,No module named 'scipy',4
DS1000,DS0729,failed,ModuleNotFoundError,No module named 'scipy',4
DS1000,DS0730,failed,ModuleNotFoundError,No module named 'scipy',4
DS1000,DS0731,failed,ModuleNotFoundError,No module named 'scipy',2
DS1000,DS0732,failed,ModuleNotFoundError,No module named 'scipy',2
DS1000,DS0733,failed,ModuleNotFoundError,No module named 'scipy',2
DS1000,DS0734,failed,ModuleNotFoundError,No module named 'scipy',3
DS1000,DS0735,failed,ModuleNotFoundError,No module named 'scipy',3
DS1000,DS0736,failed,ModuleNotFoundError,No module named 'scipy',4
DS1000,DS0737,failed,ModuleNotFoundError,No module named 'scipy',3
DS1000,DS0738,failed,ModuleNotFoundError,No module named 'scipy',3
DS1000,DS0739,failed,ModuleNotFoundError,No module named 'scipy',3
DS1000,DS0740,failed,ModuleNotFoundError,No module named 'scipy',3
DS1000,DS0741,failed,ModuleNotFoundError,No module named 'scipy',3
DS1000,DS0742,failed,ModuleNotFoundError,No module named 'scipy',3
DS1000,DS0743,failed,ModuleNotFoundError,No module named 'scipy',4
DS1000,DS0744,failed,ModuleNotFoundError,No module named 'scipy',4
DS1000,DS0745,failed,ModuleNotFoundError,No module named 'scipy',4
DS1000,DS0746,failed,ModuleNotFoundError,No module named 'scipy',4
DS1000,DS0747,failed,ModuleNotFoundError,No module named 'scipy',4
DS1000,DS0748,failed,ModuleNotFoundError,No module named 'scipy',3
DS1000,DS0749,failed,ModuleNotFoundError,No module named 'scipy',4
DS1000,DS0750,failed,ModuleNotFoundError,No module named 'scipy',4
DS1000,DS0751,failed,ModuleNotFoundError,No module named 'scipy',4
DS1000,DS0752,failed,ModuleNotFoundError,No module named 'scipy',3
DS1000,DS0753,failed,ModuleNotFoundError,No module named 'scipy',3
DS1000,DS0754,failed,ModuleNotFoundError,No module named 'scipy',3
DS1000,DS0755,failed,ModuleNotFoundError,No module named 'scipy',5
DS1000,DS0756,failed,ModuleNotFoundError,No module named 'scipy',2
DS1000,DS0757,failed,ModuleNotFoundError,No module named 'scipy',2
DS1000,DS0758,failed,ModuleNotFoundError,No module named 'scipy',3
DS1000,DS0759,failed,ModuleNotFoundError,No module named 'scipy',3
DS1000,DS0760,failed,ModuleNotFoundError,No module named 'scipy',3
DS1000,DS0761,failed,NameError,name 'kurtosis_result' is not defined,10
DS1000,DS0762,failed,ModuleNotFoundError,No module named 'scipy',3
DS1000,DS0763,failed,ModuleNotFoundError,No module named 'scipy',3
DS1000,DS0764,failed,ModuleNotFoundError,No module named 'scipy',3
DS1000,DS0765,failed,ModuleNotFoundError,No module named 'scipy',3
DS1000,DS0766,failed,ModuleNotFoundError,No module named 'scipy',3
DS1000,DS0767,failed,ModuleNotFoundError,No module named 'scipy',3
DS1000,DS0768,failed,ModuleNotFoundError,No module named 'scipy',3
DS1000,DS0769,failed,ModuleNotFoundError,No module named 'scipy',4
DS1000,DS0770,failed,ModuleNotFoundError,No module named 'scipy',4
DS1000,DS0771,failed,ModuleNotFoundError,No module named 'scipy',4
DS1000,DS0772,failed,ModuleNotFoundError,No module named 'scipy',4
DS1000,DS0773,failed,ModuleNotFoundError,No module named 'scipy',4
DS1000,DS0774,failed,ModuleNotFoundError,No module named 'scipy',3
DS1000,DS0775,failed,ModuleNotFoundError,No module named 'scipy',3
DS1000,DS0776,failed,ModuleNotFoundError,No module named 'scipy',4
DS1000,DS0777,failed,ModuleNotFoundError,No module named 'scipy',4
DS1000,DS0778,failed,ModuleNotFoundError,No module named 'scipy',4
DS1000,DS0779,failed,ModuleNotFoundError,No module named 'scipy',4
DS1000,DS0780,failed,ModuleNotFoundError,No module named 'scipy',5
DS1000,DS0781,failed,ModuleNotFoundError,No module named 'scipy',3
DS1000,DS0782,failed,ModuleNotFoundError,No module named 'scipy',3
DS1000,DS0783,failed,ModuleNotFoundError,No module named 'scipy',3
DS1000,DS0784,failed,ModuleNotFoundError,No module named 'scipy',3
DS1000,DS0785,failed,ModuleNotFoundError,No module named 'scipy',3
DS1000,DS0786,failed,ModuleNotFoundError,No module named 'scipy',2
DS1000,DS0787,failed,ModuleNotFoundError,No module named 'scipy',3
DS1000,DS0788,failed,ModuleNotFoundError,No module named 'scipy',3
DS1000,DS0789,failed,ModuleNotFoundError,No module named 'scipy',3
DS1000,DS0790,failed,ModuleNotFoundError,No module named 'scipy',3
DS1000,DS0791,failed,ModuleNotFoundError,No module named 'scipy',3
DS1000,DS0792,failed,ModuleNotFoundError,No module named 'scipy',3
DS1000,DS0793,failed,ModuleNotFoundError,No module named 'scipy',3
DS1000,DS0794,failed,ModuleNotFoundError,No module named 'scipy',3
DS1000,DS0795,failed,ModuleNotFoundError,No module named 'scipy',3
DS1000,DS0796,failed,ModuleNotFoundError,No module named 'scipy',3
DS1000,DS0797,failed,ModuleNotFoundError,No module named 'scipy',2
DS1000,DS0798,failed,ModuleNotFoundError,No module named 'scipy',3
DS1000,DS0799,failed,ModuleNotFoundError,No module named 'scipy',3
DS1000,DS0800,failed,ModuleNotFoundError,No module named 'scipy',3
DS1000,DS0801,failed,ModuleNotFoundError,No module named 'scipy',2
DS1000,DS0802,failed,ModuleNotFoundError,No module named 'scipy',2
DS1000,DS0803,failed,ModuleNotFoundError,No module named 'scipy',3
DS1000,DS0804,failed,ModuleNotFoundError,No module named 'scipy',3
DS1000,DS0805,failed,ModuleNotFoundError,No module named 'scipy',3
DS1000,DS0806,failed,ModuleNotFoundError,No module named 'scipy',3
DS1000,DS0807,failed,ModuleNotFoundError,No module named 'scipy',3
DS1000,DS0808,failed,ModuleNotFoundError,No module named 'scipy',3
DS1000,DS0809,failed,ModuleNotFoundError,No module named 'scipy',3
DS1000,DS0810,failed,ModuleNotFoundError,No module named 'scipy',4
DS1000,DS0811,failed,ModuleNotFoundError,No module named 'scipy',4
DS1000,DS0812,failed,ModuleNotFoundError,No module named 'scipy',2
DS1000,DS0813,failed,ModuleNotFoundError,No module named 'scipy',3
DS1000,DS0814,failed,ModuleNotFoundError,No module named 'scipy',3
DS1000,DS0815,failed,ModuleNotFoundError,No module named 'scipy',3
DS1000,DS0816,failed,ModuleNotFoundError,No module named 'scipy',4
DS1000,DS0817,failed,ModuleNotFoundError,No module named 'sklearn',4
DS1000,DS0818,failed,ModuleNotFoundError,No module named 'sklearn',4
DS1000,DS0819,failed,ModuleNotFoundError,No module named 'sklearn',3
DS1000,DS0820,failed,ModuleNotFoundError,No module named 'sklearn',4
DS1000,DS0821,failed,ModuleNotFoundError,No module named 'sklearn',3
DS1000,DS0822,failed,ModuleNotFoundError,No module named 'sklearn',3
DS1000,DS0823,failed,ModuleNotFoundError,No module named 'sklearn',3
DS1000,DS0824,failed,ModuleNotFoundError,No module named 'sklearn',3
DS1000,DS0825,failed,ModuleNotFoundError,No module named 'sklearn',3
DS1000,DS0826,failed,ModuleNotFoundError,No module named 'sklearn',4
DS1000,DS0827,failed,ModuleNotFoundError,No module named 'sklearn',4
DS1000,DS0828,failed,ModuleNotFoundError,No module named 'scipy',3
DS1000,DS0829,failed,ModuleNotFoundError,No module named 'scipy',3
DS1000,DS0830,failed,ModuleNotFoundError,No module named 'scipy',3
DS1000,DS0831,failed,ModuleNotFoundError,No module named 'sklearn',3
DS1000,DS0832,failed,ModuleNotFoundError,No module named 'sklearn',3
DS1000,DS0833,failed,ModuleNotFoundError,No module named 'sklearn',3
DS1000,DS0834,failed,ModuleNotFoundError,No module named 'sklearn',3
DS1000,DS0835,failed,ModuleNotFoundError,No module named 'sklearn',3
DS1000,DS0836,failed,ModuleNotFoundError,No module named 'sklearn',3
DS1000,DS0837,failed,ModuleNotFoundError,No module named 'xgboost',3
DS1000,DS0838,failed,ModuleNotFoundError,No module named 'xgboost',3
DS1000,DS0839,failed,ModuleNotFoundError,No module named 'sklearn',3
DS1000,DS0840,failed,ModuleNotFoundError,No module named 'sklearn',3
DS1000,DS0841,failed,ModuleNotFoundError,No module named 'sklearn',3
DS1000,DS0842,failed,ModuleNotFoundError,No module named 'sklearn',3
DS1000,DS0843,failed,ModuleNotFoundError,No module named 'sklearn',3
DS1000,DS0844,failed,ModuleNotFoundError,No module named 'sklearn',3
DS1000,DS0845,failed,ModuleNotFoundError,No module named 'sklearn',3
DS1000,DS0846,failed,ModuleNotFoundError,No module named 'sklearn',5
DS1000,DS0847,failed,ModuleNotFoundError,No module named 'sklearn',5
DS1000,DS0848,failed,ModuleNotFoundError,No module named 'sklearn',4
DS1000,DS0849,failed,ModuleNotFoundError,No module named 'sklearn',3
DS1000,DS0850,failed,ModuleNotFoundError,No module named 'sklearn',3
DS1000,DS0851,failed,ModuleNotFoundError,No module named 'sklearn',3
DS1000,DS0852,failed,ModuleNotFoundError,No module named 'sklearn',4
DS1000,DS0853,failed,ModuleNotFoundError,No module named 'sklearn',4
DS1000,DS0854,failed,ModuleNotFoundError,No module named 'sklearn',4
DS1000,DS0855,failed,ModuleNotFoundError,No module named 'sklearn',4
DS1000,DS0856,failed,ModuleNotFoundError,No module named 'sklearn',3
DS1000,DS0857,failed,ModuleNotFoundError,No module named 'sklearn',3
DS1000,DS0858,failed,ModuleNotFoundError,No module named 'sklearn',5
DS1000,DS0859,failed,ModuleNotFoundError,No module named 'sklearn',5
DS1000,DS0860,failed,ModuleNotFoundError,No module named 'sklearn',5
DS1000,DS0861,failed,ModuleNotFoundError,No module named 'sklearn',5
DS1000,DS0862,failed,ModuleNotFoundError,No module named 'sklearn',3
DS1000,DS0863,failed,ModuleNotFoundError,No module named 'sklearn',3
DS1000,DS0864,failed,ModuleNotFoundError,No module named 'sklearn',3
DS1000,DS0865,failed,ModuleNotFoundError,No module named 'sklearn',3
DS1000,DS0866,failed,ModuleNotFoundError,No module named 'sklearn',5
DS1000,DS0867,failed,ModuleNotFoundError,No module named 'sklearn',5
DS1000,DS0868,failed,ModuleNotFoundError,No module named 'sklearn',3
DS1000,DS0869,failed,ModuleNotFoundError,No module named 'sklearn',3
DS1000,DS0870,failed,ModuleNotFoundError,No module named 'sklearn',3
DS1000,DS0871,failed,ModuleNotFoundError,No module named 'sklearn',3
DS1000,DS0872,failed,ModuleNotFoundError,No module named 'scipy',3
DS1000,DS0873,failed,ModuleNotFoundError,No module named 'scipy',3
DS1000,DS0874,failed,ModuleNotFoundError,No module named 'scipy',3
DS1000,DS0875,failed,ModuleNotFoundError,No module named 'sklearn',3
DS1000,DS0876,failed,ModuleNotFoundError,No module named 'sklearn',3
DS1000,DS0877,failed,ModuleNotFoundError,No module named 'sklearn',3
DS1000,DS0878,failed,ModuleNotFoundError,No module named 'sklearn',3
DS1000,DS0879,failed,ModuleNotFoundError,No module named 'sklearn',3
DS1000,DS0880,failed,ModuleNotFoundError,No module named 'sklearn',4
DS1000,DS0881,failed,ModuleNotFoundError,No module named 'sklearn',4
DS1000,DS0882,failed,ModuleNotFoundError,No module named 'sklearn',4
DS1000,DS0883,failed,ModuleNotFoundError,No module named 'scipy',4
DS1000,DS0884,failed,ModuleNotFoundError,No module named 'scipy',4
DS1000,DS0885,failed,ModuleNotFoundError,No module named 'scipy',4
DS1000,DS0886,failed,ModuleNotFoundError,No module named 'sklearn',4
DS1000,DS0887,failed,ModuleNotFoundError,No module named 'sklearn',4
DS1000,DS0888,failed,ModuleNotFoundError,No module named 'sklearn',4
DS1000,DS0889,failed,ModuleNotFoundError,No module named 'sklearn',4
DS1000,DS0890,failed,ModuleNotFoundError,No module named 'sklearn',4
DS1000,DS0891,failed,ModuleNotFoundError,No module named 'sklearn',4
DS1000,DS0892,failed,ModuleNotFoundError,No module named 'sklearn',4
DS1000,DS0893,failed,ModuleNotFoundError,No module named 'sklearn',3
DS1000,DS0894,failed,ModuleNotFoundError,No module named 'sklearn',3
DS1000,DS0895,failed,ModuleNotFoundError,No module named 'sklearn',3
DS1000,DS0896,failed,ModuleNotFoundError,No module named 'sklearn',3
DS1000,DS0897,failed,ModuleNotFoundError,No module named 'sklearn',4
DS1000,DS0898,failed,ModuleNotFoundError,No module named 'sklearn',4
DS1000,DS0899,failed,ModuleNotFoundError,No module named 'sklearn',3
DS1000,DS0900,failed,ModuleNotFoundError,No module named 'sklearn',3
DS1000,DS0901,failed,ModuleNotFoundError,No module named 'sklearn',3
DS1000,DS0902,failed,ModuleNotFoundError,No module named 'sklearn',3
DS1000,DS0903,failed,ModuleNotFoundError,No module named 'sklearn',3
DS1000,DS0904,failed,ModuleNotFoundError,No module named 'sklearn',3
DS1000,DS0905,failed,ModuleNotFoundError,No module named 'sklearn',3
DS1000,DS0906,failed,ModuleNotFoundError,No module named 'sklearn',4
DS1000,DS0907,failed,ModuleNotFoundError,No module named 'sklearn',4
DS1000,DS0908,failed,ModuleNotFoundError,No module named 'sklearn',4
DS1000,DS0909,failed,ModuleNotFoundError,No module named 'sklearn',4
DS1000,DS0910,failed,ModuleNotFoundError,No module named 'sklearn',4
DS1000,DS0911,failed,ModuleNotFoundError,No module named 'sklearn',3
DS1000,DS0912,failed,ModuleNotFoundError,No module named 'sklearn',3
DS1000,DS0913,failed,ModuleNotFoundError,No module named 'sklearn',3
DS1000,DS0914,failed,ModuleNotFoundError,No module named 'sklearn',3
DS1000,DS0915,failed,ModuleNotFoundError,No module named 'sklearn',4
DS1000,DS0916,failed,ModuleNotFoundError,No module named 'sklearn',4
DS1000,DS0917,failed,ModuleNotFoundError,No module named 'sklearn',4
DS1000,DS0918,failed,ModuleNotFoundError,No module named 'sklearn',4
DS1000,DS0919,failed,ModuleNotFoundError,No module named 'sklearn',4
DS1000,DS0920,failed,ModuleNotFoundError,No module named 'sklearn',4
DS1000,DS0921,failed,ModuleNotFoundError,No module named 'sklearn',4
DS1000,DS0922,failed,ModuleNotFoundError,No module named 'sklearn',4
DS1000,DS0923,failed,IndentationError,"expected an indented block after function definition on line 6 (<string>, line 8)",160
DS1000,DS0924,failed,ModuleNotFoundError,No module named 'sklearn',4
DS1000,DS0925,failed,ModuleNotFoundError,No module named 'sklearn',4
DS1000,DS0926,failed,ModuleNotFoundError,No module named 'sklearn',3
DS1000,DS0927,failed,ModuleNotFoundError,No module named 'sklearn',3
DS1000,DS0928,failed,ModuleNotFoundError,No module named 'sklearn',4
DS1000,DS0929,failed,ModuleNotFoundError,No module named 'sklearn',4
DS1000,DS0930,failed,ModuleNotFoundError,No module named 'sklearn',2
DS1000,DS0931,failed,ModuleNotFoundError,No module named 'sklearn',4
DS1000,DS0932,failed,ModuleNotFoundError,No module named 'torch',1
DS1000,DS0933,failed,ModuleNotFoundError,No module named 'torch',1
DS1000,DS0934,failed,ModuleNotFoundError,No module named 'torch',1
DS1000,DS0935,failed,ModuleNotFoundError,No module named 'torch',1
DS1000,DS0936,failed,ModuleNotFoundError,No module named 'torch',1
DS1000,DS0937,failed,ModuleNotFoundError,No module named 'torch',1
DS1000,DS0938,failed,ModuleNotFoundError,No module named 'torch',3
DS1000,DS0939,failed,ModuleNotFoundError,No module named 'torch',3
DS1000,DS0940,failed,ModuleNotFoundError,No module named 'torch',3
DS1000,DS0941,failed,ModuleNotFoundError,No module named 'torch',1
DS1000,DS0942,failed,ModuleNotFoundError,No module named 'torch',1
DS1000,DS0943,failed,ModuleNotFoundError,No module named 'torch',1
DS1000,DS0944,failed,ModuleNotFoundError,No module named 'torch',1
DS1000,DS0945,failed,ModuleNotFoundError,No module named 'torch',1
DS1000,DS0946,failed,ModuleNotFoundError,No module named 'torch',1
DS1000,DS0947,failed,ModuleNotFoundError,No module named 'torch',1
DS1000,DS0948,failed,ModuleNotFoundError,No module named 'torch',2
DS1000,DS0949,failed,ModuleNotFoundError,No module named 'torch',2
DS1000,DS0950,failed,ModuleNotFoundError,No module named 'torch',2
DS1000,DS0951,failed,ModuleNotFoundError,No module named 'torch',1
DS1000,DS0952,failed,ModuleNotFoundError,No module named 'torch',1
DS1000,DS0953,failed,ModuleNotFoundError,No module named 'torch',1
DS1000,DS0954,failed,ModuleNotFoundError,No module named 'torch',1
DS1000,DS0955,failed,ModuleNotFoundError,No module named 'torch',1
DS1000,DS0956,failed,ModuleNotFoundError,No module named 'torch',1
DS1000,DS0957,failed,ModuleNotFoundError,No module named 'torch',1
DS1000,DS0958,failed,ModuleNotFoundError,No module named 'torch',1
DS1000,DS0959,failed,ModuleNotFoundError,No module named 'torch',1
DS1000,DS0960,failed,ModuleNotFoundError,No module named 'torch',1
DS1000,DS0961,failed,ModuleNotFoundError,No module named 'torch',1
DS1000,DS0962,failed,ModuleNotFoundError,No module named 'torch',1
DS1000,DS0963,failed,ModuleNotFoundError,No module named 'torch',1
DS1000,DS0964,failed,ModuleNotFoundError,No module named 'torch',1
DS1000,DS0965,failed,ModuleNotFoundError,No module named 'torch',1
DS1000,DS0966,failed,ModuleNotFoundError,No module named 'torch',1
DS1000,DS0967,failed,ModuleNotFoundError,No module named 'torch',1
DS1000,DS0968,failed,ModuleNotFoundError,No module named 'torch',2
DS1000,DS0969,failed,ModuleNotFoundError,No module named 'torch',2
DS1000,DS0970,failed,ModuleNotFoundError,No module named 'torch',2
DS1000,DS0971,failed,ModuleNotFoundError,No module named 'torch',1
DS1000,DS0972,failed,ModuleNotFoundError,No module named 'torch',1
DS1000,DS0973,failed,ModuleNotFoundError,No module named 'torch',1
DS1000,DS0974,failed,ModuleNotFoundError,No module named 'torch',1
DS1000,DS0975,failed,ModuleNotFoundError,No module named 'torch',1
DS1000,DS0976,failed,ModuleNotFoundError,No module named 'torch',1
DS1000,DS0977,failed,ModuleNotFoundError,No module named 'torch',1
DS1000,DS0978,failed,ModuleNotFoundError,No module named 'torch',1
DS1000,DS0979,failed,ModuleNotFoundError,No module named 'torch',1
DS1000,DS0980,failed,ModuleNotFoundError,No module named 'torch',2
DS1000,DS0981,failed,ModuleNotFoundError,No module named 'torch',2
DS1000,DS0982,failed,ModuleNotFoundError,No module named 'torch',2
DS1000,DS0983,failed,ModuleNotFoundError,No module named 'torch',2
DS1000,DS0984,failed,ModuleNotFoundError,No module named 'torch',2
DS1000,DS0985,failed,ModuleNotFoundError,No module named 'torch',2
DS1000,DS0986,failed,ModuleNotFoundError,No module named 'torch',2
DS1000,DS0987,failed,ModuleNotFoundError,No module named 'torch',2
DS1000,DS0988,failed,ModuleNotFoundError,No module named 'torch',1
DS1000,DS0989,failed,ModuleNotFoundError,No module named 'torch',1
DS1000,DS0990,failed,ModuleNotFoundError,No module named 'torch',1
DS1000,DS0991,failed,ModuleNotFoundError,No module named 'torch',1
DS1000,DS0992,failed,ModuleNotFoundError,No module named 'torch',1
DS1000,DS0993,failed,ModuleNotFoundError,No module named 'torch',1
DS1000,DS0994,failed,ModuleNotFoundError,No module named 'torch',1
DS1000,DS0995,failed,ModuleNotFoundError,No module named 'torch',1
DS1000,DS0996,failed,ModuleNotFoundError,No module named 'torch',1
DS1000,DS0997,failed,ModuleNotFoundError,No module named 'torch',1
DS1000,DS0998,failed,ModuleNotFoundError,No module named 'torch',1
DS1000,DS0999,failed,ModuleNotFoundError,No module named 'torch',1
HumanEval,HumanEval/0,passed,,,
HumanEval,HumanEval/1,passed,,,
HumanEval,HumanEval/2,passed,,,
HumanEval,HumanEval/3,passed,,,
HumanEval,HumanEval/4,passed,,,
HumanEval,HumanEval/5,passed,,,
HumanEval,HumanEval/6,passed,,,
HumanEval,HumanEval/7,passed,,,
HumanEval,HumanEval/8,passed,,,
HumanEval,HumanEval/9,passed,,,
HumanEval,HumanEval/10,failed,AssertionError,,11
HumanEval,HumanEval/11,passed,,,
HumanEval,HumanEval/12,passed,,,
HumanEval,HumanEval/13,passed,,,
HumanEval,HumanEval/14,passed,,,
HumanEval,HumanEval/15,passed,,,
HumanEval,HumanEval/16,passed,,,
HumanEval,HumanEval/17,passed,,,
HumanEval,HumanEval/18,passed,,,
HumanEval,HumanEval/19,passed,,,
HumanEval,HumanEval/20,passed,,,
HumanEval,HumanEval/21,passed,,,
HumanEval,HumanEval/22,passed,,,
HumanEval,HumanEval/23,passed,,,
HumanEval,HumanEval/24,passed,,,
HumanEval,HumanEval/25,passed,,,
HumanEval,HumanEval/26,failed,AssertionError,,12
HumanEval,HumanEval/27,passed,,,
HumanEval,HumanEval/28,passed,,,
HumanEval,HumanEval/29,passed,,,
HumanEval,HumanEval/30,passed,,,
HumanEval,HumanEval/31,passed,,,
HumanEval,HumanEval/32,passed,,,
HumanEval,HumanEval/33,passed,,,
HumanEval,HumanEval/34,passed,,,
HumanEval,HumanEval/35,passed,,,
HumanEval,HumanEval/36,passed,,,
HumanEval,HumanEval/37,passed,,,
HumanEval,HumanEval/38,failed,NameError,name 'encode_cyclic' is not defined,13
HumanEval,HumanEval/39,failed,ModuleNotFoundError,No module named 'sympy',1
HumanEval,HumanEval/40,passed,,,
HumanEval,HumanEval/41,passed,,,
HumanEval,HumanEval/42,passed,,,
HumanEval,HumanEval/43,passed,,,
HumanEval,HumanEval/44,passed,,,
HumanEval,HumanEval/45,passed,,,
HumanEval,HumanEval/46,passed,,,
HumanEval,HumanEval/47,passed,,,
HumanEval,HumanEval/48,passed,,,
HumanEval,HumanEval/49,passed,,,
HumanEval,HumanEval/100,passed,,,
HumanEval,HumanEval/101,passed,,,
HumanEval,HumanEval/102,failed,AssertionError,,5
HumanEval,HumanEval/103,passed,,,
HumanEval,HumanEval/104,passed,,,
HumanEval,HumanEval/105,passed,,,
HumanEval,HumanEval/106,passed,,,
HumanEval,HumanEval/107,passed,,,
HumanEval,HumanEval/108,failed,AssertionError,,5
HumanEval,HumanEval/109,failed,AssertionError,,6
HumanEval,HumanEval/110,passed,,,
HumanEval,HumanEval/111,passed,,,
HumanEval,HumanEval/112,passed,,,
HumanEval,HumanEval/113,passed,,,
HumanEval,HumanEval/114,passed,,,
HumanEval,HumanEval/115,failed,NameError,name 'math' is not defined,5
HumanEval,HumanEval/116,passed,,,
HumanEval,HumanEval/117,passed,,,
HumanEval,HumanEval/118,passed,,,
HumanEval,HumanEval/119,failed,AssertionError,,4
HumanEval,HumanEval/120,failed,NameError,name 'heapq' is not defined,5
HumanEval,HumanEval/121,passed,,,
HumanEval,HumanEval/122,passed,,,
HumanEval,HumanEval/123,passed,,,
HumanEval,HumanEval/124,passed,,,
HumanEval,HumanEval/125,passed,,,
HumanEval,HumanEval/126,failed,SyntaxError,"invalid character '➞' (U+279E) (<string>, line 15)",186
HumanEval,HumanEval/127,failed,AssertionError,,5
HumanEval,HumanEval/128,passed,,,
HumanEval,HumanEval/129,failed,AssertionError,,5
HumanEval,HumanEval/130,failed,IndexError,list index out of range,28
HumanEval,HumanEval/131,passed,,,
HumanEval,HumanEval/132,failed,SyntaxError,"invalid character '➞' (U+279E) (<string>, line 17)",186
HumanEval,HumanEval/133,passed,,,
HumanEval,HumanEval/134,failed,AssertionError,,11
HumanEval,HumanEval/135,failed,AssertionError,,7
HumanEval,HumanEval/136,passed,,,
HumanEval,HumanEval/137,failed,SyntaxError,"invalid character '➞' (U+279E) (<string>, line 19)",186
HumanEval,HumanEval/138,passed,,,
HumanEval,HumanEval/139,passed,,,
HumanEval,HumanEval/140,passed,,,
HumanEval,HumanEval/141,failed,AssertionError,,9
HumanEval,HumanEval/142,failed,AssertionError,,5
HumanEval,HumanEval/143,passed,,,
HumanEval,HumanEval/144,passed,,,
HumanEval,HumanEval/145,failed,AssertionError,,4
HumanEval,HumanEval/146,passed,,,
HumanEval,HumanEval/147,passed,,,
HumanEval,HumanEval/148,passed,,,
HumanEval,HumanEval/149,passed,,,
HumanEval,HumanEval/150,passed,,,
HumanEval,HumanEval/151,passed,,,
HumanEval,HumanEval/152,passed,,,
HumanEval,HumanEval/153,passed,,,
HumanEval,HumanEval/154,passed,,,
HumanEval,HumanEval/155,failed,AssertionError,,11
HumanEval,HumanEval/156,passed,,,
HumanEval,HumanEval/157,passed,,,
HumanEval,HumanEval/158,passed,,,
HumanEval,HumanEval/159,passed,,,
HumanEval,HumanEval/160,failed,AssertionError,,5
HumanEval,HumanEval/161,passed,,,
HumanEval,HumanEval/162,passed,,,
HumanEval,HumanEval/163,failed,AssertionError,Test 1,4
HumanEval,HumanEval/50,failed,NameError,name 'encode_shift' is not defined,14
HumanEval,HumanEval/51,passed,,,
HumanEval,HumanEval/52,passed,,,
HumanEval,HumanEval/53,passed,,,
HumanEval,HumanEval/54,passed,,,
HumanEval,HumanEval/55,passed,,,
HumanEval,HumanEval/56,passed,,,
HumanEval,HumanEval/57,passed,,,
HumanEval,HumanEval/58,passed,,,
HumanEval,HumanEval/59,passed,,,
HumanEval,HumanEval/60,passed,,,
HumanEval,HumanEval/61,passed,,,
HumanEval,HumanEval/62,passed,,,
HumanEval,HumanEval/63,passed,,,
HumanEval,HumanEval/64,passed,,,
HumanEval,HumanEval/65,failed,AssertionError,,5
HumanEval,HumanEval/66,passed,,,
HumanEval,HumanEval/67,passed,,,
HumanEval,HumanEval/68,passed,,,
HumanEval,HumanEval/69,passed,,,
HumanEval,HumanEval/70,passed,,,
HumanEval,HumanEval/71,passed,,,
HumanEval,HumanEval/72,passed,,,
HumanEval,HumanEval/73,passed,,,
HumanEval,HumanEval/74,passed,,,
HumanEval,HumanEval/75,failed,ModuleNotFoundError,No module named 'sympy',1
HumanEval,HumanEval/76,passed,,,
HumanEval,HumanEval/77,failed,TypeError,type complex doesn't define __round__ method,18
HumanEval,HumanEval/78,passed,,,
HumanEval,HumanEval/79,passed,,,
HumanEval,HumanEval/80,passed,,,
HumanEval,HumanEval/81,passed,,,
HumanEval,HumanEval/82,passed,,,
HumanEval,HumanEval/83,failed,AssertionError,,6
HumanEval,HumanEval/84,passed,,,
HumanEval,HumanEval/85,passed,,,
HumanEval,HumanEval/86,passed,,,
HumanEval,HumanEval/87,passed,,,
HumanEval,HumanEval/88,passed,,,
HumanEval,HumanEval/89,passed,,,
HumanEval,HumanEval/90,passed,,,
HumanEval,HumanEval/91,failed,AssertionError,Test 3,6
HumanEval,HumanEval/92,passed,,,
HumanEval,HumanEval/93,failed,AssertionError,This prints if this assert fails 1 (good for debugging!),4
HumanEval,HumanEval/94,failed,ModuleNotFoundError,No module named 'sympy',1
HumanEval,HumanEval/95,failed,AttributeError,'int' object has no attribute 'islower',5
HumanEval,HumanEval/96,passed,,,
HumanEval,HumanEval/97,passed,,,
HumanEval,HumanEval/98,passed,,,
HumanEval,HumanEval/99,failed,AssertionError,Test 2,5
MBPP,602,failed,SyntaxError,"invalid syntax (<string>, line 1)",257
MBPP,603,failed,SyntaxError,"invalid syntax (<string>, line 1)",257
MBPP,604,failed,SyntaxError,"invalid syntax (<string>, line 1)",257
MBPP,605,failed,SyntaxError,"invalid syntax (<string>, line 1)",257
MBPP,606,failed,SyntaxError,"invalid decimal literal (<string>, line 1)",257
MBPP,607,failed,SyntaxError,"invalid syntax (<string>, line 1)",257
MBPP,608,failed,SyntaxError,"invalid decimal literal (<string>, line 1)",257
MBPP,610,failed,SyntaxError,"invalid syntax (<string>, line 1)",257
MBPP,611,failed,SyntaxError,"invalid decimal literal (<string>, line 1)",257
MBPP,612,failed,SyntaxError,"invalid syntax (<string>, line 1)",257
MBPP,614,failed,SyntaxError,"invalid decimal literal (<string>, line 1)",257
MBPP,615,failed,SyntaxError,"invalid syntax (<string>, line 1)",257
MBPP,616,failed,SyntaxError,"invalid syntax (<string>, line 1)",257
MBPP,617,failed,SyntaxError,"invalid decimal literal (<string>, line 1)",257
MBPP,618,failed,SyntaxError,"invalid syntax (<string>, line 1)",257
MBPP,619,failed,TypeError,'str' object does not support item assignment,10
MBPP,620,failed,SyntaxError,"invalid decimal literal (<string>, line 1)",257
MBPP,622,failed,SyntaxError,"invalid decimal literal (<string>, line 1)",257
MBPP,623,failed,SyntaxError,"invalid syntax (<string>, line 1)",257
MBPP,624,failed,SyntaxError,"invalid syntax (<string>, line 1)",257
MBPP,625,failed,SyntaxError,"invalid syntax (<string>, line 1)",257
MBPP,626,failed,SyntaxError,"invalid decimal literal (<string>, line 1)",257
MBPP,627,failed,SyntaxError,"invalid decimal literal (<string>, line 1)",257
MBPP,628,failed,SyntaxError,"invalid syntax (<string>, line 1)",257
MBPP,629,failed,SyntaxError,"invalid syntax (<string>, line 1)",257
MBPP,630,failed,SyntaxError,"invalid syntax (<string>, line 1)",257
MBPP,631,failed,SyntaxError,"invalid syntax (<string>, line 1)",257
MBPP,632,failed,SyntaxError,"invalid syntax (<string>, line 1)",257
MBPP,633,failed,SyntaxError,"invalid decimal literal (<string>, line 1)",257
MBPP,635,failed,SyntaxError,"invalid syntax (<string>, line 1)",257
MBPP,637,failed,SyntaxError,"invalid syntax (<string>, line 1)",257
MBPP,638,failed,SyntaxError,"invalid decimal literal (<string>, line 1)",257
MBPP,639,failed,SyntaxError,"invalid decimal literal (<string>, line 1)",257
MBPP,640,failed,SyntaxError,"invalid syntax (<string>, line 1)",257
MBPP,641,failed,SyntaxError,"invalid decimal literal (<string>, line 1)",257
MBPP,643,failed,SyntaxError,"unterminated string literal (detected at line 31) (<string>, line 31)",252
MBPP,644,failed,SyntaxError,"invalid syntax (<string>, line 1)",257
MBPP,720,failed,SyntaxError,"invalid syntax (<string>, line 1)",257
MBPP,721,failed,SyntaxError,"invalid decimal literal (<string>, line 1)",257
MBPP,722,failed,SyntaxError,"invalid syntax (<string>, line 1)",257
MBPP,723,failed,SyntaxError,"invalid decimal literal (<string>, line 1)",257
MBPP,724,failed,SyntaxError,"invalid decimal literal (<string>, line 1)",257
MBPP,725,failed,SyntaxError,"invalid syntax (<string>, line 1)",257
MBPP,726,failed,SyntaxError,"invalid syntax (<string>, line 1)",257
MBPP,728,failed,SyntaxError,"invalid syntax (<string>, line 1)",257
MBPP,730,failed,SyntaxError,"invalid syntax (<string>, line 1)",257
MBPP,731,failed,SyntaxError,"invalid decimal literal (<string>, line 1)",257
MBPP,732,failed,SyntaxError,"invalid syntax (<string>, line 1)",257
MBPP,733,failed,SyntaxError,"invalid decimal literal (<string>, line 1)",257
MBPP,734,failed,SyntaxError,"invalid decimal literal (<string>, line 1)",257
MBPP,788,failed,SyntaxError,"invalid syntax (<string>, line 1)",257
MBPP,790,failed,SyntaxError,"invalid syntax (<string>, line 1)",257
MBPP,791,failed,SyntaxError,"invalid syntax (<string>, line 1)",257
MBPP,792,failed,SyntaxError,"invalid decimal literal (<string>, line 1)",257
MBPP,793,failed,SyntaxError,"invalid decimal literal (<string>, line 1)",257
MBPP,794,failed,SyntaxError,"invalid syntax (<string>, line 1)",257
MBPP,796,failed,SyntaxError,"invalid decimal literal (<string>, line 1)",257
MBPP,797,failed,SyntaxError,"invalid decimal literal (<string>, line 1)",257
MBPP,798,failed,SyntaxError,"invalid decimal literal (<string>, line 1)",257
MBPP,799,failed,SyntaxError,"invalid decimal literal (<string>, line 1)",257
MBPP,800,failed,SyntaxError,"invalid syntax (<string>, line 1)",257
MBPP,801,failed,SyntaxError,"invalid decimal literal (<string>, line 1)",257
MBPP,802,failed,SyntaxError,"invalid decimal literal (<string>, line 1)",257
MBPP,803,failed,SyntaxError,"invalid syntax (<string>, line 1)",257
MBPP,804,failed,SyntaxError,"invalid syntax (<string>, line 1)",257
MBPP,805,failed,SyntaxError,"invalid syntax (<string>, line 1)",257
MBPP,806,failed,SyntaxError,"invalid decimal literal (<string>, line 1)",257
MBPP,807,failed,SyntaxError,"invalid decimal literal (<string>, line 1)",257
MBPP,808,failed,SyntaxError,"invalid syntax (<string>, line 1)",257
MBPP,809,failed,SyntaxError,"invalid syntax (<string>, line 1)",257
MBPP,735,failed,SyntaxError,"invalid decimal literal (<string>, line 1)",257
MBPP,736,failed,SyntaxError,"invalid decimal literal (<string>, line 1)",257
MBPP,737,failed,SyntaxError,"invalid syntax (<string>, line 1)",257
MBPP,738,failed,SyntaxError,"invalid decimal literal (<string>, line 1)",257
MBPP,739,failed,SyntaxError,"invalid decimal literal (<string>, line 1)",257
MBPP,740,failed,SyntaxError,"invalid syntax (<string>, line 1)",257
MBPP,741,failed,SyntaxError,"invalid syntax (<string>, line 1)",257
MBPP,742,failed,SyntaxError,"invalid decimal literal (<string>, line 1)",257
MBPP,743,failed,SyntaxError,"invalid syntax (<string>, line 1)",257
MBPP,744,failed,SyntaxError,"invalid syntax (<string>, line 1)",257
MBPP,745,failed,SyntaxError,"invalid syntax (<string>, line 1)",257
MBPP,746,failed,SyntaxError,"invalid decimal literal (<string>, line 1)",257
MBPP,747,failed,SyntaxError,"invalid decimal literal (<string>, line 1)",257
MBPP,748,failed,SyntaxError,"invalid syntax (<string>, line 1)",257
MBPP,749,failed,SyntaxError,"invalid syntax (<string>, line 1)",257
MBPP,750,failed,SyntaxError,"invalid syntax (<string>, line 1)",257
MBPP,751,failed,SyntaxError,"invalid syntax (<string>, line 1)",257
MBPP,752,failed,SyntaxError,"invalid decimal literal (<string>, line 1)",257
MBPP,753,failed,SyntaxError,"invalid syntax (<string>, line 1)",257
MBPP,754,failed,SyntaxError,"invalid syntax (<string>, line 1)",257
MBPP,755,failed,SyntaxError,"invalid decimal literal (<string>, line 1)",257
MBPP,756,failed,SyntaxError,"invalid syntax (<string>, line 1)",257
MBPP,757,failed,SyntaxError,"invalid decimal literal (<string>, line 1)",257
MBPP,758,failed,SyntaxError,"invalid syntax (<string>, line 1)",257
MBPP,759,failed,SyntaxError,"invalid syntax (<string>, line 1)",257
MBPP,760,failed,SyntaxError,"invalid syntax (<string>, line 1)",257
MBPP,762,failed,SyntaxError,"invalid syntax (<string>, line 1)",257
MBPP,763,failed,SyntaxError,"invalid decimal literal (<string>, line 1)",257
MBPP,764,failed,SyntaxError,"invalid decimal literal (<string>, line 1)",257
MBPP,765,failed,SyntaxError,"invalid decimal literal (<string>, line 1)",257
MBPP,766,failed,SyntaxError,"invalid syntax (<string>, line 1)",257
MBPP,767,failed,SyntaxError,"invalid decimal literal (<string>, line 1)",257
MBPP,769,failed,SyntaxError,"invalid syntax (<string>, line 1)",257
MBPP,770,failed,SyntaxError,"invalid decimal literal (<string>, line 1)",257
MBPP,771,failed,SyntaxError,"unterminated string literal (detected at line 46) (<string>, line 46)",252
MBPP,772,failed,SyntaxError,"invalid syntax (<string>, line 1)",257
MBPP,773,failed,SyntaxError,"invalid syntax (<string>, line 1)",257
MBPP,775,failed,SyntaxError,"invalid syntax (<string>, line 1)",257
MBPP,776,failed,SyntaxError,"invalid decimal literal (<string>, line 1)",257
MBPP,777,failed,SyntaxError,"invalid decimal literal (<string>, line 1)",257
MBPP,778,failed,SyntaxError,"invalid syntax (<string>, line 1)",257
MBPP,779,failed,SyntaxError,"invalid syntax (<string>, line 1)",257
MBPP,780,failed,TypeError,unsupported operand type(s) for +: 'int' and 'tuple',7
MBPP,781,failed,SyntaxError,"invalid syntax (<string>, line 1)",257
MBPP,782,failed,SyntaxError,"invalid decimal literal (<string>, line 1)",257
MBPP,783,failed,SyntaxError,"invalid syntax (<string>, line 1)",257
MBPP,784,failed,SyntaxError,"invalid decimal literal (<string>, line 1)",257
MBPP,785,failed,SyntaxError,"invalid syntax (<string>, line 1)",257
MBPP,786,failed,SyntaxError,"invalid decimal literal (<string>, line 1)",257
MBPP,787,failed,SyntaxError,"invalid syntax (<string>, line 1)",257
MBPP,11,failed,TestNotFound,Test case not found in dataset,
MBPP,12,failed,TestNotFound,Test case not found in dataset,
MBPP,14,failed,TestNotFound,Test case not found in dataset,
MBPP,16,failed,TestNotFound,Test case not found in dataset,
MBPP,17,failed,TestNotFound,Test case not found in dataset,
MBPP,18,failed,TestNotFound,Test case not found in dataset,
MBPP,19,failed,TestNotFound,Test case not found in dataset,
MBPP,20,failed,TestNotFound,Test case not found in dataset,
MBPP,56,failed,TestNotFound,Test case not found in dataset,
MBPP,57,failed,TestNotFound,Test case not found in dataset,
MBPP,58,failed,TestNotFound,Test case not found in dataset,
MBPP,59,failed,TestNotFound,Test case not found in dataset,
MBPP,61,failed,TestNotFound,Test case not found in dataset,
MBPP,62,failed,TestNotFound,Test case not found in dataset,
MBPP,63,failed,TestNotFound,Test case not found in dataset,
MBPP,64,failed,TestNotFound,Test case not found in dataset,
MBPP,65,failed,TestNotFound,Test case not found in dataset,
MBPP,66,failed,TestNotFound,Test case not found in dataset,
MBPP,67,failed,TestNotFound,Test case not found in dataset,
MBPP,68,failed,TestNotFound,Test case not found in dataset,
MBPP,69,failed,TestNotFound,Test case not found in dataset,
MBPP,70,failed,TestNotFound,Test case not found in dataset,
MBPP,71,failed,TestNotFound,Test case not found in dataset,
MBPP,72,failed,TestNotFound,Test case not found in dataset,
MBPP,74,failed,TestNotFound,Test case not found in dataset,
MBPP,75,failed,TestNotFound,Test case not found in dataset,
MBPP,77,failed,TestNotFound,Test case not found in dataset,
MBPP,79,failed,TestNotFound,Test case not found in dataset,
MBPP,80,failed,TestNotFound,Test case not found in dataset,
MBPP,82,failed,TestNotFound,Test case not found in dataset,
MBPP,83,failed,TestNotFound,Test case not found in dataset,
MBPP,84,failed,TestNotFound,Test case not found in dataset,
MBPP,85,failed,TestNotFound,Test case not found in dataset,
MBPP,86,failed,TestNotFound,Test case not found in dataset,
MBPP,87,failed,TestNotFound,Test case not found in dataset,
MBPP,88,failed,TestNotFound,Test case not found in dataset,
MBPP,89,failed,TestNotFound,Test case not found in dataset,
MBPP,90,failed,TestNotFound,Test case not found in dataset,
MBPP,91,failed,TestNotFound,Test case not found in dataset,
MBPP,92,failed,TestNotFound,Test case not found in dataset,
MBPP,93,failed,TestNotFound,Test case not found in dataset,
MBPP,94,failed,TestNotFound,Test case not found in dataset,
MBPP,95,failed,TestNotFound,Test case not found in dataset,
MBPP,96,failed,TestNotFound,Test case not found in dataset,
MBPP,97,failed,TestNotFound,Test case not found in dataset,
MBPP,98,failed,TestNotFound,Test case not found in dataset,
MBPP,99,failed,TestNotFound,Test case not found in dataset,
MBPP,100,failed,TestNotFound,Test case not found in dataset,
MBPP,101,failed,TestNotFound,Test case not found in dataset,
MBPP,102,failed,TestNotFound,Test case not found in dataset,
MBPP,227,failed,TestNotFound,Test case not found in dataset,
MBPP,228,failed,TestNotFound,Test case not found in dataset,
MBPP,229,failed,TestNotFound,Test case not found in dataset,
MBPP,230,failed,TestNotFound,Test case not found in dataset,
MBPP,232,failed,TestNotFound,Test case not found in dataset,
MBPP,233,failed,TestNotFound,Test case not found in dataset,
MBPP,234,failed,TestNotFound,Test case not found in dataset,
MBPP,235,failed,TestNotFound,Test case not found in dataset,
MBPP,237,failed,TestNotFound,Test case not found in dataset,
MBPP,238,failed,TestNotFound,Test case not found in dataset,
MBPP,239,failed,TestNotFound,Test case not found in dataset,
MBPP,240,failed,TestNotFound,Test case not found in dataset,
MBPP,242,failed,TestNotFound,Test case not found in dataset,
MBPP,244,failed,TestNotFound,Test case not found in dataset,
MBPP,245,failed,TestNotFound,Test case not found in dataset,
MBPP,246,failed,TestNotFound,Test case not found in dataset,
MBPP,247,failed,TestNotFound,Test case not found in dataset,
MBPP,248,failed,TestNotFound,Test case not found in dataset,
MBPP,249,failed,TestNotFound,Test case not found in dataset,
MBPP,250,failed,TestNotFound,Test case not found in dataset,
MBPP,251,failed,TestNotFound,Test case not found in dataset,
MBPP,252,failed,TestNotFound,Test case not found in dataset,
MBPP,253,failed,TestNotFound,Test case not found in dataset,
MBPP,255,failed,TestNotFound,Test case not found in dataset,
MBPP,256,failed,TestNotFound,Test case not found in dataset,
MBPP,257,failed,TestNotFound,Test case not found in dataset,
MBPP,259,failed,TestNotFound,Test case not found in dataset,
MBPP,260,failed,TestNotFound,Test case not found in dataset,
MBPP,261,failed,TestNotFound,Test case not found in dataset,
MBPP,262,failed,TestNotFound,Test case not found in dataset,
MBPP,264,failed,TestNotFound,Test case not found in dataset,
MBPP,265,failed,TestNotFound,Test case not found in dataset,
MBPP,266,failed,TestNotFound,Test case not found in dataset,
MBPP,267,failed,TestNotFound,Test case not found in dataset,
MBPP,268,failed,TestNotFound,Test case not found in dataset,
MBPP,269,failed,TestNotFound,Test case not found in dataset,
MBPP,270,failed,TestNotFound,Test case not found in dataset,
MBPP,271,failed,TestNotFound,Test case not found in dataset,
MBPP,272,failed,TestNotFound,Test case not found in dataset,
MBPP,273,failed,TestNotFound,Test case not found in dataset,
MBPP,274,failed,TestNotFound,Test case not found in dataset,
MBPP,276,failed,TestNotFound,Test case not found in dataset,
MBPP,277,failed,TestNotFound,Test case not found in dataset,
MBPP,278,failed,TestNotFound,Test case not found in dataset,
MBPP,279,failed,TestNotFound,Test case not found in dataset,
MBPP,280,failed,TestNotFound,Test case not found in dataset,
MBPP,281,failed,TestNotFound,Test case not found in dataset,
MBPP,282,failed,TestNotFound,Test case not found in dataset,
MBPP,283,failed,TestNotFound,Test case not found in dataset,
MBPP,284,failed,TestNotFound,Test case not found in dataset,
MBPP,418,failed,TestNotFound,Test case not found in dataset,
MBPP,419,failed,TestNotFound,Test case not found in dataset,
MBPP,420,failed,TestNotFound,Test case not found in dataset,
MBPP,421,failed,TestNotFound,Test case not found in dataset,
MBPP,422,failed,TestNotFound,Test case not found in dataset,
MBPP,424,failed,TestNotFound,Test case not found in dataset,
MBPP,425,failed,TestNotFound,Test case not found in dataset,
MBPP,426,failed,TestNotFound,Test case not found in dataset,
MBPP,427,failed,TestNotFound,Test case not found in dataset,
MBPP,428,failed,TestNotFound,Test case not found in dataset,
MBPP,429,failed,TestNotFound,Test case not found in dataset,
MBPP,430,failed,TestNotFound,Test case not found in dataset,
MBPP,431,failed,TestNotFound,Test case not found in dataset,
MBPP,432,failed,TestNotFound,Test case not found in dataset,
MBPP,433,failed,TestNotFound,Test case not found in dataset,
MBPP,434,failed,TestNotFound,Test case not found in dataset,
MBPP,435,failed,TestNotFound,Test case not found in dataset,
MBPP,436,failed,TestNotFound,Test case not found in dataset,
MBPP,437,failed,TestNotFound,Test case not found in dataset,
MBPP,438,failed,TestNotFound,Test case not found in dataset,
MBPP,439,failed,TestNotFound,Test case not found in dataset,
MBPP,440,failed,TestNotFound,Test case not found in dataset,
MBPP,441,failed,TestNotFound,Test case not found in dataset,
MBPP,442,failed,TestNotFound,Test case not found in dataset,
MBPP,443,failed,TestNotFound,Test case not found in dataset,
MBPP,444,failed,TestNotFound,Test case not found in dataset,
MBPP,445,failed,TestNotFound,Test case not found in dataset,
MBPP,446,failed,TestNotFound,Test case not found in dataset,
MBPP,447,failed,TestNotFound,Test case not found in dataset,
MBPP,448,failed,TestNotFound,Test case not found in dataset,
MBPP,450,failed,TestNotFound,Test case not found in dataset,
MBPP,451,failed,TestNotFound,Test case not found in dataset,
MBPP,452,failed,TestNotFound,Test case not found in dataset,
MBPP,453,failed,TestNotFound,Test case not found in dataset,
MBPP,454,failed,TestNotFound,Test case not found in dataset,
MBPP,455,failed,TestNotFound,Test case not found in dataset,
MBPP,456,failed,TestNotFound,Test case not found in dataset,
MBPP,457,failed,TestNotFound,Test case not found in dataset,
MBPP,458,failed,TestNotFound,Test case not found in dataset,
MBPP,459,failed,TestNotFound,Test case not found in dataset,
MBPP,460,failed,TestNotFound,Test case not found in dataset,
MBPP,461,failed,TestNotFound,Test case not found in dataset,
MBPP,462,failed,TestNotFound,Test case not found in dataset,
MBPP,463,failed,TestNotFound,Test case not found in dataset,
MBPP,464,failed,TestNotFound,Test case not found in dataset,
MBPP,465,failed,TestNotFound,Test case not found in dataset,
MBPP,468,failed,TestNotFound,Test case not found in dataset,
MBPP,470,failed,TestNotFound,Test case not found in dataset,
MBPP,471,failed,TestNotFound,Test case not found in dataset,
MBPP,472,failed,TestNotFound,Test case not found in dataset,
MBPP,473,failed,TestNotFound,Test case not found in dataset,
MBPP,474,failed,TestNotFound,Test case not found in dataset,
MBPP,475,failed,TestNotFound,Test case not found in dataset,
MBPP,476,failed,TestNotFound,Test case not found in dataset,
MBPP,477,failed,TestNotFound,Test case not found in dataset,
MBPP,478,failed,TestNotFound,Test case not found in dataset,
MBPP,479,failed,TestNotFound,Test case not found in dataset,
MBPP,103,failed,TestNotFound,Test case not found in dataset,
MBPP,104,failed,TestNotFound,Test case not found in dataset,
MBPP,105,failed,TestNotFound,Test case not found in dataset,
MBPP,106,failed,TestNotFound,Test case not found in dataset,
MBPP,108,failed,TestNotFound,Test case not found in dataset,
MBPP,109,failed,TestNotFound,Test case not found in dataset,
MBPP,111,failed,TestNotFound,Test case not found in dataset,
MBPP,113,failed,TestNotFound,Test case not found in dataset,
MBPP,115,failed,TestNotFound,Test case not found in dataset,
MBPP,116,failed,TestNotFound,Test case not found in dataset,
MBPP,117,failed,TestNotFound,Test case not found in dataset,
MBPP,118,failed,TestNotFound,Test case not found in dataset,
MBPP,119,failed,TestNotFound,Test case not found in dataset,
MBPP,120,failed,TestNotFound,Test case not found in dataset,
MBPP,123,failed,TestNotFound,Test case not found in dataset,
MBPP,124,failed,TestNotFound,Test case not found in dataset,
MBPP,125,failed,TestNotFound,Test case not found in dataset,
MBPP,126,failed,TestNotFound,Test case not found in dataset,
MBPP,127,failed,TestNotFound,Test case not found in dataset,
MBPP,128,failed,TestNotFound,Test case not found in dataset,
MBPP,129,failed,TestNotFound,Test case not found in dataset,
MBPP,130,failed,TestNotFound,Test case not found in dataset,
MBPP,131,failed,TestNotFound,Test case not found in dataset,
MBPP,132,failed,TestNotFound,Test case not found in dataset,
MBPP,133,failed,TestNotFound,Test case not found in dataset,
MBPP,135,failed,TestNotFound,Test case not found in dataset,
MBPP,137,failed,TestNotFound,Test case not found in dataset,
MBPP,138,failed,TestNotFound,Test case not found in dataset,
MBPP,139,failed,TestNotFound,Test case not found in dataset,
MBPP,140,failed,TestNotFound,Test case not found in dataset,
MBPP,141,failed,TestNotFound,Test case not found in dataset,
MBPP,142,failed,TestNotFound,Test case not found in dataset,
MBPP,143,failed,TestNotFound,Test case not found in dataset,
MBPP,145,failed,TestNotFound,Test case not found in dataset,
MBPP,160,failed,TestNotFound,Test case not found in dataset,
MBPP,161,failed,TestNotFound,Test case not found in dataset,
MBPP,162,failed,TestNotFound,Test case not found in dataset,
MBPP,163,failed,TestNotFound,Test case not found in dataset,
MBPP,164,failed,TestNotFound,Test case not found in dataset,
MBPP,165,failed,TestNotFound,Test case not found in dataset,
MBPP,166,failed,TestNotFound,Test case not found in dataset,
MBPP,167,failed,TestNotFound,Test case not found in dataset,
MBPP,168,failed,TestNotFound,Test case not found in dataset,
MBPP,170,failed,TestNotFound,Test case not found in dataset,
MBPP,171,failed,TestNotFound,Test case not found in dataset,
MBPP,172,failed,TestNotFound,Test case not found in dataset,
MBPP,222,failed,TestNotFound,Test case not found in dataset,
MBPP,223,failed,TestNotFound,Test case not found in dataset,
MBPP,224,failed,TestNotFound,Test case not found in dataset,
MBPP,226,failed,TestNotFound,Test case not found in dataset,
