dataset,task_id,generated_code,solution,status,ast_parsed,syntax_error,indentation_error,structural_error,error_type,line,message,structural_details,cfg_analyzed,unreachable_code,missing_return,cfg_details,libapi_analyzed,name_error,attribute_error,type_error,module_not_found,total_libapi_errors,libapi_details
DS1000,DS0000,"
import pandas as pd
import numpy as np
df, List = test_input
result = df.iloc[List]
","def g(df, List):
    return df.iloc[List]

result = g(df.copy(), List)
",Passed,True,0.0,0.0,0.0,,,,[],True,0.0,0.0,[],True,0.0,0.0,0.0,0.0,0.0,[]
DS1000,DS0001,"
import pandas as pd
import numpy as np
df, List = test_input
result = df.iloc[List]
","def g(df, List):
    df2 = df.iloc[List].reindex().reset_index(drop=True)
    return (df2.Type != df.Type).sum()

result = g(df.copy(), List)
",Failed: Logic Error (Assertion failed),True,0.0,0.0,0.0,,,,[],True,0.0,0.0,[],True,0.0,0.0,0.0,0.0,0.0,[]
DS1000,DS0002,"
import pandas as pd
import numpy as np
df = test_input
result = df.apply(lambda x: 'other' if x.isin(['apple', 'egg']) else x)
","def g(df):
    return df.where(df.apply(lambda x: x.map(x.value_counts())) >= 2, ""other"")

result = g(df.copy())
","Failed: ValueError: The truth value of a Series is ambiguous. Use a.empty, a.bool(), a.item(), a.any() or a.all().",True,0.0,0.0,0.0,,,,[],True,0.0,0.0,[],True,0.0,0.0,0.0,0.0,0.0,[]
DS1000,DS0003,"
import pandas as pd
import numpy as np
df = test_input
result = df.apply(lambda x: 'other' if x.value_counts() >= 3 else x)
","def g(df):
    return df.where(df.apply(lambda x: x.map(x.value_counts())) >= 3, ""other"")

result = g(df.copy())
","Failed: ValueError: The truth value of a Series is ambiguous. Use a.empty, a.bool(), a.item(), a.any() or a.all().",True,0.0,0.0,0.0,,,,[],True,0.0,0.0,[],True,0.0,0.0,0.0,0.0,0.0,[]
DS1000,DS0004,"
import pandas as pd
import numpy as np
def f(df):
df['Qu1'] = df['Qu1'].map(lambda x: 'other' if pd.value_counts(df['Qu1']) < 2 else x)
df['Qu3'] = df['Qu3'].map(lambda x: 'other' if pd.value_counts(df['Qu3']) < 2 else x)
df = test_input
result = f(df)
","    result = df.where(df.apply(lambda x: x.map(x.value_counts())) >= 2, ""other"")

    return result
","Failed: IndentationError: expected an indented block after function definition on line 4 (<string>, line 5)",False,0.0,1.0,0.0,IndentationError,5.0,"expected an indented block after function definition on line 4 (<unknown>, line 5)",[],False,0.0,0.0,[],False,0.0,0.0,0.0,0.0,0.0,[]
DS1000,DS0005,"
import pandas as pd
import numpy as np
df = test_input
result = df.replace(df.value_counts() >= 3, 'other', inplace=False)
","def g(df):
    for col in df.columns:
        vc = df[col].value_counts()
        if col == 'Qu1':
            df[col] = df[col].apply(lambda x: x if vc[x] >= 3 else 'other')
        else:
            df[col] = df[col].apply(lambda x: x if vc[x] >= 2 else 'other')
    return df

result = g(df.copy())
",Failed: Logic Error (Assertion failed),True,0.0,0.0,0.0,,,,[],True,0.0,0.0,[],True,0.0,0.0,0.0,0.0,0.0,[]
DS1000,DS0006,"
import pandas as pd
import numpy as np
df = test_input
result = df.copy()
result['Qu1'] = df['Qu1'].apply(lambda x: 'other' if x != 'apple' else x)
result['Qu2'] = df['Qu2'].apply(lambda x: 'other' if pd.value_counts(df['Qu2']) >= 2 else x)
result['Qu3'] = df['Qu3'].apply(lambda x: 'other' if pd.value_counts(df['Qu3']) >= 2 else x)
","def g(df):
    for col in df.columns:
        vc = df[col].value_counts()
        if col == 'Qu1':
            df[col] = df[col].apply(lambda x: x if vc[x] >= 3 or x == 'apple' else 'other')
        else:
            df[col] = df[col].apply(lambda x: x if vc[x] >= 2 or x == 'apple' else 'other')
    return df

result = g(df.copy())
","Failed: ValueError: The truth value of a Series is ambiguous. Use a.empty, a.bool(), a.item(), a.any() or a.all().",True,0.0,0.0,0.0,,,,[],True,0.0,0.0,[],True,0.0,0.0,0.0,0.0,0.0,[]
DS1000,DS0007,"
import pandas as pd
import numpy as np
df = test_input
result = df[df['keep_if_dup'] == 'Yes'].drop_duplicates(subset='url', keep='first')
","def g(df):
    return df.loc[(df['keep_if_dup'] =='Yes') | ~df['url'].duplicated()]

result = g(df.copy())
",Failed: Logic Error (Assertion failed),True,0.0,0.0,0.0,,,,[],True,0.0,0.0,[],True,0.0,0.0,0.0,0.0,0.0,[]
DS1000,DS0008,"
import pandas as pd
import numpy as np
df = test_input
result = df[df['drop_if_dup'] == 'No'].drop_duplicates(subset='url', keep='first')
","def g(df):
    return df.loc[(df['drop_if_dup'] =='No') | ~df['url'].duplicated()]

result = g(df.copy())
",Failed: Logic Error (Assertion failed),True,0.0,0.0,0.0,,,,[],True,0.0,0.0,[],True,0.0,0.0,0.0,0.0,0.0,[]
DS1000,DS0009,"
import pandas as pd
import numpy as np
df = test_input
result = df.sort_values(by=['url', 'keep_if_dup'], ascending=[True, False]).drop_duplicates(subset='url')
","def g(df):
    return df.loc[(df['keep_if_dup'] =='Yes') | ~df['url'].duplicated(keep='last')]

result = g(df.copy())
",Failed: Logic Error (Assertion failed),True,0.0,0.0,0.0,,,,[],True,0.0,0.0,[],True,0.0,0.0,0.0,0.0,0.0,[]
DS1000,DS0010,"
import pandas as pd
import numpy as np
df = test_input
result = df.set_index('name').to_dict(orient='index')
","def g(df):
    if len(df.columns) == 1:
        if df.values.size == 1: return df.values[0][0]
        return df.values.squeeze()
    grouped = df.groupby(df.columns[0])
    d = {k: g(t.iloc[:, 1:]) for k, t in grouped}
    return d

result = g(df.copy())
",Failed: ValueError: DataFrame index must be unique for orient='index'.,True,0.0,0.0,0.0,,,,[],True,0.0,0.0,[],True,0.0,0.0,0.0,0.0,0.0,[]
DS1000,DS0011,"
import pandas as pd
import numpy as np
df = test_input
df['datetime_column'] = df['datetime_column'].dt.tz_localize(None)
result = df
","df['datetime'] = df['datetime'].dt.tz_localize(None)
",Failed: KeyError: 'datetime_column',True,0.0,0.0,0.0,,,,[],True,0.0,0.0,[],True,0.0,0.0,0.0,0.0,0.0,[]
DS1000,DS0012,"
import pandas as pd
import numpy as np
def f(df):
df['datetime_column'] = df['datetime_column'].dt.tz_localize(None)
df = test_input
result = f(df)
","    df['datetime'] = df['datetime'].dt.tz_localize(None)
    result = df

    return result
","Failed: IndentationError: expected an indented block after function definition on line 4 (<string>, line 5)",False,0.0,1.0,0.0,IndentationError,5.0,"expected an indented block after function definition on line 4 (<unknown>, line 5)",[],False,0.0,0.0,[],False,0.0,0.0,0.0,0.0,0.0,[]
DS1000,DS0013,"
import pandas as pd
import numpy as np
df = test_input
df['datetime'] = df['datetime'].dt.tz_localize(None)
result = df
","df['datetime'] = df['datetime'].dt.tz_localize(None)
df.sort_values(by='datetime', inplace=True)
df['datetime'] = df['datetime'].dt.strftime('%d-%b-%Y %T')",Failed: Logic Error (Assertion failed),True,0.0,0.0,0.0,,,,[],True,0.0,0.0,[],True,0.0,0.0,0.0,0.0,0.0,[]
DS1000,DS0014,"
import pandas as pd
import numpy as np
df = test_input
df['datetime'] = df['datetime'].dt.tz_localize(None)
result = df
","def g(df):
    df['datetime'] = df['datetime'].dt.tz_localize(None)
    df.sort_values(by='datetime', inplace=True)
    return df

df = g(df.copy())
",Failed: Logic Error (Assertion failed),True,0.0,0.0,0.0,,,,[],True,0.0,0.0,[],True,0.0,0.0,0.0,0.0,0.0,[]
DS1000,DS0015,"
import pandas as pd
import numpy as np
df = test_input
result = df['message'].str.extractall(r'(\w+): (\w+)').unstack().reset_index(level=1, drop=True).rename(columns={0: 'key', 1: 'value'})
","import yaml
def g(df):
    df.message = df.message.replace(['\[','\]'],['{','}'], regex=True).apply(yaml.safe_load)
    df1 = pd.DataFrame(df.pop('message').values.tolist(), index=df.index)
    result = pd.concat([df, df1], axis=1)
    result = result.replace('', 'none')
    result = result.replace(np.nan, 'none')
    return result

result = g(df.copy())","Failed: IndexError: Too many levels: Index has only 1 level, not 2",True,0.0,0.0,0.0,,,,[],True,0.0,0.0,[],True,0.0,0.0,0.0,0.0,0.0,[]
DS1000,DS0016,"
import pandas as pd
import numpy as np
df, products = test_input
result = df[df['product'].isin([1069104, 1069105])].assign(score=lambda x: x['score'] * 10)
result = df
","df.loc[df['product'].isin(products), 'score'] *= 10
",Failed: Logic Error (Assertion failed),True,0.0,0.0,0.0,,,,[],True,0.0,0.0,[],True,0.0,0.0,0.0,0.0,0.0,[]
DS1000,DS0017,"
import pandas as pd
import numpy as np
df, products = test_input
result = df.copy()
result.loc[~df['product'].isin([1069104, 1069105]), 'score'] *= 10
result = df
","df.loc[~df['product'].isin(products), 'score'] *= 10
",Failed: Logic Error (Assertion failed),True,0.0,0.0,0.0,,,,[],True,0.0,0.0,[],True,0.0,0.0,0.0,0.0,0.0,[]
DS1000,DS0018,"
import pandas as pd
import numpy as np
df, products = test_input
result = df[df['product'].isin([1069104, 1069105, 1179159, 1179161])].assign(score=lambda x: x['score'] * 10)
result = df
","for product in products:
    df.loc[(df['product'] >= product[0]) & (df['product'] <= product[1]), 'score'] *= 10
",Failed: Logic Error (Assertion failed),True,0.0,0.0,0.0,,,,[],True,0.0,0.0,[],True,0.0,0.0,0.0,0.0,0.0,[]
DS1000,DS0019,"
import pandas as pd
import numpy as np
df, products = test_input
result = df.copy()
result.loc[df['product'].isin([1069104, 1069105]), 'score'] = (result.loc[df['product'].isin([1069104, 1069105]), 'score'] - result.loc[df['product'].isin([1069104, 1069105]), 'score'].min()) / (result.loc[df['product'].isin([1069104, 1069105]), 'score'].max() - result.loc[df['product'].isin([1069104, 1069105]), 'score'].min())
result = df
","Max = df.loc[df['product'].isin(products), 'score'].max()
Min = df.loc[df['product'].isin(products), 'score'].min()
df.loc[df['product'].isin(products), 'score'] = (df.loc[df['product'].isin(products), 'score'] - Min) / (Max - Min)
",Failed: Logic Error (Assertion failed),True,0.0,0.0,0.0,,,,[],True,0.0,0.0,[],True,0.0,0.0,0.0,0.0,0.0,[]
DS1000,DS0020,"
import pandas as pd
import numpy as np
df = test_input
result['category'] = df.apply(lambda row: next((col for col in df.columns if row[col] == 1), None), axis=1)
result = df
","df[""category""] = df.idxmax(axis=1)
",Failed: NameError: name 'result' is not defined,True,0.0,0.0,0.0,,,,[],True,0.0,0.0,[],True,0.0,0.0,0.0,0.0,0.0,[]
DS1000,DS0021,"
import pandas as pd
import numpy as np
df = test_input
result['category'] = df.apply(lambda row: next((col for col in df.columns if row[col] == 1), None), axis=1)
result = df
","df[""category""] = df.idxmin(axis=1)
",Failed: NameError: name 'result' is not defined,True,0.0,0.0,0.0,,,,[],True,0.0,0.0,[],True,0.0,0.0,0.0,0.0,0.0,[]
DS1000,DS0022,"
import pandas as pd
import numpy as np
df = test_input
result['category'] = df.apply(lambda row: list(row.index[row == 1]), axis=1)
result = df
","categories = []
for i in range(len(df)):
    l = []
    for col in df.columns:
        if df[col].iloc[i] == 1:
            l.append(col)
    categories.append(l)
df[""category""] = categories
",Failed: NameError: name 'result' is not defined,True,0.0,0.0,0.0,,,,[],True,0.0,0.0,[],True,0.0,0.0,0.0,0.0,0.0,[]
DS1000,DS0023,"
import pandas as pd
import numpy as np
df = test_input
result['Date'] = df['Date'].dt.strftime('%b-%Y')
result = df
","df['Date'] = df['Date'].dt.strftime('%b-%Y')
",Failed: NameError: name 'result' is not defined,True,0.0,0.0,0.0,,,,[],True,0.0,0.0,[],True,0.0,0.0,0.0,0.0,0.0,[]
DS1000,DS0024,"
import pandas as pd
import numpy as np
df = test_input
result['Date'] = df['Date'].dt.strftime('%d-%b-%Y')
result = df
","df['Date'] = df['Date'].dt.strftime('%d-%b-%Y')
",Failed: NameError: name 'result' is not defined,True,0.0,0.0,0.0,,,,[],True,0.0,0.0,[],True,0.0,0.0,0.0,0.0,0.0,[]
DS1000,DS0025,"
import pandas as pd
import numpy as np
df,List = test_input
result['Date'] = df['Date'].dt.to_period(""M"").dt.strftime('%d-%b-%Y %A')
result = df
","df = df[df['Date'] >= List[0]]
df = df[df['Date'] <= List[1]]
df['Date'] = df['Date'].dt.strftime('%d-%b-%Y %A')",Failed: NameError: name 'result' is not defined,True,0.0,0.0,0.0,,,,[],True,0.0,0.0,[],True,0.0,0.0,0.0,0.0,0.0,[]
DS1000,DS0026,"
import pandas as pd
import numpy as np
df = test_input
result = df.shift(1, axis=0).shift(-1, axis=1)
result = df
","import numpy as np
df['#1'] = np.roll(df['#1'], shift=1)",Failed: Logic Error (Assertion failed),True,0.0,0.0,0.0,,,,[],True,0.0,0.0,[],True,0.0,0.0,0.0,0.0,0.0,[]
DS1000,DS0027,"
import pandas as pd
import numpy as np
df = test_input
result = df.iloc[[0, -1]] + df.iloc[1:-1].shift(-1, axis=0)
result = df
","import numpy as np
df['#1'] = np.roll(df['#1'], shift=-1)",Failed: Logic Error (Assertion failed),True,0.0,0.0,0.0,,,,[],True,0.0,0.0,[],True,0.0,0.0,0.0,0.0,0.0,[]
DS1000,DS0028,"
import pandas as pd
import numpy as np
df = test_input
result = df.iloc[[4, 0, 1, 2, 3], :]
result = df
","import numpy as np
df['#1'] = np.roll(df['#1'], shift=1)
df['#2'] = np.roll(df['#2'], shift=-1)",Failed: Logic Error (Assertion failed),True,0.0,0.0,0.0,,,,[],True,0.0,0.0,[],True,0.0,0.0,0.0,0.0,0.0,[]
DS1000,DS0029,"
import pandas as pd
import numpy as np
df = test_input
df.iloc[[0, -1]] = df.iloc[[-1, 0]]
result = df
result = df
","import numpy as np
def g(df):
    sh = 0
    min_R2 = 0
    for i in range(len(df)):
        min_R2 += (df['#1'].iloc[i]-df['#2'].iloc[i])**2
    for i in range(len(df)):
        R2 = 0
        for j in range(len(df)):
            R2 += (df['#1'].iloc[j] - df['#2'].iloc[j]) ** 2
        if min_R2 > R2:
            sh = i
            min_R2 = R2
        df['#1'] = np.roll(df['#1'], shift=1)
    df['#1'] = np.roll(df['#1'], shift=sh)
    return df

df = g(df)
",Failed: Logic Error (Assertion failed),True,0.0,0.0,0.0,,,,[],True,0.0,0.0,[],True,0.0,0.0,0.0,0.0,0.0,[]
DS1000,DS0030,"
import pandas as pd
import numpy as np
df = test_input
df.columns = [col + 'X' for col in df.columns]
result = df
","def g(df):
    return df.add_suffix('X')

df = g(df.copy())
",Passed,True,0.0,0.0,0.0,,,,[],True,0.0,0.0,[],True,0.0,0.0,0.0,0.0,0.0,[]
DS1000,DS0031,"
import pandas as pd
import numpy as np
df = test_input
df.columns = ['X' + col for col in df.columns]
result = df
","def g(df):
    return df.add_prefix('X')

df = g(df.copy())
",Passed,True,0.0,0.0,0.0,,,,[],True,0.0,0.0,[],True,0.0,0.0,0.0,0.0,0.0,[]
DS1000,DS0032,"
import pandas as pd
import numpy as np
df = test_input
df.columns = ['X' + col if not col.endswith('X') else col for col in df.columns]
result = df
","def g(df):
    for col in df.columns:
        if not col.endswith('X'):
            df.rename(columns={col: col+'X'}, inplace=True)
    return df.add_prefix('X')

df = g(df.copy())
",Failed: Logic Error (Assertion failed),True,0.0,0.0,0.0,,,,[],True,0.0,0.0,[],True,0.0,0.0,0.0,0.0,0.0,[]
DS1000,DS0033,"
import pandas as pd
import numpy as np
df = test_input
result = df.groupby('group').agg({col: ""mean"" for col in df.columns if col.startswith(""val"")})
","def g(df):
    return df.groupby('group').agg(lambda x : x.head(1) if x.dtype=='object' else x.mean())

result = g(df.copy())
",Failed: Logic Error (Assertion failed),True,0.0,0.0,0.0,,,,[],True,0.0,0.0,[],True,0.0,0.0,0.0,0.0,0.0,[]
DS1000,DS0034,"
import pandas as pd
import numpy as np
df = test_input
result = df.groupby('group').agg({col: ""sum"" for col in df.columns if col.startswith(""val"")})
","def g(df):
    return df.groupby('group').agg(lambda x : x.head(1) if x.dtype=='object' else x.sum())

result = g(df.copy())
",Failed: Logic Error (Assertion failed),True,0.0,0.0,0.0,,,,[],True,0.0,0.0,[],True,0.0,0.0,0.0,0.0,0.0,[]
DS1000,DS0035,"
import pandas as pd
import numpy as np
df = test_input
result = df.groupby('group').agg({col: 'mean' if col.endswith('2') else 'sum' for col in df.columns if col != 'group_color'})
","def g(df):
    return df.groupby('group').agg(lambda x : x.head(1) if x.dtype=='object' else x.mean() if x.name.endswith('2') else x.sum())

result = g(df.copy())
",Failed: Logic Error (Assertion failed),True,0.0,0.0,0.0,,,,[],True,0.0,0.0,[],True,0.0,0.0,0.0,0.0,0.0,[]
DS1000,DS0036,"
import pandas as pd
import numpy as np
df, row_list, column_list = test_input
result = df.loc[row_list, column_list].mean(axis=0)
","def g(df, row_list, column_list):
    return df[column_list].iloc[row_list].mean(axis=0)

result = g(df.copy(),row_list,column_list)
",Passed,True,0.0,0.0,0.0,,,,[],True,0.0,0.0,[],True,0.0,0.0,0.0,0.0,0.0,[]
DS1000,DS0037,"
import pandas as pd
import numpy as np
df, row_list, column_list = test_input
result = df.loc[row_list, column_list].sum(axis=0)
","def g(df, row_list, column_list):
    return df[column_list].iloc[row_list].sum(axis=0)

result = g(df.copy(), row_list, column_list)
",Passed,True,0.0,0.0,0.0,,,,[],True,0.0,0.0,[],True,0.0,0.0,0.0,0.0,0.0,[]
DS1000,DS0038,"
import pandas as pd
import numpy as np
df, row_list, column_list = test_input
result = df.loc[row_list, column_list].sum(axis=0)
result = result.nlargest(1).index[0]
","def g(df, row_list, column_list):
    result = df[column_list].iloc[row_list].sum(axis=0)
    return result.drop(result.index[result.argmax()])

result = g(df.copy(), row_list, column_list)
",Failed: Logic Error (Assertion failed),True,0.0,0.0,0.0,,,,[],True,0.0,0.0,[],True,0.0,0.0,0.0,0.0,0.0,[]
DS1000,DS0039,"
import pandas as pd
import numpy as np
df = test_input
result = df.apply(lambda x: x.value_counts()).T
","def g(df):
    return df.apply(lambda x: x.value_counts()).T.stack()

result = g(df.copy())
",Failed: TypeError: '<' not supported between instances of 'str' and 'int',True,0.0,0.0,0.0,,,,[],True,0.0,0.0,[],True,0.0,0.0,0.0,0.0,0.0,[]
DS1000,DS0040,"
import pandas as pd
import numpy as np
df = test_input
result = df.isnull().sum()
","def g(df):
    return df.apply(lambda x: x.value_counts()).T.null

result = g(df.copy())
",Failed: TypeError: '<' not supported between instances of 'str' and 'int',True,0.0,0.0,0.0,,,,[],True,0.0,0.0,[],True,0.0,0.0,0.0,0.0,0.0,[]
DS1000,DS0041,"
import pandas as pd
import numpy as np
df = test_input
result = df.describe(include='all').T
","def g(df):
    s = ''
    for c in df.columns:
        s += ""---- %s ---"" % c
        s += ""\n""
        s += str(df[c].value_counts())
        s += ""\n""
    return s

result = g(df.copy())
",Failed: Logic Error (Assertion failed),True,0.0,0.0,0.0,,,,[],True,0.0,0.0,[],True,0.0,0.0,0.0,0.0,0.0,[]
DS1000,DS0042,"
import pandas as pd
import numpy as np
df = test_input
result = df.iloc[1:].reset_index(drop=True).add_prefix('A_')
result = result.append(df.iloc[0].rename(columns=lambda x: f'B_{x}'))
","def g(df):
    df.columns = np.concatenate([df.iloc[0, :2], df.columns[2:]])
    df = df.iloc[1:].reset_index(drop=True)
    return df

result = g(df.copy())
",Failed: AttributeError: 'DataFrame' object has no attribute 'append',True,0.0,0.0,0.0,,,,[],True,0.0,0.0,[],True,0.0,0.0,0.0,0.0,0.0,[]
DS1000,DS0043,"
import pandas as pd
import numpy as np
df = test_input
result = df.iloc[1:].reset_index(drop=True)
","def g(df):
    df.columns = np.concatenate([df.columns[0:1], df.iloc[0, 1:2], df.columns[2:]])
    df = df.iloc[1:].reset_index(drop=True)
    return df

result = g(df.copy())
",Failed: Logic Error (Assertion failed),True,0.0,0.0,0.0,,,,[],True,0.0,0.0,[],True,0.0,0.0,0.0,0.0,0.0,[]
DS1000,DS0044,"
import pandas as pd
import numpy as np
df = test_input
result = df.apply(lambda x: x.ffill(), axis=1)
","def justify(a, invalid_val=0, axis=1, side='left'):
    if invalid_val is np.nan:
        mask = ~np.isnan(a)
    else:
        mask = a!=invalid_val
    justified_mask = np.sort(mask,axis=axis)
    if (side=='up') | (side=='left'):
        justified_mask = np.flip(justified_mask,axis=axis)
    out = np.full(a.shape, invalid_val)
    if axis==1:
        out[justified_mask] = a[mask]
    else:
        out.T[justified_mask.T] = a.T[mask.T]
    return out

def g(df):
    return pd.DataFrame(justify(df.values, invalid_val=np.nan, axis=1, side='left'))

result = g(df.copy())
",Failed: Logic Error (Assertion failed),True,0.0,0.0,0.0,,,,[],True,0.0,0.0,[],True,0.0,0.0,0.0,0.0,0.0,[]
DS1000,DS0045,"
import pandas as pd
import numpy as np
df = test_input
result = df.apply(lambda x: x.fillna(method='ffill'), axis=1)
","def justify(a, invalid_val=0, axis=1, side='left'):
    if invalid_val is np.nan:
        mask = ~np.isnan(a)
    else:
        mask = a!=invalid_val
    justified_mask = np.sort(mask,axis=axis)
    if (side=='up') | (side=='left'):
        justified_mask = np.flip(justified_mask,axis=axis)
    out = np.full(a.shape, invalid_val)
    if axis==1:
        out[justified_mask] = a[mask]
    else:
        out.T[justified_mask.T] = a.T[mask.T]
    return out

def g(df):
    return pd.DataFrame(justify(df.values, invalid_val=np.nan, axis=1, side='right'))

result = g(df.copy())
",Failed: Logic Error (Assertion failed),True,0.0,0.0,0.0,,,,[],True,0.0,0.0,[],True,0.0,0.0,0.0,0.0,0.0,[]
DS1000,DS0046,"
import pandas as pd
import numpy as np
df = test_input
result = df.apply(lambda x: x.fillna(method='ffill'), axis=1)
","def justify(a, invalid_val=0, axis=1, side='left'):
    if invalid_val is np.nan:
        mask = ~np.isnan(a)
    else:
        mask = a!=invalid_val
    justified_mask = np.sort(mask,axis=axis)
    if (side=='up') | (side=='left'):
        justified_mask = np.flip(justified_mask,axis=axis)
    out = np.full(a.shape, invalid_val)
    if axis==1:
        out[justified_mask] = a[mask]
    else:
        out.T[justified_mask.T] = a.T[mask.T]
    return out

def g(df):
    return pd.DataFrame(justify(df.values, invalid_val=np.nan, axis=0, side='down'))

result = g(df.copy())
",Failed: Logic Error (Assertion failed),True,0.0,0.0,0.0,,,,[],True,0.0,0.0,[],True,0.0,0.0,0.0,0.0,0.0,[]
DS1000,DS0047,"
import pandas as pd
import numpy as np
df, thresh = test_input
result = df.groupby(df['value'] >= thresh).agg({'value': 'sum'}).reset_index(drop=True)
","def g(df, thresh):
    return (df[lambda x: x['value'] >= thresh] .append(df[lambda x: x['value'] < thresh].sum().rename('X')))

result = g(df.copy(),thresh)
",Failed: AttributeError: 'DataFrame' object has no attribute 'append',True,0.0,0.0,0.0,,,,[],True,0.0,0.0,[],True,0.0,0.0,0.0,0.0,0.0,[]
DS1000,DS0048,"
import pandas as pd
import numpy as np
df, thresh = test_input
result = df.loc[df['value'] >= thresh].groupby(level=0).mean().reset_index(name='value')
","def g(df, thresh):
    return (df[lambda x: x['value'] <= thresh]
            .append(df[lambda x: x['value'] > thresh].mean().rename('X')))

result = g(df.copy(),thresh)
",Failed: AttributeError: 'DataFrame' object has no attribute 'append',True,0.0,0.0,0.0,,,,[],True,0.0,0.0,[],True,0.0,0.0,0.0,0.0,0.0,[]
DS1000,DS0049,"
import pandas as pd
import numpy as np
df, section_left, section_right = test_input
result = df.loc[~df['value'].isin([4, 38])]
result.loc['X'] = df.loc[df['value'].isin([4, 38])]['value'].mean()
","def g(df, section_left, section_right):
    return (df[lambda x: x['value'].between(section_left, section_right)]
            .append(df[lambda x: ~x['value'].between(section_left, section_right)].mean().rename('X')))

result = g(df.copy(),section_left, section_right)
",Failed: AttributeError: 'DataFrame' object has no attribute 'append',True,0.0,0.0,0.0,,,,[],True,0.0,0.0,[],True,0.0,0.0,0.0,0.0,0.0,[]
DS1000,DS0050,"
import pandas as pd
import numpy as np
df = test_input
result = df.assign(**{f'inv_{col}': 1 / df[col] for col in df.columns})
","def g(df):
    return df.join(df.apply(lambda x: 1/x).add_prefix('inv_'))

result = g(df.copy())
",Passed,True,0.0,0.0,0.0,,,,[],True,0.0,0.0,[],True,0.0,0.0,0.0,0.0,0.0,[]
DS1000,DS0051,"
import pandas as pd
import numpy as np
df = test_input
result = df.assign(**{f'exp_{col}': np.exp(df[col]) for col in df.columns})
","import math
def g(df):
    return df.join(df.apply(lambda x: math.e**x).add_prefix('exp_'))

result = g(df.copy())
",Passed,True,0.0,0.0,0.0,,,,[],True,0.0,0.0,[],True,0.0,0.0,0.0,0.0,0.0,[]
DS1000,DS0052,"
import pandas as pd
import numpy as np
df = test_input
result = df.assign(**{f'inv_{col}': 1 / df[col] for col in df.columns})
","import math
def g(df):
    return df.join(df.apply(lambda x: 1/x).add_prefix('inv_')).replace(math.inf, 0)

result = g(df.copy())
",Passed,True,0.0,0.0,0.0,,,,[],True,0.0,0.0,[],True,0.0,0.0,0.0,0.0,0.0,[]
DS1000,DS0053,"
import pandas as pd
import numpy as np
df = test_input
result = df.assign(**{f'sigmoid_{col}': np.exp(-col) / (1 + np.exp(-col)) for col in df.columns})
","import math
def g(df):
    return df.join(df.apply(lambda x: 1/(1+math.e**(-x))).add_prefix('sigmoid_'))

result = g(df.copy())
",Failed: TypeError: bad operand type for unary -: 'str',True,0.0,0.0,0.0,,,,[],True,0.0,0.0,[],True,0.0,0.0,0.0,0.0,0.0,[]
DS1000,DS0054,"
import pandas as pd
import numpy as np
df = test_input
result = df.idxmax()[df.idxmin():]
","def g(df):
    return df.mask((df == df.min()).cumsum().astype(bool))[::-1].idxmax()

result = g(df.copy())
","Failed: InvalidIndexError: a   2017-01-08
b   2017-01-05
c   2017-01-05
dtype: datetime64[ns]",True,0.0,0.0,0.0,,,,[],True,0.0,0.0,[],True,0.0,0.0,0.0,0.0,0.0,[]
DS1000,DS0055,"
import pandas as pd
import numpy as np
df = test_input
result = df.idxmax().shift(1).fillna(df.idxmin())
","def g(df):
    return df.mask(~(df == df.min()).cumsum().astype(bool)).idxmax()

result = g(df.copy())
",Failed: Logic Error (Assertion failed),True,0.0,0.0,0.0,,,,[],True,0.0,0.0,[],True,0.0,0.0,0.0,0.0,0.0,[]
DS1000,DS0056,"
import pandas as pd
import numpy as np
df = test_input
result = df.set_index('dt').reindex(pd.date_range(df['dt'].min(), df['dt'].max())).reset_index().fillna(0)
","def g(df):
    df.dt = pd.to_datetime(df.dt)
    return df.set_index(['dt', 'user']).unstack(fill_value=0).asfreq('D', fill_value=0).stack().sort_index(level=1).reset_index()

result = g(df.copy())
",Failed: Logic Error (Assertion failed),True,0.0,0.0,0.0,,,,[],True,0.0,0.0,[],True,0.0,0.0,0.0,0.0,0.0,[]
DS1000,DS0057,"
import pandas as pd
import numpy as np
df = test_input
result = df.set_index(['user', 'dt']).reindex(pd.date_range(df['dt'].min(), df['dt'].max())).reset_index().fillna(0)
","def g(df):
    return df.set_index(['dt', 'user']).unstack(fill_value=0).asfreq('D', fill_value=0).stack().sort_index(level=1).reset_index()

result = g(df.copy())
",Failed: ValueError: cannot include dtype 'M' in a buffer,True,0.0,0.0,0.0,,,,[],True,0.0,0.0,[],True,0.0,0.0,0.0,0.0,0.0,[]
DS1000,DS0058,"
import pandas as pd
import numpy as np
df = test_input
result = df.set_index('dt').reindex(pd.date_range(df['dt'].min(), df['dt'].max())).reset_index().fillna(233)
","def g(df):
    df.dt = pd.to_datetime(df.dt)
    return df.set_index(['dt', 'user']).unstack(fill_value=233).asfreq('D', fill_value=233).stack().sort_index(level=1).reset_index()

result = g(df.copy())
",Failed: Logic Error (Assertion failed),True,0.0,0.0,0.0,,,,[],True,0.0,0.0,[],True,0.0,0.0,0.0,0.0,0.0,[]
DS1000,DS0059,"
import pandas as pd
import numpy as np
df = test_input
result = df.set_index('dt').groupby('user')['val'].transform(lambda x: pd.date_range(x.min(), x.max())).reset_index(name='dt')
result['val'] = result.groupby('user')['val'].transform('max')
","def g(df):
    df.dt = pd.to_datetime(df.dt)
    result = df.set_index(['dt', 'user']).unstack(fill_value=-11414).asfreq('D', fill_value=-11414)
    for col in result.columns:
        Max = result[col].max()
        for idx in result.index:
            if result.loc[idx, col] == -11414:
                result.loc[idx, col] = Max
    return result.stack().sort_index(level=1).reset_index()

result = g(df.copy())
",Failed: ValueError: Length of values (1) does not match length of index (2),True,0.0,0.0,0.0,,,,[],True,0.0,0.0,[],True,0.0,0.0,0.0,0.0,0.0,[]
DS1000,DS0060,"
import pandas as pd
import numpy as np
df = test_input
result = df.set_index('dt').groupby('user')['val'].max().reset_index(name='val').sort_values('dt').reindex(pd.date_range(start=df['dt'].min(), end=df['dt'].max())).fillna(method='ffill')
","def g(df):
    df.dt = pd.to_datetime(df.dt)
    result = df.set_index(['dt', 'user']).unstack(fill_value=-11414).asfreq('D', fill_value=-11414)
    for col in result.columns:
        Max = result[col].max()
        for idx in result.index:
            if result.loc[idx, col] == -11414:
                result.loc[idx, col] = Max
    result = result.stack().sort_index(level=1).reset_index()
    result['dt'] = result['dt'].dt.strftime('%d-%b-%Y')
    return result

result = g(df.copy())
",Failed: KeyError: 'dt',True,0.0,0.0,0.0,,,,[],True,0.0,0.0,[],True,0.0,0.0,0.0,0.0,0.0,[]
DS1000,DS0061,"
import pandas as pd
import numpy as np
df = test_input
result = df.groupby('name').cumcount() + 1
","def g(df):
    F = {}
    cnt = 0
    for i in range(len(df)):
        if df['name'].iloc[i] not in F.keys():
            cnt += 1
            F[df['name'].iloc[i]] = cnt
        df.loc[i,'name'] = F[df.loc[i,'name']]
    return df

result = g(df.copy())
",Failed: Logic Error (Assertion failed),True,0.0,0.0,0.0,,,,[],True,0.0,0.0,[],True,0.0,0.0,0.0,0.0,0.0,[]
DS1000,DS0062,"
import pandas as pd
import numpy as np
df = test_input
result = df.assign(a=df.groupby('name')['a'].rank(method='first'))
","def g(df):
    F = {}
    cnt = 0
    for i in range(len(df)):
        if df['a'].iloc[i] not in F.keys():
            cnt += 1
            F[df['a'].iloc[i]] = cnt
        df.loc[i, 'a'] = F[df.loc[i, 'a']]
    return df

result = g(df.copy())
",Failed: Logic Error (Assertion failed),True,0.0,0.0,0.0,,,,[],True,0.0,0.0,[],True,0.0,0.0,0.0,0.0,0.0,[]
DS1000,DS0063,"
import pandas as pd
import numpy as np
def f(df):
df['name'] = df.groupby('name')['name'].rank(method='first').astype(int)
df = test_input
result = f(df)
","    F = {}
    cnt = 0
    for i in range(len(df)):
        if df['name'].iloc[i] not in F.keys():
            cnt += 1
            F[df['name'].iloc[i]] = cnt
        df.loc[i,'name'] = F[df.loc[i,'name']]
    result = df

    return result
","Failed: IndentationError: expected an indented block after function definition on line 4 (<string>, line 5)",False,0.0,1.0,0.0,IndentationError,5.0,"expected an indented block after function definition on line 4 (<unknown>, line 5)",[],False,0.0,0.0,[],False,0.0,0.0,0.0,0.0,0.0,[]
DS1000,DS0064,"
import pandas as pd
import numpy as np
df = test_input
result = df.groupby(['name', 'a']).transform('first')
","def g(df):
    df['ID'] = df[""name""].map(str) +""-""+ df[""a""].map(str)
    cnt = 0
    F = {}
    for i in range(len(df)):
        if df['ID'].iloc[i] not in F.keys():
            cnt += 1
            F[df['ID'].iloc[i]] = cnt
        df.loc[i,'ID'] = F[df.loc[i,'ID']]
    del df['name']
    del df['a']
    df = df[['ID', 'b', 'c']]
    return df

result = g(df.copy())
",Failed: Logic Error (Assertion failed),True,0.0,0.0,0.0,,,,[],True,0.0,0.0,[],True,0.0,0.0,0.0,0.0,0.0,[]
DS1000,DS0065,"
import pandas as pd
import numpy as np
df = test_input
import pandas as pd
import numpy as np

# Assuming test_input is already defined and loaded into df
df = test_input

# Pivot the DataFrame to create the desired structure
result = df.melt(id_vars=['user', 'someBool'], var_name='date', value_name='value')
result = df
","def g(df):
    df = df.set_index(['user','someBool']).stack().reset_index(name='value').rename(columns={'level_2':'date'})
    return df[['user', 'date', 'value', 'someBool']]

df = g(df.copy())",Failed: Logic Error (Assertion failed),True,0.0,0.0,0.0,,,,[],True,0.0,0.0,[],True,0.0,0.0,0.0,0.0,0.0,[]
DS1000,DS0066,"
import pandas as pd
import numpy as np
df = test_input
import pandas as pd
import numpy as np

# Assuming test_input is already defined as per the task description
df = test_input

# Pivot the DataFrame to achieve the desired structure
result = df.melt(id_vars=['user'], var_name='others', value_name='value')
result = df
","def g(df):
    return df.set_index(['user','01/12/15']).stack().reset_index(name='value').rename(columns={'level_2':'others'})

df = g(df.copy())
",Failed: Logic Error (Assertion failed),True,0.0,0.0,0.0,,,,[],True,0.0,0.0,[],True,0.0,0.0,0.0,0.0,0.0,[]
DS1000,DS0067,"
import pandas as pd
import numpy as np
df = test_input
import pandas as pd
import numpy as np

# Assuming test_input is already defined and loaded into df
df = test_input

# Pivot the DataFrame to create the desired structure
result = df.melt(id_vars=['user', 'someBool'], var_name='date', value_name='value')
result = df
","def g(df):
    df = df.set_index(['user','someBool']).stack().reset_index(name='value').rename(columns={'level_2':'date'})
    return df[['user', 'date', 'value', 'someBool']]
df = g(df.copy())
",Failed: Logic Error (Assertion failed),True,0.0,0.0,0.0,,,,[],True,0.0,0.0,[],True,0.0,0.0,0.0,0.0,0.0,[]
DS1000,DS0068,"
import pandas as pd
import numpy as np
df, columns = test_input
result = df[(df['c'] > 0.5) & (df.columns.isin(['b', 'e']))].values
","def g(df, columns):
    return df.loc[df['c']>0.5,columns]

result = g(df.copy(), columns)
","Failed: ValueError: operands could not be broadcast together with shapes (4,) (5,) ",True,0.0,0.0,0.0,,,,[],True,0.0,0.0,[],True,0.0,0.0,0.0,0.0,0.0,[]
DS1000,DS0069,"
import pandas as pd
import numpy as np
df, columns = test_input
result = df[(df['c'] > 0.45) & (df.columns.isin(['a', 'b', 'e']))]
","result = df.loc[df['c']>0.45,columns]
","Failed: ValueError: operands could not be broadcast together with shapes (4,) (5,) ",True,0.0,0.0,0.0,,,,[],True,0.0,0.0,[],True,0.0,0.0,0.0,0.0,0.0,[]
DS1000,DS0070,"
import pandas as pd
import numpy as np
def f(df, columns):
result = df[df['c'] > 0.5][['b', 'e']]
df, columns = test_input
result = f(df, columns)
","    result = df.loc[df['c']>0.5,columns].to_numpy()

    return result
","Failed: IndentationError: expected an indented block after function definition on line 4 (<string>, line 5)",False,0.0,1.0,0.0,IndentationError,5.0,"expected an indented block after function definition on line 4 (<unknown>, line 5)",[],False,0.0,0.0,[],False,0.0,0.0,0.0,0.0,0.0,[]
DS1000,DS0071,"
import pandas as pd
import numpy as np
def f(df, columns):
result = df[df['c'] > 0.5][['b', 'e']].assign(sum=df['b'] + df['e'])
df, columns = test_input
result = f(df, columns)
","    ans = df[df.c > 0.5][columns]
    ans['sum'] = ans.sum(axis=1)
    result = ans

    return result
","Failed: IndentationError: expected an indented block after function definition on line 4 (<string>, line 5)",False,0.0,1.0,0.0,IndentationError,5.0,"expected an indented block after function definition on line 4 (<unknown>, line 5)",[],False,0.0,0.0,[],False,0.0,0.0,0.0,0.0,0.0,[]
DS1000,DS0072,"
import pandas as pd
import numpy as np
def f(df, columns):
result = df[df['c'] > 0.5][['b', 'e']]
df, columns = test_input
result = f(df, columns)
","    result = df.loc[df['c']>0.5,columns]

    return result
","Failed: IndentationError: expected an indented block after function definition on line 4 (<string>, line 5)",False,0.0,1.0,0.0,IndentationError,5.0,"expected an indented block after function definition on line 4 (<unknown>, line 5)",[],False,0.0,0.0,[],False,0.0,0.0,0.0,0.0,0.0,[]
DS1000,DS0073,"
import pandas as pd
import numpy as np
df, X = test_input
result = df[~df.index.isin(df[df['date'].diff().abs() < X].index)]
","def g(df, X):
    t = df['date']
    df['date'] = pd.to_datetime(df['date'])
    filter_ids = [0]
    last_day = df.loc[0, ""date""]
    for index, row in df[1:].iterrows():
        if (row[""date""] - last_day).days > X:
            filter_ids.append(index)
            last_day = row[""date""]
    df['date'] = t
    return df.loc[filter_ids, :]

result = g(df.copy(), X)
",Failed: TypeError: unsupported operand type(s) for -: 'str' and 'str',True,0.0,0.0,0.0,,,,[],True,0.0,0.0,[],True,0.0,0.0,0.0,0.0,0.0,[]
DS1000,DS0074,"
import pandas as pd
import numpy as np
df, X = test_input
result = df[~df.index.isin(df[df['date'].dt.to_period('W') - df['date'].dt.to_period('W').shift(-X).dropna().dt.to_period('W')].index)]
","def g(df, X):
    t = df['date']
    df['date'] = pd.to_datetime(df['date'])
    X *= 7
    filter_ids = [0]
    last_day = df.loc[0, ""date""]
    for index, row in df[1:].iterrows():
        if (row[""date""] - last_day).days > X:
            filter_ids.append(index)
            last_day = row[""date""]
    df['date'] = t
    return df.loc[filter_ids, :]

result = g(df.copy(), X)
",Failed: AttributeError: Can only use .dt accessor with datetimelike values,True,0.0,0.0,0.0,,,,[],True,0.0,0.0,[],True,0.0,0.0,0.0,0.0,0.0,[]
DS1000,DS0075,"
import pandas as pd
import numpy as np
df, X = test_input
import pandas as pd
import numpy as np

# Assuming test_input is already defined and contains df and X
df, X = test_input

# Convert 'date' column to datetime
df['date'] = pd.to_datetime(df['date'])

# Create a new DataFrame to store the filtered results
result = pd.DataFrame(columns=df.columns)

# Iterate over each row in the original DataFrame
for index, row in df.iterrows():
    # Calculate the start date for the window
    start_date = row['date'] - pd.Timedelta(weeks=X)
    
    # Filter the DataFrame to include only rows within the window
    filtered_df = df[(df['date'] >= start_date) & (df['date'] <= row['date'])]
    
    # If the current row is not in the filtered DataFrame, add it to the result
    if not filtered_df.empty and filtered_df.index.get_loc(index) == 0:
        result = result.append(row)

# Convert 'date' column back to string format
result['date'] = result['date'].dt.strftime('%d-%b-%Y')

# Sort the result by date
result.sort_values(by='date', inplace=True)

# Reset the index
result.reset_index(drop=True, inplace=True)

# Rename columns to match the desired output
result.columns = ['ID', 'date', 'close']
","def g(df, X):
    df['date'] = pd.to_datetime(df['date'])
    X *= 7
    filter_ids = [0]
    last_day = df.loc[0, ""date""]
    for index, row in df[1:].iterrows():
        if (row[""date""] - last_day).days > X:
            filter_ids.append(index)
            last_day = row[""date""]
    df['date'] = df['date'].dt.strftime('%d-%b-%Y')
    return df.loc[filter_ids, :]

result = g(df.copy(), X)
",Failed: AttributeError: 'DataFrame' object has no attribute 'append',True,0.0,0.0,0.0,,,,[],True,0.0,0.0,[],True,0.0,0.0,1.0,0.0,1.0,"[{'type': 'type_error', 'function': 'Timedelta', 'invalid_arg': 'weeks', 'line': 20}]"
DS1000,DS0076,"
import pandas as pd
import numpy as np
df = test_input
result = df.groupby(np.arange(len(df)) // 3).mean()
","def g(df):
    return df.groupby(df.index // 3).mean()

result = g(df.copy())
",Passed,True,0.0,0.0,0.0,,,,[],True,0.0,0.0,[],True,0.0,0.0,0.0,0.0,0.0,[]
DS1000,DS0077,"
import pandas as pd
import numpy as np
df = test_input
result = df.groupby(np.arange(len(df)) // 3).mean().reset_index(drop=True)
","def g(df):
    return df.groupby(df.index // 3).mean()

result = g(df.copy())
",Passed,True,0.0,0.0,0.0,,,,[],True,0.0,0.0,[],True,0.0,0.0,0.0,0.0,0.0,[]
DS1000,DS0078,"
import pandas as pd
import numpy as np
df = test_input
result = df.groupby(np.arange(len(df)) // 4).sum()
","def g(df):
    return df.groupby(df.index // 4).sum()

result = g(df.copy())
",Passed,True,0.0,0.0,0.0,,,,[],True,0.0,0.0,[],True,0.0,0.0,0.0,0.0,0.0,[]
DS1000,DS0079,"
import pandas as pd
import numpy as np
df = test_input
result = df.iloc[::-1].groupby(np.arange(len(df)) // 3).mean().reset_index(drop=True)
","def g(df):
    return df.groupby((df.index+(-df.size % 3)) // 3).mean()

result = g(df.copy())
",Failed: Logic Error (Assertion failed),True,0.0,0.0,0.0,,,,[],True,0.0,0.0,[],True,0.0,0.0,0.0,0.0,0.0,[]
DS1000,DS0080,"
import pandas as pd
import numpy as np
df = test_input
result = df.groupby(np.arange(len(df)) // 3).agg({'col1': ['sum', 'mean']}).stack().reset_index(level=1, drop=True)
","def g(df):
    l = []
    for i in range(2*(len(df) // 5) + (len(df) % 5) // 3 + 1):
        l.append(0)
    for i in range(len(df)):
        idx = 2*(i // 5) + (i % 5) // 3
        if i % 5 < 3:
            l[idx] += df['col1'].iloc[i]
        elif i % 5 == 3:
            l[idx] = df['col1'].iloc[i]
        else:
            l[idx] = (l[idx] + df['col1'].iloc[i]) / 2
    return pd.DataFrame({'col1': l})

result = g(df.copy())
",Failed: Logic Error (Assertion failed),True,0.0,0.0,0.0,,,,[],True,0.0,0.0,[],True,0.0,0.0,0.0,0.0,0.0,[]
DS1000,DS0081,"
import pandas as pd
import numpy as np
df = test_input
result = df.groupby(df.index // 3).agg({'col1': ['sum', 'mean']}).stack().reset_index(level=1, drop=True)
","def g(df):
    l = []
    for i in range(2*(len(df) // 5) + (len(df) % 5) // 3 + 1):
        l.append(0)
    for i in reversed(range(len(df))):
        idx = 2*((len(df)-1-i) // 5) + ((len(df)-1-i) % 5) // 3
        if (len(df)-1-i) % 5 < 3:
            l[idx] += df['col1'].iloc[i]
        elif (len(df)-1-i) % 5 == 3:
            l[idx] = df['col1'].iloc[i]
        else:
            l[idx] = (l[idx] + df['col1'].iloc[i]) / 2
    return pd.DataFrame({'col1': l})

result = g(df.copy())
",Failed: Logic Error (Assertion failed),True,0.0,0.0,0.0,,,,[],True,0.0,0.0,[],True,0.0,0.0,0.0,0.0,0.0,[]
DS1000,DS0082,"
import pandas as pd
import numpy as np
df = test_input
df['A'] = df['A'].fillna(method='ffill')
result = df
","def g(df):
    df['A'].replace(to_replace=0, method='ffill', inplace=True)
    return df

df = g(df.copy())
",Failed: Logic Error (Assertion failed),True,0.0,0.0,0.0,,,,[],True,0.0,0.0,[],True,0.0,0.0,0.0,0.0,0.0,[]
DS1000,DS0083,"
import pandas as pd
import numpy as np
df = test_input
df['A'] = df['A'].fillna(method='ffill')
result = df
","def g(df):
    df['A'].replace(to_replace=0, method='bfill', inplace=True)
    return df

df = g(df.copy())
",Failed: Logic Error (Assertion failed),True,0.0,0.0,0.0,,,,[],True,0.0,0.0,[],True,0.0,0.0,0.0,0.0,0.0,[]
DS1000,DS0084,"
import pandas as pd
import numpy as np
df = test_input
result = df.where(df != 0).ffill().bfill()
result = df
","def g(df):
    l = df['A'].replace(to_replace=0, method='ffill')
    r = df['A'].replace(to_replace=0, method='bfill')
    for i in range(len(df)):
        df['A'].iloc[i] = max(l[i], r[i])
    return df

df = g(df.copy())
",Failed: Logic Error (Assertion failed),True,0.0,0.0,0.0,,,,[],True,0.0,0.0,[],True,0.0,0.0,0.0,0.0,0.0,[]
DS1000,DS0085,"
import pandas as pd
import numpy as np
df = test_input
import pandas as pd
import numpy as np

df = test_input

# Extract numbers and times
df['number'] = df['duration'].str.extract(r'(\d+)').astype(int)
df['time'] = df['duration'].str.extract(r'([a-zA-Z]+)').str.lower()

# Convert time units to days
time_to_days = {'year': 365, 'month': 30, 'week': 7, 'day': 1}
df['time_days'] = df['time'].map(time_to_days)

result = df
result = df
","def g(df):
    df[['number','time']] = df.duration.str.extract(r'(\d+)\s*(.*)', expand=True)
    df['time_days'] = df['time'].replace(['year', 'month', 'week', 'day'], [365, 30, 7, 1], regex=True)
    return df

df = g(df.copy())
",Failed: AttributeError: 'DataFrame' object has no attribute 'str',True,0.0,0.0,0.0,,,,[],True,0.0,0.0,[],True,0.0,0.0,0.0,0.0,0.0,[]
DS1000,DS0086,"
import pandas as pd
import numpy as np
df = test_input
import pandas as pd
import numpy as np

df = test_input

# Extract numbers and time components
df['number'] = df['duration'].str.extract(r'(\d+)')
df['time'] = df['duration'].str.extract(r'(\w+)')

# Create time_day column based on time component
time_day_map = {'year': 365, 'month': 30, 'week': 7, 'day': 1}
df['time_day'] = df['time'].map(time_day_map)

result = df
result = df
","def g(df):
    df[['time', 'number']] = df.duration.str.extract(r'\s*(.*)(\d+)', expand=True)
    for i in df.index:
        df.loc[i, 'time'] = df.loc[i, 'time'].strip()
    df['time_days'] = df['time'].replace(['year', 'month', 'week', 'day'], [365, 30, 7, 1], regex=True)
    return df

df = g(df.copy())
",Failed: Logic Error (Assertion failed),True,0.0,0.0,0.0,,,,[],True,0.0,0.0,[],True,0.0,0.0,0.0,0.0,0.0,[]
DS1000,DS0087,"
import pandas as pd
import numpy as np
def f(df):
import pandas as pd

def f(df):
    df['number'] = df['duration'].str.extract('(\d+)').astype(int)
    df['time'] = df['duration'].str.extract('(year|day|week|month)').str.lower()
    df['time_days'] = df['time'].map({'year': 365, 'day': 1, 'week': 7, 'month': 30})
    return df

test_input = pd.DataFrame({
    'index': [1, 2, 3, 4],
    'duration': ['7 year', '2day', '4 week', '8 month']
})

result = f(test_input)
print(result)
df = test_input
result = f(df)
","    df[['number','time']] = df.duration.str.extract(r'(\d+)\s*(.*)', expand=True)
    df['time_days'] = df['time'].replace(['year', 'month', 'week', 'day'], [365, 30, 7, 1], regex=True)
    result = df

    return result
","Failed: IndentationError: expected an indented block after function definition on line 4 (<string>, line 5)",False,0.0,1.0,0.0,IndentationError,5.0,"expected an indented block after function definition on line 4 (<unknown>, line 5)",[],False,0.0,0.0,[],False,0.0,0.0,0.0,0.0,0.0,[]
DS1000,DS0088,"
import pandas as pd
import numpy as np
df = test_input
import pandas as pd
import numpy as np

df = pd.DataFrame({
    'duration': ['year 7', 'day2', 'week 4', 'month 8']
})

# Extract numbers and times into separate columns
df[['number', 'time']] = df['duration'].str.extract(r'(\d+)(\w+)')

# Create the 'time_day' column based on the extracted time
time_days = {
    'year': 365,
    'month': 30,
    'week': 7,
    'day': 1
}
df['time_day'] = df['time'].map(time_days)

# Multiply the 'time_day' by the 'number'
df['time_day'] *= df['number']

# Assign the result to the 'result' variable
result = df
result = df
","def g(df):
    df[['time', 'number']] = df.duration.str.extract(r'\s*(.*)(\d+)', expand=True)
    for i in df.index:
        df.loc[i, 'time'] = df.loc[i, 'time'].strip()
        df.loc[i, 'number'] = eval(df.loc[i,'number'])
    df['time_days'] = df['time'].replace(['year', 'month', 'week', 'day'], [365, 30, 7, 1], regex=True)
    df['time_days'] *= df['number']
    return df

df = g(df.copy())
",Failed: Logic Error (Assertion failed),True,0.0,0.0,0.0,,,,[],True,0.0,0.0,[],True,0.0,0.0,0.0,0.0,0.0,[]
DS1000,DS0089,"
import pandas as pd
import numpy as np
df1, df2, columns_check_list = test_input
result = np.where(np.all(df1[columns_check_list] == df2[columns_check_list], axis=1), False, True)
","def g(df1, df2, columns_check_list):
    mask= (df1[columns_check_list] != df2[columns_check_list]).any(axis=1).values
    return mask

result = g(df1, df2, columns_check_list)
",Passed,True,0.0,0.0,0.0,,,,[],True,0.0,0.0,[],True,0.0,0.0,0.0,0.0,0.0,[]
DS1000,DS0090,"
import pandas as pd
import numpy as np
df1, df2, columns_check_list = test_input
result = np.all(df1[columns_check_list] == df2[columns_check_list], axis=1)
","def g(df1, df2, columns_check_list):
    mask= (df1[columns_check_list] == df2[columns_check_list]).any(axis=1).values
    return mask

result = g(df1, df2, columns_check_list)
",Failed: Logic Error (Assertion failed),True,0.0,0.0,0.0,,,,[],True,0.0,0.0,[],True,0.0,0.0,0.0,0.0,0.0,[]
DS1000,DS0091,"
import pandas as pd
import numpy as np
df = test_input
df.index.set_levels(pd.to_datetime(df.index.levels[1]), level=1)
result = df
","def g(df):
    df.index = df.index.set_levels([df.index.levels[0], pd.to_datetime(df.index.levels[1])])
    return df

df = g(df.copy())
",Failed: Logic Error (Assertion failed),True,0.0,0.0,0.0,,,,[],True,0.0,0.0,[],True,0.0,0.0,0.0,0.0,0.0,[]
DS1000,DS0092,"
import pandas as pd
import numpy as np
df = test_input
df.index.set_levels(pd.to_datetime(df.index.levels[1]), level=1)
result = df
","def g(df):
    df.index = df.index.set_levels([df.index.levels[0], pd.to_datetime(df.index.levels[1])])
    return df

df = g(df.copy())
",Failed: Logic Error (Assertion failed),True,0.0,0.0,0.0,,,,[],True,0.0,0.0,[],True,0.0,0.0,0.0,0.0,0.0,[]
DS1000,DS0093,"
import pandas as pd
import numpy as np
def f(df):
import pandas as pd
import numpy as np

def f(df):
    # Convert the 'date' column to datetime
    df.index = pd.to_datetime(df.index.get_level_values(1))
    
    # Extract the date, x, and y columns into a NumPy array
    result = np.array(df[['date', 'x', 'y']].values)
    
    return result

# Example usage
test_input = pd.DataFrame({
    ('abc', '3/1/1994'): [100, 7],
    ('abc', '9/1/1994'): [90, 8],
    ('abc', '3/1/1995'): [80, 9]
}, index=pd.MultiIndex.from_tuples([('abc', '3/1/1994'), ('abc', '9/1/1994'), ('abc', '3/1/1995')], names=['id', 'date']))

result = f(test_input)
print(result)
df = test_input
result = f(df)
","    df.index = df.index.set_levels([df.index.levels[0], pd.to_datetime(df.index.levels[1])])
    df['date'] = sorted(df.index.levels[1].to_numpy())
    df=df[['date', 'x', 'y']]
    df = df.to_numpy()

    return df
","Failed: IndentationError: expected an indented block after function definition on line 4 (<string>, line 5)",False,0.0,1.0,0.0,IndentationError,5.0,"expected an indented block after function definition on line 4 (<unknown>, line 5)",[],False,0.0,0.0,[],False,0.0,0.0,0.0,0.0,0.0,[]
DS1000,DS0094,"
import pandas as pd
import numpy as np
def f(df):
df.index = pd.to_datetime(df.index.get_level_values(0))
df = df.swaplevel(0, 1)
df = test_input
result = f(df)
","    df.index = df.index.from_tuples([(x[1], pd.to_datetime(x[0])) for x in df.index.values], names = [df.index.names[1], df.index.names[0]])

    return df
","Failed: IndentationError: expected an indented block after function definition on line 4 (<string>, line 5)",False,0.0,1.0,0.0,IndentationError,5.0,"expected an indented block after function definition on line 4 (<unknown>, line 5)",[],False,0.0,0.0,[],False,0.0,0.0,0.0,0.0,0.0,[]
DS1000,DS0095,"
import pandas as pd
import numpy as np
df = test_input
result = df.melt(id_vars=['Country'], value_vars=['Variable 2000', 'Variable 2001', 'Variable 2002', 'Variable 2003', 'Variable 2004', 'Variable 2005'], var_name='year', value_name='var1')
result = df
","def g(df):
    return df.set_index(['Country', 'Variable']).rename_axis(['year'], axis=1).stack().unstack('Variable').reset_index()

df = g(df.copy())
","Failed: KeyError: ""The following id_vars or value_vars are not present in the DataFrame: ['Variable 2000', 'Variable 2001', 'Variable 2002', 'Variable 2003', 'Variable 2004', 'Variable 2005']""",True,0.0,0.0,0.0,,,,[],True,0.0,0.0,[],True,0.0,0.0,0.0,0.0,0.0,[]
DS1000,DS0096,"
import pandas as pd
import numpy as np
df = test_input
result = df.melt(id_vars=['Country'], value_vars=['Variable 2000', 'Variable 2001', 'Variable 2002', 'Variable 2003', 'Variable 2004', 'Variable 2005'], var_name='year', value_name='var1')
result['year'] = result['year'].astype(int)
result = result.sort_values(by=['Country', 'year'], ascending=[True, False])
result = df
","def g(df):
    cols = list(df)[:2]+list(df)[-1:1:-1]
    df = df.loc[:, cols]
    return df.set_index(['Country', 'Variable']).rename_axis(['year'], axis=1).stack().unstack('Variable').reset_index()

df = g(df.copy())
","Failed: KeyError: ""The following id_vars or value_vars are not present in the DataFrame: ['Variable 2000', 'Variable 2001', 'Variable 2002', 'Variable 2003', 'Variable 2004', 'Variable 2005']""",True,0.0,0.0,0.0,,,,[],True,0.0,0.0,[],True,0.0,0.0,0.0,0.0,0.0,[]
DS1000,DS0097,"
import pandas as pd
import numpy as np
df = test_input
result = df[np.abs(df.filter(like='Value').values) < 1]
result = df
","def g(df):
    mask = (df.filter(like='Value').abs() < 1).all(axis=1)
    return df[mask]

df = g(df.copy())
",Failed: Logic Error (Assertion failed),True,0.0,0.0,0.0,,,,[],True,0.0,0.0,[],True,0.0,0.0,0.0,0.0,0.0,[]
DS1000,DS0098,"
import pandas as pd
import numpy as np
df = test_input
result = df[np.abs(df.filter(like='Value').values) > 1]
result = df
","def g(df):
    mask = (df.filter(like='Value').abs() > 1).any(axis=1)
    return df[mask]

df = g(df.copy())
",Failed: Logic Error (Assertion failed),True,0.0,0.0,0.0,,,,[],True,0.0,0.0,[],True,0.0,0.0,0.0,0.0,0.0,[]
DS1000,DS0099,"
import pandas as pd
import numpy as np
df = test_input
result = df[df.apply(lambda row: any(abs(row[col]) > 1 for col in row if col.startswith('Value_'))].drop(columns=[col for col in df.columns if col.startswith('Value_')])
result = df
","def g(df):
    mask = (df.filter(like='Value').abs() > 1).any(axis=1)
    cols = {}
    for col in list(df.filter(like='Value')):
        cols[col]=col.replace(""Value_"","""")
    df.rename(columns=cols, inplace=True)
    return df[mask]

df = g(df.copy())
","Failed: SyntaxError: closing parenthesis ']' does not match opening parenthesis '(' (<string>, line 5)",False,1.0,0.0,0.0,SyntaxError,5.0,"closing parenthesis ']' does not match opening parenthesis '(' (<unknown>, line 5)",[],False,0.0,0.0,[],False,0.0,0.0,0.0,0.0,0.0,[]
DS1000,DS0100,"
import pandas as pd
import numpy as np
df = test_input
result = df.replace('&AMP;', '&')
result = df
","def g(df):
    return df.replace('&AMP;','&', regex=True)

df = g(df.copy())
",Failed: Logic Error (Assertion failed),True,0.0,0.0,0.0,,,,[],True,0.0,0.0,[],True,0.0,0.0,0.0,0.0,0.0,[]
DS1000,DS0101,"
import pandas as pd
import numpy as np
df = test_input
result = df.replace('&LT;', '<')
result = df
","def g(df):
    return df.replace('&LT;','<', regex=True)

df = g(df.copy())
",Failed: Logic Error (Assertion failed),True,0.0,0.0,0.0,,,,[],True,0.0,0.0,[],True,0.0,0.0,0.0,0.0,0.0,[]
DS1000,DS0102,"
import pandas as pd
import numpy as np
def f(df):
df.replace('&AMP;', '&', regex=True, inplace=True)
df = test_input
result = f(df)
","    result = df.replace('&AMP;','&', regex=True)

    return result
","Failed: IndentationError: expected an indented block after function definition on line 4 (<string>, line 5)",False,0.0,1.0,0.0,IndentationError,5.0,"expected an indented block after function definition on line 4 (<unknown>, line 5)",[],False,0.0,0.0,[],False,0.0,0.0,0.0,0.0,0.0,[]
DS1000,DS0103,"
import pandas as pd
import numpy as np
df = test_input
result = df.replace('&AMP;', '&', regex=True)
result = df
","def g(df):
    df.replace('&AMP;', '&', regex=True, inplace=True)
    df.replace('&LT;', '<', regex=True, inplace=True)
    df.replace('&GT;', '>', regex=True, inplace=True)
    return df

df = g(df.copy())
",Failed: Logic Error (Assertion failed),True,0.0,0.0,0.0,,,,[],True,0.0,0.0,[],True,0.0,0.0,0.0,0.0,0.0,[]
DS1000,DS0104,"
import pandas as pd
import numpy as np
df = test_input
result = df.replace('&AMP;', '&')
result = df
","def g(df):
    for i in df.index:
        for col in list(df):
            if type(df.loc[i, col]) == str:
                if '&AMP;' in df.loc[i, col]:
                    df.loc[i, col] = df.loc[i, col].replace('&AMP;', '&')
                    df.loc[i, col] = df.loc[i, col]+' = '+str(eval(df.loc[i, col]))
    df.replace('&AMP;', '&', regex=True)
    return df

df = g(df.copy())
",Failed: Logic Error (Assertion failed),True,0.0,0.0,0.0,,,,[],True,0.0,0.0,[],True,0.0,0.0,0.0,0.0,0.0,[]
DS1000,DS0105,"
import pandas as pd
import numpy as np
df = test_input
result = name_df['name'].str.split(' ', expand=True).iloc[:, :2].fillna('')
result = df
","def g(df):
    df.loc[df['name'].str.split().str.len() == 2, 'last_name'] = df['name'].str.split().str[-1]
    df.loc[df['name'].str.split().str.len() == 2, 'name'] = df['name'].str.split().str[0]
    df.rename(columns={'name': 'first_name'}, inplace=True)
    return df

df = g(df.copy())
",Failed: NameError: name 'name_df' is not defined,True,0.0,0.0,0.0,,,,[],True,0.0,0.0,[],True,0.0,0.0,0.0,0.0,0.0,[]
DS1000,DS0106,"
import pandas as pd
import numpy as np
df = test_input
result = name_df[name_df['name'].str.contains(' ')]
result[['1_name', '2_name']] = result['name'].str.split(' ', expand=True)
result = df
","def g(df):
    df.loc[df['name'].str.split().str.len() == 2, '2_name'] = df['name'].str.split().str[-1]
    df.loc[df['name'].str.split().str.len() == 2, 'name'] = df['name'].str.split().str[0]
    df.rename(columns={'name': '1_name'}, inplace=True)
    return df

df = g(df.copy())
",Failed: NameError: name 'name_df' is not defined,True,0.0,0.0,0.0,,,,[],True,0.0,0.0,[],True,0.0,0.0,0.0,0.0,0.0,[]
DS1000,DS0107,"
import pandas as pd
import numpy as np
df = test_input
result = name_df[name_df['name'].str.contains(' ')]
result = df
","def g(df):
    df.loc[df['name'].str.split().str.len() >= 3, 'middle_name'] = df['name'].str.split().str[1:-1]
    for i in range(len(df)):
        if len(df.loc[i, 'name'].split()) >= 3:
            l = df.loc[i, 'name'].split()[1:-1]
            s = l[0]
            for j in range(1,len(l)):
                s += ' '+l[j]
            df.loc[i, 'middle_name'] = s
    df.loc[df['name'].str.split().str.len() >= 2, 'last_name'] = df['name'].str.split().str[-1]
    df.loc[df['name'].str.split().str.len() >= 2, 'name'] = df['name'].str.split().str[0]
    df.rename(columns={'name': 'first name'}, inplace=True)
    return df

df = g(df.copy())
",Failed: NameError: name 'name_df' is not defined,True,0.0,0.0,0.0,,,,[],True,0.0,0.0,[],True,0.0,0.0,0.0,0.0,0.0,[]
DS1000,DS0108,"
import pandas as pd
import numpy as np
df1, df2 = test_input
result = df2.merge(df1, on='Timestamp', how='left')
","def g(df1, df2):
    return pd.merge_asof(df2, df1, on='Timestamp', direction='forward')

result = g(df1.copy(), df2.copy())
",Failed: Logic Error (Assertion failed),True,0.0,0.0,0.0,,,,[],True,0.0,0.0,[],True,0.0,0.0,0.0,0.0,0.0,[]
DS1000,DS0109,"
import pandas as pd
import numpy as np
df1, df2 = test_input
result = df1.merge(df2, on='Timestamp', how='left')
","def g(df1, df2):
    return pd.merge_asof(df1, df2, on='Timestamp', direction='forward')

result = g(df1.copy(), df2.copy())
",Failed: Logic Error (Assertion failed),True,0.0,0.0,0.0,,,,[],True,0.0,0.0,[],True,0.0,0.0,0.0,0.0,0.0,[]
DS1000,DS0110,"
import pandas as pd
df = test_input
result['state'] = df.apply(lambda row: row['col1'] if row['col2'] <= 50 and row['col3'] <= 50 else max(row['col1'], row['col2'], row['col3']), axis=1)
result = df
","import numpy as np
def g(df):
    df['state'] = np.where((df['col2'] <= 50) & (df['col3'] <= 50), df['col1'], df[['col1', 'col2', 'col3']].max(axis=1))
    return df

df = g(df.copy())
",Failed: NameError: name 'result' is not defined,True,0.0,0.0,0.0,,,,[],True,0.0,0.0,[],True,0.0,0.0,0.0,0.0,0.0,[]
DS1000,DS0111,"
import pandas as pd
df = test_input
result['state'] = df.apply(lambda row: row['col1'] if row['col2'] > 50 and row['col3'] > 50 else row['col1'] + row['col2'] + row['col3'], axis=1)
result = df
","import numpy as np
def g(df):
    df['state'] = np.where((df['col2'] > 50) & (df['col3'] > 50), df['col1'], df[['col1', 'col2', 'col3']].sum(axis=1))
    return df

df = g(df.copy())
",Failed: NameError: name 'result' is not defined,True,0.0,0.0,0.0,,,,[],True,0.0,0.0,[],True,0.0,0.0,0.0,0.0,0.0,[]
DS1000,DS0112,"
import pandas as pd
import numpy as np
df = test_input
result['Field1'] = df['Field1'].apply(lambda x: int(x) if x.is_integer() else x)
errors = df[df['Field1'].apply(lambda x: not x.is_integer())]['Field1'].tolist()
result['Error'] = errors
result = df
","def g(df):
    return df.loc[~df['Field1'].astype(str).str.isdigit(), 'Field1'].tolist()

df = g(df.copy())
",Failed: AttributeError: 'str' object has no attribute 'is_integer',True,0.0,0.0,0.0,,,,[],True,0.0,0.0,[],True,0.0,0.0,0.0,0.0,0.0,[]
DS1000,DS0113,"
import pandas as pd
import numpy as np
df = test_input
result = df['Field1'].apply(lambda x: int(x) if x.is_integer() else None).dropna().tolist()
result = df
","def g(df):
    return df.loc[df['Field1'].astype(str).str.isdigit(), 'Field1'].tolist()

df = g(df.copy())
",Failed: AttributeError: 'str' object has no attribute 'is_integer',True,0.0,0.0,0.0,,,,[],True,0.0,0.0,[],True,0.0,0.0,0.0,0.0,0.0,[]
DS1000,DS0114,"
import pandas as pd
import numpy as np
def f(df):
result = df.applymap(lambda x: x if isinstance(x, int) else ""and"")
df = test_input
result = f(df)
","    result = df.loc[~df['Field1'].astype(str).str.isdigit(), 'Field1'].tolist()

    return result
","Failed: IndentationError: expected an indented block after function definition on line 4 (<string>, line 5)",False,0.0,1.0,0.0,IndentationError,5.0,"expected an indented block after function definition on line 4 (<unknown>, line 5)",[],False,0.0,0.0,[],False,0.0,0.0,0.0,0.0,0.0,[]
DS1000,DS0115,"
import pandas as pd
import numpy as np
df = test_input
result['val1'] /= df['val1'].sum()
result['val2'] /= df['val2'].sum()
result['val3'] /= df['val3'].sum()
result['val4'] /= df['val4'].sum()
result = df
","def g(df):
    df = df.set_index('cat')
    res = df.div(df.sum(axis=1), axis=0)
    return res.reset_index()

df = g(df.copy())
",Failed: NameError: name 'result' is not defined,True,0.0,0.0,0.0,,,,[],True,0.0,0.0,[],True,0.0,0.0,0.0,0.0,0.0,[]
DS1000,DS0116,"
import pandas as pd
import numpy as np
df = test_input
result = df.apply(lambda x: x / x.sum(), axis=1)
result = df
","def g(df):
    df = df.set_index('cat')
    res = df.div(df.sum(axis=0), axis=1)
    return res.reset_index()

df = g(df.copy())
","Failed: TypeError: can only concatenate str (not ""int"") to str",True,0.0,0.0,0.0,,,,[],True,0.0,0.0,[],True,0.0,0.0,0.0,0.0,0.0,[]
DS1000,DS0117,"
import pandas as pd
import numpy as np
import io
df, test = test_input
result = df.loc[df['alleles'].isin(test)]
","def g(df, test):
    return df.loc[test]

result = g(df, test)
",Failed: Logic Error (Assertion failed),True,0.0,0.0,0.0,,,,[],True,0.0,0.0,[],True,0.0,0.0,0.0,0.0,0.0,[]
DS1000,DS0118,"
import pandas as pd
import numpy as np
import io
df, test = test_input
result = df.loc[df['alias'].isin(rows)]
","def g(df, test):
    return df.loc[test]

result = g(df, test)
",Failed: NameError: name 'rows' is not defined,True,0.0,0.0,0.0,,,,[],True,0.0,0.0,[],True,0.0,0.0,0.0,0.0,0.0,[]
DS1000,DS0119,"
import pandas as pd
import numpy as np
import io
df, test = test_input
result = df.drop(df.index[df['alleles'].isin(test)])
","result = df.drop(test, inplace = False)
",Failed: Logic Error (Assertion failed),True,0.0,0.0,0.0,,,,[],True,0.0,0.0,[],True,0.0,0.0,0.0,0.0,0.0,[]
DS1000,DS0120,"
import pandas as pd
import numpy as np
import io
df, test = test_input
def f(df, test):
result = df.loc[df.index.isin(test)]
result = f(df,test)
","    result = df.loc[df.index.isin(test)]

    return result
","Failed: IndentationError: expected an indented block after function definition on line 6 (<string>, line 7)",False,0.0,1.0,0.0,IndentationError,7.0,"expected an indented block after function definition on line 6 (<unknown>, line 7)",[],False,0.0,0.0,[],False,0.0,0.0,0.0,0.0,0.0,[]
DS1000,DS0121,"
import pandas as pd
import numpy as np
df = test_input
result = df.groupby('time').apply(lambda g: g.assign(
    nearest_neighbour=g['car'].apply(lambda car_id: g.loc[g['car'] == car_id].index[0]),
    euclidean_distance=np.sqrt((g['x'] - g['x'].iloc[0])**2 + (g['y'] - g['y'].iloc[0])**2)
)).reset_index(drop=True)
result = df
","import numpy as np
def g(df):
    time = df.time.tolist()
    car = df.car.tolist()
    nearest_neighbour = []
    euclidean_distance = []
    for i in range(len(df)):
        n = 0
        d = np.inf
        for j in range(len(df)):
            if df.loc[i, 'time'] == df.loc[j, 'time'] and df.loc[i, 'car'] != df.loc[j, 'car']:
                t = np.sqrt(((df.loc[i, 'x'] - df.loc[j, 'x'])**2) + ((df.loc[i, 'y'] - df.loc[j, 'y'])**2))
                if t < d:
                    d = t
                    n = df.loc[j, 'car']
        nearest_neighbour.append(n)
        euclidean_distance.append(d)
    return pd.DataFrame({'time': time, 'car': car, 'nearest_neighbour': nearest_neighbour, 'euclidean_distance': euclidean_distance})

df = g(df.copy())
",Failed: Logic Error (Assertion failed),True,0.0,0.0,0.0,,,,[],True,0.0,0.0,[],True,0.0,0.0,0.0,0.0,0.0,[]
DS1000,DS0122,"
import pandas as pd
import numpy as np
df = test_input
df['farmost_neighbour'] = df.groupby('time')['euclidean_distance'].transform(lambda x: x.idxmax())
result = df
","import numpy as np
def g(df):
    time = df.time.tolist()
    car = df.car.tolist()
    farmost_neighbour = []
    euclidean_distance = []
    for i in range(len(df)):
        n = 0
        d = 0
        for j in range(len(df)):
            if df.loc[i, 'time'] == df.loc[j, 'time'] and df.loc[i, 'car'] != df.loc[j, 'car']:
                t = np.sqrt(((df.loc[i, 'x'] - df.loc[j, 'x'])**2) + ((df.loc[i, 'y'] - df.loc[j, 'y'])**2))
                if t >= d:
                    d = t
                    n = df.loc[j, 'car']
        farmost_neighbour.append(n)
        euclidean_distance.append(d)
    return pd.DataFrame({'time': time, 'car': car, 'farmost_neighbour': farmost_neighbour, 'euclidean_distance': euclidean_distance})

df = g(df.copy())
",Failed: KeyError: 'Column not found: euclidean_distance',True,0.0,0.0,0.0,,,,[],True,0.0,0.0,[],True,0.0,0.0,0.0,0.0,0.0,[]
DS1000,DS0123,"
import pandas as pd
import numpy as np
df = test_input
result['keywords_all'] = df.dropna().apply(lambda row: ','.join(row), axis=1)
result = df
","import numpy as np
def g(df):
    df[""keywords_all""] = df.apply(lambda x: ','.join(x.dropna()), axis=1)
    return df

df = g(df.copy())
",Failed: NameError: name 'result' is not defined,True,0.0,0.0,0.0,,,,[],True,0.0,0.0,[],True,0.0,0.0,0.0,0.0,0.0,[]
DS1000,DS0124,"
import pandas as pd
import numpy as np
df = test_input
result['keywords_all'] = df.dropna().apply(lambda row: '-'.join(row), axis=1)
result = df
","import numpy as np
def g(df):
    df[""keywords_all""] = df.apply(lambda x: '-'.join(x.dropna()), axis=1)
    return df

df = g(df.copy())
",Failed: NameError: name 'result' is not defined,True,0.0,0.0,0.0,,,,[],True,0.0,0.0,[],True,0.0,0.0,0.0,0.0,0.0,[]
DS1000,DS0125,"
import pandas as pd
import numpy as np
df = test_input
result['keywords_all'] = df.dropna(axis=1).apply(lambda row: '-'.join(row), axis=1)
result = df
","import numpy as np
def g(df):
    df[""keywords_all""] = df.filter(like='keyword').apply(lambda x: '-'.join(x.dropna()), axis=1)
    return df

df = g(df.copy())
",Failed: NameError: name 'result' is not defined,True,0.0,0.0,0.0,,,,[],True,0.0,0.0,[],True,0.0,0.0,0.0,0.0,0.0,[]
DS1000,DS0126,"
import pandas as pd
import numpy as np
df = test_input
result['keywords_all'] = df.apply(lambda row: '-'.join(row.dropna()), axis=1)
result = df
","import numpy as np
def g(df):
    df[""keywords_all""] = df.filter(like='keyword').apply(lambda x: '-'.join(x.dropna()), axis=1)
    for i in range(len(df)):
        df.loc[i, ""keywords_all""] = df.loc[i, ""keywords_all""][::-1]
    return df

df = g(df.copy())
",Failed: NameError: name 'result' is not defined,True,0.0,0.0,0.0,,,,[],True,0.0,0.0,[],True,0.0,0.0,0.0,0.0,0.0,[]
DS1000,DS0127,"
import pandas as pd
import numpy as np
df = test_input
result = df.sample(frac=0.2, random_state=0)
result.loc[result.index, 'Quantity'] = 0
result = df
","def g(df):
    l = int(0.2 * len(df))
    dfupdate = df.sample(l, random_state=0)
    dfupdate.Quantity = 0
    df.update(dfupdate)
    return df

df = g(df.copy())
",Failed: Logic Error (Assertion failed),True,0.0,0.0,0.0,,,,[],True,0.0,0.0,[],True,0.0,0.0,0.0,0.0,0.0,[]
DS1000,DS0128,"
import pandas as pd
import numpy as np
df = test_input
result = df.sample(frac=0.2, random_state=0)
result.loc[result['ProductId'] != 0, 'ProductId'] = 0
result = df
","def g(df):
    l = int(0.2 * len(df))
    dfupdate = df.sample(l, random_state=0)
    dfupdate.ProductId = 0
    df.update(dfupdate)
    return df

df = g(df.copy())
",Failed: Logic Error (Assertion failed),True,0.0,0.0,0.0,,,,[],True,0.0,0.0,[],True,0.0,0.0,0.0,0.0,0.0,[]
DS1000,DS0129,"
import pandas as pd
import numpy as np
df = test_input
result = df.groupby('UserId').apply(lambda x: x.sample(frac=0.2, random_state=0)).reset_index(drop=True)
result.loc[result['Quantity'] > 0, 'Quantity'] = 0
result = df
","def g(df):
    for i in range(len(df)):
        tot = 0
        if i != 0:
            if df.loc[i, 'UserId'] == df.loc[i-1, 'UserId']:
                continue
        for j in range(len(df)):
            if df.loc[i, 'UserId'] == df.loc[j, 'UserId']:
                tot += 1
        l = int(0.2*tot)
        dfupdate = df.iloc[i:i+tot].sample(l, random_state=0)
        dfupdate.Quantity = 0
        df.update(dfupdate)
    return df

df = g(df.copy())
",Failed: Logic Error (Assertion failed),True,0.0,0.0,0.0,,,,[],True,0.0,0.0,[],True,0.0,0.0,0.0,0.0,0.0,[]
DS1000,DS0130,"
import pandas as pd
import numpy as np
df = test_input
result = df.assign(index_original=df.duplicated(subset=['col1', 'col2'], keep='first').cumsum())
","def g(df):
    df['index_original'] = df.groupby(['col1', 'col2']).col1.transform('idxmin')
    return df[df.duplicated(subset=['col1', 'col2'], keep='first')]

result = g(df.copy())
",Failed: Logic Error (Assertion failed),True,0.0,0.0,0.0,,,,[],True,0.0,0.0,[],True,0.0,0.0,0.0,0.0,0.0,[]
DS1000,DS0131,"
import pandas as pd
import numpy as np
df = test_input
result = df.assign(index_original=df.duplicated(subset=['col1', 'col2'], keep='last').cumsum())
","def g(df):
    df['index_original'] = df.groupby(['col1', 'col2']).col1.transform('idxmax')
    for i in range(len(df)):
        i = len(df) - 1 - i
        origin = df.loc[i, 'index_original']
        if i <= origin:
            continue
        if origin == df.loc[origin, 'index_original']:
            df.loc[origin, 'index_original'] = i
        df.loc[i, 'index_original'] = df.loc[origin, 'index_original']
    return df[df.duplicated(subset=['col1', 'col2'], keep='last')]

result = g(df.copy())
",Failed: Logic Error (Assertion failed),True,0.0,0.0,0.0,,,,[],True,0.0,0.0,[],True,0.0,0.0,0.0,0.0,0.0,[]
DS1000,DS0132,"
import pandas as pd
import numpy as np
def f(df):
result = df.assign(index_original=df.duplicated(subset=['col1', 'col2'], keep='first').cumsum())
df = test_input
result = f(df)
","    df['index_original'] = df.groupby(['col1', 'col2']).col1.transform('idxmin')
    result = df[df.duplicated(subset=['col1', 'col2'], keep='first')]

    return result
","Failed: IndentationError: expected an indented block after function definition on line 4 (<string>, line 5)",False,0.0,1.0,0.0,IndentationError,5.0,"expected an indented block after function definition on line 4 (<unknown>, line 5)",[],False,0.0,0.0,[],False,0.0,0.0,0.0,0.0,0.0,[]
DS1000,DS0133,"
import pandas as pd
import numpy as np
df = test_input
result = df.assign(index_original=df.duplicated(subset=['col1', 'col2', '3col'], keep='first').cumsum())
","def g(df):
    cols = list(df.filter(like='col'))
    df['index_original'] = df.groupby(cols)[cols[0]].transform('idxmin')
    return df[df.duplicated(subset=cols, keep='first')]

result = g(df.copy())
",Failed: Logic Error (Assertion failed),True,0.0,0.0,0.0,,,,[],True,0.0,0.0,[],True,0.0,0.0,0.0,0.0,0.0,[]
DS1000,DS0134,"
import pandas as pd
import numpy as np
df = test_input
result = df.assign(index_original=df.duplicated(subset=['col1', 'col2'], keep='last').cumsum())
","def g(df):
    cols = list(df.filter(like='col'))
    df['index_original'] = df.groupby(cols)[cols[0]].transform('idxmax')
    for i in range(len(df)):
        i = len(df) - 1 - i
        origin = df.loc[i, 'index_original']
        if i <= origin:
            continue
        if origin == df.loc[origin, 'index_original']:
            df.loc[origin, 'index_original'] = i
        df.loc[i, 'index_original'] = df.loc[origin, 'index_original']
    return df[df.duplicated(subset=cols, keep='last')]

result = g(df.copy())
",Failed: Logic Error (Assertion failed),True,0.0,0.0,0.0,,,,[],True,0.0,0.0,[],True,0.0,0.0,0.0,0.0,0.0,[]
DS1000,DS0135,"
import pandas as pd
import numpy as np
df = test_input
result = df[df.groupby(['Sp', 'Mt'])['count'].transform('max') == df['count']]
","def g(df):
    return df[df.groupby(['Sp', 'Mt'])['count'].transform(max) == df['count']]

result = g(df.copy())
",Passed,True,0.0,0.0,0.0,,,,[],True,0.0,0.0,[],True,0.0,0.0,0.0,0.0,0.0,[]
DS1000,DS0136,"
import pandas as pd
import numpy as np
df = test_input
result = df.loc[df.groupby(['Sp', 'Mt'])['count'].idxmax()]
","def g(df):
    return df[df.groupby(['Sp', 'Mt'])['count'].transform(max) == df['count']]

result = g(df.copy())
",Failed: Logic Error (Assertion failed),True,0.0,0.0,0.0,,,,[],True,0.0,0.0,[],True,0.0,0.0,0.0,0.0,0.0,[]
DS1000,DS0137,"
import pandas as pd
import numpy as np
df = test_input
result = df.loc[df.groupby(['Sp', 'Mt'])['count'].idxmin()]
","def g(df):
    return df[df.groupby(['Sp', 'Mt'])['count'].transform(min) == df['count']]

result = g(df.copy())
",Failed: Logic Error (Assertion failed),True,0.0,0.0,0.0,,,,[],True,0.0,0.0,[],True,0.0,0.0,0.0,0.0,0.0,[]
DS1000,DS0138,"
import pandas as pd
import numpy as np
df = test_input
result = df[df.groupby(['Sp', 'Value'])['count'].transform('max') == df['count']]
","def g(df):
    return df[df.groupby(['Sp', 'Value'])['count'].transform(max) == df['count']]

result = g(df.copy())
",Passed,True,0.0,0.0,0.0,,,,[],True,0.0,0.0,[],True,0.0,0.0,0.0,0.0,0.0,[]
DS1000,DS0139,"
import pandas as pd
import numpy as np
df, filter_list = test_input
result = df[df['Category'].isin(filter_list)]
","def g(df, filter_list):
    return df.query(""Category == @filter_list"")

result = g(df.copy(), filter_list)
",Passed,True,0.0,0.0,0.0,,,,[],True,0.0,0.0,[],True,0.0,0.0,0.0,0.0,0.0,[]
DS1000,DS0140,"
import pandas as pd
import numpy as np
df, filter_list = test_input
result = df[df['Category'] != filter_list]
","def g(df, filter_list):
    return df.query(""Category != @filter_list"")

result = g(df.copy(), filter_list)
","Failed: ValueError: ('Lengths must match to compare', (4,), (2,))",True,0.0,0.0,0.0,,,,[],True,0.0,0.0,[],True,0.0,0.0,0.0,0.0,0.0,[]
DS1000,DS0141,"
import pandas as pd
import numpy as np
df = test_input
result = df.melt(id_vars=df.columns[:3], var_name='level_1', value_name='value')
","def g(df):
    return pd.melt(df)

result = g(df.copy())
",Failed: ValueError: id_vars must be a list of tuples when columns are a MultiIndex,True,0.0,0.0,0.0,,,,[],True,0.0,0.0,[],True,0.0,0.0,0.0,0.0,0.0,[]
DS1000,DS0142,"
import pandas as pd
import numpy as np
df = test_input
result = df.melt(id_vars=[list('AAAAAA')[0], list('BBCCDD')[0], list('EFGHIJ')[0]], var_name='variable_0', value_name='value')
","def g(df):
    result = pd.melt(df, value_vars=df.columns.tolist())
    cols = result.columns[:-1]
    for idx in result.index:
        t = result.loc[idx, cols]
        for i in range(len(cols)):
            result.loc[idx, cols[i]] = t[cols[-i-1]]
    return result

result = g(df.copy())
","Failed: KeyError: ""The following id_vars or value_vars are not present in the DataFrame: ['A', 'B', 'E']""",True,0.0,0.0,0.0,,,,[],True,0.0,0.0,[],True,0.0,0.0,0.0,0.0,0.0,[]
DS1000,DS0143,"
import pandas as pd
import numpy as np
df = test_input
df['cumsum'] = df.groupby('id')['val'].cumsum()
result=df
","def g(df):
    df['cumsum'] = df.groupby('id')['val'].transform(pd.Series.cumsum)
    return df

df = g(df.copy())
",Passed,True,0.0,0.0,0.0,,,,[],True,0.0,0.0,[],True,0.0,0.0,0.0,0.0,0.0,[]
DS1000,DS0144,"
import pandas as pd
import numpy as np
df = test_input
result['cumsum'] = df.groupby('id')['val'].cumsum()
result=df
","def g(df):
    df['cumsum'] = df.groupby('id')['val'].transform(pd.Series.cumsum)
    return df

df = g(df.copy())
",Failed: NameError: name 'result' is not defined,True,0.0,0.0,0.0,,,,[],True,0.0,0.0,[],True,0.0,0.0,0.0,0.0,0.0,[]
DS1000,DS0145,"
import pandas as pd
import numpy as np
df = test_input
df['cumsum'] = df.groupby('id')['val'].cumsum()
result=df
","def g(df):
    df['cumsum'] = df.groupby('id')['val'].transform(pd.Series.cumsum)
    return df

df = g(df.copy())
",Passed,True,0.0,0.0,0.0,,,,[],True,0.0,0.0,[],True,0.0,0.0,0.0,0.0,0.0,[]
DS1000,DS0146,"
import pandas as pd
import numpy as np
df = test_input
df['cummax'] = df.groupby('id')['val'].cummax()
result=df
","def g(df):
    df['cummax'] = df.groupby('id')['val'].transform(pd.Series.cummax)
    return df

df = g(df.copy())
",Passed,True,0.0,0.0,0.0,,,,[],True,0.0,0.0,[],True,0.0,0.0,0.0,0.0,0.0,[]
DS1000,DS0147,"
import pandas as pd
import numpy as np
df = test_input
df['cumsum'] = df.groupby('id')['val'].cumsum()
df.loc[df['cumsum'] < 0, 'cumsum'] = 0
result=df
","def g(df):
    df['cumsum'] = df.groupby('id')['val'].transform(pd.Series.cumsum)
    df['cumsum'] = df['cumsum'].where(df['cumsum'] > 0, 0)
    return df

df = g(df.copy())
",Passed,True,0.0,0.0,0.0,,,,[],True,0.0,0.0,[],True,0.0,0.0,0.0,0.0,0.0,[]
DS1000,DS0148,"
import pandas as pd
import numpy as np
df = test_input
result = df.groupby('l')['v'].sum()
","def g(df):
    return df.groupby('l')['v'].apply(pd.Series.sum,skipna=False)

result = g(df.copy())
",Failed: Logic Error (Assertion failed),True,0.0,0.0,0.0,,,,[],True,0.0,0.0,[],True,0.0,0.0,0.0,0.0,0.0,[]
DS1000,DS0149,"
import pandas as pd
import numpy as np
df = test_input
result = df.groupby('r')['v'].sum()
","def g(df):
    return df.groupby('r')['v'].apply(pd.Series.sum,skipna=False)

result = g(df.copy())
",Failed: Logic Error (Assertion failed),True,0.0,0.0,0.0,,,,[],True,0.0,0.0,[],True,0.0,0.0,0.0,0.0,0.0,[]
DS1000,DS0150,"
import pandas as pd
import numpy as np
df = test_input
result = df.groupby('l')['v'].sum()
","def g(df):
    return df.groupby('l')['v'].apply(pd.Series.sum,skipna=False).reset_index()

result = g(df.copy())
",Failed: Logic Error (Assertion failed),True,0.0,0.0,0.0,,,,[],True,0.0,0.0,[],True,0.0,0.0,0.0,0.0,0.0,[]
DS1000,DS0151,"
import pandas as pd
import numpy as np
df = test_input
result = df.apply(lambda x: f""{x.name} {x.name.replace('Column', '')} {'many-to-many' if x.nunique() > 1 else 'one-to-one'}"", axis=1)
","def get_relation(df, col1, col2):
    first_max = df[[col1, col2]].groupby(col1).count().max()[0]
    second_max = df[[col1, col2]].groupby(col2).count().max()[0]
    if first_max==1:
        if second_max==1:
            return 'one-to-one'
        else:
            return 'one-to-many'
    else:
        if second_max==1:
            return 'many-to-one'
        else:
            return 'many-to-many'


from itertools import product
def g(df):
    result = []
    for col_i, col_j in product(df.columns, df.columns):
        if col_i == col_j:
            continue
        result.append(col_i+' '+col_j+' '+get_relation(df, col_i, col_j))
    return result

result = g(df.copy())
",Failed: AttributeError: 'int' object has no attribute 'replace',True,0.0,0.0,0.0,,,,[],True,0.0,0.0,[],True,0.0,0.0,0.0,0.0,0.0,[]
DS1000,DS0152,"
import pandas as pd
import numpy as np
df = test_input
result = df.apply(lambda x: f""{x.name} {df[x.name].nunique()} {'one-2-many' if x.name != 'Column5' else 'many-2-one'}"", axis=1)
","def get_relation(df, col1, col2):
    first_max = df[[col1, col2]].groupby(col1).count().max()[0]
    second_max = df[[col1, col2]].groupby(col2).count().max()[0]
    if first_max==1:
        if second_max==1:
            return 'one-2-one'
        else:
            return 'one-2-many'
    else:
        if second_max==1:
            return 'many-2-one'
        else:
            return 'many-2-many'


from itertools import product
def g(df):
    result = []
    for col_i, col_j in product(df.columns, df.columns):
        if col_i == col_j:
            continue
        result.append(col_i+' '+col_j+' '+get_relation(df, col_i, col_j))
    return result

result = g(df.copy())
",Failed: KeyError: 0,True,0.0,0.0,0.0,,,,[],True,0.0,0.0,[],True,0.0,0.0,0.0,0.0,0.0,[]
DS1000,DS0153,"
import pandas as pd
import numpy as np
df = test_input
result = df.apply(lambda x: pd.Series(x.value_counts().apply(lambda v: 'one-to-many' if v > 1 else 'one-to-one')), axis=1).T
","def get_relation(df, col1, col2):
    first_max = df[[col1, col2]].groupby(col1).count().max()[0]
    second_max = df[[col1, col2]].groupby(col2).count().max()[0]
    if first_max==1:
        if second_max==1:
            return 'one-to-one'
        else:
            return 'one-to-many'
    else:
        if second_max==1:
            return 'many-to-one'
        else:
            return 'many-to-many'


def g(df):
    result = pd.DataFrame(index=df.columns, columns=df.columns)
    for col_i in df.columns:
        for col_j in df.columns:
            if col_i == col_j:
                continue
            result.loc[col_i, col_j] = get_relation(df, col_i, col_j)
    return result

result = g(df.copy())
",Failed: Logic Error (Assertion failed),True,0.0,0.0,0.0,,,,[],True,0.0,0.0,[],True,0.0,0.0,0.0,0.0,0.0,[]
DS1000,DS0154,"
import pandas as pd
import numpy as np
df = test_input
result = df.apply(lambda x: pd.Series(x.value_counts().apply(lambda v: 'one-2-many' if v > 1 else 'one-2-one' if v == 1 else 'many-2-many')), axis=1).T
","def get_relation(df, col1, col2):
    first_max = df[[col1, col2]].groupby(col1).count().max()[0]
    second_max = df[[col1, col2]].groupby(col2).count().max()[0]
    if first_max==1:
        if second_max==1:
            return 'one-2-one'
        else:
            return 'one-2-many'
    else:
        if second_max==1:
            return 'many-2-one'
        else:
            return 'many-2-many'


def g(df):
    result = pd.DataFrame(index=df.columns, columns=df.columns)
    for col_i in df.columns:
        for col_j in df.columns:
            if col_i == col_j:
                continue
            result.loc[col_i, col_j] = get_relation(df, col_i, col_j)
    return result


result = g(df.copy())
",Failed: Logic Error (Assertion failed),True,0.0,0.0,0.0,,,,[],True,0.0,0.0,[],True,0.0,0.0,0.0,0.0,0.0,[]
DS1000,DS0155,"
import pandas as pd
import numpy as np
df = test_input
result = df.dropna(subset=['bank']).drop_duplicates(subset=['firstname', 'lastname', 'email'], keep='first')
","def g(df):
    uniq_indx = (df.sort_values(by=""bank"", na_position='last').dropna(subset=['firstname', 'lastname', 'email'])
             .applymap(lambda s: s.lower() if type(s) == str else s)
             .applymap(lambda x: x.replace("" "", """") if type(x) == str else x)
             .drop_duplicates(subset=['firstname', 'lastname', 'email'], keep='first')).index
    return df.loc[uniq_indx]

result = g(df.copy())
",Passed,True,0.0,0.0,0.0,,,,[],True,0.0,0.0,[],True,0.0,0.0,0.0,0.0,0.0,[]
DS1000,DS0156,"
import pandas as pd
import numpy as np
s = test_input
result = df.applymap(lambda x: float(x.replace(',', '')) if isinstance(x, str) else x)
","def g(s):
    return pd.to_numeric(s.str.replace(',',''), errors='coerce')

result = g(s.copy())
",Failed: NameError: name 'df' is not defined,True,0.0,0.0,0.0,,,,[],True,0.0,0.0,[],True,0.0,0.0,0.0,0.0,0.0,[]
DS1000,DS0157,"
import pandas as pd
import numpy as np
df = test_input
result = df.groupby((df['SibSp'] > 0) | (df['Parch'] > 0)).mean()
","import numpy as np
def g(df):
    family = np.where((df['SibSp'] + df['Parch']) >= 1 , 'Has Family', 'No Family')
    return df.groupby(family)['Survived'].mean()

result = g(df.copy())
",Failed: Logic Error (Assertion failed),True,0.0,0.0,0.0,,,,[],True,0.0,0.0,[],True,0.0,0.0,0.0,0.0,0.0,[]
DS1000,DS0158,"
import pandas as pd
import numpy as np
df = test_input
result = df.groupby((df['Survived'] > 0) | (df['Parch'] > 0)).mean()
","import numpy as np
def g(df):
    family = np.where((df['Survived'] + df['Parch']) >= 1 , 'Has Family', 'No Family')
    return df.groupby(family)['SibSp'].mean()

result = g(df.copy())
",Failed: Logic Error (Assertion failed),True,0.0,0.0,0.0,,,,[],True,0.0,0.0,[],True,0.0,0.0,0.0,0.0,0.0,[]
DS1000,DS0159,"
import pandas as pd
import numpy as np
df = test_input
result = df.groupby((df['SibSp'] == 1) & (df['Parch'] == 1), axis=0).mean().rename('Has Family')
result = result.append(df.groupby((df['SibSp'] == 0) & (df['Parch'] == 0), axis=0).mean().rename('No Family'))
result = result.append(df.groupby((df['SibSp'] == 0) & (df['Parch'] == 1), axis=0).mean().rename('New Family'))
result = result.append(df.groupby((df['SibSp'] == 1) & (df['Parch'] == 0), axis=0).mean().rename('Old Family'))
","def g(df):
    family = []
    for i in range(len(df)):
        if df.loc[i, 'SibSp'] == 0 and df.loc[i, 'Parch'] == 0:
            family.append('No Family')
        elif df.loc[i, 'SibSp'] == 1 and df.loc[i, 'Parch'] == 1:
            family.append('Has Family')
        elif df.loc[i, 'SibSp'] == 0 and df.loc[i, 'Parch'] == 1:
            family.append('New Family')
        else:
            family.append('Old Family')
    return df.groupby(family)['Survived'].mean()

result = g(df.copy())
","Failed: TypeError: Index(...) must be called with a collection of some kind, 'Has Family' was passed",True,0.0,0.0,0.0,,,,[],True,0.0,0.0,[],True,0.0,0.0,0.0,0.0,0.0,[]
DS1000,DS0160,"
import pandas as pd
import numpy as np
df = test_input
result = df.groupby('cokey').apply(lambda x: x.sort_values(by='A')).reset_index(drop=True)
","def g(df):
    return df.groupby('cokey').apply(pd.DataFrame.sort_values, 'A')

result = g(df.copy())
",Failed: Logic Error (Assertion failed),True,0.0,0.0,0.0,,,,[],True,0.0,0.0,[],True,0.0,0.0,0.0,0.0,0.0,[]
DS1000,DS0161,"
import pandas as pd
import numpy as np
df = test_input
result = df.groupby('cokey').apply(lambda x: x.sort_values(by='A')).reset_index(drop=True)
","def g(df):
    return df.groupby('cokey').apply(pd.DataFrame.sort_values, 'A', ascending=False)

result = g(df.copy())
",Failed: Logic Error (Assertion failed),True,0.0,0.0,0.0,,,,[],True,0.0,0.0,[],True,0.0,0.0,0.0,0.0,0.0,[]
DS1000,DS0162,"
import pandas as pd
import numpy as np
df = test_input
df.columns = pd.MultiIndex.from_tuples(df.columns, names=['Caps', 'Lower'])
result = df
","def g(df):
    df.columns = pd.MultiIndex.from_tuples(df.columns, names=['Caps','Lower'])
    return df

df = g(df.copy())
",Passed,True,0.0,0.0,0.0,,,,[],True,0.0,0.0,[],True,0.0,0.0,0.0,0.0,0.0,[]
DS1000,DS0163,"
import pandas as pd
import numpy as np
df = test_input
df.columns = pd.MultiIndex.from_tuples(df.columns, names=['Caps', 'Middle', 'Lower'])
result = df
","def g(df):
    df.columns = pd.MultiIndex.from_tuples(df.columns, names=['Caps','Middle','Lower'])
    return df

df = g(df.copy())
",Passed,True,0.0,0.0,0.0,,,,[],True,0.0,0.0,[],True,0.0,0.0,0.0,0.0,0.0,[]
DS1000,DS0164,"
import pandas as pd
import numpy as np
df = test_input
df.columns = pd.MultiIndex.from_tuples(df.columns, names=['Caps', 'Middle', 'Lower'])
result = df
","def g(df):
    df=df[sorted(df.columns.to_list())]
    df.columns = pd.MultiIndex.from_tuples(df.columns, names=['Caps','Middle','Lower'])
    return df

df = g(df.copy())
",Failed: Logic Error (Assertion failed),True,0.0,0.0,0.0,,,,[],True,0.0,0.0,[],True,0.0,0.0,0.0,0.0,0.0,[]
DS1000,DS0165,"
import pandas as pd
import numpy as np
someTuple = test_input
result = pd.DataFrame({'birdType': someTuple[0], 'birdCount': someTuple[1]})
","def g(someTuple):
    return pd.DataFrame(np.column_stack(someTuple),columns=['birdType','birdCount'])

result = g(someTuple)
",Failed: Logic Error (Assertion failed),True,0.0,0.0,0.0,,,,[],True,0.0,0.0,[],True,0.0,0.0,0.0,0.0,0.0,[]
DS1000,DS0166,"
import pandas as pd
import numpy as np
df = test_input
result = df.groupby('a')['b'].agg(['mean', 'std'])
","import numpy as np
def g(df):
    return df.groupby(""a"")[""b""].agg([np.mean, np.std])

result = g(df.copy())
",Passed,True,0.0,0.0,0.0,,,,[],True,0.0,0.0,[],True,0.0,0.0,0.0,0.0,0.0,[]
DS1000,DS0167,"
import pandas as pd
import numpy as np
df = test_input
result = df.groupby('b')['a'].agg(['mean', 'std'])
","import numpy as np
def g(df):
    return df.groupby(""b"")[""a""].agg([np.mean, np.std])

result = g(df.copy())
",Passed,True,0.0,0.0,0.0,,,,[],True,0.0,0.0,[],True,0.0,0.0,0.0,0.0,0.0,[]
DS1000,DS0168,"
import pandas as pd
import numpy as np
df = test_input
result['softmax'] = df.groupby('a')['b'].apply(lambda x: np.exp(x - x.max()) / np.sum(np.exp(x - x.max())))
result['min-max'] = df.groupby('a')['b'].transform(lambda x: (x - x.min()) / (x.max() - x.min()))
result = df
","import numpy as np
def g(df):
    softmax = []
    min_max = []
    for i in range(len(df)):
        Min = np.inf
        Max = -np.inf
        exp_Sum = 0
        for j in range(len(df)):
            if df.loc[i, 'a'] == df.loc[j, 'a']:
                Min = min(Min, df.loc[j, 'b'])
                Max = max(Max, df.loc[j, 'b'])
                exp_Sum += np.exp(df.loc[j, 'b'])
        softmax.append(np.exp(df.loc[i, 'b']) / exp_Sum)
        min_max.append((df.loc[i, 'b'] - Min) / (Max - Min))
    df['softmax'] = softmax
    df['min-max'] = min_max
    return df

df = g(df.copy())
",Failed: NameError: name 'result' is not defined,True,0.0,0.0,0.0,,,,[],True,0.0,0.0,[],True,0.0,0.0,0.0,0.0,0.0,[]
DS1000,DS0169,"
import pandas as pd
import numpy as np
df = test_input
result = df.loc[df.sum(axis=1) != 0]
","def g(df):
    return df.loc[(df.sum(axis=1) != 0), (df.sum(axis=0) != 0)]

result = g(df.copy())
",Failed: Logic Error (Assertion failed),True,0.0,0.0,0.0,,,,[],True,0.0,0.0,[],True,0.0,0.0,0.0,0.0,0.0,[]
DS1000,DS0170,"
import pandas as pd
import numpy as np
df = test_input
result = df[df.sum(axis=1) != 0]
","def g(df):
    return df.loc[(df.sum(axis=1) != 0), (df.sum(axis=0) != 0)]

result = g(df.copy())
",Failed: Logic Error (Assertion failed),True,0.0,0.0,0.0,,,,[],True,0.0,0.0,[],True,0.0,0.0,0.0,0.0,0.0,[]
DS1000,DS0171,"
import pandas as pd
import numpy as np
df = test_input
result = df.loc[(df == 2).any(axis=1), :].drop(columns=[col for col in df.columns if df[col].max() != 2])
","def g(df):
    return df.loc[(df.max(axis=1) != 2), (df.max(axis=0) != 2)]

result = g(df.copy())
",Failed: Logic Error (Assertion failed),True,0.0,0.0,0.0,,,,[],True,0.0,0.0,[],True,0.0,0.0,0.0,0.0,0.0,[]
DS1000,DS0172,"
import pandas as pd
import numpy as np
df = test_input
result = df[df.max(axis=1) != 2]
","def g(df):
    rows = df.max(axis=1) == 2
    cols = df.max(axis=0) == 2
    df.loc[rows] = 0
    df.loc[:,cols] = 0
    return df

result = g(df.copy())
",Failed: Logic Error (Assertion failed),True,0.0,0.0,0.0,,,,[],True,0.0,0.0,[],True,0.0,0.0,0.0,0.0,0.0,[]
DS1000,DS0173,"
import pandas as pd
import numpy as np
s = test_input
result = s.sort_values(ascending=True)
","import numpy as np
def g(s):
    return s.iloc[np.lexsort([s.index, s.values])]

result = g(s.copy())
",Failed: Logic Error (Assertion failed),True,0.0,0.0,0.0,,,,[],True,0.0,0.0,[],True,0.0,0.0,0.0,0.0,0.0,[]
DS1000,DS0174,"
import pandas as pd
import numpy as np
s = test_input
df = s.reset_index().sort_values(by=['index', 'value'], ascending=[True, True])
result = df
","import numpy as np
def g(s):
    result = s.iloc[np.lexsort([s.index, s.values])].reset_index(drop=False)
    result.columns = ['index',1]
    return result

df = g(s.copy())
",Failed: KeyError: 'value',True,0.0,0.0,0.0,,,,[],True,0.0,0.0,[],True,0.0,0.0,0.0,0.0,0.0,[]
DS1000,DS0175,"
import pandas as pd
import numpy as np
df = test_input
result = df[df['A'].apply(lambda x: isinstance(x, int) or pd.isna(x))]
","def g(df):
    return df[pd.to_numeric(df.A, errors='coerce').notnull()]

result = g(df.copy())
",Passed,True,0.0,0.0,0.0,,,,[],True,0.0,0.0,[],True,0.0,0.0,0.0,0.0,0.0,[]
DS1000,DS0176,"
import pandas as pd
import numpy as np
df = test_input
result = df[df['A'].apply(lambda x: isinstance(x, str))]
","def g(df):
    result = []
    for i in range(len(df)):
        if type(df.loc[i, 'A']) == str:
            result.append(i)
    return df.iloc[result]

result = g(df.copy())
",Passed,True,0.0,0.0,0.0,,,,[],True,0.0,0.0,[],True,0.0,0.0,0.0,0.0,0.0,[]
DS1000,DS0177,"
import pandas as pd
import numpy as np
df = test_input
result = df[df.groupby(['Sp', 'Mt'])['count'].transform('max') == df['count']]
","def g(df):
    return df[df.groupby(['Sp', 'Mt'])['count'].transform(max) == df['count']]

result = g(df.copy())
",Passed,True,0.0,0.0,0.0,,,,[],True,0.0,0.0,[],True,0.0,0.0,0.0,0.0,0.0,[]
DS1000,DS0178,"
import pandas as pd
import numpy as np
df = test_input
result = df.loc[df.groupby(['Sp', 'Mt'])['count'].idxmax()]
","def g(df):
    return df[df.groupby(['Sp', 'Mt'])['count'].transform(max) == df['count']]

result = g(df.copy())
",Failed: Logic Error (Assertion failed),True,0.0,0.0,0.0,,,,[],True,0.0,0.0,[],True,0.0,0.0,0.0,0.0,0.0,[]
DS1000,DS0179,"
import pandas as pd
import numpy as np
df = test_input
result = df.loc[df.groupby(['Sp', 'Mt'])['count'].idxmin()]
","def g(df):
    return df[df.groupby(['Sp', 'Mt'])['count'].transform(min) == df['count']]

result = g(df.copy())
",Failed: Logic Error (Assertion failed),True,0.0,0.0,0.0,,,,[],True,0.0,0.0,[],True,0.0,0.0,0.0,0.0,0.0,[]
DS1000,DS0180,"
import pandas as pd
import numpy as np
df = test_input
result = df[df.groupby(['Sp', 'Value'])['count'].transform('max') == df['count']]
","def g(df):
    return df[df.groupby(['Sp', 'Value'])['count'].transform(max) == df['count']]

result = g(df.copy())
",Passed,True,0.0,0.0,0.0,,,,[],True,0.0,0.0,[],True,0.0,0.0,0.0,0.0,0.0,[]
DS1000,DS0181,"
import pandas as pd
import numpy as np
dict, df = test_input
df['Date'] = df['Member'].map(dict).fillna(np.nan)
result = df
","import numpy as np
def g(dict, df):
    df[""Date""] = df[""Member""].apply(lambda x: dict.get(x)).fillna(np.NAN)
    return df

df = g(dict.copy(),df.copy())
",Failed: AttributeError: module 'numpy' has no attribute 'NAN',True,0.0,0.0,0.0,,,,[],True,0.0,0.0,[],True,0.0,0.0,0.0,0.0,0.0,[]
DS1000,DS0182,"
import pandas as pd
import numpy as np
dict, df = test_input
df['Date'] = df['Member'].map(dict).fillna('17/8/1926')
result = df
","def g(dict, df):
    df[""Date""] = df[""Member""].apply(lambda x: dict.get(x)).fillna(np.NAN)
    for i in range(len(df)):
        if df.loc[i, 'Member'] not in dict.keys():
            df.loc[i, 'Date'] = '17/8/1926'
    return df

df = g(dict.copy(),df.copy())
",Failed: AttributeError: module 'numpy' has no attribute 'NAN',True,0.0,0.0,0.0,,,,[],True,0.0,0.0,[],True,0.0,0.0,0.0,0.0,0.0,[]
DS1000,DS0183,"
import pandas as pd
import numpy as np
def f(dict, df):
df['Date'] = df['Member'].map(dict).fillna(df['Member'])
dict, df = test_input
result = f(dict, df)
","    df[""Date""] = df[""Member""].apply(lambda x: dict.get(x)).fillna(np.NAN)
    result = df

    return result
",Failed: AttributeError: module 'numpy' has no attribute 'NAN',False,0.0,1.0,0.0,IndentationError,5.0,"expected an indented block after function definition on line 4 (<unknown>, line 5)",[],False,0.0,0.0,[],False,0.0,0.0,0.0,0.0,0.0,[]
DS1000,DS0184,"
import pandas as pd
import numpy as np
dict, df = test_input
df['Date'] = df['Member'].map(dict).fillna('17-Aug-1926').dt.strftime('%d-%b-%Y')
result = df
","def g(dict, df):
    df[""Date""] = df[""Member""].apply(lambda x: dict.get(x)).fillna(np.NAN)
    for i in range(len(df)):
        if df.loc[i, 'Member'] not in dict.keys():
            df.loc[i, 'Date'] = '17/8/1926'
    df[""Date""] = pd.to_datetime(df[""Date""])
    df[""Date""] = df[""Date""].dt.strftime('%d-%b-%Y')
    return df

df = g(dict.copy(),df.copy())
",Failed: AttributeError: module 'numpy' has no attribute 'NAN',True,0.0,0.0,0.0,,,,[],True,0.0,0.0,[],True,0.0,0.0,0.0,0.0,0.0,[]
DS1000,DS0185,"
import pandas as pd
import numpy as np
df = test_input
result = df.groupby([df['Date'].dt.year.rename('year'), df['Date'].dt.month.rename('month')]).agg({'Val': 'count', 'Date': 'first'}).reset_index()
result.columns = ['Date', 'Val', 'Count_d', 'Count_m']
result = df
","def g(df):
    df['Date'] = pd.to_datetime(df['Date'], format='%d/%m/%y')
    y = df['Date'].dt.year
    m = df['Date'].dt.month


    df['Count_d'] = df.groupby('Date')['Date'].transform('size')
    df['Count_m'] = df.groupby([y, m])['Date'].transform('size')
    df['Count_y'] = df.groupby(y)['Date'].transform('size')
    return df

df = g(df.copy())
",Failed: AttributeError: Can only use .dt accessor with datetimelike values,True,0.0,0.0,0.0,,,,[],True,0.0,0.0,[],True,0.0,0.0,0.0,0.0,0.0,[]
DS1000,DS0186,"
import pandas as pd
import numpy as np
df = test_input
result = df.groupby([df['Date'].dt.year.rename('year'), df['Date'].dt.month.rename('month'), df['Val']])['Date'].count().reset_index(name='Count_d')
result = result.merge(df.groupby([df['Date'].dt.year.rename('year'), df['Date'].dt.month.rename('month')])['Date'].count().reset_index(name='Count_m'), on=['year', 'month'])
result = result.merge(df.groupby([df['Date'].dt.year.rename('year'), df['Date'].dt.month.rename('month')])['Date'].count().reset_index(name='Count_y'), on=['year', 'month'])
result = result.merge(df.groupby(['Val'])['Date'].count().reset_index(name='Count_Val'), on='Val')
result = df
","def g(df):
    df['Date'] = pd.to_datetime(df['Date'], format='%d/%m/%y')
    y = df['Date'].dt.year
    m = df['Date'].dt.month


    df['Count_d'] = df.groupby('Date')['Date'].transform('size')
    df['Count_m'] = df.groupby([y, m])['Date'].transform('size')
    df['Count_y'] = df.groupby(y)['Date'].transform('size')
    df['Count_Val'] = df.groupby(['Date','Val'])['Val'].transform('size')
    return df

df = g(df.copy())
",Failed: AttributeError: Can only use .dt accessor with datetimelike values,True,0.0,0.0,0.0,,,,[],True,0.0,0.0,[],True,0.0,0.0,0.0,0.0,0.0,[]
DS1000,DS0187,"
import pandas as pd
import numpy as np
df = test_input
result = df.groupby([df['Date'].dt.year.rename('year'), df['Date'].dt.month.rename('month'), df['Date'].dt.weekday.rename('weekday')]).agg({'Val': 'count', 'Date': 'first'}).reset_index()
result.columns = ['Date', 'Val', 'Count_d', 'Count_m', 'Count_y', 'Count_w']
result = df
","def g(df):
    df['Date'] = pd.to_datetime(df['Date'], format='%d/%m/%y')
    y = df['Date'].dt.year
    m = df['Date'].dt.month
    w = df['Date'].dt.weekday


    df['Count_d'] = df.groupby('Date')['Date'].transform('size')
    df['Count_m'] = df.groupby([y, m])['Date'].transform('size')
    df['Count_y'] = df.groupby(y)['Date'].transform('size')
    df['Count_w'] = df.groupby(w)['Date'].transform('size')
    df['Count_Val'] = df.groupby(['Date','Val'])['Val'].transform('size')
    return df

df = g(df.copy())
",Failed: AttributeError: Can only use .dt accessor with datetimelike values,True,0.0,0.0,0.0,,,,[],True,0.0,0.0,[],True,0.0,0.0,0.0,0.0,0.0,[]
DS1000,DS0188,"
import pandas as pd
import numpy as np
df = test_input
result = df.groupby('Date').apply(lambda x: x.eq(0).sum()).reset_index(name='B')
result['C'] = df.groupby('Date').apply(lambda x: x.ne(0).sum()).reset_index(name='C')
result = (result1, result2)
","def g(df):
    df1 = df.groupby('Date').agg(lambda x: x.eq(0).sum())
    df2 = df.groupby('Date').agg(lambda x: x.ne(0).sum())
    return df1, df2

result1, result2 = g(df.copy())
",Failed: TypeError: DataFrame.reset_index() got an unexpected keyword argument 'name',True,0.0,0.0,0.0,,,,[],True,0.0,0.0,[],True,0.0,0.0,0.0,0.0,0.0,[]
DS1000,DS0189,"
import pandas as pd
import numpy as np
df = test_input
result = df.groupby('Date').apply(lambda x: x.applymap(lambda y: 1 if y % 2 == 0 else 0)).astype(int)
result = (result1, result2)
","def g(df):
    df1 = df.groupby('Date').agg(lambda x: (x%2==0).sum())
    df2 = df.groupby('Date').agg(lambda x: (x%2==1).sum())
    return df1, df2

result1, result2 = g(df.copy())
",Failed: NameError: name 'result1' is not defined,True,0.0,0.0,0.0,,,,[],True,0.0,0.0,[],True,0.0,0.0,0.0,0.0,0.0,[]
DS1000,DS0190,"
import pandas as pd
import numpy as np
df = test_input
result = pd.pivot_table(df, values=['D', 'E'], index=['B'], aggfunc={'D': np.sum, 'E': np.mean})
","def g(df):
    return pd.pivot_table(df, values=['D','E'], index=['B'], aggfunc={'D':np.sum, 'E':np.mean})

result = g(df.copy())
",Passed,True,0.0,0.0,0.0,,,,[],True,0.0,0.0,[],True,0.0,0.0,0.0,0.0,0.0,[]
DS1000,DS0191,"
import pandas as pd
import numpy as np
df = test_input
result = pd.pivot_table(df, values=['D', 'E'], index=['B'], aggfunc={'D': np.sum, 'E': np.mean})
","def g(df):
    return pd.pivot_table(df, values=['D','E'], index=['B'], aggfunc={'D':np.sum, 'E':np.mean})

result = g(df.copy())
",Passed,True,0.0,0.0,0.0,,,,[],True,0.0,0.0,[],True,0.0,0.0,0.0,0.0,0.0,[]
DS1000,DS0192,"
import pandas as pd
import numpy as np
df = test_input
result = pd.pivot_table(df, values=['D', 'E'], index=['B'], aggfunc={'D': np.sum, 'E': np.mean})
","def g(df):
    return pd.pivot_table(df, values=['D','E'], index=['B'], aggfunc={'D':np.sum, 'E':np.mean})

result = g(df.copy())
",Passed,True,0.0,0.0,0.0,,,,[],True,0.0,0.0,[],True,0.0,0.0,0.0,0.0,0.0,[]
DS1000,DS0193,"
import pandas as pd
import numpy as np
df = test_input
result = pd.pivot_table(df, values=['D', 'E'], rows=['B'], aggfunc={'D': np.max, 'E': np.min})
","def g(df):
    return pd.pivot_table(df, values=['D','E'], index=['B'], aggfunc={'D':np.max, 'E':np.min})

result = g(df.copy())
",Failed: TypeError: pivot_table() got an unexpected keyword argument 'rows',True,0.0,0.0,0.0,,,,[],True,0.0,0.0,[],True,0.0,0.0,1.0,0.0,1.0,"[{'type': 'type_error', 'function': 'pivot_table', 'invalid_arg': 'rows', 'line': 5}]"
DS1000,DS0194,"
import pandas as pd
import numpy as np
df = test_input
result = df.assign(var2=df['var2'].str.split(',')).explode('var2')
","def g(df):
    return df.drop('var2', axis=1).join(df.var2.str.split(',', expand=True).stack().
                                        reset_index(drop=True, level=1).rename('var2'))

result = g(df.copy())
",Passed,True,0.0,0.0,0.0,,,,[],True,0.0,0.0,[],True,0.0,0.0,0.0,0.0,0.0,[]
DS1000,DS0195,"
import pandas as pd
import numpy as np
df = test_input
result = df.assign(var2=df['var2'].str.split(',')).explode('var2')
","def g(df):
    return df.join(pd.DataFrame(df.var2.str.split(',', expand=True).stack().reset_index(level=1, drop=True),columns=['var2 '])).\
        drop('var2',1).rename(columns=str.strip).reset_index(drop=True)

result = g(df.copy())
",Failed: TypeError: DataFrame.drop() takes from 1 to 2 positional arguments but 3 were given,True,0.0,0.0,0.0,,,,[],True,0.0,0.0,[],True,0.0,0.0,0.0,0.0,0.0,[]
DS1000,DS0196,"
import pandas as pd
import numpy as np
df = test_input
result = df.assign(var2=df['var2'].str.split('-')).explode('var2')
","def g(df):
    return df.join(pd.DataFrame(df.var2.str.split('-', expand=True).stack().reset_index(level=1, drop=True),columns=['var2 '])).\
        drop('var2',1).rename(columns=str.strip).reset_index(drop=True)

result = g(df.copy())
",Failed: TypeError: DataFrame.drop() takes from 1 to 2 positional arguments but 3 were given,True,0.0,0.0,0.0,,,,[],True,0.0,0.0,[],True,0.0,0.0,0.0,0.0,0.0,[]
DS1000,DS0197,"
import pandas as pd
import numpy as np
df = test_input
result = df['str'].apply(lambda x: sum(1 for c in x if not c.isalnum()))
result = df
","import numpy as np
def g(df):
    df[""new""] = df.apply(lambda p: sum( not q.isalpha() for q in p[""str""] ), axis=1)
    df[""new""] = df[""new""].replace(0, np.NAN)
    return df

df = g(df.copy())
",Failed: AttributeError: module 'numpy' has no attribute 'NAN',True,0.0,0.0,0.0,,,,[],True,0.0,0.0,[],True,0.0,0.0,0.0,0.0,0.0,[]
DS1000,DS0198,"
import pandas as pd
import numpy as np
df = test_input
result = df['str'].apply(lambda x: sum(1 for c in x if not c.isalpha()))
result = df
","def g(df):
    df[""new""] = df.apply(lambda p: sum(q.isalpha() for q in p[""str""] ), axis=1)
    return df

df = g(df.copy())
",Failed: Logic Error (Assertion failed),True,0.0,0.0,0.0,,,,[],True,0.0,0.0,[],True,0.0,0.0,0.0,0.0,0.0,[]
DS1000,DS0199,"
import pandas as pd
import numpy as np
df = test_input
result['fips'] = df['row'].str[:5]
result['row'] = df['row'].str[5:]
result = df
","def g(df):
    return pd.DataFrame(df.row.str.split(' ', 1).tolist(), columns=['fips', 'row'])

df = g(df.copy())
",Failed: TypeError: StringMethods.split() takes from 1 to 2 positional arguments but 3 were given,True,0.0,0.0,0.0,,,,[],True,0.0,0.0,[],True,0.0,0.0,0.0,0.0,0.0,[]
DS1000,DS0200,"
import pandas as pd
import numpy as np
df = test_input
result = df.assign(fips=df['row'].str[:3], row=df['row'].str[3:])
result = df
","def g(df):
    return pd.DataFrame(df.row.str.split(' ',1).tolist(), columns = ['fips','row'])

df = g(df.copy())
",Failed: TypeError: StringMethods.split() takes from 1 to 2 positional arguments but 3 were given,True,0.0,0.0,0.0,,,,[],True,0.0,0.0,[],True,0.0,0.0,0.0,0.0,0.0,[]
DS1000,DS0201,"
import pandas as pd
import numpy as np
df = test_input
result = df['row'].str.split(',', expand=True)
result.columns = ['fips', 'medi', 'row']
result = df
","def g(df):
    return pd.DataFrame(df.row.str.split(' ', 2).tolist(), columns=['fips','medi','row'])

df = g(df.copy())
",Failed: TypeError: StringMethods.split() takes from 1 to 2 positional arguments but 3 were given,True,0.0,0.0,0.0,,,,[],True,0.0,0.0,[],True,0.0,0.0,0.0,0.0,0.0,[]
DS1000,DS0202,"
import pandas as pd
import numpy as np
df = test_input
result['cumulative_avg'] = df.iloc[:, 1:].apply(lambda x: x[x != 0].mean(), axis=1)
result = df
","def g(df):
    cols = list(df)[1:]
    for idx in df.index:
        s = 0
        cnt = 0
        for col in cols:
            if df.loc[idx, col] != 0:
                cnt = min(cnt+1, 2)
                s = (s + df.loc[idx, col]) / cnt
            df.loc[idx, col] = s
    return df

df = g(df.copy())
",Failed: NameError: name 'result' is not defined,True,0.0,0.0,0.0,,,,[],True,0.0,0.0,[],True,0.0,0.0,0.0,0.0,0.0,[]
DS1000,DS0203,"
import pandas as pd
import numpy as np
df = test_input
result['cumulative_avg'] = df.iloc[:, :-1].apply(lambda x: x[x != 0].mean(), axis=1)
result.sort_index(axis=1, inplace=True)
result = df
","def g(df):
    cols = list(df)[1:]
    cols = cols[::-1]
    for idx in df.index:
        s = 0
        cnt = 0
        for col in cols:
            if df.loc[idx, col] != 0:
                cnt = min(cnt+1, 2)
                s = (s + df.loc[idx, col]) / cnt
            df.loc[idx, col] = s
    return df

df = g(df.copy())
","Failed: TypeError: can only concatenate str (not ""int"") to str",True,0.0,0.0,0.0,,,,[],True,0.0,0.0,[],True,0.0,0.0,0.0,0.0,0.0,[]
DS1000,DS0204,"
import pandas as pd
import numpy as np
def f(df):
result = df.apply(lambda x: x[x != 0].mean(), axis=1)
df = test_input
result = f(df)
","    cols = list(df)[1:]
    for idx in df.index:
        s = 0
        cnt = 0
        for col in cols:
            if df.loc[idx, col] != 0:
                cnt = min(cnt+1, 2)
                s = (s + df.loc[idx, col]) / cnt
            df.loc[idx, col] = s
    result = df

    return result
","Failed: IndentationError: expected an indented block after function definition on line 4 (<string>, line 5)",False,0.0,1.0,0.0,IndentationError,5.0,"expected an indented block after function definition on line 4 (<unknown>, line 5)",[],False,0.0,0.0,[],False,0.0,0.0,0.0,0.0,0.0,[]
DS1000,DS0205,"
import pandas as pd
import numpy as np
df = test_input
result['cumulative_avg'] = df.iloc[:, :-1].apply(lambda x: x[x != 0].mean(), axis=1)
result = df
","def g(df):
    cols = list(df)[1:]
    cols = cols[::-1]
    for idx in df.index:
        s = 0
        cnt = 0
        for col in cols:
            if df.loc[idx, col] != 0:
                s += df.loc[idx, col]
                cnt += 1
            df.loc[idx, col] = s / (max(cnt, 1))
    return df

df = g(df.copy())
","Failed: TypeError: can only concatenate str (not ""int"") to str",True,0.0,0.0,0.0,,,,[],True,0.0,0.0,[],True,0.0,0.0,0.0,0.0,0.0,[]
DS1000,DS0206,"
import pandas as pd
import numpy as np
df = test_input
df['label'] = (df['Close'] - df['Close'].shift(1) > 0).astype(int)
df.loc[df.index[0], 'label'] = 1
result = df
","def g(df):
    df['label'] = df.Close.diff().fillna(1).gt(0).astype(int)
    return df

df = g(df.copy())
",Passed,True,0.0,0.0,0.0,,,,[],True,0.0,0.0,[],True,0.0,0.0,0.0,0.0,0.0,[]
DS1000,DS0207,"
import pandas as pd
import numpy as np
df = test_input
result['label'] = df['Close'].diff().apply(lambda x: 1 if x > 0 else (-1 if x < 0 else 0))
result = df
","def g(df):
    label = [1,]
    for i in range(1, len(df)):
        if df.loc[i, 'Close'] > df.loc[i-1, 'Close']:
            label.append(1)
        elif df.loc[i, 'Close'] == df.loc[i-1, 'Close']:
            label.append(0)
        else:
            label.append(-1)
    df['label'] = label
    return df

df = g(df.copy())
",Failed: NameError: name 'result' is not defined,True,0.0,0.0,0.0,,,,[],True,0.0,0.0,[],True,0.0,0.0,0.0,0.0,0.0,[]
DS1000,DS0208,"
import pandas as pd
import numpy as np
df = test_input
df['DateTime'] = pd.to_datetime(df['DateTime']).dt.strftime('%d-%b-%Y')
df['label'] = df['Close'].diff().fillna(0).apply(lambda x: 1 if x > 0 else (-1 if x < 0 else 0))
result = df
","def g(df):
    label = []
    for i in range(len(df)-1):
        if df.loc[i, 'Close'] > df.loc[i+1, 'Close']:
            label.append(1)
        elif df.loc[i, 'Close'] == df.loc[i+1, 'Close']:
            label.append(0)
        else:
            label.append(-1)
    label.append(1)
    df['label'] = label
    df[""DateTime""] = df[""DateTime""].dt.strftime('%d-%b-%Y')
    return df

df = g(df.copy())
",Failed: Logic Error (Assertion failed),True,0.0,0.0,0.0,,,,[],True,0.0,0.0,[],True,0.0,0.0,0.0,0.0,0.0,[]
DS1000,DS0209,"
import pandas as pd
import numpy as np
df = test_input
df['Duration'] = df.groupby('id')['departure_time'].shift(-1) - df['arrival_time']
result = df
","import numpy as np
def g(df):
    df['arrival_time'] = pd.to_datetime(df['arrival_time'].replace('0', np.nan))
    df['departure_time'] = pd.to_datetime(df['departure_time'])
    df['Duration'] = df['arrival_time'] - df.groupby('id')['departure_time'].shift()
    return df

df = g(df.copy())
","Failed: ValueError: time data ""2016-05-19 21:25:00"" doesn't match format "" %Y-%m-%d %H:%M:%S"", at position 2. You might want to try:
    - passing `format` if your strings have a consistent format;
    - passing `format='ISO8601'` if your strings are all ISO8601 but not necessarily in exactly the same format;
    - passing `format='mixed'`, and the format will be inferred for each element individually. You might want to use `dayfirst` alongside this.",True,0.0,0.0,0.0,,,,[],True,0.0,0.0,[],True,0.0,0.0,0.0,0.0,0.0,[]
DS1000,DS0210,"
import pandas as pd
import numpy as np
df = test_input
df['Duration'] = df.groupby('id')['departure_time'].shift(-1) - df['arrival_time']
result = df
","import numpy as np
def g(df):
    df['arrival_time'] = pd.to_datetime(df['arrival_time'].replace('0', np.nan))
    df['departure_time'] = pd.to_datetime(df['departure_time'])
    df['Duration'] = (df['arrival_time'] - df.groupby('id')['departure_time'].shift()).dt.total_seconds()
    return df

df = g(df.copy())
","Failed: ValueError: time data ""2016-05-19 21:25:00"" doesn't match format "" %Y-%m-%d %H:%M:%S"", at position 2. You might want to try:
    - passing `format` if your strings have a consistent format;
    - passing `format='ISO8601'` if your strings are all ISO8601 but not necessarily in exactly the same format;
    - passing `format='mixed'`, and the format will be inferred for each element individually. You might want to use `dayfirst` alongside this.",True,0.0,0.0,0.0,,,,[],True,0.0,0.0,[],True,0.0,0.0,0.0,0.0,0.0,[]
DS1000,DS0211,"
import pandas as pd
import numpy as np
df = test_input
import pandas as pd
import numpy as np

# Assuming test_input is already defined with the provided data
df = pd.DataFrame({
    'id': ['Train A', 'Train A', 'Train A', 'Train B', 'Train B', 'Train B'],
    'arrival_time': [""0"", ""2016-05-19 13:50:00"", ""2016-05-19 21:25:00"", ""0"", ""2016-05-24 18:30:00"", ""2016-05-26 12:15:00""],
    'departure_time': [""2016-05-19 08:25:00"", ""2016-05-19 16:00:00"", ""2016-05-20 07:45:00"", ""2016-05-24 12:50:00"", ""2016-05-25 23:00:00"", ""2016-05-26 19:45:00""]
})

# Convert arrival_time and departure_time to datetime
df['arrival_time'] = pd.to_datetime(df['arrival_time'])
df['departure_time'] = pd.to_datetime(df['departure_time'])

# Calculate the duration in seconds
df['Duration'] = (df['departure_time'] - df['arrival_time']).dt.total_seconds()

# Format the arrival_time and departure_time columns
df['arrival_time'] = df['arrival_time'].dt.strftime('%d-%b-%Y %H:%M:%S')
df['departure_time'] = df['departure_time'].dt.strftime('%d-%b-%Y %H:%M:%S')

# Display the result
result = df
result = df
","import numpy as np
def g(df):
    df['arrival_time'] = pd.to_datetime(df['arrival_time'].replace('0', np.nan))
    df['departure_time'] = pd.to_datetime(df['departure_time'])
    df['Duration'] = (df['arrival_time'] - df.groupby('id')['departure_time'].shift()).dt.total_seconds()
    df[""arrival_time""] = df[""arrival_time""].dt.strftime('%d-%b-%Y %T')
    df[""departure_time""] = df[""departure_time""].dt.strftime('%d-%b-%Y %T')
    return df

df = g(df.copy())
","Failed: ValueError: time data ""2016-05-19 21:25:00"" doesn't match format "" %Y-%m-%d %H:%M:%S"", at position 2. You might want to try:
    - passing `format` if your strings have a consistent format;
    - passing `format='ISO8601'` if your strings are all ISO8601 but not necessarily in exactly the same format;
    - passing `format='mixed'`, and the format will be inferred for each element individually. You might want to use `dayfirst` alongside this.",True,0.0,0.0,0.0,,,,[],True,0.0,0.0,[],True,0.0,0.0,0.0,0.0,0.0,[]
DS1000,DS0212,"
import pandas as pd
import numpy as np
df = test_input
result = df.groupby(['key1'])['key2'].apply(lambda x: (x == 'one').sum())
","def g(df):
    return df.groupby('key1')['key2'].apply(lambda x: (x=='one').sum()).reset_index(name='count')

result = g(df.copy())
",Failed: Logic Error (Assertion failed),True,0.0,0.0,0.0,,,,[],True,0.0,0.0,[],True,0.0,0.0,0.0,0.0,0.0,[]
DS1000,DS0213,"
import pandas as pd
import numpy as np
df = test_input
result = df.groupby(['key1']).apply(lambda x: (x['key2'] == 'two').sum())
","def g(df):
    return df.groupby('key1')['key2'].apply(lambda x: (x=='two').sum()).reset_index(name='count')

result = g(df.copy())
",Failed: Logic Error (Assertion failed),True,0.0,0.0,0.0,,,,[],True,0.0,0.0,[],True,0.0,0.0,0.0,0.0,0.0,[]
DS1000,DS0214,"
import pandas as pd
import numpy as np
df = test_input
result = df.groupby(['key1']).apply(lambda x: (x['key2'] == 'e').sum())
","def g(df):
    return df.groupby('key1')['key2'].apply(lambda x: x.str.endswith('e').sum()).reset_index(name='count')

result = g(df.copy())
",Failed: Logic Error (Assertion failed),True,0.0,0.0,0.0,,,,[],True,0.0,0.0,[],True,0.0,0.0,0.0,0.0,0.0,[]
DS1000,DS0215,"
import pandas as pd
import numpy as np
df = test_input
min_result, max_result = df.index.min(), df.index.max()
result = (max_result, min_result)
","def g(df):
    return df.index.max(), df.index.min()

max_result,min_result = g(df.copy())
",Passed,True,0.0,0.0,0.0,,,,[],True,0.0,0.0,[],True,0.0,0.0,0.0,0.0,0.0,[]
DS1000,DS0216,"
import pandas as pd
import numpy as np
df = test_input
import pandas as pd
import numpy as np

df = pd.DataFrame({'value': [10000.0, 2000.0, 2000.0, 200.0, 200.0, 70.0, 200.0, 200.0, 25.0, 0.020, 12.0, 11.0, 0.022]},
                  index=pd.to_datetime(['2014-03-13', '2014-03-21', '2014-03-27', '2014-03-17', '2014-03-17', '2014-03-17', '2014-03-21', '2014-03-27', '2014-03-27', '2014-03-31', '2014-03-31', '2014-03-31']))

mode_result = df.index.mode()[0]
median_result = df.index.median()

result = (mode_result, median_result)
result = (mode_result, median_result)
","def g(df):
    Date = list(df.index)
    Date = sorted(Date)
    half = len(list(Date)) // 2
    return max(Date, key=lambda v: Date.count(v)), Date[half]

mode_result,median_result = g(df.copy())
",Failed: ValueError: Length of values (13) does not match length of index (12),True,0.0,0.0,0.0,,,,[],True,0.0,0.0,[],True,0.0,0.0,0.0,0.0,0.0,[]
DS1000,DS0217,"
import pandas as pd
import numpy as np
df = test_input
result = df[(99 <= df['closing_price']) & (df['closing_price'] <= 101)]
","def g(df):
    return df.query('99 <= closing_price <= 101')

result = g(df.copy())
",Passed,True,0.0,0.0,0.0,,,,[],True,0.0,0.0,[],True,0.0,0.0,0.0,0.0,0.0,[]
DS1000,DS0218,"
import pandas as pd
import numpy as np
df = test_input
result = df[(df['closing_price'] < 99) | (df['closing_price'] > 101)]
","def g(df):
    return df.query('closing_price < 99 or closing_price > 101')

result = g(df.copy())
",Passed,True,0.0,0.0,0.0,,,,[],True,0.0,0.0,[],True,0.0,0.0,0.0,0.0,0.0,[]
DS1000,DS0219,"
import pandas as pd
import numpy as np
df = test_input
result = df.groupby(""item"", as_index=False).agg({""diff"": ""min"", ""otherstuff"": ""first""})
","def g(df):
    return df.loc[df.groupby(""item"")[""diff""].idxmin()]

result = g(df.copy())
",Failed: Logic Error (Assertion failed),True,0.0,0.0,0.0,,,,[],True,0.0,0.0,[],True,0.0,0.0,0.0,0.0,0.0,[]
DS1000,DS0220,"
import pandas as pd
import numpy as np
df = test_input
result = df['SOURCE_NAME'].str.rsplit('_', n=1, expand=True).iloc[:, 0]
result = df
","def g(df):
    df['SOURCE_NAME'] = df['SOURCE_NAME'].str.rsplit('_', 1).str.get(0)
    return df

df = g(df.copy())
",Failed: TypeError: StringMethods.rsplit() takes from 1 to 2 positional arguments but 3 were given,True,0.0,0.0,0.0,,,,[],True,0.0,0.0,[],True,0.0,0.0,0.0,0.0,0.0,[]
DS1000,DS0221,"
import pandas as pd
import numpy as np
df = test_input
result = df['SOURCE_NAME'].str.rsplit('_', n=1).str[0]
result = df
","def g(df):
    df['SOURCE_NAME'] = df['SOURCE_NAME'].str.rsplit('_', 1).str.get(-1)
    return df

df = g(df.copy())
",Failed: TypeError: StringMethods.rsplit() takes from 1 to 2 positional arguments but 3 were given,True,0.0,0.0,0.0,,,,[],True,0.0,0.0,[],True,0.0,0.0,0.0,0.0,0.0,[]
DS1000,DS0222,"
import pandas as pd
import numpy as np
def f(df):
df['SOURCE_NAME'] = df['SOURCE_NAME'].str.rsplit('_', 1).str[-1]
df = test_input
result = f(df)
","    df['SOURCE_NAME'] = df['SOURCE_NAME'].str.rsplit('_', 1).str.get(0)
    result = df

    return result
",Failed: TypeError: StringMethods.rsplit() takes from 1 to 2 positional arguments but 3 were given,False,0.0,1.0,0.0,IndentationError,5.0,"expected an indented block after function definition on line 4 (<unknown>, line 5)",[],False,0.0,0.0,[],False,0.0,0.0,0.0,0.0,0.0,[]
DS1000,DS0223,"
import pandas as pd
import numpy as np
df = test_input
df['Column_x'] = df['Column_x'].fillna(method='ffill')
df.loc[df['Column_x'].isnull(), 'Column_x'] = df['Column_x'].mode()[0]
result = df
","def g(df):
    idx = df['Column_x'].index[df['Column_x'].isnull()]
    total_nan_len = len(idx)
    first_nan = total_nan_len // 2
    df.loc[idx[0:first_nan], 'Column_x'] = 0
    df.loc[idx[first_nan:total_nan_len], 'Column_x'] = 1
    return df

df = g(df.copy())
",Failed: Logic Error (Assertion failed),True,0.0,0.0,0.0,,,,[],True,0.0,0.0,[],True,0.0,0.0,0.0,0.0,0.0,[]
DS1000,DS0224,"
import pandas as pd
import numpy as np
df = test_input
import pandas as pd
import numpy as np

# Assuming test_input is already defined and loaded into df
df = test_input

# Calculate the number of NaN values
nan_count = df['Column_x'].isna().sum()

# Calculate the number of NaN values to fill in each category
first_30_percent = int(nan_count * 0.3)
middle_30_percent = int(nan_count * 0.3)
last_30_percent = nan_count - first_30_percent - middle_30_percent

# Create a mask for the first 30% of NaN values
mask_first_30 = df['Column_x'].isna() & (df['Column_x'].index < first_30_percent)

# Create a mask for the middle 30% of NaN values
mask_middle_30 = df['Column_x'].isna() & (df['Column_x'].index >= first_30_percent) & (df['Column_x'].index < first_30_percent + middle_30_percent)

# Create a mask for the last 30% of NaN values
mask_last_30 = df['Column_x'].isna() & (df['Column_x'].index >= first_30_percent + middle_30_percent)

# Fill the NaN values based on the masks
df.loc[mask_first_30, 'Column_x'] = 0
df.loc[mask_middle_30, 'Column_x'] = 0.5
df.loc[mask_last_30, 'Column_x'] = 1

result = df
result = df
","def g(df):
    idx = df['Column_x'].index[df['Column_x'].isnull()]
    total_nan_len = len(idx)
    first_nan = (total_nan_len * 3) // 10
    middle_nan = (total_nan_len * 3) // 10
    df.loc[idx[0:first_nan], 'Column_x'] = 0
    df.loc[idx[first_nan:first_nan + middle_nan], 'Column_x'] = 0.5
    df.loc[idx[first_nan + middle_nan:total_nan_len], 'Column_x'] = 1
    return df

df = g(df.copy())
",Failed: Logic Error (Assertion failed),True,0.0,0.0,0.0,,,,[],True,0.0,0.0,[],True,0.0,0.0,0.0,0.0,0.0,[]
DS1000,DS0225,"
import pandas as pd
import numpy as np
df = test_input
df['Column_x'] = df['Column_x'].fillna(0)
df.loc[df['Column_x'].isna(), 'Column_x'] = 1
result = df
","def g(df):
    total_len = len(df)
    zero_len = (df['Column_x'] == 0).sum()
    idx = df['Column_x'].index[df['Column_x'].isnull()]
    total_nan_len = len(idx)
    first_nan = (total_len // 2) - zero_len
    df.loc[idx[0:first_nan], 'Column_x'] = 0
    df.loc[idx[first_nan:total_nan_len], 'Column_x'] = 1
    return df

df = g(df.copy())
",Failed: Logic Error (Assertion failed),True,0.0,0.0,0.0,,,,[],True,0.0,0.0,[],True,0.0,0.0,0.0,0.0,0.0,[]
DS1000,DS0226,"
import pandas as pd
import numpy as np
a,b = test_input
result = pd.DataFrame(list(zip(a.values.tolist(), b.values.tolist())), columns=['one', 'two'])
","def g(a,b):
    return pd.DataFrame(np.rec.fromarrays((a.values, b.values)).tolist(),columns=a.columns,index=a.index)

result = g(a.copy(),b.copy())
",Failed: Logic Error (Assertion failed),True,0.0,0.0,0.0,,,,[],True,0.0,0.0,[],True,0.0,0.0,0.0,0.0,0.0,[]
DS1000,DS0227,"
import pandas as pd
import numpy as np
a,b,c = test_input
result = pd.DataFrame(list(zip(a['one'], b['one'], c['one'])), columns=['one'])
result['two'] = list(zip(a['two'], b['two'], c['two']))
","def g(a,b,c):
    return pd.DataFrame(np.rec.fromarrays((a.values, b.values, c.values)).tolist(),columns=a.columns,index=a.index)

result = g(a.copy(),b.copy(), c.copy())
","Failed: ValueError: 1 columns passed, passed data had 3 columns",True,0.0,0.0,0.0,,,,[],True,0.0,0.0,[],True,0.0,0.0,0.0,0.0,0.0,[]
DS1000,DS0228,"
import pandas as pd
import numpy as np
a,b = test_input
result = pd.DataFrame(list(zip(a['one'], b['two'])), columns=['one', 'two'])
","def g(a,b):
    if len(a) < len(b):
        a = a.append(pd.DataFrame(np.array([[np.nan, np.nan]*(len(b)-len(a))]), columns=a.columns), ignore_index=True)
    elif len(a) > len(b):
        b = b.append(pd.DataFrame(np.array([[np.nan, np.nan]*(len(a)-len(b))]), columns=a.columns), ignore_index=True)
    return pd.DataFrame(np.rec.fromarrays((a.values, b.values)).tolist(), columns=a.columns, index=a.index)

result = g(a.copy(),b.copy())",Failed: Logic Error (Assertion failed),True,0.0,0.0,0.0,,,,[],True,0.0,0.0,[],True,0.0,0.0,0.0,0.0,0.0,[]
DS1000,DS0229,"
import pandas as pd
import numpy as np
df, bins = test_input
result = df.groupby([pd.cut(df.views, bins), 'username']).size().unstack(fill_value=0)
","def g(df, bins):
    groups = df.groupby(['username', pd.cut(df.views, bins)])
    return groups.size().unstack()

result = g(df.copy(),bins.copy())
",Failed: Logic Error (Assertion failed),True,0.0,0.0,0.0,,,,[],True,0.0,0.0,[],True,0.0,0.0,0.0,0.0,0.0,[]
DS1000,DS0230,"
import pandas as pd
import numpy as np
df, bins = test_input
result = df.groupby([pd.cut(df.views, bins), 'username']).size().unstack(fill_value=0)
","def g(df, bins):
    groups = df.groupby(['username', pd.cut(df.views, bins)])
    return groups.size().unstack()

result = g(df.copy(),bins.copy())
",Failed: Logic Error (Assertion failed),True,0.0,0.0,0.0,,,,[],True,0.0,0.0,[],True,0.0,0.0,0.0,0.0,0.0,[]
DS1000,DS0231,"
import pandas as pd
import numpy as np
df, bins = test_input
result = df.groupby([pd.cut(df.views, bins), 'username']).size().unstack(fill_value=0)
","def g(df, bins):
    groups = df.groupby(['username', pd.cut(df.views, bins)])
    return groups.size().unstack()

result = g(df.copy(),bins.copy())
",Failed: Logic Error (Assertion failed),True,0.0,0.0,0.0,,,,[],True,0.0,0.0,[],True,0.0,0.0,0.0,0.0,0.0,[]
DS1000,DS0232,"
import pandas as pd
import numpy as np
df = test_input
result = df['text'].str.join(', ')
","def g(df):
    return pd.DataFrame({'text': [', '.join(df['text'].str.strip('""').tolist())]})

result = g(df.copy())
",Failed: Logic Error (Assertion failed),True,0.0,0.0,0.0,,,,[],True,0.0,0.0,[],True,0.0,0.0,0.0,0.0,0.0,[]
DS1000,DS0233,"
import pandas as pd
import numpy as np
df = test_input
result = df['text'].str.join('-')
","def g(df):
    return pd.DataFrame({'text': ['-'.join(df['text'].str.strip('""').tolist())]})

result = g(df.copy())
",Failed: Logic Error (Assertion failed),True,0.0,0.0,0.0,,,,[],True,0.0,0.0,[],True,0.0,0.0,0.0,0.0,0.0,[]
DS1000,DS0234,"
import pandas as pd
import numpy as np
df = test_input
result = df['text'].str.join(', ')
","def g(df):
    return pd.DataFrame({'text': [', '.join(df['text'].str.strip('""').tolist()[::-1])]})

result = g(df.copy())
",Failed: Logic Error (Assertion failed),True,0.0,0.0,0.0,,,,[],True,0.0,0.0,[],True,0.0,0.0,0.0,0.0,0.0,[]
DS1000,DS0235,"
import pandas as pd
import numpy as np
df = test_input
result = df['text'].str.join(',')
","def g(df):
    return pd.Series(', '.join(df['text'].to_list()), name='text')

result = g(df.copy())
",Failed: Logic Error (Assertion failed),True,0.0,0.0,0.0,,,,[],True,0.0,0.0,[],True,0.0,0.0,0.0,0.0,0.0,[]
DS1000,DS0236,"
import pandas as pd
import numpy as np
df = test_input
result = df['text'].str.join('-')
","def g(df):
    return pd.Series('-'.join(df['text'].to_list()[::-1]), name='text')

result = g(df.copy())
",Failed: Logic Error (Assertion failed),True,0.0,0.0,0.0,,,,[],True,0.0,0.0,[],True,0.0,0.0,0.0,0.0,0.0,[]
DS1000,DS0237,"
import pandas as pd
import numpy as np
df1, df2 = test_input
result = pd.merge(df1, df2, on=['id', 'date'], how='left')
","def g(df1, df2):
    return pd.concat([df1,df2.merge(df1[['id','city','district']], how='left', on='id')],sort=False).reset_index(drop=True)

result = g(df1.copy(),df2.copy())
",Failed: Logic Error (Assertion failed),True,0.0,0.0,0.0,,,,[],True,0.0,0.0,[],True,0.0,0.0,0.0,0.0,0.0,[]
DS1000,DS0238,"
import pandas as pd
import numpy as np
df1, df2 = test_input
result = pd.merge(df1, df2, on='id', how='outer').sort_values(by=['id', 'date']).reset_index(drop=True)
result['date'] = pd.to_datetime(result['date']).dt.strftime('%d-%b-%Y')
","def g(df1, df2):
    df = pd.concat([df1,df2.merge(df1[['id','city','district']], how='left', on='id')],sort=False).reset_index(drop=True)
    df['date'] = pd.to_datetime(df['date'])
    df['date'] = df['date'].dt.strftime('%d-%b-%Y')
    return df.sort_values(by=['id','date']).reset_index(drop=True)

result = g(df1.copy(),df2.copy())
",Failed: KeyError: 'date',True,0.0,0.0,0.0,,,,[],True,0.0,0.0,[],True,0.0,0.0,0.0,0.0,0.0,[]
DS1000,DS0239,"
import pandas as pd
import numpy as np
df1, df2 = test_input
result = pd.merge(df1, df2, on=['id', 'date'], how='outer').sort_values(by=['id', 'date']).reset_index(drop=True)
","def g(df1, df2):
    df = pd.concat([df1,df2.merge(df1[['id','city','district']], how='left', on='id')],sort=False).reset_index(drop=True)
    return df.sort_values(by=['id','date']).reset_index(drop=True)

result = g(df1.copy(),df2.copy())
",Failed: Logic Error (Assertion failed),True,0.0,0.0,0.0,,,,[],True,0.0,0.0,[],True,0.0,0.0,0.0,0.0,0.0,[]
DS1000,DS0240,"
import pandas as pd
import numpy as np
C, D = test_input
result = pd.merge(C, D, how='left', on='A')
","def g(C, D):
    return pd.concat([C,D]).drop_duplicates('A', keep='last').sort_values(by=['A']).reset_index(drop=True)

result = g(C.copy(),D.copy())
",Failed: Logic Error (Assertion failed),True,0.0,0.0,0.0,,,,[],True,0.0,0.0,[],True,0.0,0.0,0.0,0.0,0.0,[]
DS1000,DS0241,"
import pandas as pd
import numpy as np
C, D = test_input
result = C.merge(D, how='left', on='A')
","def g(C, D):
    return pd.concat([C,D]).drop_duplicates('A', keep='first').sort_values(by=['A']).reset_index(drop=True)

result = g(C.copy(),D.copy())
",Failed: Logic Error (Assertion failed),True,0.0,0.0,0.0,,,,[],True,0.0,0.0,[],True,0.0,0.0,0.0,0.0,0.0,[]
DS1000,DS0242,"
import pandas as pd
import numpy as np
C, D = test_input
result = pd.merge(C, D, how='left', on='A').fillna(method='ffill')
result['duplicated'] = result['A'].eq(result['B_x'])
","def g(C, D):
    df = pd.concat([C,D]).drop_duplicates('A', keep='last').sort_values(by=['A']).reset_index(drop=True)
    for i in range(len(C)):
        if df.loc[i, 'A'] in D.A.values:
            df.loc[i, 'dulplicated'] = True
        else:
            df.loc[i, 'dulplicated'] = False
    for i in range(len(C), len(df)):
        df.loc[i, 'dulplicated'] = False
    return df

result = g(C.copy(),D.copy())
",Failed: Logic Error (Assertion failed),True,0.0,0.0,0.0,,,,[],True,0.0,0.0,[],True,0.0,0.0,0.0,0.0,0.0,[]
DS1000,DS0243,"
import pandas as pd
import numpy as np
df = test_input
result = df.groupby('user').agg({'time': lambda x: x.tolist(), 'amount': lambda x: x.tolist()}).apply(lambda x: list(zip(x['time'], x['amount'])))
","def g(df):
    return df.groupby('user')[['time', 'amount']].apply(lambda x: x.values.tolist())

result = g(df.copy())
",Failed: KeyError: 'time',True,0.0,0.0,0.0,,,,[],True,0.0,0.0,[],True,0.0,0.0,0.0,0.0,0.0,[]
DS1000,DS0244,"
import pandas as pd
import numpy as np
df = test_input
result = df.groupby('user').agg({'time': lambda x: x.tolist(), 'amount': lambda x: x.tolist()}).apply(lambda x: list(zip(x['time'], x['amount'])))
","def g(df):
    return df.groupby('user')[['time', 'amount']].apply(lambda x: x.values.tolist()).to_frame(name='amount-time-tuple')

result = g(df.copy())
",Failed: KeyError: 'time',True,0.0,0.0,0.0,,,,[],True,0.0,0.0,[],True,0.0,0.0,0.0,0.0,0.0,[]
DS1000,DS0245,"
import pandas as pd
import numpy as np
df = test_input
result = df.groupby('user').agg({'time': lambda x: x.tolist(), 'amount': lambda x: x.tolist()}).apply(lambda x: list(zip(x['time'], x['amount'])))
","def g(df):
    return df.groupby('user')[['time', 'amount']].apply(lambda x: x.values.tolist()[::-1]).to_frame(name='amount-time-tuple')

result = g(df.copy())
",Failed: KeyError: 'time',True,0.0,0.0,0.0,,,,[],True,0.0,0.0,[],True,0.0,0.0,0.0,0.0,0.0,[]
DS1000,DS0246,"
import pandas as pd
import numpy as np
series = test_input
df_concatenated = pd.DataFrame(series.tolist(), index=series.index)
result = df
","def g(s):
    return pd.DataFrame.from_records(s.values,index=s.index)

df = g(series.copy())
",Failed: NameError: name 'df' is not defined,True,0.0,0.0,0.0,,,,[],True,0.0,0.0,[],True,0.0,0.0,0.0,0.0,0.0,[]
DS1000,DS0247,"
import pandas as pd
import numpy as np
series = test_input
df_concatenated = pd.DataFrame(series.tolist(), index=series.index)
result = df
","def g(s):
    return pd.DataFrame.from_records(s.values,index=s.index).reset_index().rename(columns={'index': 'name'})

df = g(series.copy())
",Failed: NameError: name 'df' is not defined,True,0.0,0.0,0.0,,,,[],True,0.0,0.0,[],True,0.0,0.0,0.0,0.0,0.0,[]
DS1000,DS0248,"
import pandas as pd
import numpy as np
df, s = test_input
result = [col for col in df.columns if 'spike' in col]
","def g(df, s):
    spike_cols = [col for col in df.columns if s in col and col != s]
    return spike_cols

result = g(df.copy(),s)
",Failed: Logic Error (Assertion failed),True,0.0,0.0,0.0,,,,[],True,0.0,0.0,[],True,0.0,0.0,0.0,0.0,0.0,[]
DS1000,DS0249,"
import pandas as pd
import numpy as np
df, s = test_input
result = df[df.columns.str.contains('spike', regex=True)]
","def g(df, s):
    spike_cols = [col for col in df.columns if s in col and col != s]
    return df[spike_cols]

result = g(df.copy(),s)
",Failed: ValueError: Item wrong length 5 instead of 3.,True,0.0,0.0,0.0,,,,[],True,0.0,0.0,[],True,0.0,0.0,0.0,0.0,0.0,[]
DS1000,DS0250,"
import pandas as pd
import numpy as np
df, s = test_input
result = df.filter(like='spike').columns.str.extract(r'(\d+)', expand=False)
result.columns = ['spike' + str(i) for i in range(1, len(result.columns) + 1)]
","def g(df, s):
    spike_cols = [s for col in df.columns if s in col and s != col]
    for i in range(len(spike_cols)):
        spike_cols[i] = spike_cols[i]+str(i+1)
    result = df[[col for col in df.columns if s in col and col != s]]
    result.columns = spike_cols
    return result

result = g(df.copy(),s)
",Failed: AttributeError: 'Index' object has no attribute 'columns',True,0.0,0.0,0.0,,,,[],True,0.0,0.0,[],True,0.0,0.0,0.0,0.0,0.0,[]
DS1000,DS0251,"
import pandas as pd
import numpy as np
df = test_input
result = pd.DataFrame(df['codes'].apply(pd.Series).to_dict(orient='records'))
","def g(df):
    return df.codes.apply(pd.Series).add_prefix('code_')

result = g(df.copy())
",Failed: Logic Error (Assertion failed),True,0.0,0.0,0.0,,,,[],True,0.0,0.0,[],True,0.0,0.0,0.0,0.0,0.0,[]
DS1000,DS0252,"
import pandas as pd
import numpy as np
df = test_input
result = pd.DataFrame(df['codes'].tolist(), columns=[f'code_{i+1}' for i in range(len(df['codes'][0]))])
","def g(df):
    df = df.codes.apply(pd.Series)
    cols = list(df)
    for i in range(len(cols)):
        cols[i]+=1
    df.columns = cols
    return df.add_prefix('code_')

result = g(df.copy())
","Failed: ValueError: 1 columns passed, passed data had 3 columns",True,0.0,0.0,0.0,,,,[],True,0.0,0.0,[],True,0.0,0.0,0.0,0.0,0.0,[]
DS1000,DS0253,"
import pandas as pd
import numpy as np
df = test_input
result = df['codes'].apply(pd.Series).fillna(0).astype(float)
","def g(df):
    for i in df.index:
        df.loc[i, 'codes'] = sorted(df.loc[i, 'codes'])
    df = df.codes.apply(pd.Series)
    cols = list(df)
    for i in range(len(cols)):
        cols[i]+=1
    df.columns = cols
    return df.add_prefix('code_')

result = g(df.copy())
",Failed: Logic Error (Assertion failed),True,0.0,0.0,0.0,,,,[],True,0.0,0.0,[],True,0.0,0.0,0.0,0.0,0.0,[]
DS1000,DS0254,"
import pandas as pd
import numpy as np
df = test_input
result = df['User IDs'].apply(lambda x: x).tolist()
","def g(df):
    return df.col1.sum()

result = g(df.copy())
",Failed: KeyError: 'User IDs',True,0.0,0.0,0.0,,,,[],True,0.0,0.0,[],True,0.0,0.0,0.0,0.0,0.0,[]
DS1000,DS0255,"
import pandas as pd
import numpy as np
df = test_input
result = ','.join(map(str, df['User IDs'].tolist()))
","def g(df):
    for i in df.index:
        df.loc[i, 'col1'] = df.loc[i, 'col1'][::-1]
    L = df.col1.sum()
    L = map(lambda x:str(x), L)
    return ','.join(L)

result = g(df.copy())
",Failed: KeyError: 'User IDs',True,0.0,0.0,0.0,,,,[],True,0.0,0.0,[],True,0.0,0.0,0.0,0.0,0.0,[]
DS1000,DS0256,"
import pandas as pd
import numpy as np
df = test_input
result = ','.join(map(str, df['User IDs'].tolist()))
","def g(df):
    L = df.col1.sum()
    L = map(lambda x:str(x), L)
    return ','.join(L)

result = g(df.copy())
",Failed: KeyError: 'User IDs',True,0.0,0.0,0.0,,,,[],True,0.0,0.0,[],True,0.0,0.0,0.0,0.0,0.0,[]
DS1000,DS0257,"
import pandas as pd
import numpy as np
df = test_input
result = df.resample('2T').mean()
result = df
","def g(df):
    df.set_index('Time', inplace=True)
    df_group = df.groupby(pd.Grouper(level='Time', freq='2T'))['Value'].agg('mean')
    df_group.dropna(inplace=True)
    df_group = df_group.to_frame().reset_index()
    return df_group

df = g(df.copy())
","Failed: TypeError: Only valid with DatetimeIndex, TimedeltaIndex or PeriodIndex, but got an instance of 'RangeIndex'",True,0.0,0.0,0.0,,,,[],True,0.0,0.0,[],True,0.0,0.0,0.0,0.0,0.0,[]
DS1000,DS0258,"
import pandas as pd
import numpy as np
df = test_input
result = df.resample('3T').sum()
result = df
","def g(df):
    df.set_index('Time', inplace=True)
    df_group = df.groupby(pd.Grouper(level='Time', freq='3T'))['Value'].agg('sum')
    df_group.dropna(inplace=True)
    df_group = df_group.to_frame().reset_index()
    return df_group

df = g(df.copy())","Failed: TypeError: Only valid with DatetimeIndex, TimedeltaIndex or PeriodIndex, but got an instance of 'RangeIndex'",True,0.0,0.0,0.0,,,,[],True,0.0,0.0,[],True,0.0,0.0,0.0,0.0,0.0,[]
DS1000,DS0259,"
import pandas as pd
import numpy as np
df = test_input
df['RANK'] = df.groupby('ID')['TIME'].rank(ascending=True)
result = df
","def g(df):
    df['TIME'] = pd.to_datetime(df['TIME'])
    df['RANK'] = df.groupby('ID')['TIME'].rank(ascending=True)
    return df

df = g(df.copy())
",Failed: Logic Error (Assertion failed),True,0.0,0.0,0.0,,,,[],True,0.0,0.0,[],True,0.0,0.0,0.0,0.0,0.0,[]
DS1000,DS0260,"
import pandas as pd
import numpy as np
df = test_input
df['RANK'] = df.groupby('ID')['TIME'].rank(method='dense', ascending=False)
result = df
","def g(df):
    df['TIME'] = pd.to_datetime(df['TIME'])
    df['RANK'] = df.groupby('ID')['TIME'].rank(ascending=False)
    return df

df = g(df.copy())
",Failed: Logic Error (Assertion failed),True,0.0,0.0,0.0,,,,[],True,0.0,0.0,[],True,0.0,0.0,0.0,0.0,0.0,[]
DS1000,DS0261,"
import pandas as pd
import numpy as np
df = test_input
df['TIME'] = pd.to_datetime(df['TIME']).dt.strftime('%d-%b-%Y %a %H:%M:%S')
df['RANK'] = df.groupby('ID')['TIME'].rank(ascending=False)
result = df
","def g(df):
    df['TIME'] = pd.to_datetime(df['TIME'])
    df['TIME'] = df['TIME'].dt.strftime('%d-%b-%Y %a %T')
    df['RANK'] = df.groupby('ID')['TIME'].rank(ascending=False)
    return df

df = g(df.copy())
",Passed,True,0.0,0.0,0.0,,,,[],True,0.0,0.0,[],True,0.0,0.0,0.0,0.0,0.0,[]
DS1000,DS0262,"
import pandas as pd
import numpy as np
df, filt = test_input
result = df.loc[filt]
","def g(df, filt):
    return df[filt[df.index.get_level_values('a')].values]

result = g(df.copy(), filt.copy())
",Failed: IndexingError: Unalignable boolean Series provided as indexer (index of the boolean Series and of the indexed object do not match).,True,0.0,0.0,0.0,,,,[],True,0.0,0.0,[],True,0.0,0.0,0.0,0.0,0.0,[]
DS1000,DS0263,"
import pandas as pd
import numpy as np
df, filt = test_input
result = df.loc[filt]
","def g(df, filt):
    df = df[filt[df.index.get_level_values('a')].values]
    return df[filt[df.index.get_level_values('b')].values]

result = g(df.copy(), filt.copy())
",Failed: IndexingError: Unalignable boolean Series provided as indexer (index of the boolean Series and of the indexed object do not match).,True,0.0,0.0,0.0,,,,[],True,0.0,0.0,[],True,0.0,0.0,0.0,0.0,0.0,[]
DS1000,DS0264,"
import pandas as pd
import numpy as np
df = test_input
result = df.iloc[0].isin(df.iloc[8]) & ~df.iloc[0].isna()
","def g(df):
    return df.columns[df.iloc[0,:].fillna('Nan') != df.iloc[8,:].fillna('Nan')]

result = g(df.copy())
",Failed: Logic Error (Assertion failed),True,0.0,0.0,0.0,,,,[],True,0.0,0.0,[],True,0.0,0.0,0.0,0.0,0.0,[]
DS1000,DS0265,"
import pandas as pd
import numpy as np
df = test_input
result = df.iloc[0].eq(df.iloc[8], na_equal=True)
","def g(df):
    return df.columns[df.iloc[0,:].fillna('Nan') == df.iloc[8,:].fillna('Nan')]

result = g(df.copy())
",Failed: TypeError: Series.eq() got an unexpected keyword argument 'na_equal',True,0.0,0.0,0.0,,,,[],True,0.0,0.0,[],True,0.0,0.0,0.0,0.0,0.0,[]
DS1000,DS0266,"
import pandas as pd
import numpy as np
df = test_input
result = df.iloc[0].isin(df.iloc[8]) & ~df.iloc[0].isna()
","def g(df):
    return (df.columns[df.iloc[0,:].fillna('Nan') != df.iloc[8,:].fillna('Nan')]).values.tolist()

result = g(df.copy())
",Failed: Logic Error (Assertion failed),True,0.0,0.0,0.0,,,,[],True,0.0,0.0,[],True,0.0,0.0,0.0,0.0,0.0,[]
DS1000,DS0267,"
import pandas as pd
import numpy as np
df = test_input
result = [(a, b) for a, b in zip(df.iloc[0], df.iloc[8]) if not pd.isclose(a, b)]
","def g(df):
    cols = (df.columns[df.iloc[0,:].fillna('Nan') != df.iloc[8,:].fillna('Nan')]).values
    result = []
    for col in cols:
        result.append((df.loc[0, col], df.loc[8, col]))
    return result

result = g(df.copy())
",Failed: AttributeError: module 'pandas' has no attribute 'isclose',True,0.0,0.0,0.0,,,,[],True,0.0,0.0,[],True,0.0,1.0,0.0,0.0,1.0,"[{'type': 'attribute_error', 'object': 'pd', 'attribute': 'isclose', 'line': 5}]"
DS1000,DS0268,"
import pandas as pd
import numpy as np
df = test_input
result = df.set_index('Date')['Value']
result = ts
","def g(df):
    return pd.Series(df['Value'].values, index=df['Date'])

ts = g(df.copy())
",Failed: NameError: name 'ts' is not defined,True,0.0,0.0,0.0,,,,[],True,0.0,0.0,[],True,0.0,0.0,0.0,0.0,0.0,[]
DS1000,DS0269,"
import pandas as pd
import numpy as np
df = test_input
result = df.stack().reset_index(name='value')
result = df
","def g(df):
    df.index += 1
    df_out = df.stack()
    df.index -= 1
    df_out.index = df_out.index.map('{0[1]}_{0[0]}'.format)
    return df_out.to_frame().T

df = g(df.copy())
",Failed: Logic Error (Assertion failed),True,0.0,0.0,0.0,,,,[],True,0.0,0.0,[],True,0.0,0.0,0.0,0.0,0.0,[]
DS1000,DS0270,"
import pandas as pd
import numpy as np
df = test_input
result = df.stack().reset_index(name='value')
result = df
","def g(df):
    df_out = df.stack()
    df_out.index = df_out.index.map('{0[1]}_{0[0]}'.format)
    return df_out.to_frame().T

df = g(df.copy())
",Failed: Logic Error (Assertion failed),True,0.0,0.0,0.0,,,,[],True,0.0,0.0,[],True,0.0,0.0,0.0,0.0,0.0,[]
DS1000,DS0271,"
import pandas as pd
import numpy as np
df = test_input
df['dogs'] = df['dogs'].round(2)
result = df
","def g(df):
    df['dogs'] = df['dogs'].apply(lambda x: round(x,2) if str(x) != '<NA>' else x)
    return df

df = g(df.copy())
",Failed: Logic Error (Assertion failed),True,0.0,0.0,0.0,,,,[],True,0.0,0.0,[],True,0.0,0.0,0.0,0.0,0.0,[]
DS1000,DS0272,"
import pandas as pd
import numpy as np
df = test_input
df['dogs'] = df['dogs'].apply(lambda x: round(x, 2) if pd.notna(x) else x)
df['cats'] = df['cats'].apply(lambda x: round(x, 2) if pd.notna(x) else x)
result = df
","def g(df):
    for i in df.index:
        if str(df.loc[i, 'dogs']) != '<NA>' and str(df.loc[i, 'cats']) != '<NA>':
            df.loc[i, 'dogs'] = round(df.loc[i, 'dogs'], 2)
            df.loc[i, 'cats'] = round(df.loc[i, 'cats'], 2)
    return df

df = g(df.copy())
",Failed: Logic Error (Assertion failed),True,0.0,0.0,0.0,,,,[],True,0.0,0.0,[],True,0.0,0.0,0.0,0.0,0.0,[]
DS1000,DS0273,"
import pandas as pd
import numpy as np
df, list_of_my_columns = test_input
result = df[list_of_my_columns].sum(axis=1)
result = df
","def g(df, list_of_my_columns):
    df['Sum'] = df[list_of_my_columns].sum(axis=1)
    return df

df = g(df.copy(),list_of_my_columns.copy())
",Failed: Logic Error (Assertion failed),True,0.0,0.0,0.0,,,,[],True,0.0,0.0,[],True,0.0,0.0,0.0,0.0,0.0,[]
DS1000,DS0274,"
import pandas as pd
import numpy as np
df, list_of_my_columns = test_input
result['Avg'] = df[list_of_my_columns].mean(axis=1)
result = df
","def g(df, list_of_my_columns):
    df['Avg'] = df[list_of_my_columns].mean(axis=1)
    return df

df = g(df.copy(),list_of_my_columns.copy())
",Failed: NameError: name 'result' is not defined,True,0.0,0.0,0.0,,,,[],True,0.0,0.0,[],True,0.0,0.0,0.0,0.0,0.0,[]
DS1000,DS0275,"
import pandas as pd
import numpy as np
df, list_of_my_columns = test_input
result['Avg'] = df[list_of_my_columns].mean(axis=1)
result['Min'] = df[list_of_my_columns].min(axis=1)
result['Max'] = df[list_of_my_columns].max(axis=1)
result['Median'] = df[list_of_my_columns].median(axis=1)
result = df
","def g(df, list_of_my_columns):
    df['Avg'] = df[list_of_my_columns].mean(axis=1)
    df['Min'] = df[list_of_my_columns].min(axis=1)
    df['Max'] = df[list_of_my_columns].max(axis=1)
    df['Median'] = df[list_of_my_columns].median(axis=1)
    return df

df = g(df.copy(),list_of_my_columns.copy())
",Failed: NameError: name 'result' is not defined,True,0.0,0.0,0.0,,,,[],True,0.0,0.0,[],True,0.0,0.0,0.0,0.0,0.0,[]
DS1000,DS0276,"
import pandas as pd
import numpy as np
df = test_input
result = df.sort_index(level='time')
","def g(df):
    return df.sort_index(level='time')

result = g(df.copy())
",Passed,True,0.0,0.0,0.0,,,,[],True,0.0,0.0,[],True,0.0,0.0,0.0,0.0,0.0,[]
DS1000,DS0277,"
import pandas as pd
import numpy as np
df = test_input
result = df.sort_values(by='VIM', kind='mergesort')
","def g(df):
    return df.sort_values('VIM')

result = g(df.copy())
",Passed,True,0.0,0.0,0.0,,,,[],True,0.0,0.0,[],True,0.0,0.0,0.0,0.0,0.0,[]
DS1000,DS0278,"
import pandas as pd
import numpy as np
df = test_input
result = sp[~sp.index.isin(['2020-02-17', '2020-02-18'])]
","def g(df):
    to_delete = ['2020-02-17', '2020-02-18']
    return df[~(df.index.strftime('%Y-%m-%d').isin(to_delete))]

result = g(df.copy())
",Failed: NameError: name 'sp' is not defined,True,0.0,0.0,0.0,,,,[],True,0.0,0.0,[],True,0.0,0.0,0.0,0.0,0.0,[]
DS1000,DS0279,"
import pandas as pd
import numpy as np
df = test_input
result = sp[~sp.index.isin(['2020-02-17', '2020-02-18'])]
","def g(df):
    to_delete = ['2020-02-17', '2020-02-18']
    df = df[~(df.index.strftime('%Y-%m-%d').isin(to_delete))]
    df.index = df.index.strftime('%d-%b-%Y %A')
    return df

result = g(df.copy())
",Failed: NameError: name 'sp' is not defined,True,0.0,0.0,0.0,,,,[],True,0.0,0.0,[],True,0.0,0.0,0.0,0.0,0.0,[]
DS1000,DS0280,"
import pandas as pd
import numpy as np
corr = test_input
result = corr[corr > 0.3]
","def g(corr):
    corr_triu = corr.where(~np.tril(np.ones(corr.shape)).astype(bool))
    corr_triu = corr_triu.stack()
    corr_triu.name = 'Pearson Correlation Coefficient'
    corr_triu.index.names = ['Col1', 'Col2']
    return corr_triu[corr_triu > 0.3].to_frame()

result = g(corr.copy())
",Failed: Logic Error (Assertion failed),True,0.0,0.0,0.0,,,,[],True,0.0,0.0,[],True,0.0,0.0,0.0,0.0,0.0,[]
DS1000,DS0281,"
import pandas as pd
import numpy as np
corr = test_input
result = corr[corr > 0.3]
","def g(corr):
    corr_triu = corr.where(~np.tril(np.ones(corr.shape)).astype(bool))
    corr_triu = corr_triu.stack()
    return corr_triu[corr_triu > 0.3]

result = g(corr.copy())
",Failed: Logic Error (Assertion failed),True,0.0,0.0,0.0,,,,[],True,0.0,0.0,[],True,0.0,0.0,0.0,0.0,0.0,[]
DS1000,DS0282,"
import pandas as pd
import numpy as np
df = test_input
result = df.rename(columns={df.columns[-1]: 'Test'})
","def g(df):
    return df.set_axis([*df.columns[:-1], 'Test'], axis=1, inplace=False)

result = g(df.copy())
",Failed: TypeError: DataFrame.set_axis() got an unexpected keyword argument 'inplace',True,0.0,0.0,0.0,,,,[],True,0.0,0.0,[],True,0.0,0.0,0.0,0.0,0.0,[]
DS1000,DS0283,"
import pandas as pd
import numpy as np
df = test_input
result = df.rename(columns={df.columns[0]: 'Test'})
","def g(df):
    return df.set_axis(['Test', *df.columns[1:]], axis=1, inplace=False)

result = g(df.copy())
",Failed: TypeError: DataFrame.set_axis() got an unexpected keyword argument 'inplace',True,0.0,0.0,0.0,,,,[],True,0.0,0.0,[],True,0.0,0.0,0.0,0.0,0.0,[]
DS1000,DS0284,"
import pandas as pd
import numpy as np
df = test_input
result['frequent'] = df.apply(lambda row: row.idxmax(), axis=1)
result['freq_count'] = df.apply(lambda row: row[row == row.max()].count(), axis=1)
result = df
","def g(df):
    df['frequent'] = df.mode(axis=1)
    for i in df.index:
        df.loc[i, 'freq_count'] = (df.iloc[i]==df.loc[i, 'frequent']).sum() - 1
    return df

df = g(df.copy())
",Failed: NameError: name 'result' is not defined,True,0.0,0.0,0.0,,,,[],True,0.0,0.0,[],True,0.0,0.0,0.0,0.0,0.0,[]
DS1000,DS0285,"
import pandas as pd
import numpy as np
df = test_input
result['frequent'] = df.apply(lambda row: row.mode()[0], axis=1)
result['freq_count'] = df.apply(lambda row: row[row == row.mode()[0]].count(), axis=1)
result = df
","def g(df):
    df['frequent'] = df.mode(axis=1)
    for i in df.index:
        df.loc[i, 'freq_count'] = (df.iloc[i]==df.loc[i, 'frequent']).sum() - 1
    return df

df = g(df.copy())
",Failed: NameError: name 'result' is not defined,True,0.0,0.0,0.0,,,,[],True,0.0,0.0,[],True,0.0,0.0,0.0,0.0,0.0,[]
DS1000,DS0286,"
import pandas as pd
import numpy as np
df = test_input
result['frequent'] = df.apply(lambda x: sorted(x['frequent']), axis=1)
for i in df.index:
    df.at[i, 'frequent'] = sorted(df.at[i, 'frequent'])
result = df
","def g(df):
    cols = list(df)
    Mode = df.mode(axis=1)
    df['frequent'] = df['bit1'].astype(object)
    for i in df.index:
        df.at[i, 'frequent'] = []
    for i in df.index:
        for col in list(Mode):
            if pd.isna(Mode.loc[i, col])==False:
                df.at[i, 'frequent'].append(Mode.loc[i, col])
        df.at[i, 'frequent'] = sorted(df.at[i, 'frequent'])
        df.loc[i, 'freq_count'] = (df[cols].iloc[i]==df.loc[i, 'frequent'][0]).sum()
    return df

df = g(df.copy())
",Failed: KeyError: 'frequent',True,0.0,0.0,0.0,,,,[],True,0.0,0.0,[],True,0.0,0.0,0.0,0.0,0.0,[]
DS1000,DS0287,"
import pandas as pd
import numpy as np
df = test_input
result = df.groupby([""id1"", ""id2""]).agg({""foo"": ""mean"", ""bar"": ""mean""})
","def g(df):
    df['bar'] = pd.to_numeric(df['bar'], errors='coerce')
    res = df.groupby([""id1"", ""id2""])[[""foo"", ""bar""]].mean()
    return res

result = g(df.copy())
","Failed: TypeError: agg function failed [how->mean,dtype->object]",True,0.0,0.0,0.0,,,,[],True,0.0,0.0,[],True,0.0,0.0,0.0,0.0,0.0,[]
DS1000,DS0288,"
import pandas as pd
import numpy as np
df = test_input
result = df.groupby([""id1"", ""id2""]).agg({""foo"": ""mean"", ""bar"": lambda x: x.fillna(0).mean()})
","def g(df):
    df['bar'] = df['bar'].replace(""NULL"", 0)
    res = df.groupby([""id1"", ""id2""])[[""foo"", ""bar""]].mean()
    return res

result = g(df.copy())
","Failed: TypeError: can only concatenate str (not ""int"") to str",True,0.0,0.0,0.0,,,,[],True,0.0,0.0,[],True,0.0,0.0,0.0,0.0,0.0,[]
DS1000,DS0289,"
import pandas as pd
import numpy as np
df_a, df_b = test_input
result = df_a.merge(df_b[['EntityNum', 'a_col']], on='EntityNum', how='left')
","def g(df_a, df_b):
    return df_a[['EntityNum', 'foo']].merge(df_b[['EntityNum', 'a_col']], on='EntityNum', how='left')

result = g(df_a.copy(), df_b.copy())
",Passed,True,0.0,0.0,0.0,,,,[],True,0.0,0.0,[],True,0.0,0.0,0.0,0.0,0.0,[]
DS1000,DS0290,"
import pandas as pd
import numpy as np
df_a, df_b = test_input
result = df_a.merge(df_b[['EntityNum', 'b_col']], on='EntityNum', how='left')
","def g(df_a, df_b):
    return df_a[['EntityNum', 'foo']].merge(df_b[['EntityNum', 'b_col']], on='EntityNum', how='left')

result = g(df_a.copy(), df_b.copy())
",Passed,True,0.0,0.0,0.0,,,,[],True,0.0,0.0,[],True,0.0,0.0,0.0,0.0,0.0,[]
DS1000,DS0291,"
import numpy as np
a = test_input
result = a.shape
","result = a.shape
",Passed,True,0.0,0.0,0.0,,,,[],True,0.0,0.0,[],True,0.0,0.0,0.0,0.0,0.0,[]
DS1000,DS0292,"
import numpy as np
x = test_input
result = x[~np.isnan(x)]
result = x
","x = x[~np.isnan(x)]
",Failed: Logic Error (Assertion failed),True,0.0,0.0,0.0,,,,[],True,0.0,0.0,[],True,0.0,0.0,0.0,0.0,0.0,[]
DS1000,DS0293,"
import numpy as np
x = test_input
result = x.fillna(np.inf)
result = x
","x[np.isnan(x)] = np.inf
",Failed: AttributeError: 'numpy.ndarray' object has no attribute 'fillna',True,0.0,0.0,0.0,,,,[],True,0.0,0.0,[],True,0.0,0.0,0.0,0.0,0.0,[]
DS1000,DS0294,"
import numpy as np
x = test_input
result = x[~np.isnan(x)]
","result = [x[i, row] for i, row in enumerate(~np.isnan(x))]

",Failed: Logic Error (Assertion failed),True,0.0,0.0,0.0,,,,[],True,0.0,0.0,[],True,0.0,0.0,0.0,0.0,0.0,[]
DS1000,DS0295,"
import numpy as np
a = test_input
b = np.eye(a.max() + 1)[a]
result = b
","b = np.zeros((a.size, a.max()+1))
b[np.arange(a.size), a]=1
",Passed,True,0.0,0.0,0.0,,,,[],True,0.0,0.0,[],True,0.0,0.0,0.0,0.0,0.0,[]
DS1000,DS0296,"
import numpy as np
a = test_input
b = np.eye(a.max() + 1)[a[:, None]]
result = b
","b = np.zeros((a.size, a.max()+1))
b[np.arange(a.size), a]=1
",Failed: Logic Error (Assertion failed),True,0.0,0.0,0.0,,,,[],True,0.0,0.0,[],True,0.0,0.0,0.0,0.0,0.0,[]
DS1000,DS0297,"
import numpy as np
a = test_input
b = np.eye(np.max(a) - np.min(a) + 1)[a - np.min(a)]
result = b
","temp = a - a.min()
b = np.zeros((a.size, temp.max()+1))
b[np.arange(a.size), temp]=1

",Passed,True,0.0,0.0,0.0,,,,[],True,0.0,0.0,[],True,0.0,0.0,0.0,0.0,0.0,[]
DS1000,DS0298,"
import numpy as np
a = test_input
b = np.eye(len(np.unique(a)))
result = b
","vals, idx = np.unique(a, return_inverse=True)
b = np.zeros((a.size, vals.size))
b[np.arange(a.size), idx] = 1",Failed: Logic Error (Assertion failed),True,0.0,0.0,0.0,,,,[],True,0.0,0.0,[],True,0.0,0.0,0.0,0.0,0.0,[]
DS1000,DS0299,"
import numpy as np
a = test_input
import numpy as np

a = test_input
b = np.eye(np.max(a) - np.min(a) + 1)
result = b[a - np.min(a)]
result = b
","temp = (a - a.min()).ravel()
b = np.zeros((a.size, temp.max()+1))
b[np.arange(a.size), temp]=1
",Failed: Logic Error (Assertion failed),True,0.0,0.0,0.0,,,,[],True,0.0,0.0,[],True,0.0,0.0,0.0,0.0,0.0,[]
DS1000,DS0300,"
import numpy as np
a, p = test_input
result = np.percentile(a, p)
","result = np.percentile(a, p)
",Passed,True,0.0,0.0,0.0,,,,[],True,0.0,0.0,[],True,0.0,0.0,0.0,0.0,0.0,[]
DS1000,DS0301,"
import numpy as np
A, ncol = test_input
B = A.reshape(-1, ncol)
result = B
","B = np.reshape(A, (-1, ncol))
",Passed,True,0.0,0.0,0.0,,,,[],True,0.0,0.0,[],True,0.0,0.0,0.0,0.0,0.0,[]
DS1000,DS0302,"
import numpy as np
A, nrow = test_input
B = A.reshape(nrow, -1)
result = B
","B = np.reshape(A, (nrow, -1))
",Passed,True,0.0,0.0,0.0,,,,[],True,0.0,0.0,[],True,0.0,0.0,0.0,0.0,0.0,[]
DS1000,DS0303,"
import numpy as np
A, ncol = test_input
B = A.reshape(-1, ncol)
result = B
","col = ( A.shape[0] // ncol) * ncol
B = A[:col]
B= np.reshape(B, (-1, ncol))
",Failed: ValueError: cannot reshape array of size 7 into shape (2),True,0.0,0.0,0.0,,,,[],True,0.0,0.0,[],True,0.0,0.0,0.0,0.0,0.0,[]
DS1000,DS0304,"
import numpy as np
A, ncol = test_input
B = A.reshape(-1, ncol) if A.size % ncol == 0 else A[-(A.size % ncol):].reshape(-1, ncol)
result = B
","col = ( A.shape[0] // ncol) * ncol
B = A[len(A)-col:][::-1]
B = np.reshape(B, (-1, ncol))
",Failed: ValueError: cannot reshape array of size 1 into shape (2),True,0.0,0.0,0.0,,,,[],True,0.0,0.0,[],True,0.0,0.0,0.0,0.0,0.0,[]
DS1000,DS0305,"
import numpy as np
a, shift = test_input
result = np.roll(a, shift)
","def solution(xs, n):
    e = np.empty_like(xs)
    if n >= 0:
        e[:n] = np.nan
        e[n:] = xs[:-n]
    else:
        e[n:] = np.nan
        e[:n] = xs[-n:]
    return e
result = solution(a, shift)
",Failed: Logic Error (Assertion failed),True,0.0,0.0,0.0,,,,[],True,0.0,0.0,[],True,0.0,0.0,0.0,0.0,0.0,[]
DS1000,DS0306,"
import numpy as np
a, shift = test_input
result = np.roll(a, shift, axis=1)
","def solution(xs, n):
    e = np.empty_like(xs)
    if n >= 0:
        e[:,:n] = np.nan
        e[:,n:] = xs[:,:-n]
    else:
        e[:,n:] = np.nan
        e[:,:n] = xs[:,-n:]
    return e
result = solution(a, shift)
",Failed: Logic Error (Assertion failed),True,0.0,0.0,0.0,,,,[],True,0.0,0.0,[],True,0.0,0.0,0.0,0.0,0.0,[]
DS1000,DS0307,"
import numpy as np
a, shift = test_input
result = np.roll(a, shift, axis=1)
","def solution(xs, shift):
    e = np.empty_like(xs)
    for i, n in enumerate(shift):
        if n >= 0:
            e[i,:n] = np.nan
            e[i,n:] = xs[i,:-n]
        else:
            e[i,n:] = np.nan
            e[i,:n] = xs[i,-n:]
    return e
result = solution(a, shift)
",Failed: Logic Error (Assertion failed),True,0.0,0.0,0.0,,,,[],True,0.0,0.0,[],True,0.0,0.0,0.0,0.0,0.0,[]
DS1000,DS0308,"
import numpy as np
import numpy as np

# Create a fixed random seed for reproducibility
np.random.seed(42)

# Generate the random array
r_old = np.random.randint(3, size=(100, 2000)) - 1

# Generate the same random array again
r_new = np.random.randint(3, size=(100, 2000)) - 1

# Store the results in the result variable
result = [r_old, r_new]
result = [r_old, r_new]
","np.random.seed(0)
r_old = np.random.randint(3, size=(100, 2000)) - 1
np.random.seed(0)
r_new = np.random.randint(3, size=(100, 2000)) - 1",Failed: Logic Error (Assertion failed),True,0.0,0.0,0.0,,,,[],True,0.0,0.0,[],True,0.0,0.0,0.0,0.0,0.0,[]
DS1000,DS0309,"
import numpy as np
a = test_input
result = np.argmax(a.ravel())
","result = a.argmax()
",Passed,True,0.0,0.0,0.0,,,,[],True,0.0,0.0,[],True,0.0,0.0,0.0,0.0,0.0,[]
DS1000,DS0310,"
import numpy as np
a = test_input
result = np.argmin(a.ravel())
","result = a.argmin()
",Passed,True,0.0,0.0,0.0,,,,[],True,0.0,0.0,[],True,0.0,0.0,0.0,0.0,0.0,[]
DS1000,DS0311,"
import numpy as np
a = test_input
result = np.argmax(a, axis=None)
","result = np.unravel_index(a.argmax(), a.shape, order = 'F')
",Failed: Logic Error (Assertion failed),True,0.0,0.0,0.0,,,,[],True,0.0,0.0,[],True,0.0,0.0,0.0,0.0,0.0,[]
DS1000,DS0312,"
import numpy as np
a = test_input
result = np.argmax(a)
","result = np.unravel_index(a.argmax(), a.shape)
",Failed: Logic Error (Assertion failed),True,0.0,0.0,0.0,,,,[],True,0.0,0.0,[],True,0.0,0.0,0.0,0.0,0.0,[]
DS1000,DS0313,"
import numpy as np
a = test_input
def f(a):
import numpy as np

a = test_input
result = np.argmax(a)
result = f(a)
","    result = a.argmax()

    return result
","Failed: IndentationError: expected an indented block after function definition on line 4 (<string>, line 5)",False,0.0,1.0,0.0,IndentationError,5.0,"expected an indented block after function definition on line 4 (<unknown>, line 5)",[],False,0.0,0.0,[],False,0.0,0.0,0.0,0.0,0.0,[]
DS1000,DS0314,"
import numpy as np
a = test_input
result = np.unravel_index(np.argsort(a.flatten())[-2], a.shape)
","idx = np.unravel_index(a.argmax(), a.shape)
a[idx] = a.min()
result = np.unravel_index(a.argmax(), a.shape)

",Passed,True,0.0,0.0,0.0,,,,[],True,0.0,0.0,[],True,0.0,0.0,0.0,0.0,0.0,[]
DS1000,DS0315,"
import numpy as np
a = test_input
result = a[:, ~z]
result = a
","z = np.any(np.isnan(a), axis = 0)
a = a[:, ~z]

",Failed: NameError: name 'z' is not defined,True,0.0,0.0,0.0,,,,[],True,0.0,0.0,[],True,0.0,0.0,0.0,0.0,0.0,[]
DS1000,DS0316,"
import numpy as np
a = test_input
result = a[~np.isnan(a).any(axis=1)]
result = a
","z = np.any(np.isnan(a), axis = 1)
a = a[~z, :]

",Failed: Logic Error (Assertion failed),True,0.0,0.0,0.0,,,,[],True,0.0,0.0,[],True,0.0,0.0,0.0,0.0,0.0,[]
DS1000,DS0317,"
import numpy as np
a = test_input
result = np.array(a)
","result = np.array(a)
",Passed,True,0.0,0.0,0.0,,,,[],True,0.0,0.0,[],True,0.0,0.0,0.0,0.0,0.0,[]
DS1000,DS0318,"
import numpy as np
a, permutation = test_input
result = a[:, permutation]
result = a
","c = np.empty_like(permutation)
c[permutation] = np.arange(len(permutation))
a = a[:, c]
",Failed: Logic Error (Assertion failed),True,0.0,0.0,0.0,,,,[],True,0.0,0.0,[],True,0.0,0.0,0.0,0.0,0.0,[]
DS1000,DS0319,"
import numpy as np
a,permutation = test_input
result = a[:, :, permutation]
","c = np.empty_like(permutation)
c[permutation] = np.arange(len(permutation))
result = a[c, :, :]

",Failed: IndexError: index 2 is out of bounds for axis 2 with size 2,True,0.0,0.0,0.0,,,,[],True,0.0,0.0,[],True,0.0,0.0,0.0,0.0,0.0,[]
DS1000,DS0320,"
import numpy as np
a = test_input
result = np.unravel_index(np.argmin(a), a.shape)
","result = np.unravel_index(a.argmin(), a.shape)
",Passed,True,0.0,0.0,0.0,,,,[],True,0.0,0.0,[],True,0.0,0.0,0.0,0.0,0.0,[]
DS1000,DS0321,"
import numpy as np
a = test_input
result = np.unravel_index(np.argmax(a), a.shape)
","result = np.unravel_index(a.argmax(), a.shape)
",Passed,True,0.0,0.0,0.0,,,,[],True,0.0,0.0,[],True,0.0,0.0,0.0,0.0,0.0,[]
DS1000,DS0322,"
import numpy as np
a = test_input
result = np.argmin(a, axis=1)
","result = np.argwhere(a == np.min(a))
",Failed: Logic Error (Assertion failed),True,0.0,0.0,0.0,,,,[],True,0.0,0.0,[],True,0.0,0.0,0.0,0.0,0.0,[]
DS1000,DS0323,"
import numpy as np
degree = test_input
result = np.sin(np.radians(degree))
","result = np.sin(np.deg2rad(degree))
",Passed,True,0.0,0.0,0.0,,,,[],True,0.0,0.0,[],True,0.0,0.0,0.0,0.0,0.0,[]
DS1000,DS0324,"
import numpy as np
degree = test_input
result = np.cos(np.radians(degree))
","
result = np.cos(np.deg2rad(degree))
",Passed,True,0.0,0.0,0.0,,,,[],True,0.0,0.0,[],True,0.0,0.0,0.0,0.0,0.0,[]
DS1000,DS0325,"
import numpy as np
number = test_input
result = (np.sin(number) > 0).astype(int)
","deg = np.sin(np.deg2rad(number))
rad = np.sin(number)
result = int(rad > deg)
",Failed: Logic Error (Assertion failed),True,0.0,0.0,0.0,,,,[],True,0.0,0.0,[],True,0.0,0.0,0.0,0.0,0.0,[]
DS1000,DS0326,"
import numpy as np
value = test_input
result = np.degrees(np.arcsin(value))
","result = np.degrees(np.arcsin(value))
",Passed,True,0.0,0.0,0.0,,,,[],True,0.0,0.0,[],True,0.0,0.0,0.0,0.0,0.0,[]
DS1000,DS0327,"
import numpy as np
A, length = test_input
result = np.pad(A, (0, length - len(A)), 'constant', constant_values=(0,))
","result = np.pad(A, (0, length-A.shape[0]), 'constant')
",Passed,True,0.0,0.0,0.0,,,,[],True,0.0,0.0,[],True,0.0,0.0,1.0,0.0,1.0,"[{'type': 'type_error', 'function': 'pad', 'invalid_arg': 'constant_values', 'line': 4}]"
DS1000,DS0328,"
import numpy as np
A, length = test_input
result = np.pad(A, (0, max(0, length - len(A))), 'constant', constant_values=(0,))
","if length > A.shape[0]:
    result = np.pad(A, (0, length-A.shape[0]), 'constant')
else:
    result = A.copy()
    result[length:] = 0
",Failed: Logic Error (Assertion failed),True,0.0,0.0,0.0,,,,[],True,0.0,0.0,[],True,0.0,0.0,1.0,0.0,1.0,"[{'type': 'type_error', 'function': 'pad', 'invalid_arg': 'constant_values', 'line': 4}]"
DS1000,DS0329,"
import numpy as np
a, power = test_input
result = a ** 2
result = a
","a = a ** power
",Failed: Logic Error (Assertion failed),True,0.0,0.0,0.0,,,,[],True,0.0,0.0,[],True,0.0,0.0,0.0,0.0,0.0,[]
DS1000,DS0330,"
import numpy as np
a, power = test_input
def f(a, power):
result = a ** power
result = f(a, power)
","    result = a ** power

    return result
","Failed: IndentationError: expected an indented block after function definition on line 4 (<string>, line 5)",False,0.0,1.0,0.0,IndentationError,5.0,"expected an indented block after function definition on line 4 (<unknown>, line 5)",[],False,0.0,0.0,[],False,0.0,0.0,0.0,0.0,0.0,[]
DS1000,DS0331,"
import numpy as np
numerator, denominator = test_input
result = np.gcd(numerator, denominator)
result = (numerator // result, denominator // result)
","gcd = np.gcd(numerator, denominator)
result = (numerator//gcd, denominator//gcd)",Passed,True,0.0,0.0,0.0,,,,[],True,0.0,0.0,[],True,0.0,0.0,0.0,0.0,0.0,[]
DS1000,DS0332,"
import numpy as np
numerator, denominator = test_input
def f(numerator, denominator):
from fractions import Fraction

result = Fraction(numerator, denominator).limit_denominator()
result = f(numerator, denominator)
","    gcd = np.gcd(numerator, denominator)
    result = (numerator//gcd, denominator//gcd)

    return result
","Failed: IndentationError: expected an indented block after function definition on line 4 (<string>, line 5)",False,0.0,1.0,0.0,IndentationError,5.0,"expected an indented block after function definition on line 4 (<unknown>, line 5)",[],False,0.0,0.0,[],False,0.0,0.0,0.0,0.0,0.0,[]
DS1000,DS0333,"
import numpy as np
numerator, denominator = test_input
result = (numerator // denominator, numerator % denominator) if denominator != 0 else (np.nan, np.nan)
","if denominator == 0:
    result = (np.nan, np.nan)
else:
    gcd = np.gcd(numerator, denominator)
    result = (numerator//gcd, denominator//gcd)",Failed: Logic Error (Assertion failed),True,0.0,0.0,0.0,,,,[],True,0.0,0.0,[],True,0.0,0.0,0.0,0.0,0.0,[]
DS1000,DS0334,"
import numpy as np
a, b, c = test_input
result = (a + b + c) / 3
","result = np.mean([a, b, c], axis=0)
",Passed,True,0.0,0.0,0.0,,,,[],True,0.0,0.0,[],True,0.0,0.0,0.0,0.0,0.0,[]
DS1000,DS0335,"
import numpy as np
a, b, c = test_input
result = np.maximum(a, np.maximum(b, c))
","result = np.max([a, b, c], axis=0)
",Passed,True,0.0,0.0,0.0,,,,[],True,0.0,0.0,[],True,0.0,0.0,0.0,0.0,0.0,[]
DS1000,DS0336,"
import numpy as np
a = test_input
result = a[::-1, :].diagonal()
","result = np.diag(np.fliplr(a))
",Failed: Logic Error (Assertion failed),True,0.0,0.0,0.0,,,,[],True,0.0,0.0,[],True,0.0,0.0,0.0,0.0,0.0,[]
DS1000,DS0337,"
import numpy as np
a = test_input
result = a[::-1, :].diagonal()
","result = np.diag(np.fliplr(a))
",Failed: Logic Error (Assertion failed),True,0.0,0.0,0.0,,,,[],True,0.0,0.0,[],True,0.0,0.0,0.0,0.0,0.0,[]
DS1000,DS0338,"
import numpy as np
a = test_input
result = a[np.arange(a.shape[0]), np.arange(a.shape[1]) - np.arange(a.shape[0])]
","result = np.vstack((np.diag(a), np.diag(np.fliplr(a))))
",Failed: Logic Error (Assertion failed),True,0.0,0.0,0.0,,,,[],True,0.0,0.0,[],True,0.0,0.0,0.0,0.0,0.0,[]
DS1000,DS0339,"
import numpy as np
a = test_input
result = a[np.tril_indices(a.shape[0], k=-1)]
","dim = min(a.shape)
b = a[:dim,:dim]
result = np.vstack((np.diag(b), np.diag(np.fliplr(b))))
",Failed: Logic Error (Assertion failed),True,0.0,0.0,0.0,,,,[],True,0.0,0.0,[],True,0.0,0.0,0.0,0.0,0.0,[]
DS1000,DS0340,"
import numpy as np
X = test_input
result = X.flatten().tolist()
","result = []
for value in X.flat:
    result.append(value)

",Passed,True,0.0,0.0,0.0,,,,[],True,0.0,0.0,[],True,0.0,0.0,0.0,0.0,0.0,[]
DS1000,DS0341,"
import numpy as np
X = test_input
result = X.flatten()
","result = []
for value in X.flat:
    result.append(value)

",Passed,True,0.0,0.0,0.0,,,,[],True,0.0,0.0,[],True,0.0,0.0,0.0,0.0,0.0,[]
DS1000,DS0342,"
import numpy as np
X = test_input
def f(X):
import numpy as np

X = test_input
result = X.flatten().tolist()
result = f(X)
","    result = []
    for value in X.flat:
        result.append(value)
    

    return result
","Failed: IndentationError: expected an indented block after function definition on line 4 (<string>, line 5)",False,0.0,1.0,0.0,IndentationError,5.0,"expected an indented block after function definition on line 4 (<unknown>, line 5)",[],False,0.0,0.0,[],False,0.0,0.0,0.0,0.0,0.0,[]
DS1000,DS0343,"
import numpy as np
X = test_input
result = X.flatten(order='F')
","result = []
for value in X.T.flat:
    result.append(value)

",Passed,True,0.0,0.0,0.0,,,,[],True,0.0,0.0,[],True,0.0,0.0,0.0,0.0,0.0,[]
DS1000,DS0344,"
import numpy as np
mystr = test_input
result = np.array(list(map(int, mystr)))
","result = np.array(list(mystr), dtype = int)
",Passed,True,0.0,0.0,0.0,,,,[],True,0.0,0.0,[],True,0.0,0.0,0.0,0.0,0.0,[]
DS1000,DS0345,"
import numpy as np
a, col, multiply_number = test_input
result = np.cumsum(a[:, col] * multiply_number)
","a[:, col-1] *= multiply_number
result = np.cumsum(a[:, col-1])

",Failed: Logic Error (Assertion failed),True,0.0,0.0,0.0,,,,[],True,0.0,0.0,[],True,0.0,0.0,0.0,0.0,0.0,[]
DS1000,DS0346,"
import numpy as np
a, row, multiply_number = test_input
result = np.cumsum(a[row] * multiply_number)
","a[row-1, :] *= multiply_number
result = np.cumsum(a[row-1, :])

",Failed: Logic Error (Assertion failed),True,0.0,0.0,0.0,,,,[],True,0.0,0.0,[],True,0.0,0.0,0.0,0.0,0.0,[]
DS1000,DS0347,"
import numpy as np
a, row, divide_number = test_input
result = np.prod(a[row - 1]) / divide_number
","a[row-1, :] /= divide_number
result = np.multiply.reduce(a[row-1, :])

",Failed: Logic Error (Assertion failed),True,0.0,0.0,0.0,,,,[],True,0.0,0.0,[],True,0.0,0.0,0.0,0.0,0.0,[]
DS1000,DS0348,"
import numpy as np
a = test_input
result = a[:, np.linalg.matrix_rank(a)]
","def LI_vecs(M):
    dim = M.shape[0]
    LI=[M[0]]
    for i in range(dim):
        tmp=[]
        for r in LI:
            tmp.append(r)
        tmp.append(M[i])                #set tmp=LI+[M[i]]
        if np.linalg.matrix_rank(tmp)>len(LI):    #test if M[i] is linearly independent from all (row) vectors in LI
            LI.append(M[i])             #note that matrix_rank does not need to take in a square matrix
    return LI                           #return set of linearly independent (row) vectors
result = LI_vecs(a)",Failed: IndexError: tuple index out of range,True,0.0,0.0,0.0,,,,[],True,0.0,0.0,[],True,0.0,0.0,0.0,0.0,0.0,[]
DS1000,DS0349,"
import numpy as np
a = test_input
result = a.shape[0]
","result = a.shape[1]
",Failed: Logic Error (Assertion failed),True,0.0,0.0,0.0,,,,[],True,0.0,0.0,[],True,0.0,0.0,0.0,0.0,0.0,[]
DS1000,DS0350,"
import numpy as np
import scipy.stats
a, b = test_input
import numpy as np
import scipy.stats

a, b = test_input
n1, n2 = len(a), len(b)
p_value = scipy.stats.ttest_ind(a, b, equal_var=False, weights=np.array([n1, n2]))
result = p_value.pvalue
result = p_value
","_, p_value = scipy.stats.ttest_ind(a, b,  equal_var = False)

",Failed: TypeError: ttest_ind() got an unexpected keyword argument 'weights',True,0.0,0.0,0.0,,,,[],True,0.0,0.0,[],True,0.0,0.0,0.0,0.0,0.0,[]
DS1000,DS0351,"
import numpy as np
import scipy.stats
a, b = test_input
import numpy as np
import scipy.stats

a, b = test_input
# Remove NaN values from both arrays
a = a[~np.isnan(a)]
b = b[~np.isnan(b)]

# Calculate the weighted t-test
result = scipy.stats.ttest_ind(a, b, equal_var=False)
result = p_value
","_, p_value = scipy.stats.ttest_ind(a, b,  equal_var = False, nan_policy = 'omit')

",Failed: NameError: name 'p_value' is not defined,True,0.0,0.0,0.0,,,,[],True,0.0,0.0,[],True,0.0,0.0,0.0,0.0,0.0,[]
DS1000,DS0352,"
import numpy as np
import scipy.stats
amean, avar, anobs, bmean, bvar, bnobs = test_input
import scipy.stats

amean, avar, anobs, bmean, bvar, bnobs = test_input
result = scipy.stats.ttest_ind_from_stats(mean1=amean, var1=avar, nobs1=anobs, mean2=bmean, var2=bvar, nobs2=bnobs, equal_var=False)
result = p_value
","_, p_value = scipy.stats.ttest_ind_from_stats(amean, np.sqrt(avar), anobs, bmean, np.sqrt(bvar), bnobs, equal_var=False)
",Failed: TypeError: ttest_ind_from_stats() got an unexpected keyword argument 'var1',True,0.0,0.0,0.0,,,,[],True,0.0,0.0,[],True,0.0,0.0,0.0,0.0,0.0,[]
DS1000,DS0353,"
import numpy as np
A, B = test_input
result = A[~np.isin(A, B)]
result = output
","dims = np.maximum(B.max(0),A.max(0))+1
output = A[~np.in1d(np.ravel_multi_index(A.T,dims),np.ravel_multi_index(B.T,dims))]
",Failed: NameError: name 'output' is not defined,True,0.0,0.0,0.0,,,,[],True,0.0,0.0,[],True,0.0,0.0,0.0,0.0,0.0,[]
DS1000,DS0354,"
import numpy as np
A, B = test_input
result = np.setdiff1d(A, B, assume_unique=True) | np.setdiff1d(B, A, assume_unique=True)
result = output
","dims = np.maximum(B.max(0),A.max(0))+1
result = A[~np.in1d(np.ravel_multi_index(A.T,dims),np.ravel_multi_index(B.T,dims))]
output = np.append(result, B[~np.in1d(np.ravel_multi_index(B.T,dims),np.ravel_multi_index(A.T,dims))], axis = 0)
","Failed: ValueError: operands could not be broadcast together with shapes (0,) (7,) ",True,0.0,0.0,0.0,,,,[],True,0.0,0.0,[],True,0.0,0.0,0.0,0.0,0.0,[]
DS1000,DS0355,"
import numpy as np
a, b = test_input
result = b[np.argsort(a, axis=0)]
result = c
","sort_indices = np.argsort(a, axis=0)
static_indices = np.indices(a.shape)
c = b[sort_indices, static_indices[1], static_indices[2]]

",Failed: NameError: name 'c' is not defined,True,0.0,0.0,0.0,,,,[],True,0.0,0.0,[],True,0.0,0.0,0.0,0.0,0.0,[]
DS1000,DS0356,"
import numpy as np
a, b = test_input
result = b[np.argsort(a, axis=0)]
result = c
","sort_indices = np.argsort(a, axis=0)
static_indices = np.indices(a.shape)
c = b[sort_indices, static_indices[1], static_indices[2]]

",Failed: NameError: name 'c' is not defined,True,0.0,0.0,0.0,,,,[],True,0.0,0.0,[],True,0.0,0.0,0.0,0.0,0.0,[]
DS1000,DS0357,"
import numpy as np
a, b = test_input
result = b[np.argsort(a, axis=0)[::-1]]
result = c
","sort_indices = np.argsort(a, axis=0)[::-1, :, :]
static_indices = np.indices(a.shape)
c = b[sort_indices, static_indices[1], static_indices[2]]


",Failed: NameError: name 'c' is not defined,True,0.0,0.0,0.0,,,,[],True,0.0,0.0,[],True,0.0,0.0,0.0,0.0,0.0,[]
DS1000,DS0358,"
import numpy as np
a, b = test_input
result = b[np.argsort(np.sum(a, axis=(1, 2)))]
","index = np.argsort(a.sum(axis = (1, 2)))
result = b[index, :, :]

",Passed,True,0.0,0.0,0.0,,,,[],True,0.0,0.0,[],True,0.0,0.0,0.0,0.0,0.0,[]
DS1000,DS0359,"
import numpy as np
a = test_input
result = a[:, :-1]
result = a
","a = np.delete(a, 2, axis = 1)
",Failed: Logic Error (Assertion failed),True,0.0,0.0,0.0,,,,[],True,0.0,0.0,[],True,0.0,0.0,0.0,0.0,0.0,[]
DS1000,DS0360,"
import numpy as np
a = test_input
result = a[:-1]
result = a
","a = np.delete(a, 2, axis = 0)
",Failed: Logic Error (Assertion failed),True,0.0,0.0,0.0,,,,[],True,0.0,0.0,[],True,0.0,0.0,0.0,0.0,0.0,[]
DS1000,DS0361,"
import numpy as np
a = test_input
result = a[:, [1, 2]]
result = a
","temp = np.array([0, 2])
a = np.delete(a, temp, axis = 1)
",Failed: Logic Error (Assertion failed),True,0.0,0.0,0.0,,,,[],True,0.0,0.0,[],True,0.0,0.0,0.0,0.0,0.0,[]
DS1000,DS0362,"
import numpy as np
a, del_col = test_input
result = arr[:, ~np.isin(np.arange(arr.shape[1]), del_col)]
","mask = (del_col <= a.shape[1])
del_col = del_col[mask] - 1
result = np.delete(a, del_col, axis=1)

",Failed: NameError: name 'arr' is not defined,True,0.0,0.0,0.0,,,,[],True,0.0,0.0,[],True,0.0,0.0,0.0,0.0,0.0,[]
DS1000,DS0363,"
import numpy as np
a, pos, element = test_input
a[pos] = element
result = a
","a = np.insert(a, pos, element)

",Failed: Logic Error (Assertion failed),True,0.0,0.0,0.0,,,,[],True,0.0,0.0,[],True,0.0,0.0,0.0,0.0,0.0,[]
DS1000,DS0364,"
import numpy as np
a, pos, element = test_input
result = np.insert(a, pos, element, axis=0)
result = a
","a = np.insert(a, pos, element, axis = 0)
",Failed: Logic Error (Assertion failed),True,0.0,0.0,0.0,,,,[],True,0.0,0.0,[],True,0.0,0.0,0.0,0.0,0.0,[]
DS1000,DS0365,"
import numpy as np
a, pos, element = test_input
def f(a, pos=2, element = 66):
a[pos] = element
result = f(a, pos, element)
","    a = np.insert(a, pos, element)
    

    return a
","Failed: IndentationError: expected an indented block after function definition on line 4 (<string>, line 5)",False,0.0,1.0,0.0,IndentationError,5.0,"expected an indented block after function definition on line 4 (<unknown>, line 5)",[],False,0.0,0.0,[],False,0.0,0.0,0.0,0.0,0.0,[]
DS1000,DS0366,"
import numpy as np
a, pos, element = test_input
result = np.insert(a, pos, element, axis=0)
result = a
","pos = np.array(pos) - np.arange(len(element))
a = np.insert(a, pos, element, axis=0)

",Failed: Logic Error (Assertion failed),True,0.0,0.0,0.0,,,,[],True,0.0,0.0,[],True,0.0,0.0,0.0,0.0,0.0,[]
DS1000,DS0367,"
import numpy as np
pairs, array_of_arrays = test_input
result = array_of_arrays.copy()
","import copy
result = copy.deepcopy(array_of_arrays)",Passed,True,0.0,0.0,0.0,,,,[],True,0.0,0.0,[],True,0.0,0.0,0.0,0.0,0.0,[]
DS1000,DS0368,"
import numpy as np
a = test_input
result = np.all(np.all(a == a[0], axis=1), axis=0)
","result = np.isclose(a, a[0], atol=0).all()
",Passed,True,0.0,0.0,0.0,,,,[],True,0.0,0.0,[],True,0.0,0.0,0.0,0.0,0.0,[]
DS1000,DS0369,"
import numpy as np
a = test_input
result = np.all(np.all(a == a[0], axis=0), axis=1)
","result =np.isclose(a, a[:, 0].reshape(-1, 1), atol=0).all()
",Failed: AxisError: axis 1 is out of bounds for array of dimension 1,True,0.0,0.0,0.0,,,,[],True,0.0,0.0,[],True,0.0,0.0,0.0,0.0,0.0,[]
DS1000,DS0370,"
import numpy as np
a = test_input
def f(a):
result = np.all(np.all(a == a[0], axis=1), axis=0)
result = f(a)
","    result = np.isclose(a, a[0], atol=0).all()

    return result
","Failed: IndentationError: expected an indented block after function definition on line 4 (<string>, line 5)",False,0.0,1.0,0.0,IndentationError,5.0,"expected an indented block after function definition on line 4 (<unknown>, line 5)",[],False,0.0,0.0,[],False,0.0,0.0,0.0,0.0,0.0,[]
DS1000,DS0371,"
import numpy as np
x, y = test_input
import numpy as np

# Assuming x and y are your sample points and z is the function values at those points
result = np.trapz(np.trapz(z, x), y)
","from scipy.integrate import simpson
z = np.cos(x[:,None])**4 + np.sin(y)**2
result = simpson(simpson(z, y), x)

",Failed: NameError: name 'z' is not defined,True,0.0,0.0,0.0,,,,[],True,0.0,0.0,[],True,0.0,0.0,0.0,0.0,0.0,[]
DS1000,DS0372,"
import numpy as np
x, y = test_input
def f(x, y):
import numpy as np

x, y = test_input
result = np.trapz(np.trapz((np.cos(x))**4 + (np.sin(y))**2, x), y)
result = f(x, y)
","    from scipy.integrate import simpson
    z = np.cos(x[:,None])**4 + np.sin(y)**2
    result = simpson(simpson(z, y), x)
    

    return result
","Failed: IndentationError: expected an indented block after function definition on line 4 (<string>, line 5)",False,0.0,1.0,0.0,IndentationError,5.0,"expected an indented block after function definition on line 4 (<unknown>, line 5)",[],False,0.0,0.0,[],False,0.0,0.0,0.0,0.0,0.0,[]
DS1000,DS0373,"
import numpy as np
grades = test_input
import numpy as np

result = np.sort(grades)
","def ecdf_result(x):
    xs = np.sort(x)
    ys = np.arange(1, len(xs)+1)/float(len(xs))
    return ys
result = ecdf_result(grades)
",Failed: Logic Error (Assertion failed),True,0.0,0.0,0.0,,,,[],True,0.0,0.0,[],True,0.0,0.0,0.0,0.0,0.0,[]
DS1000,DS0374,"
import numpy as np
grades, eval = test_input
import numpy as np

# Assuming grades and eval are already defined
result = np.interp(eval, np.sort(grades), np.arange(len(grades)) / len(grades))
","def ecdf_result(x):
    xs = np.sort(x)
    ys = np.arange(1, len(xs)+1)/float(len(xs))
    return xs, ys
resultx, resulty = ecdf_result(grades)
result = np.zeros_like(eval, dtype=float)
for i, element in enumerate(eval):
    if element < resultx[0]:
        result[i] = 0
    elif element >= resultx[-1]:
        result[i] = 1
    else:
        result[i] = resulty[(resultx > element).argmax()-1]",Failed: Logic Error (Assertion failed),True,0.0,0.0,0.0,,,,[],True,0.0,0.0,[],True,0.0,0.0,0.0,0.0,0.0,[]
DS1000,DS0375,"
import numpy as np
grades, threshold = test_input
import numpy as np

# Assuming grades and threshold are already defined
result = np.where(np.cumsum(grades) >= threshold)[0]
low, high = result[0], result[1] if len(result) > 1 else None
result = [low, high]
","def ecdf_result(x):
    xs = np.sort(x)
    ys = np.arange(1, len(xs)+1)/float(len(xs))
    return xs, ys
resultx, resulty = ecdf_result(grades)
t = (resulty > threshold).argmax()
low = resultx[0]
high = resultx[t]",Failed: Logic Error (Assertion failed),True,0.0,0.0,0.0,,,,[],True,0.0,0.0,[],True,0.0,0.0,0.0,0.0,0.0,[]
DS1000,DS0376,"
import numpy as np
size, one_ratio = test_input
import numpy as np

size, one_ratio = test_input
nums = np.random.choice([0, 1], size=size, p=[one_ratio, 1 - one_ratio])
result = nums
result = nums
","nums = np.ones(size)
nums[:int(size*(1-one_ratio))] = 0
np.random.shuffle(nums)",Failed: Logic Error (Assertion failed),True,0.0,0.0,0.0,,,,[],True,0.0,0.0,[],True,0.0,0.0,0.0,0.0,0.0,[]
DS1000,DS0377,"
import torch
import numpy as np
a = test_input
result = a.numpy()
result = a_np
","a_np = a.numpy()
",Failed: NameError: name 'a_np' is not defined,True,0.0,0.0,0.0,,,,[],True,0.0,0.0,[],True,0.0,0.0,0.0,0.0,0.0,[]
DS1000,DS0378,"
import torch
import numpy as np
a = test_input
result = torch.from_numpy(a)
result = a_pt
","a_pt = torch.Tensor(a)
",Failed: NameError: name 'a_pt' is not defined,True,0.0,0.0,0.0,,,,[],True,0.0,0.0,[],True,0.0,0.0,0.0,0.0,0.0,[]
DS1000,DS0379,"
import tensorflow as tf
import numpy as np
a = test_input
result = a.numpy()
result = a_np
","a_np = a.numpy()
",Failed: NameError: name 'a_np' is not defined,True,0.0,0.0,0.0,,,,[],True,0.0,0.0,[],True,0.0,0.0,0.0,1.0,1.0,"[{'type': 'module_not_found', 'module': 'tensorflow', 'line': 2}]"
DS1000,DS0380,"
import tensorflow as tf
import numpy as np
a = test_input
a_tf = tf.convert_to_tensor(a)
result = a_tf
","a_tf = tf.convert_to_tensor(a)
",Passed,True,0.0,0.0,0.0,,,,[],True,0.0,0.0,[],True,0.0,0.0,0.0,1.0,1.0,"[{'type': 'module_not_found', 'module': 'tensorflow', 'line': 2}]"
DS1000,DS0381,"
import numpy as np
a = test_input
result = np.argsort(-a)
","result = np.argsort(a)[::-1][:len(a)]
",Passed,True,0.0,0.0,0.0,,,,[],True,0.0,0.0,[],True,0.0,0.0,0.0,0.0,0.0,[]
DS1000,DS0382,"
import numpy as np
a = test_input
result = np.argsort(a)
","result = np.argsort(a)
",Passed,True,0.0,0.0,0.0,,,,[],True,0.0,0.0,[],True,0.0,0.0,0.0,0.0,0.0,[]
DS1000,DS0383,"
import numpy as np
a, N = test_input
result = np.argsort(-a)[-N:]
","result = np.argsort(a)[::-1][:N]
",Failed: Logic Error (Assertion failed),True,0.0,0.0,0.0,,,,[],True,0.0,0.0,[],True,0.0,0.0,0.0,0.0,0.0,[]
DS1000,DS0384,"
import numpy as np
A, n = test_input
result = A ** n
","result = np.linalg.matrix_power(A, n)
",Failed: Logic Error (Assertion failed),True,0.0,0.0,0.0,,,,[],True,0.0,0.0,[],True,0.0,0.0,0.0,0.0,0.0,[]
DS1000,DS0385,"
import numpy as np
a = test_input
result = a.reshape(-1, 2, 2)
","result = a.reshape(a.shape[0]//2, 2, a.shape[1]//2, 2).swapaxes(1, 2).transpose(1, 0, 2, 3).reshape(-1, 2, 2)
",Failed: Logic Error (Assertion failed),True,0.0,0.0,0.0,,,,[],True,0.0,0.0,[],True,0.0,0.0,0.0,0.0,0.0,[]
DS1000,DS0386,"
import numpy as np
a = test_input
result = a.reshape(-1, 2, 2)
","result = np.lib.stride_tricks.sliding_window_view(a, window_shape=(2,2)).reshape(-1, 2, 2)
",Failed: Logic Error (Assertion failed),True,0.0,0.0,0.0,,,,[],True,0.0,0.0,[],True,0.0,0.0,0.0,0.0,0.0,[]
DS1000,DS0387,"
import numpy as np
a = test_input
result = a.reshape(-1, 2, 2)
","result = a.reshape(a.shape[0]//2, 2, a.shape[1]//2, 2).swapaxes(1, 2).reshape(-1, 2, 2)
",Failed: Logic Error (Assertion failed),True,0.0,0.0,0.0,,,,[],True,0.0,0.0,[],True,0.0,0.0,0.0,0.0,0.0,[]
DS1000,DS0388,"
import numpy as np
a, patch_size = test_input
result = a.reshape(-1, patch_size, patch_size)
","x = a[:a.shape[0] // patch_size * patch_size, :a.shape[1] // patch_size * patch_size]
result = x.reshape(x.shape[0]//patch_size, patch_size, x.shape[1]// patch_size, patch_size).swapaxes(1, 2). reshape(-1, patch_size, patch_size)

",Failed: Logic Error (Assertion failed),True,0.0,0.0,0.0,,,,[],True,0.0,0.0,[],True,0.0,0.0,0.0,0.0,0.0,[]
DS1000,DS0389,"
import numpy as np
a, h, w = test_input
result = np.concatenate(test_input, axis=1)
","n, nrows, ncols = a.shape
result = a.reshape(h//nrows, -1, nrows, ncols).swapaxes(1,2).reshape(h, w)

","Failed: ValueError: all the input arrays must have same number of dimensions, but the array at index 0 has 3 dimension(s) and the array at index 1 has 0 dimension(s)",True,0.0,0.0,0.0,,,,[],True,0.0,0.0,[],True,0.0,0.0,0.0,0.0,0.0,[]
DS1000,DS0390,"
import numpy as np
a, patch_size = test_input
result = a.reshape(-1, patch_size, patch_size)
","x = a[:a.shape[0] // patch_size * patch_size, :a.shape[1] // patch_size * patch_size]
result = x.reshape(x.shape[0]//patch_size, patch_size, x.shape[1]// patch_size, patch_size).swapaxes(1, 2).transpose(1, 0, 2, 3).reshape(-1, patch_size, patch_size)

",Failed: Logic Error (Assertion failed),True,0.0,0.0,0.0,,,,[],True,0.0,0.0,[],True,0.0,0.0,0.0,0.0,0.0,[]
DS1000,DS0391,"
import numpy as np
a, low, high = test_input
result = a[:, 1:5]
","result = a[:, low:high]
",Failed: Logic Error (Assertion failed),True,0.0,0.0,0.0,,,,[],True,0.0,0.0,[],True,0.0,0.0,0.0,0.0,0.0,[]
DS1000,DS0392,"
import numpy as np
a, low, high = test_input
result = a[:low:high]
","result = a[low:high, :]
",Failed: Logic Error (Assertion failed),True,0.0,0.0,0.0,,,,[],True,0.0,0.0,[],True,0.0,0.0,0.0,0.0,0.0,[]
DS1000,DS0393,"
import numpy as np
a, low, high = test_input
result = a[:, low:high]
","high = min(high, a.shape[1])
result = a[:, low:high]
",Passed,True,0.0,0.0,0.0,,,,[],True,0.0,0.0,[],True,0.0,0.0,0.0,0.0,0.0,[]
DS1000,DS0394,"
import numpy as np
string = test_input
import numpy as np
string = ""[[ 0.5544  0.4456], [ 0.8811  0.1189]]""
result = np.array(eval(string))
result = a
","a = np.array(np.matrix(string.replace(',', ';')))
","Failed: SyntaxError: invalid syntax. Perhaps you forgot a comma? (<string>, line 1)",True,0.0,0.0,0.0,,,,[],True,0.0,0.0,[],True,0.0,0.0,0.0,0.0,0.0,[]
DS1000,DS0395,"
import numpy as np
min, max, n = test_input
result = np.random.loguniform(min, max, n)
","import scipy.stats
result = scipy.stats.loguniform.rvs(a = min, b = max, size = n)

",Failed: AttributeError: module 'numpy.random' has no attribute 'loguniform',True,0.0,0.0,0.0,,,,[],True,0.0,0.0,[],True,0.0,0.0,0.0,0.0,0.0,[]
DS1000,DS0396,"
import numpy as np
min, max, n = test_input
result = np.random.loguniform(min, max, n)
","import scipy.stats
result = scipy.stats.loguniform.rvs(a = np.exp(min), b = np.exp(max), size = n)

",Failed: AttributeError: module 'numpy.random' has no attribute 'loguniform',True,0.0,0.0,0.0,,,,[],True,0.0,0.0,[],True,0.0,0.0,0.0,0.0,0.0,[]
DS1000,DS0397,"
import numpy as np
min, max, n = test_input
def f(min=1, max=np.e, n=10000):
result = np.random.loguniform(min, max, n)
result = f(min, max, n)
","    import scipy.stats
    result = scipy.stats.loguniform.rvs(a = min, b = max, size = n)
    

    return result
","Failed: IndentationError: expected an indented block after function definition on line 4 (<string>, line 5)",False,0.0,1.0,0.0,IndentationError,5.0,"expected an indented block after function definition on line 4 (<unknown>, line 5)",[],False,0.0,0.0,[],False,0.0,0.0,0.0,0.0,0.0,[]
DS1000,DS0398,"
import numpy as np
import pandas as pd
A, a, b = test_input
result = pd.Series([a * A[0]], index=[0])
for t in range(1, len(A)):
    result[t] = a * A[t] + b * result[t-1]
result = B
","B = np.empty(len(A))
for k in range(0, len(B)):
    if k == 0:
        B[k] = a*A[k]
    else:
        B[k] = a*A[k] + b*B[k-1]
",Failed: NameError: name 'B' is not defined,True,0.0,0.0,0.0,,,,[],True,0.0,0.0,[],True,0.0,0.0,0.0,0.0,0.0,[]
DS1000,DS0399,"
import numpy as np
import pandas as pd
A, a, b, c = test_input
import numpy as np
import pandas as pd

A, a, b, c = test_input
B = pd.Series([a * A[0]])
for t in range(1, len(A)):
    B[t] = a * A[t] + b * B[t-1] + c * B[t-2]
result = B
result = B
","B = np.empty(len(A))
for k in range(0, len(B)):
    if k == 0:
        B[k] = a*A[k]
    elif k == 1:
        B[k] = a*A[k] + b*B[k-1]
    else:
        B[k] = a*A[k] + b*B[k-1] + c*B[k-2]

",Failed: KeyError: -1,True,0.0,0.0,0.0,,,,[],True,0.0,0.0,[],True,0.0,0.0,0.0,0.0,0.0,[]
DS1000,DS0400,"
import numpy as np
result = np.empty((0,))
","result = np.array([])
",Passed,True,0.0,0.0,0.0,,,,[],True,0.0,0.0,[],True,0.0,0.0,0.0,0.0,0.0,[]
DS1000,DS0401,"
import numpy as np
result = np.empty((3, 0))
","result = np.array([[], [], []])
",Passed,True,0.0,0.0,0.0,,,,[],True,0.0,0.0,[],True,0.0,0.0,0.0,0.0,0.0,[]
DS1000,DS0402,"
import numpy as np
dims, a, index = test_input
result = np.ravel_multi_index((a[index], dims[0], dims[1]), dims, order='F')
","result = np.ravel_multi_index(index, dims=dims, order='F')
",Failed: TypeError: only int indices permitted,True,0.0,0.0,0.0,,,,[],True,0.0,0.0,[],True,0.0,0.0,0.0,0.0,0.0,[]
DS1000,DS0403,"
import numpy as np
dims, a, index = test_input
result = np.ravel_multi_index(index, dims, order='C')
","result = np.ravel_multi_index(index, dims=dims, order='C')
",Passed,True,0.0,0.0,0.0,,,,[],True,0.0,0.0,[],True,0.0,0.0,0.0,0.0,0.0,[]
DS1000,DS0404,"
import numpy as np
import pandas as pd
index, columns = test_input
result = pd.DataFrame(np.zeros((2, 3)), index=index, columns=columns)
result = df
","dtype = [('a','int32'), ('b','float32'), ('c','float32')]
values = np.zeros(2, dtype=dtype)
df = pd.DataFrame(values, index=index)

",Failed: NameError: name 'df' is not defined,True,0.0,0.0,0.0,,,,[],True,0.0,0.0,[],True,0.0,0.0,0.0,0.0,0.0,[]
DS1000,DS0405,"
import numpy as np
a, accmap = test_input
result = np.bincount(accmap, weights=a)
","result = np.bincount(accmap, weights = a)
",Passed,True,0.0,0.0,0.0,,,,[],True,0.0,0.0,[],True,0.0,0.0,0.0,0.0,0.0,[]
DS1000,DS0406,"
import numpy as np
a, index = test_input
result = np.max(a[index], axis=0)
","uni = np.unique(index)
result = np.zeros(np.amax(index)+1)
for i in uni:
    result[i] = np.max(a[index==i])

",Failed: Logic Error (Assertion failed),True,0.0,0.0,0.0,,,,[],True,0.0,0.0,[],True,0.0,0.0,0.0,0.0,0.0,[]
DS1000,DS0407,"
import numpy as np
a, accmap = test_input
result = np.bincount(accmap, weights=a)
","add = np.max(accmap)
mask = accmap < 0
accmap[mask] += add+1
result = np.bincount(accmap, weights = a)

",Failed: ValueError: 'list' argument must have no negative elements,True,0.0,0.0,0.0,,,,[],True,0.0,0.0,[],True,0.0,0.0,0.0,0.0,0.0,[]
DS1000,DS0408,"
import numpy as np
a, index = test_input
result = np.minimum.reduceat(a, index + 1)
","add = np.max(index)
mask =index < 0
index[mask] += add+1
uni = np.unique(index)
result = np.zeros(np.amax(index)+1)
for i in uni:
    result[i] = np.min(a[index==i])

",Failed: Logic Error (Assertion failed),True,0.0,0.0,0.0,,,,[],True,0.0,0.0,[],True,0.0,0.0,0.0,0.0,0.0,[]
DS1000,DS0409,"
import numpy as np
x, y = test_input
result = np.vectorize(elementwise_function)(x, y)
result = z
","x_new = np.array(x)
y_new = np.array(y)
z = x_new + y_new

",Failed: NameError: name 'elementwise_function' is not defined,True,0.0,0.0,0.0,,,,[],True,0.0,0.0,[],True,0.0,0.0,0.0,0.0,0.0,[]
DS1000,DS0410,"
import numpy as np
probabilit, lista_elegir, samples = test_input
result = np.random.choice(lista_elegir, samples, p=probabilit)
","np.random.seed(42)
temp = np.array(lista_elegir)
result = temp[np.random.choice(len(lista_elegir),samples,p=probabilit)]

",Failed: ValueError: a must be 1-dimensional,True,0.0,0.0,0.0,,,,[],True,0.0,0.0,[],True,0.0,0.0,0.0,0.0,0.0,[]
DS1000,DS0411,"
import numpy as np
a, low_index, high_index = test_input
result = a[max(0, low_index):min(high_index, a.shape[0]), max(0, low_index):min(high_index, a.shape[1])]
","def fill_crop(img, pos, crop):
    img_shape, pos, crop_shape = np.array(img.shape), np.array(pos), np.array(crop.shape),
    end = pos+crop_shape
    # Calculate crop slice positions
    crop_low = np.clip(0 - pos, a_min=0, a_max=crop_shape)
    crop_high = crop_shape - np.clip(end-img_shape, a_min=0, a_max=crop_shape)
    crop_slices = (slice(low, high) for low, high in zip(crop_low, crop_high))
    # Calculate img slice positions
    pos = np.clip(pos, a_min=0, a_max=img_shape)
    end = np.clip(end, a_min=0, a_max=img_shape)
    img_slices = (slice(low, high) for low, high in zip(pos, end))
    crop[tuple(crop_slices)] = img[tuple(img_slices)]
    return crop
result = fill_crop(a, [low_index, low_index], np.zeros((high_index-low_index, high_index-low_index)))
",Failed: Logic Error (Assertion failed),True,0.0,0.0,0.0,,,,[],True,0.0,0.0,[],True,0.0,0.0,0.0,0.0,0.0,[]
DS1000,DS0412,"
import numpy as np
x = test_input
result = x[x >= 0]
","result = x[x >=0]
",Passed,True,0.0,0.0,0.0,,,,[],True,0.0,0.0,[],True,0.0,0.0,0.0,0.0,0.0,[]
DS1000,DS0413,"
import numpy as np
x = test_input
result = x[np.isreal(x) == False]
","result = x[x.imag !=0]
",Passed,True,0.0,0.0,0.0,,,,[],True,0.0,0.0,[],True,0.0,0.0,0.0,0.0,0.0,[]
DS1000,DS0414,"
import numpy as np
data, bin_size = test_input
import numpy as np

data, bin_size = test_input
result = np.array([np.mean(data[i:i+bin_size]) for i in range(0, len(data), bin_size)])
result = bin_data_mean
","bin_data_mean = data[:(data.size // bin_size) * bin_size].reshape(-1, bin_size).mean(axis=1)
",Failed: NameError: name 'bin_data_mean' is not defined,True,0.0,0.0,0.0,,,,[],True,0.0,0.0,[],True,0.0,0.0,0.0,0.0,0.0,[]
DS1000,DS0415,"
import numpy as np
data, bin_size = test_input
import numpy as np

data, bin_size = test_input
result = np.array([np.max(data[i:i+bin_size]) for i in range(0, len(data), bin_size)])
result = bin_data_max
","bin_data_max = data[:(data.size // bin_size) * bin_size].reshape(-1, bin_size).max(axis=1)
",Failed: NameError: name 'bin_data_max' is not defined,True,0.0,0.0,0.0,,,,[],True,0.0,0.0,[],True,0.0,0.0,0.0,0.0,0.0,[]
DS1000,DS0416,"
import numpy as np
data, bin_size = test_input
import numpy as np

data, bin_size = test_input
result = np.array([np.mean(data[i:i+bin_size], axis=1) for i in range(0, len(data), bin_size)])
result = bin_data_mean
","bin_data_mean = data[:,:(data.shape[1] // bin_size) * bin_size].reshape(data.shape[0], -1, bin_size).mean(axis=-1)
",Failed: NameError: name 'bin_data_mean' is not defined,True,0.0,0.0,0.0,,,,[],True,0.0,0.0,[],True,0.0,0.0,0.0,0.0,0.0,[]
DS1000,DS0417,"
import numpy as np
data, bin_size = test_input
import numpy as np

data, bin_size = test_input
result = np.array([np.mean(data[i:i+bin_size]) for i in range(len(data)-bin_size+1)[::-1]])
result = bin_data_mean
","new_data = data[::-1]
bin_data_mean = new_data[:(data.size // bin_size) * bin_size].reshape(-1, bin_size).mean(axis=1)

",Failed: NameError: name 'bin_data_mean' is not defined,True,0.0,0.0,0.0,,,,[],True,0.0,0.0,[],True,0.0,0.0,0.0,0.0,0.0,[]
DS1000,DS0418,"
import numpy as np
data, bin_size = test_input
import numpy as np

data, bin_size = test_input
# Reverse the data to start binning from the end
data = data[::-1]
# Calculate the number of bins
num_bins = len(data) // bin_size
# Reshape the data into bins
bin_data = data[:num_bins * bin_size].reshape(-1, bin_size)
# Calculate the mean of each bin
result = bin_data.mean(axis=1)
result = bin_data_mean
","new_data = data[:, ::-1]
bin_data_mean = new_data[:,:(data.shape[1] // bin_size) * bin_size].reshape(data.shape[0], -1, bin_size).mean(axis=-1)
",Failed: NameError: name 'bin_data_mean' is not defined,True,0.0,0.0,0.0,,,,[],True,0.0,0.0,[],True,0.0,0.0,0.0,0.0,0.0,[]
DS1000,DS0419,"
import numpy as np
data, bin_size = test_input
import numpy as np

data, bin_size = test_input
result = np.array([np.mean(data[i:i+bin_size], axis=1) for i in range(0, len(data), bin_size)])
result = bin_data_mean
","new_data = data[:, ::-1]
bin_data_mean = new_data[:,:(data.shape[1] // bin_size) * bin_size].reshape(data.shape[0], -1, bin_size).mean(axis=-1)[:,::-1]

",Failed: NameError: name 'bin_data_mean' is not defined,True,0.0,0.0,0.0,,,,[],True,0.0,0.0,[],True,0.0,0.0,0.0,0.0,0.0,[]
DS1000,DS0420,"
import numpy as np
x, x_min, x_max = test_input
result = np.clip(x, x_min, x_max)
result = smoothclamp(x)
","def smoothclamp(x):
    return np.where(x < x_min, x_min, np.where(x > x_max, x_max, 3*x**2 - 2*x**3))
",Failed: NameError: name 'smoothclamp' is not defined,True,0.0,0.0,0.0,,,,[],True,0.0,0.0,[],True,0.0,0.0,0.0,0.0,0.0,[]
DS1000,DS0421,"
import numpy as np
x, x_min, x_max, N = test_input
result = np.clip(x, x_min, x_max)
result = smoothclamp(x, N=N)
","from scipy.special import comb

def smoothclamp(x, x_min=0, x_max=1, N=1):
    if x < x_min:
        return x_min
    if x > x_max:
        return x_max
    x = np.clip((x - x_min) / (x_max - x_min), 0, 1)

    result = 0
    for n in range(0, N + 1):
        result += comb(N + n, n) * comb(2 * N + 1, N - n) * (-x) ** n

    result *= x ** (N + 1)
    return result

",Failed: NameError: name 'smoothclamp' is not defined,True,0.0,0.0,0.0,,,,[],True,0.0,0.0,[],True,0.0,0.0,0.0,0.0,0.0,[]
DS1000,DS0422,"
import numpy as np
a, b = test_input
result = np.correlate(a, b, mode='full')
","result = np.correlate(a, np.hstack((b[1:], b)), mode='valid')
",Failed: Logic Error (Assertion failed),True,0.0,0.0,0.0,,,,[],True,0.0,0.0,[],True,0.0,0.0,0.0,0.0,0.0,[]
DS1000,DS0423,"
import numpy as np
import pandas as pd
names, times, df = test_input
result = df.values.reshape(4, 15, 5)
","result = df.values.reshape(15, 5, 4).transpose(2, 0, 1)
",Failed: Logic Error (Assertion failed),True,0.0,0.0,0.0,,,,[],True,0.0,0.0,[],True,0.0,0.0,0.0,0.0,0.0,[]
DS1000,DS0424,"
import numpy as np
import pandas as pd
names, times, df = test_input
result = df.values.reshape(15, 4, 5)
","result = df.values.reshape(15, 5, 4).transpose(0, 2, 1)
",Failed: Logic Error (Assertion failed),True,0.0,0.0,0.0,,,,[],True,0.0,0.0,[],True,0.0,0.0,0.0,0.0,0.0,[]
DS1000,DS0425,"
import numpy as np
a, m = test_input
result = np.unpackbits(a.astype(np.uint8), axis=1)[:, -m:]
","result = (((a[:,None] & (1 << np.arange(m))[::-1])) > 0).astype(int)
",Failed: AxisError: axis 1 is out of bounds for array of dimension 1,True,0.0,0.0,0.0,,,,[],True,0.0,0.0,[],True,0.0,0.0,0.0,0.0,0.0,[]
DS1000,DS0426,"
import numpy as np
a, m = test_input
result = np.unpackbits(np.uint8(a), axis=1)[:, -m:]
","result = (((a[:,None] & (1 << np.arange(m))[::-1])) > 0).astype(int)
",Failed: AxisError: axis 1 is out of bounds for array of dimension 1,True,0.0,0.0,0.0,,,,[],True,0.0,0.0,[],True,0.0,0.0,0.0,0.0,0.0,[]
DS1000,DS0427,"
import numpy as np
a, m = test_input
result = np.unpackbits(a.astype(np.uint8), axis=1)[:, -m:]
","res = np.array([0])
for i in a:
    res = res ^ i
result = (((res[:,None] & (1 << np.arange(m))[::-1])) > 0).astype(int)
",Failed: AxisError: axis 1 is out of bounds for array of dimension 1,True,0.0,0.0,0.0,,,,[],True,0.0,0.0,[],True,0.0,0.0,0.0,0.0,0.0,[]
DS1000,DS0428,"
import numpy as np
a = test_input
result = (np.mean(a) - 3 * np.std(a), np.mean(a) + 3 * np.std(a))
","result = (a.mean()-3*a.std(), a.mean()+3*a.std())
",Passed,True,0.0,0.0,0.0,,,,[],True,0.0,0.0,[],True,0.0,0.0,0.0,0.0,0.0,[]
DS1000,DS0429,"
import numpy as np
a = test_input
result = (np.mean(a) - 2 * np.std(a), np.mean(a) + 2 * np.std(a))
","result = (a.mean()-2*a.std(), a.mean()+2*a.std())
",Passed,True,0.0,0.0,0.0,,,,[],True,0.0,0.0,[],True,0.0,0.0,0.0,0.0,0.0,[]
DS1000,DS0430,"
import numpy as np
a = test_input
def f(a):
import numpy as np

a = np.array([0, 1, 2, 5, 6, 7, 8, 8, 8, 10, 29, 32, 45])

mean = np.mean(a)
std_dev = np.std(a)
third_std_dev = 3 * std_dev

start = mean - third_std_dev
end = mean + third_std_dev

result = (start, end)
result = f(a)
","    result = (a.mean()-3*a.std(), a.mean()+3*a.std())

    return result
","Failed: IndentationError: expected an indented block after function definition on line 4 (<string>, line 5)",False,0.0,1.0,0.0,IndentationError,5.0,"expected an indented block after function definition on line 4 (<unknown>, line 5)",[],False,0.0,0.0,[],False,0.0,0.0,0.0,0.0,0.0,[]
DS1000,DS0431,"
import numpy as np
a = test_input
result = (a < a.mean() - 2 * a.std()) | (a > a.mean() + 2 * a.std())
","interval = (a.mean()-2*a.std(), a.mean()+2*a.std())
result = ~np.logical_and(a>interval[0], a<interval[1])
",Passed,True,0.0,0.0,0.0,,,,[],True,0.0,0.0,[],True,0.0,0.0,0.0,0.0,0.0,[]
DS1000,DS0432,"
import numpy as np
DataArray, percentile = test_input
result = np.percentile(DataArray, percentile)
result = prob
","mdata = np.ma.masked_where(DataArray < 0, DataArray)
mdata = np.ma.filled(mdata, np.nan)
prob = np.nanpercentile(mdata, percentile)

",Failed: NameError: name 'prob' is not defined,True,0.0,0.0,0.0,,,,[],True,0.0,0.0,[],True,0.0,0.0,0.0,0.0,0.0,[]
DS1000,DS0433,"
import numpy as np
a, zero_rows, zero_cols = test_input
result = a.copy()
result[zero_rows, :] = 0
result[:, zero_cols] = 0
result = a
","a[zero_rows, :] = 0
a[:, zero_cols] = 0
",Failed: Logic Error (Assertion failed),True,0.0,0.0,0.0,,,,[],True,0.0,0.0,[],True,0.0,0.0,0.0,0.0,0.0,[]
DS1000,DS0434,"
import numpy as np
a, zero_rows, zero_cols = test_input
result = a.copy()
result[zero_rows, :] = 0
result[:, zero_cols] = 0
result = a
","a[zero_rows, :] = 0
a[:, zero_cols] = 0
",Failed: Logic Error (Assertion failed),True,0.0,0.0,0.0,,,,[],True,0.0,0.0,[],True,0.0,0.0,0.0,0.0,0.0,[]
DS1000,DS0435,"
import numpy as np
a = test_input
result = a.copy()
result[1, :] = 0
result[:, 0] = 0
result = a
","a[1, :] = 0
a[:, 0] = 0
",Failed: Logic Error (Assertion failed),True,0.0,0.0,0.0,,,,[],True,0.0,0.0,[],True,0.0,0.0,0.0,0.0,0.0,[]
DS1000,DS0436,"
import numpy as np
a = test_input
result = a == a.max(axis=1, keepdims=True)
result = mask
","mask = (a.max(axis=1,keepdims=1) == a)
",Failed: NameError: name 'mask' is not defined,True,0.0,0.0,0.0,,,,[],True,0.0,0.0,[],True,0.0,0.0,0.0,0.0,0.0,[]
DS1000,DS0437,"
import numpy as np
a = test_input
result = a < a.min(axis=1, keepdims=True)
result = mask
","mask = (a.min(axis=1,keepdims=1) == a)
",Failed: NameError: name 'mask' is not defined,True,0.0,0.0,0.0,,,,[],True,0.0,0.0,[],True,0.0,0.0,0.0,0.0,0.0,[]
DS1000,DS0438,"
import numpy as np
post, distance = test_input
import numpy as np

# Assuming 'test_input' is a tuple containing 'post' and 'distance'
post, distance = test_input

# Calculate the Pearson correlation coefficient
result = np.corrcoef(post, distance)[0, 1]
","result = np.corrcoef(post, distance)[0][1]
",Passed,True,0.0,0.0,0.0,,,,[],True,0.0,0.0,[],True,0.0,0.0,0.0,0.0,0.0,[]
DS1000,DS0439,"
import numpy as np
X = test_input
result = np.einsum('ij,ik->ijk', X, X)
","result = X.T[:, :, None] * X.T[:, None]
",Failed: Logic Error (Assertion failed),True,0.0,0.0,0.0,,,,[],True,0.0,0.0,[],True,0.0,0.0,0.0,0.0,0.0,[]
DS1000,DS0440,"
import numpy as np
Y = test_input
result = np.einsum('ij,ik->jk', Y, Y)
result = X
","X = np.zeros([Y.shape[1], Y.shape[0]])
for i, mat in enumerate(Y):
    diag = np.sqrt(np.diag(mat))
    X[:, i] += diag

","Failed: ValueError: operand has more dimensions than subscripts given in einstein sum, but no '...' ellipsis provided to broadcast the extra dimensions.",True,0.0,0.0,0.0,,,,[],True,0.0,0.0,[],True,0.0,0.0,0.0,0.0,0.0,[]
DS1000,DS0441,"
import numpy as np
a, number = test_input
result = (a == number).any()
result = is_contained
","is_contained = number in a
",Failed: NameError: name 'is_contained' is not defined,True,0.0,0.0,0.0,,,,[],True,0.0,0.0,[],True,0.0,0.0,0.0,0.0,0.0,[]
DS1000,DS0442,"
import numpy as np
A, B = test_input
C = np.setdiff1d(A, B)
result = C
","C = A[~np.in1d(A,B)]
",Failed: Logic Error (Assertion failed),True,0.0,0.0,0.0,,,,[],True,0.0,0.0,[],True,0.0,0.0,0.0,0.0,0.0,[]
DS1000,DS0443,"
import numpy as np
A, B = test_input
C = np.isin(A, B)
result = A[C]
result = C
","C = A[np.in1d(A,B)]
",Failed: Logic Error (Assertion failed),True,0.0,0.0,0.0,,,,[],True,0.0,0.0,[],True,0.0,0.0,0.0,0.0,0.0,[]
DS1000,DS0444,"
import numpy as np
A, B = test_input
C = A[(A >= B[0]) & (A <= B[1])]
result = C
","C = A[np.logical_and(A > B[0], A < B[1]) | np.logical_and(A > B[1], A < B[2])]
",Failed: Logic Error (Assertion failed),True,0.0,0.0,0.0,,,,[],True,0.0,0.0,[],True,0.0,0.0,0.0,0.0,0.0,[]
DS1000,DS0445,"
import numpy as np
from scipy.stats import rankdata
a = test_input
result = np.argsort(-a)
","result = len(a) - rankdata(a).astype(int)
",Failed: TypeError: bad operand type for unary -: 'list',True,0.0,0.0,0.0,,,,[],True,0.0,0.0,[],True,0.0,0.0,0.0,0.0,0.0,[]
DS1000,DS0446,"
import numpy as np
from scipy.stats import rankdata
a = test_input
result = np.argsort(np.argsort(a))[::-1]
","result = len(a) - rankdata(a, method = 'ordinal').astype(int)
",Failed: Logic Error (Assertion failed),True,0.0,0.0,0.0,,,,[],True,0.0,0.0,[],True,0.0,0.0,0.0,0.0,0.0,[]
DS1000,DS0447,"
import numpy as np
from scipy.stats import rankdata
a = test_input
def f(a):
import numpy as np

a = test_input
result = np.argsort(-a)
result = f(a)
","    result = len(a) - rankdata(a).astype(int)

    return result
","Failed: IndentationError: expected an indented block after function definition on line 5 (<string>, line 6)",False,0.0,1.0,0.0,IndentationError,6.0,"expected an indented block after function definition on line 5 (<unknown>, line 6)",[],False,0.0,0.0,[],False,0.0,0.0,0.0,0.0,0.0,[]
DS1000,DS0448,"
import numpy as np
x_dists, y_dists = test_input
import numpy as np

x_dists, y_dists = test_input
dists = np.stack((x_dists, y_dists), axis=2)
result = dists
","dists = np.vstack(([x_dists.T], [y_dists.T])).T
",Passed,True,0.0,0.0,0.0,,,,[],True,0.0,0.0,[],True,0.0,0.0,0.0,0.0,0.0,[]
DS1000,DS0449,"
import numpy as np
x_dists, y_dists = test_input
import numpy as np

x_dists, y_dists = test_input
dists = np.stack((x_dists, y_dists), axis=2)
result = dists
","dists = np.vstack(([x_dists.T], [y_dists.T])).T
",Passed,True,0.0,0.0,0.0,,,,[],True,0.0,0.0,[],True,0.0,0.0,0.0,0.0,0.0,[]
DS1000,DS0450,"
import numpy as np
a, second, third = test_input
result = A[:, second][:, third]
","result = a[:, np.array(second).reshape(-1,1), third]
",Failed: NameError: name 'A' is not defined,True,0.0,0.0,0.0,,,,[],True,0.0,0.0,[],True,0.0,0.0,0.0,0.0,0.0,[]
DS1000,DS0451,"
import numpy as np
import numpy as np

result = np.zeros((20, 10, 10, 2))
result = arr
","arr = np.zeros((20,10,10,2))
",Failed: NameError: name 'arr' is not defined,True,0.0,0.0,0.0,,,,[],True,0.0,0.0,[],True,0.0,0.0,0.0,0.0,0.0,[]
DS1000,DS0452,"
from numpy import linalg as LA
import numpy as np
X = test_input
result = X / X.sum(axis=1).reshape(-1, 1)
","l1 = np.abs(X).sum(axis = 1)
result = X / l1.reshape(-1, 1)

",Failed: Logic Error (Assertion failed),True,0.0,0.0,0.0,,,,[],True,0.0,0.0,[],True,0.0,0.0,0.0,0.0,0.0,[]
DS1000,DS0453,"
from numpy import linalg as LA
import numpy as np
X = test_input
result = X / np.linalg.norm(X, axis=1, keepdims=True)
","l2 = np.sqrt((X*X).sum(axis=-1))
result = X / l2.reshape(-1, 1)

",Passed,True,0.0,0.0,0.0,,,,[],True,0.0,0.0,[],True,0.0,0.0,0.0,0.0,0.0,[]
DS1000,DS0454,"
from numpy import linalg as LA
import numpy as np
X = test_input
result = X / np.linalg.norm(X, axis=1, ord=np.inf, keepdims=True)
","linf = np.abs(X).max(axis = 1)
result = X / linf.reshape(-1, 1)

",Passed,True,0.0,0.0,0.0,,,,[],True,0.0,0.0,[],True,0.0,0.0,0.0,0.0,0.0,[]
DS1000,DS0455,"
import numpy as np
import pandas as pd
df, target, choices = test_input
result = df.assign(page_type=np.select([df['properties_path'].str.contains(target)], choices, default=np.nan))
","conds = df.a.str.contains(target, na=False)
result = np.select([conds], choices, default = np.nan)
","Failed: TypeError: Choicelist and default value do not have a common dtype: The DType <class 'numpy.dtypes.StrDType'> could not be promoted by <class 'numpy.dtypes._PyFloatDType'>. This means that no common DType exists for the given inputs. For example they cannot be stored in a single array unless the dtype is `object`. The full list of DTypes is: (<class 'numpy.dtypes.StrDType'>, <class 'numpy.dtypes._PyFloatDType'>)",True,0.0,0.0,0.0,,,,[],True,0.0,0.0,[],True,0.0,0.0,0.0,0.0,0.0,[]
DS1000,DS0456,"
import numpy as np
a = test_input
import numpy as np

a = np.array([[1, 2, 8],
              [7, 4, 2],
              [9, 1, 7],
              [0, 1, 5],
              [6, 4, 3]])

# Calculate pairwise distances using broadcasting
result = np.linalg.norm(a[:, np.newaxis] - a, axis=2)
","result = np.linalg.norm(a - a[:, None], axis = -1)
",Failed: Logic Error (Assertion failed),True,0.0,0.0,0.0,,,,[],True,0.0,0.0,[],True,0.0,0.0,0.0,0.0,0.0,[]
DS1000,DS0457,"
import numpy as np
dim, a = test_input
import numpy as np

dim, a = test_input
result = np.linalg.norm(a[:, np.newaxis] - a, axis=2)
","result = np.linalg.norm(a - a[:, None], axis = -1)
",Passed,True,0.0,0.0,0.0,,,,[],True,0.0,0.0,[],True,0.0,0.0,0.0,0.0,0.0,[]
DS1000,DS0458,"
import numpy as np
dim, a = test_input
import numpy as np

dim, a = test_input
result = np.linalg.norm(a[:, np.newaxis] - a[np.newaxis, :], axis=2)
","result = np.triu(np.linalg.norm(a - a[:, None], axis = -1))


",Failed: Logic Error (Assertion failed),True,0.0,0.0,0.0,,,,[],True,0.0,0.0,[],True,0.0,0.0,0.0,0.0,0.0,[]
DS1000,DS0459,"
import numpy as np
A, NA = test_input
result = A.mean()
result = AVG
","AVG = np.mean(NA.astype(float), axis = 0)

",Failed: AttributeError: 'list' object has no attribute 'mean',True,0.0,0.0,0.0,,,,[],True,0.0,0.0,[],True,0.0,0.0,0.0,0.0,0.0,[]
DS1000,DS0460,"
import numpy as np
A, NA = test_input
result = A.mean()
result = AVG
","AVG = np.mean(NA.astype(float), axis = 0)

",Failed: AttributeError: 'list' object has no attribute 'mean',True,0.0,0.0,0.0,,,,[],True,0.0,0.0,[],True,0.0,0.0,0.0,0.0,0.0,[]
DS1000,DS0461,"
import numpy as np
A, NA = test_input
result = A.mean()
result = AVG
","for i in range(len(NA)):
    NA[i] = NA[i].replace('np.', '')
AVG = np.mean(NA.astype(float), axis = 0)

",Failed: AttributeError: 'list' object has no attribute 'mean',True,0.0,0.0,0.0,,,,[],True,0.0,0.0,[],True,0.0,0.0,0.0,0.0,0.0,[]
DS1000,DS0462,"
import numpy as np
a = test_input
result = np.unique(a[a != 0])
","selection = np.ones(len(a), dtype = bool)
selection[1:] = a[1:] != a[:-1]
selection &= a != 0
result = a[selection]

",Failed: Logic Error (Assertion failed),True,0.0,0.0,0.0,,,,[],True,0.0,0.0,[],True,0.0,0.0,0.0,0.0,0.0,[]
DS1000,DS0463,"
import numpy as np
a = test_input
result = a[a != 0].unique().reshape(-1, 1)
","selection = np.ones((len(a), 1), dtype = bool)
selection[1:] = a[1:] != a[:-1]
selection &= a != 0
result = a[selection].reshape(-1, 1)

",Failed: AttributeError: 'numpy.ndarray' object has no attribute 'unique',True,0.0,0.0,0.0,,,,[],True,0.0,0.0,[],True,0.0,0.0,0.0,0.0,0.0,[]
DS1000,DS0464,"
import numpy as np
import pandas as pd
lat, lon, val = test_input
import pandas as pd

# Create a DataFrame from the arrays
result = pd.DataFrame({
    'lat': lat.flatten(),
    'lon': lon.flatten(),
    'val': val.flatten()
})
result = df
","df = pd.DataFrame({'lat': lat.ravel(), 'lon': lon.ravel(), 'val': val.ravel()})
",Failed: NameError: name 'df' is not defined,True,0.0,0.0,0.0,,,,[],True,0.0,0.0,[],True,0.0,0.0,0.0,0.0,0.0,[]
DS1000,DS0465,"
import numpy as np
import pandas as pd
lat, lon, val = test_input
def f(lat, lon,val):
import numpy as np
import pandas as pd

lat, lon, val = test_input

# Flatten the arrays and create a DataFrame
result = pd.DataFrame({
    'lat': lat.flatten(),
    'lon': lon.flatten(),
    'val': val.flatten()
})
result = f(lat, lon, val)
","    df = pd.DataFrame({'lat': lat.ravel(), 'lon': lon.ravel(), 'val': val.ravel()})

    return df
","Failed: IndentationError: expected an indented block after function definition on line 5 (<string>, line 6)",False,0.0,1.0,0.0,IndentationError,6.0,"expected an indented block after function definition on line 5 (<unknown>, line 6)",[],False,0.0,0.0,[],False,0.0,0.0,0.0,0.0,0.0,[]
DS1000,DS0466,"
import numpy as np
import pandas as pd
lat, lon, val = test_input
import numpy as np
import pandas as pd

lat, lon, val = test_input
df = pd.DataFrame({'lat': lat.flatten(), 'lon': lon.flatten(), 'val': val.flatten()})
result = df.assign(maximum=df.max(axis=1))
result = df
","df = pd.DataFrame({'lat': lat.ravel(), 'lon': lon.ravel(), 'val': val.ravel()})
df['maximum'] = df.max(axis=1)
",Failed: Logic Error (Assertion failed),True,0.0,0.0,0.0,,,,[],True,0.0,0.0,[],True,0.0,0.0,0.0,0.0,0.0,[]
DS1000,DS0467,"
import numpy as np
a, size = test_input
result = a[np.arange(size)[:, None] + np.arange(size)[None, :] - 1]
","def window(arr, shape=(3, 3)):
    ans = []
    # Find row and column window sizes
    r_win = np.floor(shape[0] / 2).astype(int)
    c_win = np.floor(shape[1] / 2).astype(int)
    x, y = arr.shape
    for i in range(x):
        xmin = max(0, i - r_win)
        xmax = min(x, i + r_win + 1)
        for j in range(y):
            ymin = max(0, j - c_win)
            ymax = min(y, j + c_win + 1)
            ans.append(arr[xmin:xmax, ymin:ymax])
    return ans

result = window(a, size)",Failed: TypeError: arange: scalar arguments expected instead of a tuple.,True,0.0,0.0,0.0,,,,[],True,0.0,0.0,[],True,0.0,0.0,0.0,0.0,0.0,[]
DS1000,DS0468,"
import numpy as np
a, size = test_input
result = a[np.arange(size)[:, None] + np.arange(size)[None, :] - 1]
","def window(arr, shape=(3, 3)):
    ans = []
    # Find row and column window sizes
    r_win = np.floor(shape[0] / 2).astype(int)
    c_win = np.floor(shape[1] / 2).astype(int)
    x, y = arr.shape
    for j in range(y):
        ymin = max(0, j - c_win)
        ymax = min(y, j + c_win + 1)
        for i in range(x):
            xmin = max(0, i - r_win)
            xmax = min(x, i + r_win + 1)
                
            ans.append(arr[xmin:xmax, ymin:ymax])
    return ans
result = window(a, size)",Failed: TypeError: arange: scalar arguments expected instead of a tuple.,True,0.0,0.0,0.0,,,,[],True,0.0,0.0,[],True,0.0,0.0,0.0,0.0,0.0,[]
DS1000,DS0469,"
import numpy as np
a = test_input
result = np.mean(a, where=np.isfinite(a.real))
","n = len(a)
s = np.sum(a)
result = np.real(s) / n + 1j * np.imag(s) / n
",Failed: Logic Error (Assertion failed),True,0.0,0.0,0.0,,,,[],True,0.0,0.0,[],True,0.0,0.0,0.0,0.0,0.0,[]
DS1000,DS0470,"
import numpy as np
a = test_input
def f(a):
result = np.mean(a, axis=0)
result = f(a)
","    n = len(a)
    s = np.sum(a)
    result = np.real(s) / n + 1j * np.imag(s) / n

    return result
","Failed: IndentationError: expected an indented block after function definition on line 4 (<string>, line 5)",False,0.0,1.0,0.0,IndentationError,5.0,"expected an indented block after function definition on line 4 (<unknown>, line 5)",[],False,0.0,0.0,[],False,0.0,0.0,0.0,0.0,0.0,[]
DS1000,DS0471,"
import numpy as np
Z = test_input
result = Z[..., -1:]
","result = Z[..., -1:]
",Passed,True,0.0,0.0,0.0,,,,[],True,0.0,0.0,[],True,0.0,0.0,0.0,0.0,0.0,[]
DS1000,DS0472,"
import numpy as np
a = test_input
result = a[-1:]
","result = a[-1:,...]
",Passed,True,0.0,0.0,0.0,,,,[],True,0.0,0.0,[],True,0.0,0.0,0.0,0.0,0.0,[]
DS1000,DS0473,"
import numpy as np
c, CNTS = test_input
result = any(np.array_equal(c, cnt) for cnt in CNTS)
","result = any(np.array_equal(c, x) for x in CNTS)
",Passed,True,0.0,0.0,0.0,,,,[],True,0.0,0.0,[],True,0.0,0.0,0.0,0.0,0.0,[]
DS1000,DS0474,"
import numpy as np
c, CNTS = test_input
result = any(np.array_equal(c, cnt) for cnt in CNTS)
","temp_c = c.copy()
temp_c[np.isnan(temp_c)] = 0
result = False
for arr in CNTS:
    temp = arr.copy()
    temp[np.isnan(temp)] = 0
    result |= np.array_equal(temp_c, temp) and (np.isnan(c) == np.isnan(arr)).all()

",Failed: Logic Error (Assertion failed),True,0.0,0.0,0.0,,,,[],True,0.0,0.0,[],True,0.0,0.0,0.0,0.0,0.0,[]
DS1000,DS0475,"
import numpy as np
from scipy import interpolate as intp
a, x_new, y_new = test_input
result = intp.interp2d(np.linspace(0, 3, a.size), np.linspace(0, 3, a.size), a.flatten(), kind='linear')(np.linspace(0, 3, a.size * 4), np.linspace(0, 3, a.size * 4))
","x = np.arange(4)
y = np.arange(4)
f = intp.interp2d(x, y, a)
result = f(x_new, y_new)","Failed: NotImplementedError: `interp2d` has been removed in SciPy 1.14.0.

For legacy code, nearly bug-for-bug compatible replacements are
`RectBivariateSpline` on regular grids, and `bisplrep`/`bisplev` for
scattered 2D data.

In new code, for regular grids use `RegularGridInterpolator` instead.
For scattered data, prefer `LinearNDInterpolator` or
`CloughTocher2DInterpolator`.

For more details see
https://scipy.github.io/devdocs/tutorial/interpolate/interp_transition_guide.html
",True,0.0,0.0,0.0,,,,[],True,0.0,0.0,[],True,0.0,0.0,0.0,0.0,0.0,[]
DS1000,DS0476,"
import pandas as pd
import numpy as np
data, name = test_input
result = df.groupby('D')['Q'].cumsum()
result = df
","df = pd.DataFrame(data)
df[name] = df.groupby('D').cumsum()

",Failed: NameError: name 'df' is not defined,True,0.0,0.0,0.0,,,,[],True,0.0,0.0,[],True,0.0,0.0,0.0,0.0,0.0,[]
DS1000,DS0477,"
import numpy as np
a = test_input
U, i, V = np.linalg.svd(a,full_matrices=True)
result = np.diag(i)
result = i
","i = np.diag(i)
",Failed: Logic Error (Assertion failed),True,0.0,0.0,0.0,,,,[],True,0.0,0.0,[],True,0.0,0.0,0.0,0.0,0.0,[]
DS1000,DS0478,"
import numpy as np
a = test_input
result = a - np.diag(a)
result = a
","result = np.einsum('ii->i', a)
save = result.copy()
a[...] = 0
result[...] = save
",Failed: Logic Error (Assertion failed),True,0.0,0.0,0.0,,,,[],True,0.0,0.0,[],True,0.0,0.0,0.0,0.0,0.0,[]
DS1000,DS0479,"
import numpy as np
import pandas as pd
start, end, n = test_input
result = pd.date_range(start=start, end=end, periods=n)
","result = pd.DatetimeIndex(np.linspace(pd.Timestamp(start).value, pd.Timestamp(end).value, num = n, dtype=np.int64))
",Passed,True,0.0,0.0,0.0,,,,[],True,0.0,0.0,[],True,0.0,0.0,0.0,0.0,0.0,[]
DS1000,DS0480,"
import numpy as np
x, y, a, b = test_input
result = np.where((x == a) & (y == b))[0][0] if (a in x) and (b in y) else -1
","result = ((x == a) & (y == b)).argmax()
if x[result] != a or y[result] != b:
    result = -1
",Failed: IndexError: index 0 is out of bounds for axis 0 with size 0,True,0.0,0.0,0.0,,,,[],True,0.0,0.0,[],True,0.0,0.0,0.0,0.0,0.0,[]
DS1000,DS0481,"
import numpy as np
x, y, a, b = test_input
result = np.where((x == a) & (y == b))[0]
","idx_list = ((x == a) & (y == b))
result = idx_list.nonzero()[0]

",Passed,True,0.0,0.0,0.0,,,,[],True,0.0,0.0,[],True,0.0,0.0,0.0,0.0,0.0,[]
DS1000,DS0482,"
import numpy as np
x, y = test_input
import numpy as np

# Given data
x = np.array([-1, 2, 5, 100])
y = np.array([123, 456, 789, 1255])

# Create a matrix of powers of x
X = np.vander(x, increasing=True)

# Solve for coefficients a, b, c
coefficients = np.linalg.lstsq(X, y, rcond=None)[0]

# Assign the result to the variable 'result'
result = coefficients
","result = np.polyfit(x, y, 2)
",Failed: Logic Error (Assertion failed),True,0.0,0.0,0.0,,,,[],True,0.0,0.0,[],True,0.0,0.0,0.0,0.0,0.0,[]
DS1000,DS0483,"
import numpy as np
x, y, degree = test_input
import numpy as np

# Given data
x = np.array([-1, 2, 5, 100])
y = np.array([123, 456, 789, 1255])

# Number of coefficients (degree + 1)
n_coeffs = degree + 1

# Initialize the design matrix X
X = np.vander(x, n=n_coeffs)

# Solve for the coefficients using least squares
result = np.linalg.lstsq(X, y, rcond=None)[0]
","result = np.polyfit(x, y, degree)
",Failed: TypeError: vander() got an unexpected keyword argument 'n',True,0.0,0.0,0.0,,,,[],True,0.0,0.0,[],True,0.0,0.0,1.0,0.0,1.0,"[{'type': 'type_error', 'function': 'vander', 'invalid_arg': 'n', 'line': 14}]"
DS1000,DS0484,"
import numpy as np
import pandas as pd
a, df = test_input
result = temp_df.apply(lambda x: x - temp_arr[x.name], axis=1)
result = df
","df = pd.DataFrame(df.values - a[:, None], df.index, df.columns)
",Failed: NameError: name 'temp_df' is not defined,True,0.0,0.0,0.0,,,,[],True,0.0,0.0,[],True,0.0,0.0,0.0,0.0,0.0,[]
DS1000,DS0485,"
import numpy as np
A, B = test_input
result = np.einsum('ijk,jl->ilk', A, B)
","result = np.tensordot(A,B,axes=((2),(0)))
","Failed: ValueError: operands could not be broadcast together with remapped shapes [original->remapped]: (5,6,3)->(5,newaxis,3,6) (3,3)->(3,newaxis,3) ",True,0.0,0.0,0.0,,,,[],True,0.0,0.0,[],True,0.0,0.0,0.0,0.0,0.0,[]
DS1000,DS0486,"
import numpy as np
from sklearn.preprocessing import MinMaxScaler
a = test_input
result = MinMaxScaler().fit_transform(a)
","scaler = MinMaxScaler()
a_one_column = a.reshape(-1, 1)
result_one_column = scaler.fit_transform(a_one_column)
result = result_one_column.reshape(a.shape)

",Failed: Logic Error (Assertion failed),True,0.0,0.0,0.0,,,,[],True,0.0,0.0,[],True,0.0,0.0,0.0,0.0,0.0,[]
DS1000,DS0487,"
import numpy as np
from sklearn.preprocessing import MinMaxScaler
arr = test_input
result = (arr - arr.min(axis=1, keepdims=True)) / (arr.max(axis=1, keepdims=True) - arr.min(axis=1, keepdims=True))
","from sklearn.preprocessing import minmax_scale
result = minmax_scale(arr.T).T

",Passed,True,0.0,0.0,0.0,,,,[],True,0.0,0.0,[],True,0.0,0.0,0.0,0.0,0.0,[]
DS1000,DS0488,"
import numpy as np
from sklearn.preprocessing import MinMaxScaler
a = test_input
result = np.apply_along_axis(lambda x: MinMaxScaler().fit_transform(x), 1, a)
","scaler = MinMaxScaler()
result = np.zeros_like(a)
for i, arr in enumerate(a):
    a_one_column = arr.reshape(-1, 1)
    result_one_column = scaler.fit_transform(a_one_column)
    result[i, :, :] = result_one_column.reshape(arr.shape)

","Failed: ValueError: Expected 2D array, got 1D array instead:
array=[ 1.  -0.5  1. ].
Reshape your data either using array.reshape(-1, 1) if your data has a single feature or array.reshape(1, -1) if it contains a single sample.",True,0.0,0.0,0.0,,,,[],True,0.0,0.0,[],True,0.0,0.0,0.0,0.0,0.0,[]
DS1000,DS0489,"
import numpy as np
arr = test_input
result = arr.copy()
result[arr < -10] = 0
result[arr >= 15] = 30
result[(arr >= -10) & (arr < 15)] += 5
result = arr
","result = arr.copy()
arr[np.where(result < -10)] = 0
arr[np.where(result >= 15)] = 30
arr[np.logical_and(result >= -10, result < 15)] += 5


",Failed: Logic Error (Assertion failed),True,0.0,0.0,0.0,,,,[],True,0.0,0.0,[],True,0.0,0.0,0.0,0.0,0.0,[]
DS1000,DS0490,"
import numpy as np
arr, n1, n2 = test_input
result = arr.copy()
result[arr < n1] = 0
result[arr >= n2] = 30
result[(arr >= n1) & (arr < n2)] += 5
result = arr
","for a, t1, t2 in zip(arr, n1, n2):
    temp = a.copy()
    a[np.where(temp < t1)] = 0
    a[np.where(temp >= t2)] = 30
    a[np.logical_and(temp >= t1, temp < t2)] += 5

","Failed: ValueError: operands could not be broadcast together with shapes (5,50) (5,) ",True,0.0,0.0,0.0,,,,[],True,0.0,0.0,[],True,0.0,0.0,0.0,0.0,0.0,[]
DS1000,DS0491,"
import numpy as np
n = 20
m = 10
tag = np.random.rand(n, m)
s1, s2 = test_input
result = np.count_nonzero(s1 != s2)
","result = (~np.isclose(s1,s2)).sum()
",Failed: Logic Error (Assertion failed),True,0.0,0.0,0.0,,,,[],True,0.0,0.0,[],True,0.0,0.0,0.0,0.0,0.0,[]
DS1000,DS0492,"
import numpy as np
n = 20
m = 10
tag = np.random.rand(n, m)
s1, s2 = test_input
result = np.count_nonzero(np.isnan(s1) | np.isnan(s2)) + np.sum(s1 != s2)
","result = (~np.isclose(s1,s2, equal_nan=True)).sum()
",Failed: Logic Error (Assertion failed),True,0.0,0.0,0.0,,,,[],True,0.0,0.0,[],True,0.0,0.0,0.0,0.0,0.0,[]
DS1000,DS0493,"
import numpy as np
a = test_input
result = np.all(a == a[0])
","def all_equal(iterator):
    try:
        iterator = iter(iterator)
        first = next(iterator)
        return all(np.array_equal(first, rest) for rest in iterator)
    except StopIteration:
        return True
result = all_equal(a)",Passed,True,0.0,0.0,0.0,,,,[],True,0.0,0.0,[],True,0.0,0.0,0.0,0.0,0.0,[]
DS1000,DS0494,"
import numpy as np
a = test_input
result = np.all(np.isnan(a))
","result = True
for arr in a:
    if any(np.isnan(arr)) == False:
        result = False
        break
",Failed: Logic Error (Assertion failed),True,0.0,0.0,0.0,,,,[],True,0.0,0.0,[],True,0.0,0.0,0.0,0.0,0.0,[]
DS1000,DS0495,"
import numpy as np
a, shape = test_input
result = np.pad(a, ((0, 52), (0, 0)), mode='constant', constant_values=0)
","result = np.pad(a, ((0, shape[0]-a.shape[0]), (0, shape[1]-a.shape[1])), 'constant')
",Passed,True,0.0,0.0,0.0,,,,[],True,0.0,0.0,[],True,0.0,0.0,1.0,0.0,1.0,"[{'type': 'type_error', 'function': 'pad', 'invalid_arg': 'constant_values', 'line': 4}]"
DS1000,DS0496,"
import numpy as np
a, shape = test_input
result = np.pad(a, ((0, 93 - a.shape[0]), (0, 13 - a.shape[1])), mode='constant', constant_values=0)
","result = np.pad(a, ((0, shape[0]-a.shape[0]), (0, shape[1]-a.shape[1])), 'constant')
",Passed,True,0.0,0.0,0.0,,,,[],True,0.0,0.0,[],True,0.0,0.0,1.0,0.0,1.0,"[{'type': 'type_error', 'function': 'pad', 'invalid_arg': 'constant_values', 'line': 4}]"
DS1000,DS0497,"
import numpy as np
a, shape, element = test_input
result = np.pad(a, ((0, 93 - a.shape[0]), (0, 13 - a.shape[1])), mode='constant', constant_values=5)
","result = np.pad(a, ((0, shape[0]-a.shape[0]), (0, shape[1]-a.shape[1])), 'constant', constant_values=element)
",Passed,True,0.0,0.0,0.0,,,,[],True,0.0,0.0,[],True,0.0,0.0,1.0,0.0,1.0,"[{'type': 'type_error', 'function': 'pad', 'invalid_arg': 'constant_values', 'line': 4}]"
DS1000,DS0498,"
import numpy as np
arr, shape = test_input
def f(arr, shape=(93,13)):
import numpy as np

arr, shape = test_input
largest_shape = (93, 13)
result = np.pad(arr, ((0, largest_shape[0] - arr.shape[0]), (0, largest_shape[1] - arr.shape[1])), mode='constant', constant_values=0)
result = f(arr, shape)
","    result = np.pad(arr, ((0, shape[0]-arr.shape[0]), (0, shape[1]-arr.shape[1])), 'constant')

    return result
","Failed: IndentationError: expected an indented block after function definition on line 4 (<string>, line 5)",False,0.0,1.0,0.0,IndentationError,5.0,"expected an indented block after function definition on line 4 (<unknown>, line 5)",[],False,0.0,0.0,[],False,0.0,0.0,0.0,0.0,0.0,[]
DS1000,DS0499,"
import numpy as np
a, shape = test_input
result = np.pad(a, ((93 - a.shape[0], 0), (13 - a.shape[1], 0)), mode='constant', constant_values=0)
","def to_shape(a, shape):
    y_, x_ = shape
    y, x = a.shape
    y_pad = (y_-y)
    x_pad = (x_-x)
    return np.pad(a,((y_pad//2, y_pad//2 + y_pad%2), 
                        (x_pad//2, x_pad//2 + x_pad%2)),
                    mode = 'constant')
result = to_shape(a, shape)",Failed: Logic Error (Assertion failed),True,0.0,0.0,0.0,,,,[],True,0.0,0.0,[],True,0.0,0.0,1.0,0.0,1.0,"[{'type': 'type_error', 'function': 'pad', 'invalid_arg': 'constant_values', 'line': 4}]"
DS1000,DS0500,"
import numpy as np
a = test_input
result = np.array([i for i in range(0, 3 * n)]).reshape(a.shape[0] // 3, 3)
result = a
","a = a.reshape(-1, 3)
",Failed: NameError: name 'n' is not defined,True,0.0,0.0,0.0,,,,[],True,0.0,0.0,[],True,0.0,0.0,0.0,0.0,0.0,[]
DS1000,DS0501,"
import numpy as np
a, b = test_input
result = a[np.arange(a.shape[0]), np.arange(a.shape[1]), b]
","result = np.take_along_axis(a, b[..., np.newaxis], axis=-1)[..., 0]
",Failed: Logic Error (Assertion failed),True,0.0,0.0,0.0,,,,[],True,0.0,0.0,[],True,0.0,0.0,0.0,0.0,0.0,[]
DS1000,DS0502,"
import numpy as np
a, b = test_input
result = a[np.arange(a.shape[0]), np.arange(a.shape[1]), b]
","result = np.take_along_axis(a, b[..., np.newaxis], axis=-1)[..., 0]
",Failed: Logic Error (Assertion failed),True,0.0,0.0,0.0,,,,[],True,0.0,0.0,[],True,0.0,0.0,0.0,0.0,0.0,[]
DS1000,DS0503,"
import numpy as np
a, b = test_input
result = a[np.arange(a.shape[0]), np.arange(a.shape[1]), b]
","result = np.take_along_axis(a, b[..., np.newaxis], axis=-1)[..., 0]
",Failed: Logic Error (Assertion failed),True,0.0,0.0,0.0,,,,[],True,0.0,0.0,[],True,0.0,0.0,0.0,0.0,0.0,[]
DS1000,DS0504,"
import numpy as np
a, b = test_input
result = np.sum(a[:, :, b], axis=2)
","arr = np.take_along_axis(a, b[..., np.newaxis], axis=-1)[..., 0]
result = np.sum(arr)

",Failed: Logic Error (Assertion failed),True,0.0,0.0,0.0,,,,[],True,0.0,0.0,[],True,0.0,0.0,0.0,0.0,0.0,[]
DS1000,DS0505,"
import numpy as np
a, b = test_input
result = np.sum(a[:, :, b], axis=2)
","arr = np.take_along_axis(a, b[..., np.newaxis], axis=-1)[..., 0]
result = np.sum(a) - np.sum(arr)

",Failed: Logic Error (Assertion failed),True,0.0,0.0,0.0,,,,[],True,0.0,0.0,[],True,0.0,0.0,0.0,0.0,0.0,[]
DS1000,DS0506,"
import numpy as np
import pandas as pd
data, df = test_input
result = df[df['a'] > 1 & df['a'] <= 4]['b']
","result = np.where((df.a<= 4)&(df.a>1), df.b,np.nan)
","Failed: ValueError: The truth value of a Series is ambiguous. Use a.empty, a.bool(), a.item(), a.any() or a.all().",True,0.0,0.0,0.0,,,,[],True,0.0,0.0,[],True,0.0,0.0,0.0,0.0,0.0,[]
DS1000,DS0507,"
import numpy as np
im = test_input
result = im[1:-1, 1:-1]
","mask = im == 0
rows = np.flatnonzero((~mask).sum(axis=1))
cols = np.flatnonzero((~mask).sum(axis=0))
if rows.shape[0] == 0:
    result = np.array([])
else:
    result = im[rows.min():rows.max()+1, cols.min():cols.max()+1]

",Failed: Logic Error (Assertion failed),True,0.0,0.0,0.0,,,,[],True,0.0,0.0,[],True,0.0,0.0,0.0,0.0,0.0,[]
DS1000,DS0508,"
import numpy as np
A = test_input
result = A[np.any(A != 0, axis=1), :][:, np.any(A != 0, axis=0)]
","B = np.argwhere(A)
(ystart, xstart), (ystop, xstop) = B.min(0), B.max(0) + 1
result = A[ystart:ystop, xstart:xstop]

",Passed,True,0.0,0.0,0.0,,,,[],True,0.0,0.0,[],True,0.0,0.0,0.0,0.0,0.0,[]
DS1000,DS0509,"
import numpy as np
im = test_input
result = im[np.any(im != 0, axis=1), :]
result = result[:, np.any(result != 0, axis=0)]
","mask = im == 0
rows = np.flatnonzero((mask).sum(axis=1))
cols = np.flatnonzero((mask).sum(axis=0))

if rows.shape[0] == 0:
    result = np.array([])
else:
    result = im[rows.min():rows.max()+1, cols.min():cols.max()+1]

",Failed: Logic Error (Assertion failed),True,0.0,0.0,0.0,,,,[],True,0.0,0.0,[],True,0.0,0.0,0.0,0.0,0.0,[]
DS1000,DS0510,"
import numpy as np
im = test_input
result = im[1:-1, 1:-1]
","mask = im == 0
rows = np.flatnonzero((~mask).sum(axis=1))
cols = np.flatnonzero((~mask).sum(axis=0))
if rows.shape[0] == 0:
    result = np.array([])
else:
    result = im[rows.min():rows.max()+1, cols.min():cols.max()+1]

",Failed: Logic Error (Assertion failed),True,0.0,0.0,0.0,,,,[],True,0.0,0.0,[],True,0.0,0.0,0.0,0.0,0.0,[]
DS1000,DS0511,"
import numpy as np
import pandas as pd
import matplotlib.pyplot as plt
import seaborn as sns
x = 10 * np.random.randn(10)
y = x
plt.plot(x, y, label='x-y')
plt.savefig('output.png', bbox_inches ='tight')
result = None
","plt.plot(x, y, label=""x-y"")
plt.legend()",Failed: AttributeError: 'NoneType' object has no attribute 'get_texts',True,0.0,0.0,0.0,,,,[],True,0.0,0.0,[],True,0.0,0.0,2.0,0.0,2.0,"[{'type': 'type_error', 'function': 'plot', 'invalid_arg': 'label', 'line': 8}, {'type': 'type_error', 'function': 'savefig', 'invalid_arg': 'bbox_inches', 'line': 9}]"
DS1000,DS0512,"
import numpy as np
import pandas as pd
import matplotlib.pyplot as plt
import seaborn as sns
x = np.random.rand(10)
y = np.random.rand(10)
plt.scatter(x, y)
plt.minorticks_on()
plt.savefig('output.png', bbox_inches ='tight')
result = None
","plt.minorticks_on()
ax = plt.gca()
ax.tick_params(axis=""x"", which=""minor"", bottom=False)",Failed: Logic Error (Assertion failed),True,0.0,0.0,0.0,,,,[],True,0.0,0.0,[],True,0.0,0.0,1.0,0.0,1.0,"[{'type': 'type_error', 'function': 'savefig', 'invalid_arg': 'bbox_inches', 'line': 10}]"
DS1000,DS0513,"
import numpy as np
import pandas as pd
import matplotlib.pyplot as plt
import seaborn as sns
x = np.random.rand(10)
y = np.random.rand(10)
plt.scatter(x, y)
plt.minorticks_on()
plt.savefig('output.png', bbox_inches ='tight')
result = None
",plt.minorticks_on(),Passed,True,0.0,0.0,0.0,,,,[],True,0.0,0.0,[],True,0.0,0.0,1.0,0.0,1.0,"[{'type': 'type_error', 'function': 'savefig', 'invalid_arg': 'bbox_inches', 'line': 10}]"
DS1000,DS0514,"
import numpy as np
import pandas as pd
import matplotlib.pyplot as plt
import seaborn as sns
x = np.random.rand(10)
y = np.random.rand(10)
plt.scatter(x, y)
plt.minorticks_on()
plt.savefig('output.png', bbox_inches ='tight')
result = None
","plt.minorticks_on()
ax = plt.gca()
ax.tick_params(axis=""y"", which=""minor"", tick1On=False)",Failed: Logic Error (Assertion failed),True,0.0,0.0,0.0,,,,[],True,0.0,0.0,[],True,0.0,0.0,1.0,0.0,1.0,"[{'type': 'type_error', 'function': 'savefig', 'invalid_arg': 'bbox_inches', 'line': 10}]"
DS1000,DS0515,"
import numpy as np
import pandas as pd
import matplotlib.pyplot as plt
import seaborn as sns
x = np.arange(10)
result = sns.lineplot(x=x, y=np.random.rand(10), style=x)
plt.savefig('output.png', bbox_inches ='tight')
result = None
","from matplotlib import lines

styles = lines.lineStyles.keys()
nstyles = len(styles)
for i, sty in enumerate(styles):
    y = np.random.randn(*x.shape)
    plt.plot(x, y, sty)
# print(lines.lineMarkers.keys())",Failed: Logic Error (Assertion failed),True,0.0,0.0,0.0,,,,[],True,0.0,0.0,[],True,0.0,0.0,1.0,0.0,1.0,"[{'type': 'type_error', 'function': 'savefig', 'invalid_arg': 'bbox_inches', 'line': 8}]"
DS1000,DS0516,"
import numpy as np
import pandas as pd
import matplotlib.pyplot as plt
import seaborn as sns
x = np.arange(10)
result = sns.lineplot(x=x, y=np.random.rand(10), style=x)
plt.savefig('output.png', bbox_inches ='tight')
result = None
","from matplotlib import lines

styles = lines.lineMarkers
nstyles = len(styles)
for i, sty in enumerate(styles):
    y = np.random.randn(*x.shape)
    plt.plot(x, y, marker=sty)",Failed: Logic Error (Assertion failed),True,0.0,0.0,0.0,,,,[],True,0.0,0.0,[],True,0.0,0.0,1.0,0.0,1.0,"[{'type': 'type_error', 'function': 'savefig', 'invalid_arg': 'bbox_inches', 'line': 8}]"
DS1000,DS0517,"
import numpy as np
import pandas as pd
import matplotlib.pyplot as plt
import seaborn as sns
x = np.arange(10)
y = np.random.randn(10)
sns.lineplot(x=x, y=y, marker='D', markersize=5)
plt.savefig('output.png', bbox_inches ='tight')
result = None
","plt.plot(x, y, marker=""d"")",Failed: Logic Error (Assertion failed),True,0.0,0.0,0.0,,,,[],True,0.0,0.0,[],True,0.0,0.0,3.0,0.0,3.0,"[{'type': 'type_error', 'function': 'lineplot', 'invalid_arg': 'marker', 'line': 8}, {'type': 'type_error', 'function': 'lineplot', 'invalid_arg': 'markersize', 'line': 8}, {'type': 'type_error', 'function': 'savefig', 'invalid_arg': 'bbox_inches', 'line': 9}]"
DS1000,DS0518,"
import numpy as np
import pandas as pd
import matplotlib.pyplot as plt
import seaborn as sns
x = np.arange(10)
y = np.random.randn(10)
sns.lineplot(x=x, y=y, marker='D', linewidth=2)
plt.savefig('output.png', bbox_inches ='tight')
result = None
","plt.plot(x, y, marker=""D"")",Passed,True,0.0,0.0,0.0,,,,[],True,0.0,0.0,[],True,0.0,0.0,3.0,0.0,3.0,"[{'type': 'type_error', 'function': 'lineplot', 'invalid_arg': 'marker', 'line': 8}, {'type': 'type_error', 'function': 'lineplot', 'invalid_arg': 'linewidth', 'line': 8}, {'type': 'type_error', 'function': 'savefig', 'invalid_arg': 'bbox_inches', 'line': 9}]"
DS1000,DS0519,"
import numpy as np
import pandas as pd
import matplotlib.pyplot as plt
import seaborn as sns
sns.set_style(""whitegrid"")
tips = sns.load_dataset(""tips"")
ax = sns.boxplot(x=""day"", y=""total_bill"", data=tips)
ax.set_ylim(0, 40)
plt.savefig('output.png', bbox_inches ='tight')
result = None
","plt.ylim(0, 40)",Passed,True,0.0,0.0,0.0,,,,[],True,0.0,0.0,[],True,0.0,0.0,1.0,0.0,1.0,"[{'type': 'type_error', 'function': 'savefig', 'invalid_arg': 'bbox_inches', 'line': 10}]"
DS1000,DS0520,"
import numpy as np
import pandas as pd
import matplotlib.pyplot as plt
import seaborn as sns
x = 10 * np.random.randn(10)
plt.plot(x)
plt.fill_between([2, 4], -5, 5, color='red', alpha=0.3)
plt.savefig('output.png', bbox_inches ='tight')
result = None
","plt.axvspan(2, 4, color=""red"", alpha=1)",Failed: Logic Error (Assertion failed),True,0.0,0.0,0.0,,,,[],True,0.0,0.0,[],True,0.0,0.0,3.0,0.0,3.0,"[{'type': 'type_error', 'function': 'fill_between', 'invalid_arg': 'color', 'line': 8}, {'type': 'type_error', 'function': 'fill_between', 'invalid_arg': 'alpha', 'line': 8}, {'type': 'type_error', 'function': 'savefig', 'invalid_arg': 'bbox_inches', 'line': 9}]"
DS1000,DS0521,"
import numpy as np
import pandas as pd
import matplotlib.pyplot as plt
import seaborn as sns
result = sns.lineplot(x=[0, 1], y=[0, 2])
plt.savefig('output.png', bbox_inches ='tight')
result = None
","p1 = (0, 0)
p2 = (1, 2)
plt.axline(p1, p2)",Failed: Logic Error (Assertion failed),True,0.0,0.0,0.0,,,,[],True,0.0,0.0,[],True,0.0,0.0,1.0,0.0,1.0,"[{'type': 'type_error', 'function': 'savefig', 'invalid_arg': 'bbox_inches', 'line': 7}]"
DS1000,DS0522,"
import numpy as np
import pandas as pd
import matplotlib.pyplot as plt
import seaborn as sns
result = sns.lineplot(x=[0, 1], y=[0, 2])
plt.savefig('output.png', bbox_inches ='tight')
result = None
","p1 = (0, 0)
p2 = (1, 2)
plt.plot((p1[0], p2[0]), (p1[1], p2[1]))",Passed,True,0.0,0.0,0.0,,,,[],True,0.0,0.0,[],True,0.0,0.0,1.0,0.0,1.0,"[{'type': 'type_error', 'function': 'savefig', 'invalid_arg': 'bbox_inches', 'line': 7}]"
DS1000,DS0523,"
import numpy
import pandas
import matplotlib.pyplot as plt
import seaborn
seaborn.set(style=""ticks"")
numpy.random.seed(0)
N = 37
_genders = [""Female"", ""Male"", ""Non-binary"", ""No Response""]
df = pandas.DataFrame(
    {
        ""Height (cm)"": numpy.random.uniform(low=130, high=200, size=N),
        ""Weight (kg)"": numpy.random.uniform(low=30, high=100, size=N),
        ""Gender"": numpy.random.choice(_genders, size=N),
    }
)
result = seaborn.relplot(x=""Height (cm)"", y=""Weight (kg)"", hue=""Gender"", data=df)
plt.savefig('output.png', bbox_inches ='tight')
result = None
","seaborn.relplot(
    data=df, x=""Weight (kg)"", y=""Height (cm)"", hue=""Gender"", hue_order=_genders
)",Failed: Logic Error (Assertion failed),True,0.0,0.0,0.0,,,,[],True,0.0,0.0,[],True,0.0,0.0,2.0,0.0,2.0,"[{'type': 'type_error', 'function': 'set', 'invalid_arg': 'style', 'line': 6}, {'type': 'type_error', 'function': 'savefig', 'invalid_arg': 'bbox_inches', 'line': 18}]"
DS1000,DS0524,"
import numpy as np
import pandas as pd
import matplotlib.pyplot as plt
import seaborn as sns
x = np.arange(10)
y = 2 * np.random.rand(10)
sns.lineplot(x=x, y=y)
plt.savefig('output.png', bbox_inches ='tight')
result = x, y
","sns.lineplot(x=x, y=y)",Failed: Logic Error (Assertion failed),True,0.0,0.0,0.0,,,,[],True,0.0,0.0,[],True,0.0,0.0,1.0,0.0,1.0,"[{'type': 'type_error', 'function': 'savefig', 'invalid_arg': 'bbox_inches', 'line': 9}]"
DS1000,DS0525,"
import numpy as np
import pandas as pd
import seaborn as sns
import matplotlib.pyplot as plt
x = np.arange(10)
y = np.sin(x)
sns.lineplot(x=x, y=y)
plt.savefig('output.png', bbox_inches ='tight')
result = x, y
","df = pd.DataFrame({""x"": x, ""y"": y})
sns.lineplot(x=""x"", y=""y"", data=df)",Passed,True,0.0,0.0,0.0,,,,[],True,0.0,0.0,[],True,0.0,0.0,1.0,0.0,1.0,"[{'type': 'type_error', 'function': 'savefig', 'invalid_arg': 'bbox_inches', 'line': 9}]"
DS1000,DS0526,"
import numpy as np
import pandas as pd
import matplotlib.pyplot as plt
x = np.random.randn(10)
y = np.random.randn(10)
plt.plot(x, y, '+', linewidth=7)
plt.savefig('output.png', bbox_inches ='tight')
result = None
","plt.plot(x, y, ""+"", mew=7, ms=20)",Failed: Logic Error (Assertion failed),True,0.0,0.0,0.0,,,,[],True,0.0,0.0,[],True,0.0,0.0,2.0,0.0,2.0,"[{'type': 'type_error', 'function': 'plot', 'invalid_arg': 'linewidth', 'line': 7}, {'type': 'type_error', 'function': 'savefig', 'invalid_arg': 'bbox_inches', 'line': 8}]"
DS1000,DS0527,"
import numpy as np
import pandas as pd
import matplotlib.pyplot as plt
import seaborn as sns
x = np.linspace(0, 2 * np.pi, 10)
y = np.cos(x)
plt.plot(x, y, label=""sin"")
plt.legend(fontsize=20)
plt.savefig('output.png', bbox_inches ='tight')
result = None
","plt.rcParams[""legend.fontsize""] = 20
plt.legend(title=""xxx"")",Passed,True,0.0,0.0,0.0,,,,[],True,0.0,0.0,[],True,0.0,0.0,3.0,0.0,3.0,"[{'type': 'type_error', 'function': 'plot', 'invalid_arg': 'label', 'line': 8}, {'type': 'type_error', 'function': 'legend', 'invalid_arg': 'fontsize', 'line': 9}, {'type': 'type_error', 'function': 'savefig', 'invalid_arg': 'bbox_inches', 'line': 10}]"
DS1000,DS0528,"
import numpy as np
import pandas as pd
import matplotlib.pyplot as plt
import seaborn as sns
x = np.linspace(0, 2 * np.pi, 10)
y = np.cos(x)
plt.legend(title='xyz', fontsize=20)
plt.savefig('output.png', bbox_inches ='tight')
result = None
","# plt.figure()
plt.plot(x, y, label=""sin"")
ax = plt.gca()
ax.legend(title=""xyz"", title_fontsize=20)",Failed: Logic Error (Assertion failed),True,0.0,0.0,0.0,,,,[],True,0.0,0.0,[],True,0.0,0.0,3.0,0.0,3.0,"[{'type': 'type_error', 'function': 'legend', 'invalid_arg': 'title', 'line': 8}, {'type': 'type_error', 'function': 'legend', 'invalid_arg': 'fontsize', 'line': 8}, {'type': 'type_error', 'function': 'savefig', 'invalid_arg': 'bbox_inches', 'line': 9}]"
DS1000,DS0529,"
import numpy as np
import pandas as pd
import matplotlib.pyplot as plt
import seaborn as sns
x = np.random.randn(10)
y = np.random.randn(10)
(l,) = plt.plot(range(10), ""o-"", lw=5, markersize=30)
l.set_facecolor((0.5, 0.5, 0.5, 0.2))
plt.savefig('output.png', bbox_inches ='tight')
result = None
","l.set_markerfacecolor((1, 1, 0, 0.2))",Failed: AttributeError: 'Line2D' object has no attribute 'set_facecolor',True,0.0,0.0,0.0,,,,[],True,0.0,0.0,[],True,0.0,0.0,3.0,0.0,3.0,"[{'type': 'type_error', 'function': 'plot', 'invalid_arg': 'lw', 'line': 8}, {'type': 'type_error', 'function': 'plot', 'invalid_arg': 'markersize', 'line': 8}, {'type': 'type_error', 'function': 'savefig', 'invalid_arg': 'bbox_inches', 'line': 10}]"
DS1000,DS0530,"
import numpy as np
import pandas as pd
import matplotlib.pyplot as plt
import seaborn as sns
x = np.random.randn(10)
y = np.random.randn(10)
(l,) = plt.plot(range(10), ""o-"", lw=5, markersize=30)
l.set_edgecolor('black')
plt.savefig('output.png', bbox_inches ='tight')
result = None
","l.set_markeredgecolor((0, 0, 0, 1))",Failed: AttributeError: 'Line2D' object has no attribute 'set_edgecolor',True,0.0,0.0,0.0,,,,[],True,0.0,0.0,[],True,0.0,0.0,3.0,0.0,3.0,"[{'type': 'type_error', 'function': 'plot', 'invalid_arg': 'lw', 'line': 8}, {'type': 'type_error', 'function': 'plot', 'invalid_arg': 'markersize', 'line': 8}, {'type': 'type_error', 'function': 'savefig', 'invalid_arg': 'bbox_inches', 'line': 10}]"
DS1000,DS0531,"
import numpy as np
import pandas as pd
import matplotlib.pyplot as plt
import seaborn as sns
x = np.random.randn(10)
y = np.random.randn(10)
(l,) = plt.plot(range(10), ""o-"", lw=5, markersize=30)
l.set_color('red')
plt.savefig('output.png', bbox_inches ='tight')
result = None
","l.set_markeredgecolor((1, 0, 0, 1))
l.set_color((1, 0, 0, 1))",Failed: Logic Error (Assertion failed),True,0.0,0.0,0.0,,,,[],True,0.0,0.0,[],True,0.0,0.0,3.0,0.0,3.0,"[{'type': 'type_error', 'function': 'plot', 'invalid_arg': 'lw', 'line': 8}, {'type': 'type_error', 'function': 'plot', 'invalid_arg': 'markersize', 'line': 8}, {'type': 'type_error', 'function': 'savefig', 'invalid_arg': 'bbox_inches', 'line': 10}]"
DS1000,DS0532,"
import numpy as np
import pandas as pd
import matplotlib.pyplot as plt
import seaborn as sns
x = np.linspace(0, 2 * np.pi, 10)
y = np.cos(x)
plt.plot(x, y, label=""sin"")
plt.xticks(rotation=45)
plt.savefig('output.png', bbox_inches ='tight')
result = None
",plt.xticks(rotation=45),Passed,True,0.0,0.0,0.0,,,,[],True,0.0,0.0,[],True,0.0,0.0,3.0,0.0,3.0,"[{'type': 'type_error', 'function': 'plot', 'invalid_arg': 'label', 'line': 8}, {'type': 'type_error', 'function': 'xticks', 'invalid_arg': 'rotation', 'line': 9}, {'type': 'type_error', 'function': 'savefig', 'invalid_arg': 'bbox_inches', 'line': 10}]"
DS1000,DS0533,"
import numpy as np
import pandas as pd
import matplotlib.pyplot as plt
import seaborn as sns
x = np.linspace(0, 2 * np.pi, 10)
y = np.cos(x)
plt.plot(x, y, label=""sin"")
plt.xticks(rotation=45)
plt.savefig('output.png', bbox_inches ='tight')
result = None
",plt.xticks(rotation=-45),Failed: Logic Error (Assertion failed),True,0.0,0.0,0.0,,,,[],True,0.0,0.0,[],True,0.0,0.0,3.0,0.0,3.0,"[{'type': 'type_error', 'function': 'plot', 'invalid_arg': 'label', 'line': 8}, {'type': 'type_error', 'function': 'xticks', 'invalid_arg': 'rotation', 'line': 9}, {'type': 'type_error', 'function': 'savefig', 'invalid_arg': 'bbox_inches', 'line': 10}]"
DS1000,DS0534,"
import numpy as np
import pandas as pd
import matplotlib.pyplot as plt
import seaborn as sns
x = np.linspace(0, 2 * np.pi, 10)
y = np.cos(x)
plt.plot(x, y, label=""sin"")
plt.xticks(np.arange(0, 2 * np.pi, 2))
plt.savefig('output.png', bbox_inches ='tight')
result = None
","minx = x.min()
maxx = x.max()
plt.xticks(np.arange(minx, maxx, step=2))",Passed,True,0.0,0.0,0.0,,,,[],True,0.0,0.0,[],True,0.0,0.0,2.0,0.0,2.0,"[{'type': 'type_error', 'function': 'plot', 'invalid_arg': 'label', 'line': 8}, {'type': 'type_error', 'function': 'savefig', 'invalid_arg': 'bbox_inches', 'line': 10}]"
DS1000,DS0535,"
import numpy as np
import pandas as pd
import matplotlib.pyplot as plt
import seaborn as sns
x = np.random.randn(10)
y = np.random.randn(10)
sns.distplot(x, label=""a"", color=""0.25"")
sns.distplot(y, label=""b"", color=""0.25"")
plt.legend()
plt.savefig('output.png', bbox_inches ='tight')
result = None
",plt.legend(),Passed,True,0.0,0.0,0.0,,,,[],True,0.0,0.0,[],True,0.0,0.0,1.0,0.0,1.0,"[{'type': 'type_error', 'function': 'savefig', 'invalid_arg': 'bbox_inches', 'line': 11}]"
DS1000,DS0536,"
import numpy as np
import matplotlib.pyplot as plt
H = np.random.randn(10, 10)
plt.imshow(H, cmap='viridis')
plt.savefig('output.png', bbox_inches ='tight')
result = None
","plt.imshow(H, interpolation=""none"")",Passed,True,0.0,0.0,0.0,,,,[],True,0.0,0.0,[],True,0.0,0.0,1.0,0.0,1.0,"[{'type': 'type_error', 'function': 'savefig', 'invalid_arg': 'bbox_inches', 'line': 6}]"
DS1000,DS0537,"
import numpy as np
import matplotlib.pyplot as plt
H = np.random.randn(10, 10)
plt.imshow(H, cmap='gray')
plt.savefig('output.png', bbox_inches ='tight')
result = None
","plt.imshow(H, cmap=""gray"")",Passed,True,0.0,0.0,0.0,,,,[],True,0.0,0.0,[],True,0.0,0.0,1.0,0.0,1.0,"[{'type': 'type_error', 'function': 'savefig', 'invalid_arg': 'bbox_inches', 'line': 6}]"
DS1000,DS0538,"
import numpy as np
import pandas as pd
import matplotlib.pyplot as plt
import seaborn as sns
x = np.linspace(0, 2 * np.pi, 10)
y = np.cos(x)
plt.xlabel(""X"", ha='right')
plt.savefig('output.png', bbox_inches ='tight')
result = None
","plt.plot(x, y)
ax = plt.gca()
label = ax.set_xlabel(""X"", fontsize=9)
ax.xaxis.set_label_coords(1, 0)",Failed: Logic Error (Assertion failed),True,0.0,0.0,0.0,,,,[],True,0.0,0.0,[],True,0.0,0.0,2.0,0.0,2.0,"[{'type': 'type_error', 'function': 'xlabel', 'invalid_arg': 'ha', 'line': 8}, {'type': 'type_error', 'function': 'savefig', 'invalid_arg': 'bbox_inches', 'line': 9}]"
DS1000,DS0539,"
import numpy as np
import pandas as pd
import matplotlib.pyplot as plt
import seaborn as sns
df = sns.load_dataset(""planets"")
g = sns.boxplot(x=""method"", y=""orbital_period"", data=df)
g.set_xticklabels(g.get_xticklabels(), rotation=90)
plt.savefig('output.png', bbox_inches ='tight')
result = None
","ax = plt.gca()
ax.set_xticklabels(ax.get_xticklabels(), rotation=90)",Passed,True,0.0,0.0,0.0,,,,[],True,0.0,0.0,[],True,0.0,0.0,1.0,0.0,1.0,"[{'type': 'type_error', 'function': 'savefig', 'invalid_arg': 'bbox_inches', 'line': 9}]"
DS1000,DS0540,"
import numpy as np
import pandas as pd
import matplotlib.pyplot as plt
y = 2 * np.random.rand(10)
x = np.arange(10)
plt.plot(x, y)
myTitle = ""Some really really long long long title I really really need - and just can't - just can't - make it any - simply any - shorter - at all.""
plt.title(myTitle, wrap=True)
plt.savefig('output.png', bbox_inches ='tight')
result = None
","# set title
# plt.title(myTitle, loc='center', wrap=True)
from textwrap import wrap

ax = plt.gca()
ax.set_title(""\n"".join(wrap(myTitle, 60)), loc=""center"", wrap=True)
# axes.set_title(""\n"".join(wrap(myTitle, 60)), loc='center', wrap=True)",Failed: Logic Error (Assertion failed),True,0.0,0.0,0.0,,,,[],True,0.0,0.0,[],True,0.0,0.0,2.0,0.0,2.0,"[{'type': 'type_error', 'function': 'title', 'invalid_arg': 'wrap', 'line': 9}, {'type': 'type_error', 'function': 'savefig', 'invalid_arg': 'bbox_inches', 'line': 10}]"
DS1000,DS0541,"
import numpy as np
import pandas as pd
import matplotlib.pyplot as plt
y = 2 * np.random.rand(10)
x = np.arange(10)
plt.gca().invert_yaxis()
plt.savefig('output.png', bbox_inches ='tight')
result = None
","ax = plt.gca()
ax.invert_yaxis()",Passed,True,0.0,0.0,0.0,,,,[],True,0.0,0.0,[],True,0.0,0.0,1.0,0.0,1.0,"[{'type': 'type_error', 'function': 'savefig', 'invalid_arg': 'bbox_inches', 'line': 8}]"
DS1000,DS0542,"
import numpy as np
import pandas as pd
import matplotlib.pyplot as plt
import seaborn as sns
x = np.random.randn(10)
y = x
plt.scatter(x, y)
plt.xticks([0, 1.5])
plt.savefig('output.png', bbox_inches ='tight')
result = None
","ax = plt.gca()
ax.set_xticks([0, 1.5])",Passed,True,0.0,0.0,0.0,,,,[],True,0.0,0.0,[],True,0.0,0.0,1.0,0.0,1.0,"[{'type': 'type_error', 'function': 'savefig', 'invalid_arg': 'bbox_inches', 'line': 10}]"
DS1000,DS0543,"
import numpy as np
import pandas as pd
import matplotlib.pyplot as plt
import seaborn as sns
x = np.random.randn(10)
y = x
plt.scatter(x, y)
plt.yticks([-1, 1])
plt.savefig('output.png', bbox_inches ='tight')
result = None
","ax = plt.gca()
ax.set_yticks([-1, 1])",Passed,True,0.0,0.0,0.0,,,,[],True,0.0,0.0,[],True,0.0,0.0,1.0,0.0,1.0,"[{'type': 'type_error', 'function': 'savefig', 'invalid_arg': 'bbox_inches', 'line': 10}]"
DS1000,DS0544,"
import numpy as np
import pandas as pd
import matplotlib.pyplot as plt
import seaborn as sns
import numpy as np
import matplotlib.pyplot as plt
x = np.random.rand(10)
y = np.random.rand(10)
z = np.random.rand(10)
result = plt.plot(x, label='x')
result = plt.plot(y, label='y', ax=result)
result = plt.plot(z, label='z', ax=result)
plt.legend()
plt.savefig('output.png', bbox_inches ='tight')
result = None
","plt.plot(x, zorder=10)
plt.plot(y, zorder=5)
plt.plot(z, zorder=1)",Failed: AttributeError: Line2D.set() got an unexpected keyword argument 'ax',True,0.0,0.0,0.0,,,,[],True,0.0,0.0,[],True,0.0,0.0,6.0,0.0,6.0,"[{'type': 'type_error', 'function': 'plot', 'invalid_arg': 'label', 'line': 11}, {'type': 'type_error', 'function': 'plot', 'invalid_arg': 'label', 'line': 12}, {'type': 'type_error', 'function': 'plot', 'invalid_arg': 'ax', 'line': 12}, {'type': 'type_error', 'function': 'plot', 'invalid_arg': 'label', 'line': 13}, {'type': 'type_error', 'function': 'plot', 'invalid_arg': 'ax', 'line': 13}, {'type': 'type_error', 'function': 'savefig', 'invalid_arg': 'bbox_inches', 'line': 15}]"
DS1000,DS0545,"
import numpy as np
import pandas as pd
import matplotlib.pyplot as plt
x = np.random.randn(10)
y = np.random.randn(10)
plt.scatter(x, y, edgecolor='black', facecolor='blue')
plt.savefig('output.png', bbox_inches ='tight')
result = None
","plt.scatter(x, y, c=""blue"", edgecolors=""black"")",Passed,True,0.0,0.0,0.0,,,,[],True,0.0,0.0,[],True,0.0,0.0,3.0,0.0,3.0,"[{'type': 'type_error', 'function': 'scatter', 'invalid_arg': 'edgecolor', 'line': 7}, {'type': 'type_error', 'function': 'scatter', 'invalid_arg': 'facecolor', 'line': 7}, {'type': 'type_error', 'function': 'savefig', 'invalid_arg': 'bbox_inches', 'line': 8}]"
DS1000,DS0546,"
import numpy as np
import pandas as pd
import matplotlib.pyplot as plt
y = 2 * np.random.rand(10)
x = np.arange(10)
plt.xticks(np.arange(10))
plt.yticks(np.arange(10))
plt.savefig('output.png', bbox_inches ='tight')
result = None
","plt.bar(x, y)
plt.yticks(np.arange(0, np.max(y), step=1))",Passed,True,0.0,0.0,0.0,,,,[],True,0.0,0.0,[],True,0.0,0.0,1.0,0.0,1.0,"[{'type': 'type_error', 'function': 'savefig', 'invalid_arg': 'bbox_inches', 'line': 9}]"
DS1000,DS0547,"
import numpy as np
import pandas as pd
import matplotlib.pyplot as plt
import seaborn as sns
data = {
    ""reports"": [4, 24, 31, 2, 3],
    ""coverage"": [35050800, 54899767, 57890789, 62890798, 70897871],
}
df = pd.DataFrame(data)
sns.catplot(y=""coverage"", x=""reports"", kind=""bar"", data=df, label=""Total"")
plt.ticklabel_format(style='plain', axis='y')
plt.savefig('output.png', bbox_inches ='tight')
result = None
","plt.ticklabel_format(style=""plain"", axis=""y"")",Passed,True,0.0,0.0,0.0,,,,[],True,0.0,0.0,[],True,0.0,0.0,2.0,0.0,2.0,"[{'type': 'type_error', 'function': 'catplot', 'invalid_arg': 'label', 'line': 11}, {'type': 'type_error', 'function': 'savefig', 'invalid_arg': 'bbox_inches', 'line': 13}]"
DS1000,DS0548,"
import numpy as np
import pandas as pd
import matplotlib.pyplot as plt
import seaborn as sns
y = 2 * np.random.rand(10)
x = np.arange(10)
ax = sns.lineplot(x=x, y=y)
ax.plot(x, y, linestyle='--')
plt.savefig('output.png', bbox_inches ='tight')
result = None
","ax.lines[0].set_linestyle(""dashed"")",Failed: Logic Error (Assertion failed),True,0.0,0.0,0.0,,,,[],True,0.0,0.0,[],True,0.0,0.0,1.0,0.0,1.0,"[{'type': 'type_error', 'function': 'savefig', 'invalid_arg': 'bbox_inches', 'line': 10}]"
DS1000,DS0549,"
import numpy as np
import pandas as pd
import matplotlib.pyplot as plt
import seaborn as sns
x = np.linspace(0, 2 * np.pi, 400)
y1 = np.sin(x)
y2 = np.cos(x)
plt.subplot(1, 2, 1)
plt.plot(x, y1)
plt.title('sin(x)')

plt.subplot(1, 2, 2)
plt.plot(x, y2)
plt.title('cos(x)')

plt.tight_layout()
plt.savefig('output.png', bbox_inches ='tight')
result = None
","fig, (ax1, ax2) = plt.subplots(nrows=2, sharex=True)

plt.subplots_adjust(hspace=0.0)
ax1.grid()
ax2.grid()

ax1.plot(x, y1, color=""r"")
ax2.plot(x, y2, color=""b"", linestyle=""--"")",Failed: Logic Error (Assertion failed),True,0.0,0.0,0.0,,,,[],True,0.0,0.0,[],True,0.0,0.0,1.0,0.0,1.0,"[{'type': 'type_error', 'function': 'savefig', 'invalid_arg': 'bbox_inches', 'line': 18}]"
DS1000,DS0550,"
import numpy as np
import pandas as pd
import matplotlib.pyplot as plt
import seaborn as sns
x = np.linspace(0, 2 * np.pi, 400)
y1 = np.sin(x)
y2 = np.cos(x)
plt.subplot(1, 2, 1)
sns.lineplot(x=x, y=y1)
plt.axis('off')

plt.subplot(1, 2, 2)
sns.lineplot(x=x, y=y2)
plt.axis('off')

result = None
plt.savefig('output.png', bbox_inches ='tight')
result = None
","fig, (ax1, ax2) = plt.subplots(nrows=2, subplot_kw=dict(frameon=False))

plt.subplots_adjust(hspace=0.0)
ax1.grid()
ax2.grid()

ax1.plot(x, y1, color=""r"")
ax2.plot(x, y2, color=""b"", linestyle=""--"")",Failed: Logic Error (Assertion failed),True,0.0,0.0,0.0,,,,[],True,0.0,0.0,[],True,0.0,0.0,1.0,0.0,1.0,"[{'type': 'type_error', 'function': 'savefig', 'invalid_arg': 'bbox_inches', 'line': 18}]"
DS1000,DS0551,"
import numpy as np
import pandas as pd
import matplotlib.pyplot as plt
import seaborn as sns
x = np.arange(10)
y = np.sin(x)
df = pd.DataFrame({""x"": x, ""y"": y})
sns.lineplot(x=""x"", y=""y"", data=df)
plt.xlabel('')
plt.savefig('output.png', bbox_inches ='tight')
result = None
","ax = plt.gca()
ax.set(xlabel=None)",Passed,True,0.0,0.0,0.0,,,,[],True,0.0,0.0,[],True,0.0,0.0,1.0,0.0,1.0,"[{'type': 'type_error', 'function': 'savefig', 'invalid_arg': 'bbox_inches', 'line': 11}]"
DS1000,DS0552,"
import numpy as np
import pandas as pd
import matplotlib.pyplot as plt
import seaborn as sns
x = np.arange(10)
y = np.sin(x)
df = pd.DataFrame({""x"": x, ""y"": y})
sns.lineplot(x=""x"", y=""y"", data=df)
plt.xticks([])
plt.savefig('output.png', bbox_inches ='tight')
result = None
","ax = plt.gca()
ax.set(xticklabels=[])",Passed,True,0.0,0.0,0.0,,,,[],True,0.0,0.0,[],True,0.0,0.0,1.0,0.0,1.0,"[{'type': 'type_error', 'function': 'savefig', 'invalid_arg': 'bbox_inches', 'line': 11}]"
DS1000,DS0553,"
import numpy as np
import pandas as pd
import matplotlib.pyplot as plt
import seaborn as sns
x = np.arange(10)
y = np.random.randn(10)
plt.scatter(x, y)
plt.xticks([3, 4])
plt.grid(True, axis='x', linestyle='--', linewidth=0.5, color='gray')
plt.savefig('output.png', bbox_inches ='tight')
result = None
","ax = plt.gca()
# ax.set_yticks([-1, 1])
ax.xaxis.set_ticks([3, 4])
ax.xaxis.grid(True)",Passed,True,0.0,0.0,0.0,,,,[],True,0.0,0.0,[],True,0.0,0.0,4.0,0.0,4.0,"[{'type': 'type_error', 'function': 'grid', 'invalid_arg': 'linestyle', 'line': 10}, {'type': 'type_error', 'function': 'grid', 'invalid_arg': 'linewidth', 'line': 10}, {'type': 'type_error', 'function': 'grid', 'invalid_arg': 'color', 'line': 10}, {'type': 'type_error', 'function': 'savefig', 'invalid_arg': 'bbox_inches', 'line': 11}]"
DS1000,DS0554,"
import numpy as np
import pandas as pd
import matplotlib.pyplot as plt
import seaborn as sns
x = np.arange(10)
y = np.random.randn(10)
plt.scatter(x, y)
plt.yticks([3, 4])
plt.grid(axis='y', linestyle='--', color='gray', linewidth=0.5)
plt.savefig('output.png', bbox_inches ='tight')
result = None
","ax = plt.gca()
ax.yaxis.set_ticks([3, 4])
ax.yaxis.grid(True)",Passed,True,0.0,0.0,0.0,,,,[],True,0.0,0.0,[],True,0.0,0.0,4.0,0.0,4.0,"[{'type': 'type_error', 'function': 'grid', 'invalid_arg': 'linestyle', 'line': 10}, {'type': 'type_error', 'function': 'grid', 'invalid_arg': 'color', 'line': 10}, {'type': 'type_error', 'function': 'grid', 'invalid_arg': 'linewidth', 'line': 10}, {'type': 'type_error', 'function': 'savefig', 'invalid_arg': 'bbox_inches', 'line': 11}]"
DS1000,DS0555,"
import numpy as np
import pandas as pd
import matplotlib.pyplot as plt
import seaborn as sns
x = np.arange(10)
y = np.random.randn(10)
plt.scatter(x, y)
plt.yticks([3, 4])
plt.xticks([1, 2])
plt.savefig('output.png', bbox_inches ='tight')
result = None
","ax = plt.gca()
ax.yaxis.set_ticks([3, 4])
ax.yaxis.grid(True)
ax.xaxis.set_ticks([1, 2])
ax.xaxis.grid(True)",Failed: Logic Error (Assertion failed),True,0.0,0.0,0.0,,,,[],True,0.0,0.0,[],True,0.0,0.0,1.0,0.0,1.0,"[{'type': 'type_error', 'function': 'savefig', 'invalid_arg': 'bbox_inches', 'line': 11}]"
DS1000,DS0556,"
import numpy as np
import pandas as pd
import matplotlib.pyplot as plt
import seaborn as sns
x = np.arange(10)
y = np.random.randn(10)
plt.scatter(x, y)
plt.grid(True)
plt.savefig('output.png', bbox_inches ='tight')
result = None
","ax = plt.gca()
ax.grid(True)",Passed,True,0.0,0.0,0.0,,,,[],True,0.0,0.0,[],True,0.0,0.0,1.0,0.0,1.0,"[{'type': 'type_error', 'function': 'savefig', 'invalid_arg': 'bbox_inches', 'line': 10}]"
DS1000,DS0557,"
import numpy as np
import pandas as pd
import matplotlib.pyplot as plt
import seaborn as sns
x = 10 * np.random.randn(10)
y = x
plt.plot(x, y, label=""x-y"")
plt.legend(loc='lower right')
plt.savefig('output.png', bbox_inches ='tight')
result = None
","plt.legend(loc=""lower right"")",Passed,True,0.0,0.0,0.0,,,,[],True,0.0,0.0,[],True,0.0,0.0,3.0,0.0,3.0,"[{'type': 'type_error', 'function': 'plot', 'invalid_arg': 'label', 'line': 8}, {'type': 'type_error', 'function': 'legend', 'invalid_arg': 'loc', 'line': 9}, {'type': 'type_error', 'function': 'savefig', 'invalid_arg': 'bbox_inches', 'line': 10}]"
DS1000,DS0558,"
import matplotlib.pyplot as plt
fig, axes = plt.subplots(ncols=2, nrows=2, figsize=(8, 6))
axes = axes.flatten()
for ax in axes:
    ax.set_ylabel(r""$\ln\left(\frac{x_a-x_b}{x_a-x_c}\right)$"")
    ax.set_xlabel(r""$\ln\left(\frac{x_a-x_d}{x_a-x_e}\right)$"")
plt.show()
plt.clf()
plt.tight_layout(pad=3)
plt.savefig('output.png', bbox_inches ='tight')
result = None
","fig, axes = plt.subplots(ncols=2, nrows=2, figsize=(8, 6))
axes = axes.flatten()

for ax in axes:
    ax.set_ylabel(r""$\ln\left(\frac{x_a-x_b}{x_a-x_c}\right)$"")
    ax.set_xlabel(r""$\ln\left(\frac{x_a-x_d}{x_a-x_e}\right)$"")

plt.tight_layout()",Failed: Logic Error (Assertion failed),True,0.0,0.0,0.0,,,,[],True,0.0,0.0,[],True,0.0,0.0,2.0,0.0,2.0,"[{'type': 'type_error', 'function': 'subplots', 'invalid_arg': 'figsize', 'line': 3}, {'type': 'type_error', 'function': 'savefig', 'invalid_arg': 'bbox_inches', 'line': 11}]"
DS1000,DS0559,"
import numpy as np
import pandas as pd
import matplotlib.pyplot as plt
x = np.arange(10)
y = np.arange(10, 20)
z = np.arange(10)
import matplotlib.pyplot as plt
plt.plot(x, y)
plt.plot(x, z)
plt.legend(['Y', 'Z'])
plt.savefig('output.png', bbox_inches ='tight')
result = None
","plt.plot(x, y, label=""Y"")
plt.plot(x, z, label=""Z"")
plt.legend()",Passed,True,0.0,0.0,0.0,,,,[],True,0.0,0.0,[],True,0.0,0.0,1.0,0.0,1.0,"[{'type': 'type_error', 'function': 'savefig', 'invalid_arg': 'bbox_inches', 'line': 12}]"
DS1000,DS0560,"
import matplotlib.pyplot as plt
import numpy as np
column_labels = list(""ABCD"")
row_labels = list(""WXYZ"")
data = np.random.rand(4, 4)
fig, ax = plt.subplots()
heatmap = ax.pcolor(data, cmap=plt.cm.Blues)
ax.set_xticks(np.arange(len(column_labels)) + 0.5)
ax.set_yticks(np.arange(len(row_labels)) + 0.5)
ax.set_xticklabels(column_labels)
ax.set_yticklabels(row_labels)
plt.savefig('output.png', bbox_inches ='tight')
result = None
",ax.xaxis.tick_top(),Failed: Logic Error (Assertion failed),True,0.0,0.0,0.0,,,,[],True,0.0,0.0,[],True,0.0,0.0,1.0,0.0,1.0,"[{'type': 'type_error', 'function': 'savefig', 'invalid_arg': 'bbox_inches', 'line': 13}]"
DS1000,DS0561,"
import numpy as np
import pandas as pd
import matplotlib.pyplot as plt
x = np.arange(10)
y = np.arange(10)
plt.xlabel(""X"", labelpad=20)
plt.savefig('output.png', bbox_inches ='tight')
result = None
","plt.plot(x, y)
plt.xlabel(""X"", labelpad=20)
plt.tight_layout()",Passed,True,0.0,0.0,0.0,,,,[],True,0.0,0.0,[],True,0.0,0.0,1.0,0.0,1.0,"[{'type': 'type_error', 'function': 'savefig', 'invalid_arg': 'bbox_inches', 'line': 8}]"
DS1000,DS0562,"
import numpy as np
import pandas as pd
import matplotlib.pyplot as plt
x = np.arange(10)
y = np.arange(10)
plt.plot(x, y, label='Line')
plt.xticks([])
plt.legend()
plt.savefig('output.png', bbox_inches ='tight')
result = None
","plt.plot(y, x)
plt.tick_params(
    axis=""x"",  # changes apply to the x-axis
    which=""both"",  # both major and minor ticks are affected
    bottom=False,  # ticks along the bottom edge are off
    top=False,  # ticks along the top edge are off
    labelbottom=False,
)  # labels along the bottom edge are off",Passed,True,0.0,0.0,0.0,,,,[],True,0.0,0.0,[],True,0.0,0.0,2.0,0.0,2.0,"[{'type': 'type_error', 'function': 'plot', 'invalid_arg': 'label', 'line': 7}, {'type': 'type_error', 'function': 'savefig', 'invalid_arg': 'bbox_inches', 'line': 10}]"
DS1000,DS0563,"
import numpy as np
import pandas as pd
import matplotlib.pyplot as plt
x = np.arange(10)
y = np.arange(10)
plt.plot(x, y)
plt.yticks(np.arange(10), rotation=90)
plt.savefig('output.png', bbox_inches ='tight')
result = None
","f = plt.figure()
ax = f.add_subplot(111)
ax.plot(x, y)
ax.yaxis.tick_right()",Failed: Logic Error (Assertion failed),True,0.0,0.0,0.0,,,,[],True,0.0,0.0,[],True,0.0,0.0,2.0,0.0,2.0,"[{'type': 'type_error', 'function': 'yticks', 'invalid_arg': 'rotation', 'line': 8}, {'type': 'type_error', 'function': 'savefig', 'invalid_arg': 'bbox_inches', 'line': 9}]"
DS1000,DS0564,"
import numpy as np
import pandas as pd
import matplotlib.pyplot as plt
x = np.arange(10)
y = np.arange(10)
plt.plot(x, y, label='Y')
plt.ylabel('Y')
plt.yticks(rotation=90, ha='right')
plt.tight_layout()
plt.savefig('output.png', bbox_inches ='tight')
result = None
","plt.plot(x, y)
plt.ylabel(""y"")
ax = plt.gca()
ax.yaxis.set_label_position(""right"")",Failed: Logic Error (Assertion failed),True,0.0,0.0,0.0,,,,[],True,0.0,0.0,[],True,0.0,0.0,4.0,0.0,4.0,"[{'type': 'type_error', 'function': 'plot', 'invalid_arg': 'label', 'line': 7}, {'type': 'type_error', 'function': 'yticks', 'invalid_arg': 'rotation', 'line': 9}, {'type': 'type_error', 'function': 'yticks', 'invalid_arg': 'ha', 'line': 9}, {'type': 'type_error', 'function': 'savefig', 'invalid_arg': 'bbox_inches', 'line': 11}]"
DS1000,DS0565,"
import matplotlib.pyplot as plt
import numpy as np, pandas as pd
import seaborn as sns
tips = sns.load_dataset(""tips"")
sns.jointplot(x=""total_bill"", y=""tip"", data=tips, kind='reg', color='green', scatter_kws={'color': 'blue'})
plt.savefig('output.png', bbox_inches ='tight')
result = None
","sns.jointplot(
    x=""total_bill"", y=""tip"", data=tips, kind=""reg"", joint_kws={""color"": ""green""}
)",Failed: Logic Error (Assertion failed),True,0.0,0.0,0.0,,,,[],True,0.0,0.0,[],True,0.0,0.0,2.0,0.0,2.0,"[{'type': 'type_error', 'function': 'jointplot', 'invalid_arg': 'scatter_kws', 'line': 6}, {'type': 'type_error', 'function': 'savefig', 'invalid_arg': 'bbox_inches', 'line': 7}]"
DS1000,DS0566,"
import matplotlib.pyplot as plt
import numpy as np, pandas as pd
import seaborn as sns
tips = sns.load_dataset(""tips"")
sns.jointplot(x=""total_bill"", y=""tip"", data=tips, kind='reg', color='green', hist_kws={'color': 'blue'})
plt.savefig('output.png', bbox_inches ='tight')
result = None
","sns.jointplot(
    x=""total_bill"", y=""tip"", data=tips, kind=""reg"", line_kws={""color"": ""green""}
)",Failed: TypeError: regplot() got an unexpected keyword argument 'hist_kws',True,0.0,0.0,0.0,,,,[],True,0.0,0.0,[],True,0.0,0.0,2.0,0.0,2.0,"[{'type': 'type_error', 'function': 'jointplot', 'invalid_arg': 'hist_kws', 'line': 6}, {'type': 'type_error', 'function': 'savefig', 'invalid_arg': 'bbox_inches', 'line': 7}]"
DS1000,DS0567,"
import matplotlib.pyplot as plt
import numpy as np, pandas as pd
import seaborn as sns
tips = sns.load_dataset(""tips"")
result = sns.jointplot(x=""total_bill"", y=""tip"", kind='reg', data=tips)
plt.savefig('output.png', bbox_inches ='tight')
result = None
","sns.jointplot(
    x=""total_bill"", y=""tip"", data=tips, kind=""reg"", joint_kws={""scatter"": False}
)",Failed: Logic Error (Assertion failed),True,0.0,0.0,0.0,,,,[],True,0.0,0.0,[],True,0.0,0.0,1.0,0.0,1.0,"[{'type': 'type_error', 'function': 'savefig', 'invalid_arg': 'bbox_inches', 'line': 7}]"
DS1000,DS0568,"
import matplotlib
import matplotlib.pyplot as plt
import pandas as pd
df = pd.DataFrame(
    {
        ""celltype"": [""foo"", ""bar"", ""qux"", ""woz""],
        ""s1"": [5, 9, 1, 7],
        ""s2"": [12, 90, 13, 87],
    }
)
plt.bar(df['celltype'], df['s1'])
plt.xlabel('celltype')
plt.xticks(rotation=0)
plt.savefig('output.png', bbox_inches ='tight')
result = None
","df = df[[""celltype"", ""s1"", ""s2""]]
df.set_index([""celltype""], inplace=True)
df.plot(kind=""bar"", alpha=0.75, rot=0)",Passed,True,0.0,0.0,0.0,,,,[],True,0.0,0.0,[],True,0.0,0.0,2.0,0.0,2.0,"[{'type': 'type_error', 'function': 'xticks', 'invalid_arg': 'rotation', 'line': 14}, {'type': 'type_error', 'function': 'savefig', 'invalid_arg': 'bbox_inches', 'line': 15}]"
DS1000,DS0569,"
import matplotlib
import matplotlib.pyplot as plt
import pandas as pd
df = pd.DataFrame(
    {
        ""celltype"": [""foo"", ""bar"", ""qux"", ""woz""],
        ""s1"": [5, 9, 1, 7],
        ""s2"": [12, 90, 13, 87],
    }
)
plt.bar(df['celltype'], df['s1'])
plt.xlabel('celltype')
plt.xticks(rotation=45)
plt.savefig('output.png', bbox_inches ='tight')
result = None
","df = df[[""celltype"", ""s1"", ""s2""]]
df.set_index([""celltype""], inplace=True)
df.plot(kind=""bar"", alpha=0.75, rot=45)",Passed,True,0.0,0.0,0.0,,,,[],True,0.0,0.0,[],True,0.0,0.0,2.0,0.0,2.0,"[{'type': 'type_error', 'function': 'xticks', 'invalid_arg': 'rotation', 'line': 14}, {'type': 'type_error', 'function': 'savefig', 'invalid_arg': 'bbox_inches', 'line': 15}]"
DS1000,DS0570,"
import numpy as np
import pandas as pd
import matplotlib.pyplot as plt
x = np.arange(10)
y = np.arange(10)
plt.plot(x, y)
plt.xlabel('X', color='red')
plt.ylabel('Y', color='red')
plt.savefig('output.png', bbox_inches ='tight')
result = None
","fig = plt.figure()
ax = fig.add_subplot(111)
ax.plot(x, y)
ax.set_xlabel(""X"", c=""red"")
ax.xaxis.label.set_color(""red"")
ax.tick_params(axis=""x"", colors=""red"")",Failed: KeyError: 'color',True,0.0,0.0,0.0,,,,[],True,0.0,0.0,[],True,0.0,0.0,3.0,0.0,3.0,"[{'type': 'type_error', 'function': 'xlabel', 'invalid_arg': 'color', 'line': 8}, {'type': 'type_error', 'function': 'ylabel', 'invalid_arg': 'color', 'line': 9}, {'type': 'type_error', 'function': 'savefig', 'invalid_arg': 'bbox_inches', 'line': 10}]"
DS1000,DS0571,"
import numpy as np
import pandas as pd
import matplotlib.pyplot as plt
x = np.arange(10)
y = np.arange(10)
plt.plot(x, y, label='Y')
plt.xlabel('X')
plt.axhline(y=0, color='r', linestyle='-')
result = None
plt.savefig('output.png', bbox_inches ='tight')
result = None
","fig = plt.figure()
ax = fig.add_subplot(111)
ax.plot(x, y)
ax.set_xlabel(""X"")
ax.spines[""bottom""].set_color(""red"")",Failed: Logic Error (Assertion failed),True,0.0,0.0,0.0,,,,[],True,0.0,0.0,[],True,0.0,0.0,4.0,0.0,4.0,"[{'type': 'type_error', 'function': 'plot', 'invalid_arg': 'label', 'line': 7}, {'type': 'type_error', 'function': 'axhline', 'invalid_arg': 'color', 'line': 9}, {'type': 'type_error', 'function': 'axhline', 'invalid_arg': 'linestyle', 'line': 9}, {'type': 'type_error', 'function': 'savefig', 'invalid_arg': 'bbox_inches', 'line': 11}]"
DS1000,DS0572,"
import numpy as np
import pandas as pd
import matplotlib.pyplot as plt
x = np.arange(10)
y = np.arange(10)
plt.plot(x, y)
plt.tick_params(axis='x', labelsize=10, rotation=90)
plt.savefig('output.png', bbox_inches ='tight')
result = None
","plt.plot(y, x)
plt.xticks(fontsize=10, rotation=90)",Passed,True,0.0,0.0,0.0,,,,[],True,0.0,0.0,[],True,0.0,0.0,3.0,0.0,3.0,"[{'type': 'type_error', 'function': 'tick_params', 'invalid_arg': 'labelsize', 'line': 8}, {'type': 'type_error', 'function': 'tick_params', 'invalid_arg': 'rotation', 'line': 8}, {'type': 'type_error', 'function': 'savefig', 'invalid_arg': 'bbox_inches', 'line': 9}]"
DS1000,DS0573,"
import matplotlib.pyplot as plt
result = plt.vlines([0.22058956, 0.33088437, 2.20589566], ymin=0, ymax=1, color='r', linewidth=2)
plt.savefig('output.png', bbox_inches ='tight')
result = None
","plt.axvline(x=0.22058956)
plt.axvline(x=0.33088437)
plt.axvline(x=2.20589566)",Failed: Logic Error (Assertion failed),True,0.0,0.0,0.0,,,,[],True,0.0,0.0,[],True,0.0,0.0,3.0,0.0,3.0,"[{'type': 'type_error', 'function': 'vlines', 'invalid_arg': 'color', 'line': 3}, {'type': 'type_error', 'function': 'vlines', 'invalid_arg': 'linewidth', 'line': 3}, {'type': 'type_error', 'function': 'savefig', 'invalid_arg': 'bbox_inches', 'line': 4}]"
DS1000,DS0574,"
import matplotlib.pyplot as plt
import numpy
xlabels = list(""ABCD"")
ylabels = list(""CDEF"")
rand_mat = numpy.random.rand(4, 4)
result = plt.imshow(rand_mat, cmap='viridis')
plt.xticks(range(len(xlabels)), xlabels, rotation=90)
plt.yticks(range(len(ylabels)), ylabels[::-1])
plt.gca().invert_yaxis()
plt.colorbar()
plt.savefig('output.png', bbox_inches ='tight')
result = None
","plt.pcolor(rand_mat)
plt.xticks(numpy.arange(0.5, len(xlabels)), xlabels)
plt.yticks(numpy.arange(0.5, len(ylabels)), ylabels)
ax = plt.gca()
ax.invert_yaxis()
ax.xaxis.tick_top()",Failed: Logic Error (Assertion failed),True,0.0,0.0,0.0,,,,[],True,0.0,0.0,[],True,0.0,0.0,2.0,0.0,2.0,"[{'type': 'type_error', 'function': 'xticks', 'invalid_arg': 'rotation', 'line': 8}, {'type': 'type_error', 'function': 'savefig', 'invalid_arg': 'bbox_inches', 'line': 12}]"
DS1000,DS0575,"
import numpy as np
import matplotlib.pyplot as plt
from matplotlib import rc
rc(""mathtext"", default=""regular"")
time = np.arange(10)
temp = np.random.random(10) * 30
Swdown = np.random.random(10) * 100 - 10
Rn = np.random.random(10) * 100 - 10
fig = plt.figure()
ax = fig.add_subplot(111)
ax.plot(time, Swdown, ""-"", label=""Swdown"")
ax.plot(time, Rn, ""-"", label=""Rn"")
ax2 = ax.twinx()
ax2.plot(time, temp, ""-r"", label=""temp"")
ax.legend(loc=0)
ax.grid()
ax.set_xlabel(""Time (h)"")
ax.set_ylabel(r""Radiation ($MJ\,m^{-2}\,d^{-1}$)"")
ax2.set_ylabel(r""Temperature ($^\circ$C)"")
ax2.set_ylim(0, 35)
ax.set_ylim(-20, 100)
plt.show()
plt.clf()
result = plt.savefig('output.png', bbox_inches='tight')
plt.savefig('output.png', bbox_inches ='tight')
result = None
","fig = plt.figure()
ax = fig.add_subplot(111)
ax.plot(time, Swdown, ""-"", label=""Swdown"")
ax.plot(time, Rn, ""-"", label=""Rn"")
ax2 = ax.twinx()
ax2.plot(time, temp, ""-r"", label=""temp"")
ax.legend(loc=0)
ax.grid()
ax.set_xlabel(""Time (h)"")
ax.set_ylabel(r""Radiation ($MJ\,m^{-2}\,d^{-1}$)"")
ax2.set_ylabel(r""Temperature ($^\circ$C)"")
ax2.set_ylim(0, 35)
ax.set_ylim(-20, 100)
ax2.legend(loc=0)",Failed: Logic Error (Assertion failed),True,0.0,0.0,0.0,,,,[],True,0.0,0.0,[],True,0.0,0.0,2.0,0.0,2.0,"[{'type': 'type_error', 'function': 'savefig', 'invalid_arg': 'bbox_inches', 'line': 25}, {'type': 'type_error', 'function': 'savefig', 'invalid_arg': 'bbox_inches', 'line': 26}]"
DS1000,DS0576,"
import numpy as np
import pandas as pd
import matplotlib.pyplot as plt
x = np.arange(10)
y = np.arange(10)
result = plt.subplots(1, 2, figsize=(10, 5))
for ax in result:
    ax.plot(x, y)
    ax.set_title('Y')
plt.savefig('output.png', bbox_inches='tight')
plt.savefig('output.png', bbox_inches ='tight')
result = None
","fig, axs = plt.subplots(1, 2)
for ax in axs:
    ax.plot(x, y)
    ax.set_title(""Y"")",Failed: AttributeError: 'Figure' object has no attribute 'plot',True,0.0,0.0,0.0,,,,[],True,0.0,0.0,[],True,0.0,0.0,3.0,0.0,3.0,"[{'type': 'type_error', 'function': 'subplots', 'invalid_arg': 'figsize', 'line': 7}, {'type': 'type_error', 'function': 'savefig', 'invalid_arg': 'bbox_inches', 'line': 11}, {'type': 'type_error', 'function': 'savefig', 'invalid_arg': 'bbox_inches', 'line': 12}]"
DS1000,DS0577,"
import numpy as np
import pandas as pd
import matplotlib.pyplot as plt
import seaborn as sns
df = sns.load_dataset(""penguins"")[
    [""bill_length_mm"", ""bill_depth_mm"", ""flipper_length_mm"", ""body_mass_g""]
]
sns.scatterplot(x=""bill_length_mm"", y=""bill_depth_mm"", data=df, markersize=30)
plt.savefig('output.png', bbox_inches ='tight')
result = None
","sns.scatterplot(x=""bill_length_mm"", y=""bill_depth_mm"", data=df, s=30)",Failed: AttributeError: PathCollection.set() got an unexpected keyword argument 'markersize',True,0.0,0.0,0.0,,,,[],True,0.0,0.0,[],True,0.0,0.0,2.0,0.0,2.0,"[{'type': 'type_error', 'function': 'scatterplot', 'invalid_arg': 'markersize', 'line': 9}, {'type': 'type_error', 'function': 'savefig', 'invalid_arg': 'bbox_inches', 'line': 10}]"
DS1000,DS0578,"
import numpy as np
import pandas as pd
import matplotlib.pyplot as plt
a = [2.56422, 3.77284, 3.52623]
b = [0.15, 0.3, 0.45]
c = [58, 651, 393]
result = plt.scatter(a, b)
for i, txt in enumerate(c):
    result.text(b[i], a[i], str(txt), ha='center', va='bottom')
plt.savefig('output.png', bbox_inches ='tight')
result = None
","fig, ax = plt.subplots()
plt.scatter(a, b)

for i, txt in enumerate(c):
    ax.annotate(txt, (a[i], b[i]))",Failed: AttributeError: 'PathCollection' object has no attribute 'text',True,0.0,0.0,0.0,,,,[],True,0.0,0.0,[],True,0.0,0.0,1.0,0.0,1.0,"[{'type': 'type_error', 'function': 'savefig', 'invalid_arg': 'bbox_inches', 'line': 11}]"
DS1000,DS0579,"
import numpy as np
import pandas as pd
import matplotlib.pyplot as plt
x = np.arange(10)
y = np.arange(10)
plt.plot(x, y, label=""y over x"")
plt.legend(title=""Legend Title"")
plt.savefig('output.png', bbox_inches ='tight')
result = None
","plt.plot(x, y, label=""y over x"")
plt.legend(title=""legend"")",Passed,True,0.0,0.0,0.0,,,,[],True,0.0,0.0,[],True,0.0,0.0,3.0,0.0,3.0,"[{'type': 'type_error', 'function': 'plot', 'invalid_arg': 'label', 'line': 7}, {'type': 'type_error', 'function': 'legend', 'invalid_arg': 'title', 'line': 8}, {'type': 'type_error', 'function': 'savefig', 'invalid_arg': 'bbox_inches', 'line': 9}]"
DS1000,DS0580,"
import numpy as np
import pandas as pd
import matplotlib.pyplot as plt
x = np.arange(10)
y = np.arange(10)
plt.plot(x, y, label=""y over x"")
plt.legend(title=""Legend"", title_fontweight='bold')
result = plt
plt.savefig('output.png', bbox_inches ='tight')
result = None
","plt.plot(x, y, label=""y over x"")
plt.legend(title=""legend"", title_fontproperties={""weight"": ""bold""})",Failed: TypeError: Legend.__init__() got an unexpected keyword argument 'title_fontweight',True,0.0,0.0,0.0,,,,[],True,0.0,0.0,[],True,0.0,0.0,4.0,0.0,4.0,"[{'type': 'type_error', 'function': 'plot', 'invalid_arg': 'label', 'line': 7}, {'type': 'type_error', 'function': 'legend', 'invalid_arg': 'title', 'line': 8}, {'type': 'type_error', 'function': 'legend', 'invalid_arg': 'title_fontweight', 'line': 8}, {'type': 'type_error', 'function': 'savefig', 'invalid_arg': 'bbox_inches', 'line': 10}]"
DS1000,DS0581,"
import numpy as np
import pandas as pd
import matplotlib.pyplot as plt
x = np.random.rand(10)
y = np.random.rand(10)
result = plt.hist(x, edgecolor='black', linewidth=1.2)
plt.savefig('output.png', bbox_inches ='tight')
result = None
","plt.hist(x, edgecolor=""black"", linewidth=1.2)",Passed,True,0.0,0.0,0.0,,,,[],True,0.0,0.0,[],True,0.0,0.0,3.0,0.0,3.0,"[{'type': 'type_error', 'function': 'hist', 'invalid_arg': 'edgecolor', 'line': 7}, {'type': 'type_error', 'function': 'hist', 'invalid_arg': 'linewidth', 'line': 7}, {'type': 'type_error', 'function': 'savefig', 'invalid_arg': 'bbox_inches', 'line': 8}]"
DS1000,DS0582,"
import numpy as np
import pandas as pd
import matplotlib.pyplot as plt
x = np.arange(10)
y = np.arange(10)
fig, (ax1, ax2) = plt.subplots(1, 2, figsize=(15, 6))
ax1.plot(x, y)
ax2.plot(x, y)
plt.savefig('output.png', bbox_inches='tight')
result = None
plt.savefig('output.png', bbox_inches ='tight')
result = None
","f, (a0, a1) = plt.subplots(1, 2, gridspec_kw={""width_ratios"": [3, 1]})
a0.plot(x, y)
a1.plot(y, x)",Failed: AttributeError: 'Figure' object has no attribute '_gridspecs',True,0.0,0.0,0.0,,,,[],True,0.0,0.0,[],True,0.0,0.0,3.0,0.0,3.0,"[{'type': 'type_error', 'function': 'subplots', 'invalid_arg': 'figsize', 'line': 7}, {'type': 'type_error', 'function': 'savefig', 'invalid_arg': 'bbox_inches', 'line': 10}, {'type': 'type_error', 'function': 'savefig', 'invalid_arg': 'bbox_inches', 'line': 12}]"
DS1000,DS0583,"
import numpy as np
import pandas as pd
import matplotlib.pyplot as plt
x = np.random.rand(10)
y = np.random.rand(10)
bins = np.linspace(-1, 1, 100)
plt.hist([x, y], bins=bins, alpha=0.5, label=['x', 'y'])
plt.legend()
plt.savefig('output.png', bbox_inches ='tight')
result = None
","plt.hist(x, bins, alpha=0.5, label=""x"")
plt.hist(y, bins, alpha=0.5, label=""y"")",Failed: Logic Error (Assertion failed),True,0.0,0.0,0.0,,,,[],True,0.0,0.0,[],True,0.0,0.0,2.0,0.0,2.0,"[{'type': 'type_error', 'function': 'hist', 'invalid_arg': 'alpha', 'line': 8}, {'type': 'type_error', 'function': 'savefig', 'invalid_arg': 'bbox_inches', 'line': 10}]"
DS1000,DS0584,"
import numpy as np
import pandas as pd
import matplotlib.pyplot as plt
x = np.random.rand(10)
y = np.random.rand(10)
result = plt.hist([x, y], bins=20, alpha=0.5, label=['x', 'y'])
plt.legend()
plt.savefig('output.png', bbox_inches ='tight')
result = None
","bins = np.linspace(-1, 1, 100)
plt.hist([x, y])",Passed,True,0.0,0.0,0.0,,,,[],True,0.0,0.0,[],True,0.0,0.0,2.0,0.0,2.0,"[{'type': 'type_error', 'function': 'hist', 'invalid_arg': 'alpha', 'line': 7}, {'type': 'type_error', 'function': 'savefig', 'invalid_arg': 'bbox_inches', 'line': 9}]"
DS1000,DS0585,"
import matplotlib.pyplot as plt
a, b = 1, 1
c, d = 3, 4
plt.plot([a, c], [b, d])
plt.xlim(0, 5)
plt.ylim(0, 5)
result = None
plt.savefig('output.png', bbox_inches ='tight')
result = None
","plt.axline((a, b), (c, d))
plt.xlim(0, 5)
plt.ylim(0, 5)",Failed: Logic Error (Assertion failed),True,0.0,0.0,0.0,,,,[],True,0.0,0.0,[],True,0.0,0.0,1.0,0.0,1.0,"[{'type': 'type_error', 'function': 'savefig', 'invalid_arg': 'bbox_inches', 'line': 9}]"
DS1000,DS0586,"
import matplotlib.pyplot as plt
import numpy as np
x = np.random.random((10, 10))
y = np.random.random((10, 10))
result = plt.figure(figsize=(10, 5))
ax1 = result.add_subplot(121)
ax2 = result.add_subplot(122)

cmap1 = ax1.imshow(x, cmap='viridis')
cmap2 = ax2.imshow(y, cmap='plasma')

fig.colorbar(cmap1, ax=ax1)
fig.colorbar(cmap2, ax=ax2)

plt.savefig('output.png', bbox_inches='tight')
plt.savefig('output.png', bbox_inches ='tight')
result = None
","fig, axes = plt.subplots(nrows=1, ncols=2)
axes[0].imshow(x, vmin=0, vmax=1)
im = axes[1].imshow(x, vmin=0, vmax=1)
fig.subplots_adjust(right=0.8)
cbar_ax = fig.add_axes([0.85, 0.15, 0.05, 0.7])
fig.colorbar(im, cax=cbar_ax)",Failed: NameError: name 'fig' is not defined,True,0.0,0.0,0.0,,,,[],True,0.0,0.0,[],True,0.0,0.0,2.0,0.0,2.0,"[{'type': 'type_error', 'function': 'savefig', 'invalid_arg': 'bbox_inches', 'line': 16}, {'type': 'type_error', 'function': 'savefig', 'invalid_arg': 'bbox_inches', 'line': 17}]"
DS1000,DS0587,"
import numpy as np
import pandas as pd
import matplotlib.pyplot as plt
x = np.random.random((10, 2))
plt.plot(x[:, 0], label='a')
plt.plot(x[:, 1], label='b')
plt.legend()
plt.savefig('output.png', bbox_inches ='tight')
result = None
","[a, b] = plt.plot(x)
plt.legend([a, b], [""a"", ""b""])",Passed,True,0.0,0.0,0.0,,,,[],True,0.0,0.0,[],True,0.0,0.0,3.0,0.0,3.0,"[{'type': 'type_error', 'function': 'plot', 'invalid_arg': 'label', 'line': 6}, {'type': 'type_error', 'function': 'plot', 'invalid_arg': 'label', 'line': 7}, {'type': 'type_error', 'function': 'savefig', 'invalid_arg': 'bbox_inches', 'line': 9}]"
DS1000,DS0588,"
import numpy as np
import pandas as pd
import matplotlib.pyplot as plt
x = np.arange(10)
y = np.arange(10)
z = np.arange(10)
a = np.arange(10)
plt.figure(figsize=(12, 6))
plt.subplot(1, 2, 1)
plt.plot(x, y)
plt.title('Y over X')

plt.subplot(1, 2, 2)
plt.plot(a, z)
plt.title('Z over A')

plt.suptitle('Y and Z', fontsize=14)
plt.tight_layout()
result = None
plt.savefig('output.png', bbox_inches ='tight')
result = None
","fig, axes = plt.subplots(nrows=1, ncols=2)
axes[0].plot(x, y)
axes[1].plot(a, z)
plt.suptitle(""Y and Z"")",Failed: Logic Error (Assertion failed),True,0.0,0.0,0.0,,,,[],True,0.0,0.0,[],True,0.0,0.0,2.0,0.0,2.0,"[{'type': 'type_error', 'function': 'suptitle', 'invalid_arg': 'fontsize', 'line': 18}, {'type': 'type_error', 'function': 'savefig', 'invalid_arg': 'bbox_inches', 'line': 21}]"
DS1000,DS0589,"
import numpy as np
import pandas as pd
import matplotlib.pyplot as plt
points = [(3, 5), (5, 10), (10, 150)]
result = pd.DataFrame(points).plot(kind='line', x=0, y=1, logy=True)
plt.savefig('output.png', bbox_inches ='tight')
result = None
","plt.plot(*zip(*points))
plt.yscale(""log"")",Passed,True,0.0,0.0,0.0,,,,[],True,0.0,0.0,[],True,0.0,0.0,1.0,0.0,1.0,"[{'type': 'type_error', 'function': 'savefig', 'invalid_arg': 'bbox_inches', 'line': 7}]"
DS1000,DS0590,"
import numpy as np
import pandas as pd
import matplotlib.pyplot as plt
x = np.arange(10)
y = np.arange(10)
plt.plot(x, y, fontsize=20, label='Line')
plt.title('Plot of y over x', fontsize=20)
plt.xlabel('X-axis', fontsize=18)
plt.ylabel('Y-axis', fontsize=16)
plt.legend()
plt.savefig('output.png', bbox_inches ='tight')
result = None
","plt.plot(x, y, label=""1"")
plt.title(""test title"", fontsize=20)
plt.xlabel(""xlabel"", fontsize=18)
plt.ylabel(""ylabel"", fontsize=16)",Failed: AttributeError: Line2D.set() got an unexpected keyword argument 'fontsize',True,0.0,0.0,0.0,,,,[],True,0.0,0.0,[],True,0.0,0.0,6.0,0.0,6.0,"[{'type': 'type_error', 'function': 'plot', 'invalid_arg': 'fontsize', 'line': 7}, {'type': 'type_error', 'function': 'plot', 'invalid_arg': 'label', 'line': 7}, {'type': 'type_error', 'function': 'title', 'invalid_arg': 'fontsize', 'line': 8}, {'type': 'type_error', 'function': 'xlabel', 'invalid_arg': 'fontsize', 'line': 9}, {'type': 'type_error', 'function': 'ylabel', 'invalid_arg': 'fontsize', 'line': 10}, {'type': 'type_error', 'function': 'savefig', 'invalid_arg': 'bbox_inches', 'line': 12}]"
DS1000,DS0591,"
import matplotlib.pyplot as plt
import numpy as np
x = np.arange(10)
y = np.arange(10)
f = plt.figure()
ax = f.add_subplot(111)
ax.set_xticks(np.arange(1, 11))
ax.set_yticks(np.arange(1, 11))
plt.savefig('output.png', bbox_inches ='tight')
result = None
","plt.plot(x, y)
ax.set_xticks(np.arange(1, 11))",Passed,True,0.0,0.0,0.0,,,,[],True,0.0,0.0,[],True,0.0,0.0,1.0,0.0,1.0,"[{'type': 'type_error', 'function': 'savefig', 'invalid_arg': 'bbox_inches', 'line': 10}]"
DS1000,DS0592,"
import numpy as np
import matplotlib.pyplot as plt
lines = [[(0, 1), (1, 1)], [(2, 3), (3, 3)], [(1, 2), (1, 3)]]
c = np.array([(1, 0, 0, 1), (0, 1, 0, 1), (0, 0, 1, 1)])
result = plt.plot([x for line in lines for x in line], [y for line in lines for y in line], c=c)
plt.savefig('output.png', bbox_inches ='tight')
result = None
","for i in range(len(lines)):
    plt.plot([lines[i][0][0], lines[i][1][0]], [lines[i][0][1], lines[i][1][1]], c=c[i])","Failed: ValueError: array([[1, 0, 0, 1],
       [0, 1, 0, 1],
       [0, 0, 1, 1]]) is not a valid value for color: supported inputs are (r, g, b) and (r, g, b, a) 0-1 float tuples; '#rrggbb', '#rrggbbaa', '#rgb', '#rgba' strings; named color strings; string reprs of 0-1 floats for grayscale values; 'C0', 'C1', ... strings for colors of the color cycle; and pairs combining one of the above with an alpha value",True,0.0,0.0,0.0,,,,[],True,0.0,0.0,[],True,0.0,0.0,2.0,0.0,2.0,"[{'type': 'type_error', 'function': 'plot', 'invalid_arg': 'c', 'line': 6}, {'type': 'type_error', 'function': 'savefig', 'invalid_arg': 'bbox_inches', 'line': 7}]"
DS1000,DS0593,"
import numpy as np
import pandas as pd
import matplotlib.pyplot as plt
x = np.arange(0, 1000, 50)
y = np.arange(0, 1000, 50)
plt.loglog(x, y, basex=10, basey=10)
plt.savefig('output.png', bbox_inches ='tight')
result = None
","fig, ax = plt.subplots()
ax.plot(x, y)
ax.axis([1, 1000, 1, 1000])
ax.loglog()

from matplotlib.ticker import ScalarFormatter

for axis in [ax.xaxis, ax.yaxis]:
    formatter = ScalarFormatter()
    formatter.set_scientific(False)
    axis.set_major_formatter(formatter)",Failed: TypeError: LogScale.__init__() got an unexpected keyword argument 'basex',True,0.0,0.0,0.0,,,,[],True,0.0,0.0,[],True,0.0,0.0,3.0,0.0,3.0,"[{'type': 'type_error', 'function': 'loglog', 'invalid_arg': 'basex', 'line': 7}, {'type': 'type_error', 'function': 'loglog', 'invalid_arg': 'basey', 'line': 7}, {'type': 'type_error', 'function': 'savefig', 'invalid_arg': 'bbox_inches', 'line': 8}]"
DS1000,DS0594,"
import matplotlib.pyplot as plt
import pandas as pd
import numpy as np
df = pd.DataFrame(
    np.random.randn(50, 4),
    index=pd.date_range(""1/1/2000"", periods=50),
    columns=list(""ABCD""),
)
df = df.cumsum()
result = df.plot(subplots=True, sharex=True, sharey=True, legend=False)
plt.savefig('output.png', bbox_inches ='tight')
result = None
","df.plot(style="".-"")",Failed: Logic Error (Assertion failed),True,0.0,0.0,0.0,,,,[],True,0.0,0.0,[],True,0.0,0.0,1.0,0.0,1.0,"[{'type': 'type_error', 'function': 'savefig', 'invalid_arg': 'bbox_inches', 'line': 12}]"
DS1000,DS0595,"
import numpy as np
import matplotlib.pyplot as plt
data = [1000, 1000, 5000, 3000, 4000, 16000, 2000]
result = np.histogram(data, bins=7, density=True)[0]
plt.hist(data, bins=7, density=True)
plt.yticks(np.arange(0, 1.1, 0.1), [f'{int(i*100)}%' for i in np.arange(0, 1.1, 0.1)])
plt.savefig('output.png', bbox_inches='tight')
plt.savefig('output.png', bbox_inches ='tight')
result = None
","plt.hist(data, weights=np.ones(len(data)) / len(data))
from matplotlib.ticker import PercentFormatter

ax = plt.gca()
ax.yaxis.set_major_formatter(PercentFormatter(1))",Failed: Logic Error (Assertion failed),True,0.0,0.0,0.0,,,,[],True,0.0,0.0,[],True,0.0,0.0,2.0,0.0,2.0,"[{'type': 'type_error', 'function': 'savefig', 'invalid_arg': 'bbox_inches', 'line': 8}, {'type': 'type_error', 'function': 'savefig', 'invalid_arg': 'bbox_inches', 'line': 9}]"
DS1000,DS0596,"
import numpy as np
import pandas as pd
import matplotlib.pyplot as plt
x = np.arange(10)
y = np.arange(10)
plt.plot(x, y, marker='o', linestyle='-', alpha=0.5)
plt.savefig('output.png', bbox_inches ='tight')
result = None
","(l,) = plt.plot(x, y, ""o-"", lw=10, markersize=30)
l.set_markerfacecolor((1, 1, 0, 0.5))
l.set_color(""blue"")",Failed: Logic Error (Assertion failed),True,0.0,0.0,0.0,,,,[],True,0.0,0.0,[],True,0.0,0.0,4.0,0.0,4.0,"[{'type': 'type_error', 'function': 'plot', 'invalid_arg': 'marker', 'line': 7}, {'type': 'type_error', 'function': 'plot', 'invalid_arg': 'linestyle', 'line': 7}, {'type': 'type_error', 'function': 'plot', 'invalid_arg': 'alpha', 'line': 7}, {'type': 'type_error', 'function': 'savefig', 'invalid_arg': 'bbox_inches', 'line': 8}]"
DS1000,DS0597,"
import numpy as np
import pandas as pd
import matplotlib.pyplot as plt
x = np.arange(10)
y = np.arange(10)
a = np.arange(10)
z = np.arange(10)
fig, (ax1, ax2) = plt.subplots(1, 2, figsize=(10, 5))
ax1.plot(x, y, label='y')
ax2.plot(a, z, label='a')
fig.legend(loc='upper right')
plt.savefig('output.png', bbox_inches ='tight')
result = None
","fig, axs = plt.subplots(1, 2)
axs[0].plot(x, y, label=""y"")
axs[1].plot(z, a, label=""a"")
plt.figlegend([""y"", ""a""])",Passed,True,0.0,0.0,0.0,,,,[],True,0.0,0.0,[],True,0.0,0.0,2.0,0.0,2.0,"[{'type': 'type_error', 'function': 'subplots', 'invalid_arg': 'figsize', 'line': 9}, {'type': 'type_error', 'function': 'savefig', 'invalid_arg': 'bbox_inches', 'line': 13}]"
DS1000,DS0598,"
import numpy as np
import pandas as pd
import matplotlib.pyplot as plt
import seaborn as sns
df = sns.load_dataset(""penguins"")[
    [""bill_length_mm"", ""bill_depth_mm"", ""flipper_length_mm"", ""body_mass_g""]
]
result = df.plot.scatter(x='bill_length_mm', y='bill_depth_mm', ax=plt.subplot(1, 2, 1))
df.plot.scatter(x='bill_length_mm', y='flipper_length_mm', ax=plt.subplot(1, 2, 2), sharey=False)
plt.savefig('output.png', bbox_inches ='tight')
result = None
","f, ax = plt.subplots(1, 2, figsize=(12, 6))
sns.regplot(x=""bill_length_mm"", y=""bill_depth_mm"", data=df, ax=ax[0])
sns.regplot(x=""bill_length_mm"", y=""flipper_length_mm"", data=df, ax=ax[1])",Failed: Logic Error (Assertion failed),True,0.0,0.0,0.0,,,,[],True,0.0,0.0,[],True,0.0,0.0,1.0,0.0,1.0,"[{'type': 'type_error', 'function': 'savefig', 'invalid_arg': 'bbox_inches', 'line': 11}]"
DS1000,DS0599,"
import numpy as np
import pandas as pd
import matplotlib.pyplot as plt
x = np.arange(10)
y = np.arange(10)
fig, ax = plt.subplots(1, 1)
plt.xlim(1, 10)
plt.xticks(range(1, 10))
ax.plot(y, x)
ax.set_xticklabels(['first', 'second'] + list(ax.get_xticklabels()[2:]))
plt.savefig('output.png', bbox_inches ='tight')
result = None
","a = ax.get_xticks().tolist()
a[1] = ""second""
ax.set_xticklabels(a)",Failed: Logic Error (Assertion failed),True,0.0,0.0,0.0,,,,[],True,0.0,0.0,[],True,0.0,0.0,1.0,0.0,1.0,"[{'type': 'type_error', 'function': 'savefig', 'invalid_arg': 'bbox_inches', 'line': 12}]"
DS1000,DS0600,"
import numpy as np
import pandas as pd
import matplotlib.pyplot as plt
x = np.arange(10)
y = np.arange(10)
plt.plot(x, y, label=r'$\lambda$')
plt.savefig('output.png', bbox_inches ='tight')
result = None
","plt.plot(y, x, label=r""$\lambda$"")
plt.legend()",Failed: AttributeError: 'NoneType' object has no attribute 'get_texts',True,0.0,0.0,0.0,,,,[],True,0.0,0.0,[],True,0.0,0.0,2.0,0.0,2.0,"[{'type': 'type_error', 'function': 'plot', 'invalid_arg': 'label', 'line': 7}, {'type': 'type_error', 'function': 'savefig', 'invalid_arg': 'bbox_inches', 'line': 8}]"
DS1000,DS0601,"
import numpy as np
import pandas as pd
import matplotlib.pyplot as plt
x = np.arange(10)
y = np.arange(10)
plt.plot(y, x)
plt.xticks(range(0, 10, 2))
plt.xticks(np.append(x, [2.1, 3, 7.6]))
plt.savefig('output.png', bbox_inches ='tight')
result = None
","plt.xticks(list(plt.xticks()[0]) + [2.1, 3, 7.6])",Failed: Logic Error (Assertion failed),True,0.0,0.0,0.0,,,,[],True,0.0,0.0,[],True,0.0,0.0,1.0,0.0,1.0,"[{'type': 'type_error', 'function': 'savefig', 'invalid_arg': 'bbox_inches', 'line': 10}]"
DS1000,DS0602,"
import numpy as np
import pandas as pd
import matplotlib.pyplot as plt
x = np.arange(2010, 2020)
y = np.arange(10)
plt.plot(x, y)
plt.xticks(rotation=-60, ha='left')
plt.savefig('output.png', bbox_inches ='tight')
result = None
","plt.xticks(rotation=-60)
plt.xticks(ha=""left"")",Passed,True,0.0,0.0,0.0,,,,[],True,0.0,0.0,[],True,0.0,0.0,3.0,0.0,3.0,"[{'type': 'type_error', 'function': 'xticks', 'invalid_arg': 'rotation', 'line': 8}, {'type': 'type_error', 'function': 'xticks', 'invalid_arg': 'ha', 'line': 8}, {'type': 'type_error', 'function': 'savefig', 'invalid_arg': 'bbox_inches', 'line': 9}]"
DS1000,DS0603,"
import numpy as np
import pandas as pd
import matplotlib.pyplot as plt
x = np.arange(2010, 2020)
y = np.arange(10)
plt.plot(x, y)
plt.xticks(rotation=-60, ha='top')
plt.savefig('output.png', bbox_inches ='tight')
result = None
","plt.yticks(rotation=-60)
plt.yticks(va=""top"")","Failed: ValueError: 'top' is not a valid value for align; supported values are 'center', 'right', 'left'",True,0.0,0.0,0.0,,,,[],True,0.0,0.0,[],True,0.0,0.0,3.0,0.0,3.0,"[{'type': 'type_error', 'function': 'xticks', 'invalid_arg': 'rotation', 'line': 8}, {'type': 'type_error', 'function': 'xticks', 'invalid_arg': 'ha', 'line': 8}, {'type': 'type_error', 'function': 'savefig', 'invalid_arg': 'bbox_inches', 'line': 9}]"
DS1000,DS0604,"
import numpy as np
import pandas as pd
import matplotlib.pyplot as plt
x = np.arange(2010, 2020)
y = np.arange(10)
plt.plot(x, y)
plt.xticks(alpha=0.5)
plt.savefig('output.png', bbox_inches ='tight')
result = None
",plt.yticks(alpha=0.5),Failed: Logic Error (Assertion failed),True,0.0,0.0,0.0,,,,[],True,0.0,0.0,[],True,0.0,0.0,2.0,0.0,2.0,"[{'type': 'type_error', 'function': 'xticks', 'invalid_arg': 'alpha', 'line': 8}, {'type': 'type_error', 'function': 'savefig', 'invalid_arg': 'bbox_inches', 'line': 9}]"
DS1000,DS0605,"
import numpy as np
import pandas as pd
import matplotlib.pyplot as plt
x = np.arange(10)
y = np.arange(10)
plt.plot(x, y)
plt.margins(x=0.05, y=0.05)
plt.savefig('output.png', bbox_inches ='tight')
result = None
",plt.margins(x=0),Failed: Logic Error (Assertion failed),True,0.0,0.0,0.0,,,,[],True,0.0,0.0,[],True,0.0,0.0,1.0,0.0,1.0,"[{'type': 'type_error', 'function': 'savefig', 'invalid_arg': 'bbox_inches', 'line': 9}]"
DS1000,DS0606,"
import numpy as np
import pandas as pd
import matplotlib.pyplot as plt
x = np.arange(10)
y = np.arange(10)
plt.plot(x, y)
plt.margins(y=0.05, x=0.0)
plt.savefig('output.png', bbox_inches ='tight')
result = None
",plt.margins(y=0),Failed: Logic Error (Assertion failed),True,0.0,0.0,0.0,,,,[],True,0.0,0.0,[],True,0.0,0.0,1.0,0.0,1.0,"[{'type': 'type_error', 'function': 'savefig', 'invalid_arg': 'bbox_inches', 'line': 9}]"
DS1000,DS0607,"
import numpy as np
import pandas as pd
import matplotlib.pyplot as plt
x = np.arange(10)
y = np.arange(10)
result = plt.subplots(1, 2, figsize=(10, 5))
for ax, i in zip(result[1], range(2)):
    ax.plot(x, y + i)
plt.suptitle(""Figure"")
plt.savefig('output.png', bbox_inches='tight')
plt.savefig('output.png', bbox_inches ='tight')
result = None
","fig = plt.figure(constrained_layout=True)
axs = fig.subplots(1, 2)
for ax in axs.flat:
    ax.plot(x, y)
fig.suptitle(""Figure"")",Passed,True,0.0,0.0,0.0,,,,[],True,0.0,0.0,[],True,0.0,0.0,3.0,0.0,3.0,"[{'type': 'type_error', 'function': 'subplots', 'invalid_arg': 'figsize', 'line': 7}, {'type': 'type_error', 'function': 'savefig', 'invalid_arg': 'bbox_inches', 'line': 11}, {'type': 'type_error', 'function': 'savefig', 'invalid_arg': 'bbox_inches', 'line': 12}]"
DS1000,DS0608,"
import pandas as pd
import matplotlib.pyplot as plt
values = [[1, 2], [3, 4]]
df = pd.DataFrame(values, columns=[""Type A"", ""Type B""], index=[""Index 1"", ""Index 2""])
plt.plot(df.index, df[""Type A""], label=""Type A"")
plt.plot(df.index, df[""Type B""], label=""Type B"")
plt.xlabel(""X"")
plt.ylabel(""Y"")
plt.legend()
plt.savefig('output.png', bbox_inches ='tight')
result = None
","df.plot()
plt.xlabel(""X"")
plt.ylabel(""Y"")",Failed: Logic Error (Assertion failed),True,0.0,0.0,0.0,,,,[],True,0.0,0.0,[],True,0.0,0.0,3.0,0.0,3.0,"[{'type': 'type_error', 'function': 'plot', 'invalid_arg': 'label', 'line': 6}, {'type': 'type_error', 'function': 'plot', 'invalid_arg': 'label', 'line': 7}, {'type': 'type_error', 'function': 'savefig', 'invalid_arg': 'bbox_inches', 'line': 11}]"
DS1000,DS0609,"
import numpy as np
import pandas as pd
import matplotlib.pyplot as plt
x = np.arange(10)
y = np.arange(10)
plt.scatter(x, y, marker='v', hatch='///')
plt.savefig('output.png', bbox_inches ='tight')
result = None
","plt.scatter(x, y, hatch=""||||"")",Failed: Logic Error (Assertion failed),True,0.0,0.0,0.0,,,,[],True,0.0,0.0,[],True,0.0,0.0,2.0,0.0,2.0,"[{'type': 'type_error', 'function': 'scatter', 'invalid_arg': 'hatch', 'line': 7}, {'type': 'type_error', 'function': 'savefig', 'invalid_arg': 'bbox_inches', 'line': 8}]"
DS1000,DS0610,"
import numpy as np
import pandas as pd
import matplotlib.pyplot as plt
x = np.arange(10)
y = np.arange(10)
result = plt.scatter(x, y, edgecolor='none', marker='v', hatch='|')
plt.savefig('output.png', bbox_inches ='tight')
result = None
","plt.scatter(x, y, linewidth=0, hatch=""|"")",Failed: Logic Error (Assertion failed),True,0.0,0.0,0.0,,,,[],True,0.0,0.0,[],True,0.0,0.0,3.0,0.0,3.0,"[{'type': 'type_error', 'function': 'scatter', 'invalid_arg': 'edgecolor', 'line': 7}, {'type': 'type_error', 'function': 'scatter', 'invalid_arg': 'hatch', 'line': 7}, {'type': 'type_error', 'function': 'savefig', 'invalid_arg': 'bbox_inches', 'line': 8}]"
DS1000,DS0611,"
import numpy as np
import pandas as pd
import matplotlib.pyplot as plt
x = np.arange(10)
y = np.arange(10)
plt.scatter(x, y, marker='*', hatch='*')
plt.savefig('output.png', bbox_inches ='tight')
result = None
","plt.scatter(x, y, hatch=""*"")",Passed,True,0.0,0.0,0.0,,,,[],True,0.0,0.0,[],True,0.0,0.0,2.0,0.0,2.0,"[{'type': 'type_error', 'function': 'scatter', 'invalid_arg': 'hatch', 'line': 7}, {'type': 'type_error', 'function': 'savefig', 'invalid_arg': 'bbox_inches', 'line': 8}]"
DS1000,DS0612,"
import numpy as np
import pandas as pd
import matplotlib.pyplot as plt
x = np.arange(10)
y = np.arange(10)
plt.scatter(x, y, s=100, marker='*v')
plt.savefig('output.png', bbox_inches ='tight')
result = None
","plt.scatter(x, y, hatch=""*|"", s=500)",Failed: ValueError: Unrecognized marker style '*v',True,0.0,0.0,0.0,,,,[],True,0.0,0.0,[],True,0.0,0.0,1.0,0.0,1.0,"[{'type': 'type_error', 'function': 'savefig', 'invalid_arg': 'bbox_inches', 'line': 8}]"
DS1000,DS0613,"
import matplotlib.pyplot as plt
import numpy as np
data = np.random.random((10, 10))
plt.imshow(data, extent=[1, 5, 1, 4], origin='lower')
plt.savefig('output.png', bbox_inches ='tight')
result = None
","plt.xlim(0, 10)
plt.ylim(0, 10)
plt.imshow(data, extent=[1, 5, 1, 4])",Passed,True,0.0,0.0,0.0,,,,[],True,0.0,0.0,[],True,0.0,0.0,1.0,0.0,1.0,"[{'type': 'type_error', 'function': 'savefig', 'invalid_arg': 'bbox_inches', 'line': 6}]"
DS1000,DS0614,"
import matplotlib.pyplot as plt
import numpy as np
x = np.linspace(0.1, 2 * np.pi, 41)
y = np.exp(np.sin(x))
plt.stem(x, y, orientation='horizontal')
plt.savefig('output.png', bbox_inches ='tight')
result = None
","plt.stem(x, y, orientation=""horizontal"")",Passed,True,0.0,0.0,0.0,,,,[],True,0.0,0.0,[],True,0.0,0.0,1.0,0.0,1.0,"[{'type': 'type_error', 'function': 'savefig', 'invalid_arg': 'bbox_inches', 'line': 7}]"
DS1000,DS0615,"
import matplotlib.pyplot as plt
d = {""a"": 4, ""b"": 5, ""c"": 7}
c = {""a"": ""red"", ""c"": ""green"", ""b"": ""blue""}
result = plt.bar(d.keys(), d.values(), color=[c[key] for key in d])
plt.savefig('output.png', bbox_inches ='tight')
result = None
","colors = []
for k in d:
    colors.append(c[k])
plt.bar(range(len(d)), d.values(), color=colors)
plt.xticks(range(len(d)), d.keys())",Passed,True,0.0,0.0,0.0,,,,[],True,0.0,0.0,[],True,0.0,0.0,2.0,0.0,2.0,"[{'type': 'type_error', 'function': 'bar', 'invalid_arg': 'color', 'line': 5}, {'type': 'type_error', 'function': 'savefig', 'invalid_arg': 'bbox_inches', 'line': 6}]"
DS1000,DS0616,"
import matplotlib.pyplot as plt
result = plt.axvline(x=3, color='r', linestyle='-', label='cutoff')
plt.savefig('output.png', bbox_inches ='tight')
result = None
","plt.axvline(x=3, label=""cutoff"")
plt.legend()",Failed: AttributeError: 'NoneType' object has no attribute 'get_lines',True,0.0,0.0,0.0,,,,[],True,0.0,0.0,[],True,0.0,0.0,4.0,0.0,4.0,"[{'type': 'type_error', 'function': 'axvline', 'invalid_arg': 'color', 'line': 3}, {'type': 'type_error', 'function': 'axvline', 'invalid_arg': 'linestyle', 'line': 3}, {'type': 'type_error', 'function': 'axvline', 'invalid_arg': 'label', 'line': 3}, {'type': 'type_error', 'function': 'savefig', 'invalid_arg': 'bbox_inches', 'line': 4}]"
DS1000,DS0617,"
import matplotlib.pyplot as plt
labels = [""a"", ""b""]
height = [3, 4]
result = plt.bar(labels, height, orientation='vertical', color='blue', alpha=0.7)
plt.savefig('output.png', bbox_inches ='tight')
result = None
","fig, ax = plt.subplots(subplot_kw={""projection"": ""polar""})
plt.bar(labels, height)",Failed: Logic Error (Assertion failed),True,0.0,0.0,0.0,,,,[],True,0.0,0.0,[],True,0.0,0.0,4.0,0.0,4.0,"[{'type': 'type_error', 'function': 'bar', 'invalid_arg': 'orientation', 'line': 5}, {'type': 'type_error', 'function': 'bar', 'invalid_arg': 'color', 'line': 5}, {'type': 'type_error', 'function': 'bar', 'invalid_arg': 'alpha', 'line': 5}, {'type': 'type_error', 'function': 'savefig', 'invalid_arg': 'bbox_inches', 'line': 6}]"
DS1000,DS0618,"
import matplotlib.pyplot as plt
l = [""a"", ""b"", ""c""]
data = [225, 90, 50]
result = plt.pie(data, labels=l, wedgeprops=dict(width=0.4))
plt.savefig('output.png', bbox_inches ='tight')
result = None
","plt.pie(data, labels=l, wedgeprops=dict(width=0.4))",Passed,True,0.0,0.0,0.0,,,,[],True,0.0,0.0,[],True,0.0,0.0,1.0,0.0,1.0,"[{'type': 'type_error', 'function': 'savefig', 'invalid_arg': 'bbox_inches', 'line': 6}]"
DS1000,DS0619,"
import numpy as np
import pandas as pd
import matplotlib.pyplot as plt
x = np.arange(10)
y = np.arange(10)
plt.plot(x, y, 'b--')
plt.savefig('output.png', bbox_inches ='tight')
result = None
","plt.plot(y, x)
plt.grid(color=""blue"", linestyle=""dashed"")",Failed: Logic Error (Assertion failed),True,0.0,0.0,0.0,,,,[],True,0.0,0.0,[],True,0.0,0.0,1.0,0.0,1.0,"[{'type': 'type_error', 'function': 'savefig', 'invalid_arg': 'bbox_inches', 'line': 8}]"
DS1000,DS0620,"
import numpy as np
import pandas as pd
import matplotlib.pyplot as plt
x = np.arange(10)
y = np.arange(10)
plt.minorticks_on()
plt.grid(which='minor', linestyle='--', color='gray')
plt.grid(which='major', linestyle='', color='')
plt.savefig('output.png', bbox_inches ='tight')
result = None
","plt.plot(y, x)
plt.minorticks_on()
plt.grid(color=""gray"", linestyle=""dashed"", which=""minor"")","Failed: ValueError: '' is not a valid value for color: supported inputs are (r, g, b) and (r, g, b, a) 0-1 float tuples; '#rrggbb', '#rrggbbaa', '#rgb', '#rgba' strings; named color strings; string reprs of 0-1 floats for grayscale values; 'C0', 'C1', ... strings for colors of the color cycle; and pairs combining one of the above with an alpha value",True,0.0,0.0,0.0,,,,[],True,0.0,0.0,[],True,0.0,0.0,5.0,0.0,5.0,"[{'type': 'type_error', 'function': 'grid', 'invalid_arg': 'linestyle', 'line': 8}, {'type': 'type_error', 'function': 'grid', 'invalid_arg': 'color', 'line': 8}, {'type': 'type_error', 'function': 'grid', 'invalid_arg': 'linestyle', 'line': 9}, {'type': 'type_error', 'function': 'grid', 'invalid_arg': 'color', 'line': 9}, {'type': 'type_error', 'function': 'savefig', 'invalid_arg': 'bbox_inches', 'line': 10}]"
DS1000,DS0621,"
import matplotlib.pyplot as plt
labels = [""Walking"", ""Talking"", ""Sleeping"", ""Working""]
sizes = [23, 45, 12, 20]
colors = [""red"", ""blue"", ""green"", ""yellow""]
plt.pie(sizes, labels=labels, colors=colors, autopct='%1.1f%%', startangle=90)
plt.axis('equal')  # Equal aspect ratio ensures that pie is drawn as a circle.
plt.title('Activity Distribution')
plt.legend(title='Activities')
plt.savefig('output.png', bbox_inches ='tight')
result = None
","plt.pie(sizes, colors=colors, labels=labels, textprops={""weight"": ""bold""})",Failed: Logic Error (Assertion failed),True,0.0,0.0,0.0,,,,[],True,0.0,0.0,[],True,0.0,0.0,2.0,0.0,2.0,"[{'type': 'type_error', 'function': 'legend', 'invalid_arg': 'title', 'line': 9}, {'type': 'type_error', 'function': 'savefig', 'invalid_arg': 'bbox_inches', 'line': 10}]"
DS1000,DS0622,"
import matplotlib.pyplot as plt
labels = [""Walking"", ""Talking"", ""Sleeping"", ""Working""]
sizes = [23, 45, 12, 20]
colors = [""red"", ""blue"", ""green"", ""yellow""]
plt.pie(sizes, labels=labels, colors=colors, autopct='%1.1f%%', startangle=90)
plt.axis('equal')  # Equal aspect ratio ensures that pie is drawn as a circle.
plt.title('Activity Distribution')
plt.legend(title='Activities')
plt.savefig('output.png', bbox_inches ='tight')
result = None
","plt.pie(sizes, colors=colors, labels=labels, textprops={""weight"": ""bold""})",Failed: Logic Error (Assertion failed),True,0.0,0.0,0.0,,,,[],True,0.0,0.0,[],True,0.0,0.0,2.0,0.0,2.0,"[{'type': 'type_error', 'function': 'legend', 'invalid_arg': 'title', 'line': 9}, {'type': 'type_error', 'function': 'savefig', 'invalid_arg': 'bbox_inches', 'line': 10}]"
DS1000,DS0623,"
import numpy as np
import pandas as pd
import matplotlib.pyplot as plt
x = np.arange(10)
y = np.arange(10)
plt.plot(x, y, 'o-', color='blue', markerfacecolor='none', markeredgecolor='black', markersize=5)
plt.savefig('output.png', bbox_inches ='tight')
result = None
","plt.plot(
    x, y, ""-o"", ms=14, markerfacecolor=""None"", markeredgecolor=""red"", markeredgewidth=5
)",Passed,True,0.0,0.0,0.0,,,,[],True,0.0,0.0,[],True,0.0,0.0,5.0,0.0,5.0,"[{'type': 'type_error', 'function': 'plot', 'invalid_arg': 'color', 'line': 7}, {'type': 'type_error', 'function': 'plot', 'invalid_arg': 'markerfacecolor', 'line': 7}, {'type': 'type_error', 'function': 'plot', 'invalid_arg': 'markeredgecolor', 'line': 7}, {'type': 'type_error', 'function': 'plot', 'invalid_arg': 'markersize', 'line': 7}, {'type': 'type_error', 'function': 'savefig', 'invalid_arg': 'bbox_inches', 'line': 8}]"
DS1000,DS0624,"
import numpy as np
import pandas as pd
import matplotlib.pyplot as plt
import seaborn as sns
df = sns.load_dataset(""penguins"")[
    [""bill_length_mm"", ""bill_depth_mm"", ""flipper_length_mm"", ""body_mass_g""]
]
sns.distplot(df[""bill_length_mm""], color=""blue"")
plt.axvline(x=55, color='green')
plt.savefig('output.png', bbox_inches ='tight')
result = None
","plt.axvline(55, color=""green"")",Passed,True,0.0,0.0,0.0,,,,[],True,0.0,0.0,[],True,0.0,0.0,2.0,0.0,2.0,"[{'type': 'type_error', 'function': 'axvline', 'invalid_arg': 'color', 'line': 10}, {'type': 'type_error', 'function': 'savefig', 'invalid_arg': 'bbox_inches', 'line': 11}]"
DS1000,DS0625,"
import matplotlib.pyplot as plt
import numpy as np
blue_bar = (23, 25, 17)
orange_bar = (19, 18, 14)
result = plt.bar(range(len(blue_bar)), blue_bar, color=blue_bar, label='Blue Bar')
plt.bar(range(len(blue_bar), len(blue_bar) + len(orange_bar)), orange_bar, color=orange_bar, label='Orange Bar')
plt.legend()
plt.savefig('output.png', bbox_inches ='tight')
result = None
","# Position of bars on x-axis
ind = np.arange(len(blue_bar))

# Figure size
plt.figure(figsize=(10, 5))

# Width of a bar
width = 0.3
plt.bar(ind, blue_bar, width, label=""Blue bar label"")
plt.bar(ind + width, orange_bar, width, label=""Orange bar label"")",Failed: ValueError: 'facecolor' or 'color' argument must be a valid color orsequence of colors.,True,0.0,0.0,0.0,,,,[],True,0.0,0.0,[],True,0.0,0.0,5.0,0.0,5.0,"[{'type': 'type_error', 'function': 'bar', 'invalid_arg': 'color', 'line': 6}, {'type': 'type_error', 'function': 'bar', 'invalid_arg': 'label', 'line': 6}, {'type': 'type_error', 'function': 'bar', 'invalid_arg': 'color', 'line': 7}, {'type': 'type_error', 'function': 'bar', 'invalid_arg': 'label', 'line': 7}, {'type': 'type_error', 'function': 'savefig', 'invalid_arg': 'bbox_inches', 'line': 9}]"
DS1000,DS0626,"
import numpy as np
import pandas as pd
import matplotlib.pyplot as plt
x = np.arange(10)
y = np.random.rand(10)
z = np.random.rand(10)
a = np.arange(10)
plt.subplot(1, 2, 1)
plt.plot(x, y, label='y over x')
plt.plot(a, z, label='z over a')
plt.legend(loc='upper right')

plt.subplot(1, 2, 2)
plt.plot(a, z, label='z over a')
plt.legend(loc='upper right')

plt.tight_layout()
plt.savefig('output.png', bbox_inches ='tight')
result = None
","fig, ax = plt.subplots(2, 1)
(l1,) = ax[0].plot(x, y, color=""red"", label=""y"")
(l2,) = ax[1].plot(a, z, color=""blue"", label=""z"")
ax[0].legend([l1, l2], [""z"", ""y""])",Failed: Logic Error (Assertion failed),True,0.0,0.0,0.0,,,,[],True,0.0,0.0,[],True,0.0,0.0,6.0,0.0,6.0,"[{'type': 'type_error', 'function': 'plot', 'invalid_arg': 'label', 'line': 10}, {'type': 'type_error', 'function': 'plot', 'invalid_arg': 'label', 'line': 11}, {'type': 'type_error', 'function': 'legend', 'invalid_arg': 'loc', 'line': 12}, {'type': 'type_error', 'function': 'plot', 'invalid_arg': 'label', 'line': 15}, {'type': 'type_error', 'function': 'legend', 'invalid_arg': 'loc', 'line': 16}, {'type': 'type_error', 'function': 'savefig', 'invalid_arg': 'bbox_inches', 'line': 19}]"
DS1000,DS0627,"
import numpy as np
import pandas as pd
import matplotlib.pyplot as plt
import matplotlib
x = np.arange(10)
y = np.linspace(0, 1, 10)
plt.scatter(x, y, c=y, cmap='Spectral')
plt.savefig('output.png', bbox_inches ='tight')
result = None
","plt.scatter(x, y, c=y, cmap=""Spectral"")",Passed,True,0.0,0.0,0.0,,,,[],True,0.0,0.0,[],True,0.0,0.0,1.0,0.0,1.0,"[{'type': 'type_error', 'function': 'savefig', 'invalid_arg': 'bbox_inches', 'line': 9}]"
DS1000,DS0628,"
import numpy as np
import pandas as pd
import matplotlib.pyplot as plt
x = np.arange(10)
y = np.arange(10)
plt.plot(x, y, marker='o')
plt.xticks(np.arange(0, 11, 1))
result = None
plt.savefig('output.png', bbox_inches ='tight')
result = None
","plt.plot(x, y)
plt.xticks(np.arange(min(x), max(x) + 1, 1.0))",Passed,True,0.0,0.0,0.0,,,,[],True,0.0,0.0,[],True,0.0,0.0,2.0,0.0,2.0,"[{'type': 'type_error', 'function': 'plot', 'invalid_arg': 'marker', 'line': 7}, {'type': 'type_error', 'function': 'savefig', 'invalid_arg': 'bbox_inches', 'line': 10}]"
DS1000,DS0629,"
import numpy as np
import pandas as pd
import matplotlib.pyplot as plt
import seaborn as sns
df = sns.load_dataset(""penguins"")[[""bill_length_mm"", ""species"", ""sex""]]
result = sns.catplot(data=df, x=""bill_length_mm"", hue=""sex"", col=""species"", kind=""bar"", sharey=False)
plt.savefig('output.png', bbox_inches ='tight')
result = None
","sns.catplot(
    x=""sex"", col=""species"", y=""bill_length_mm"", data=df, kind=""bar"", sharey=False
)",Failed: Logic Error (Assertion failed),True,0.0,0.0,0.0,,,,[],True,0.0,0.0,[],True,0.0,0.0,1.0,0.0,1.0,"[{'type': 'type_error', 'function': 'savefig', 'invalid_arg': 'bbox_inches', 'line': 8}]"
DS1000,DS0630,"
import matplotlib.pyplot as plt
result = plt.Circle((0.5, 0.5), 0.2)
plt.savefig('output.png', bbox_inches ='tight')
result = None
","import matplotlib.pyplot as plt

circle1 = plt.Circle((0.5, 0.5), 0.2)
plt.gca().add_patch(circle1)",Failed: Logic Error (Assertion failed),True,0.0,0.0,0.0,,,,[],True,0.0,0.0,[],True,0.0,0.0,1.0,0.0,1.0,"[{'type': 'type_error', 'function': 'savefig', 'invalid_arg': 'bbox_inches', 'line': 4}]"
DS1000,DS0631,"
import numpy as np
import pandas as pd
import matplotlib.pyplot as plt
x = np.arange(10)
y = np.arange(10)
plt.title(r'$\bf{\phi}$', fontsize=16)
plt.savefig('output.png', bbox_inches ='tight')
result = None
","plt.plot(y, x)
plt.title(r""$\mathbf{\phi}$"")",Passed,True,0.0,0.0,0.0,,,,[],True,0.0,0.0,[],True,0.0,0.0,2.0,0.0,2.0,"[{'type': 'type_error', 'function': 'title', 'invalid_arg': 'fontsize', 'line': 7}, {'type': 'type_error', 'function': 'savefig', 'invalid_arg': 'bbox_inches', 'line': 8}]"
DS1000,DS0632,"
import numpy as np
import pandas as pd
import matplotlib.pyplot as plt
x = np.arange(10)
y = np.arange(10)
plt.plot(x, y, label='Line')
plt.legend(handlelength=0.1)
result = None
plt.savefig('output.png', bbox_inches ='tight')
result = None
","plt.plot(x, y, label=""Line"")
plt.legend(handletextpad=0.1)",Failed: Logic Error (Assertion failed),True,0.0,0.0,0.0,,,,[],True,0.0,0.0,[],True,0.0,0.0,3.0,0.0,3.0,"[{'type': 'type_error', 'function': 'plot', 'invalid_arg': 'label', 'line': 7}, {'type': 'type_error', 'function': 'legend', 'invalid_arg': 'handlelength', 'line': 8}, {'type': 'type_error', 'function': 'savefig', 'invalid_arg': 'bbox_inches', 'line': 10}]"
DS1000,DS0633,"
import numpy as np
import pandas as pd
import matplotlib.pyplot as plt
x = np.arange(10)
y = np.arange(10)
plt.plot(x, y, label='Line')
plt.legend(handlelength=0.3)
plt.savefig('output.png', bbox_inches ='tight')
result = None
","plt.plot(x, y, label=""Line"")
plt.legend(handlelength=0.3)",Passed,True,0.0,0.0,0.0,,,,[],True,0.0,0.0,[],True,0.0,0.0,3.0,0.0,3.0,"[{'type': 'type_error', 'function': 'plot', 'invalid_arg': 'label', 'line': 7}, {'type': 'type_error', 'function': 'legend', 'invalid_arg': 'handlelength', 'line': 8}, {'type': 'type_error', 'function': 'savefig', 'invalid_arg': 'bbox_inches', 'line': 9}]"
DS1000,DS0634,"
import numpy as np
import pandas as pd
import matplotlib.pyplot as plt
x = np.arange(10)
y = np.arange(10)
plt.plot(x, y, label=""Line"")
plt.plot(y, x, label=""Flipped"")
plt.legend(ncol=2)
plt.savefig('output.png', bbox_inches ='tight')
result = None
",plt.legend(ncol=2),Passed,True,0.0,0.0,0.0,,,,[],True,0.0,0.0,[],True,0.0,0.0,4.0,0.0,4.0,"[{'type': 'type_error', 'function': 'plot', 'invalid_arg': 'label', 'line': 7}, {'type': 'type_error', 'function': 'plot', 'invalid_arg': 'label', 'line': 8}, {'type': 'type_error', 'function': 'legend', 'invalid_arg': 'ncol', 'line': 9}, {'type': 'type_error', 'function': 'savefig', 'invalid_arg': 'bbox_inches', 'line': 10}]"
DS1000,DS0635,"
import numpy as np
import pandas as pd
import matplotlib.pyplot as plt
x = np.arange(10)
y = np.arange(10)
plt.plot(x, y, marker=""*"", label=""Line"")
plt.legend()
plt.scatter(x[::2], y[::2], marker=""o"", color='red', label=""Markers"")
plt.savefig('output.png', bbox_inches ='tight')
result = None
",plt.legend(numpoints=2),Failed: Logic Error (Assertion failed),True,0.0,0.0,0.0,,,,[],True,0.0,0.0,[],True,0.0,0.0,5.0,0.0,5.0,"[{'type': 'type_error', 'function': 'plot', 'invalid_arg': 'marker', 'line': 7}, {'type': 'type_error', 'function': 'plot', 'invalid_arg': 'label', 'line': 7}, {'type': 'type_error', 'function': 'scatter', 'invalid_arg': 'color', 'line': 9}, {'type': 'type_error', 'function': 'scatter', 'invalid_arg': 'label', 'line': 9}, {'type': 'type_error', 'function': 'savefig', 'invalid_arg': 'bbox_inches', 'line': 10}]"
DS1000,DS0636,"
import matplotlib.pyplot as plt
import numpy as np
data = np.random.random((10, 10))
plt.imshow(data, cmap='viridis')
plt.colorbar()
plt.savefig('output.png', bbox_inches ='tight')
result = None
","plt.imshow(data)
plt.colorbar()",Passed,True,0.0,0.0,0.0,,,,[],True,0.0,0.0,[],True,0.0,0.0,1.0,0.0,1.0,"[{'type': 'type_error', 'function': 'savefig', 'invalid_arg': 'bbox_inches', 'line': 7}]"
DS1000,DS0637,"
import numpy as np
import pandas as pd
import matplotlib.pyplot as plt
x = np.arange(10)
y = np.arange(10)
plt.title('Figure\n1', fontweight='bold')
plt.savefig('output.png', bbox_inches ='tight')
result = None
","plt.plot(x, y)
plt.title(r""$\bf{Figure}$ 1"")",Failed: Logic Error (Assertion failed),True,0.0,0.0,0.0,,,,[],True,0.0,0.0,[],True,0.0,0.0,2.0,0.0,2.0,"[{'type': 'type_error', 'function': 'title', 'invalid_arg': 'fontweight', 'line': 7}, {'type': 'type_error', 'function': 'savefig', 'invalid_arg': 'bbox_inches', 'line': 8}]"
DS1000,DS0638,"
import matplotlib.pyplot as plt
import seaborn as sns
import pandas as pd
df = pd.DataFrame(
    {
        ""id"": [""1"", ""2"", ""1"", ""2"", ""2""],
        ""x"": [123, 22, 356, 412, 54],
        ""y"": [120, 12, 35, 41, 45],
    }
)
sns.pairplot(df, x_vars=['x'], y_vars=['y'], hue='id', diag_kind=None, plot_kws={'legend': False})
plt.savefig('output.png', bbox_inches ='tight')
result = None
","g = sns.pairplot(df, x_vars=[""x""], y_vars=[""y""], hue=""id"")
g._legend.remove()",Failed: Logic Error (Assertion failed),True,0.0,0.0,0.0,,,,[],True,0.0,0.0,[],True,0.0,0.0,1.0,0.0,1.0,"[{'type': 'type_error', 'function': 'savefig', 'invalid_arg': 'bbox_inches', 'line': 13}]"
DS1000,DS0639,"
import numpy as np
import pandas as pd
import matplotlib.pyplot as plt
x = np.arange(10)
y = np.arange(10)
plt.plot(x, y)
plt.gca().invert_xaxis()
plt.savefig('output.png', bbox_inches ='tight')
result = None
","plt.plot(x, y)
plt.gca().invert_xaxis()",Passed,True,0.0,0.0,0.0,,,,[],True,0.0,0.0,[],True,0.0,0.0,1.0,0.0,1.0,"[{'type': 'type_error', 'function': 'savefig', 'invalid_arg': 'bbox_inches', 'line': 9}]"
DS1000,DS0640,"
import numpy as np
import pandas as pd
import matplotlib.pyplot as plt
x = np.arange(11)
y = np.arange(11)
plt.xlim(0, 10)
plt.ylim(0, 10)
plt.plot(x, y, 'o')
plt.savefig('output.png', bbox_inches ='tight')
result = None
","plt.scatter(x, y, clip_on=False)",Failed: IndexError: list index out of range,True,0.0,0.0,0.0,,,,[],True,0.0,0.0,[],True,0.0,0.0,1.0,0.0,1.0,"[{'type': 'type_error', 'function': 'savefig', 'invalid_arg': 'bbox_inches', 'line': 10}]"
DS1000,DS0641,"
import numpy as np
import pandas as pd
import matplotlib.pyplot as plt
x = np.arange(10)
y = np.arange(10)
plt.scatter(x, y, s=50, c='red', edgecolor='black')
plt.savefig('output.png', bbox_inches ='tight')
result = None
","plt.scatter(x, y, c=""red"", edgecolors=""black"")",Passed,True,0.0,0.0,0.0,,,,[],True,0.0,0.0,[],True,0.0,0.0,2.0,0.0,2.0,"[{'type': 'type_error', 'function': 'scatter', 'invalid_arg': 'edgecolor', 'line': 7}, {'type': 'type_error', 'function': 'savefig', 'invalid_arg': 'bbox_inches', 'line': 8}]"
DS1000,DS0642,"
import numpy as np
import pandas as pd
import matplotlib.pyplot as plt
x = np.arange(10)
y = np.arange(10)
result = plt.subplots(2, 2, figsize=(15, 15))
for ax in result.flatten():
    ax.plot(x, y)
plt.savefig('output.png', bbox_inches='tight')
plt.savefig('output.png', bbox_inches ='tight')
result = None
","f, axs = plt.subplots(2, 2, figsize=(15, 15))
for ax in f.axes:
    ax.plot(x, y)",Failed: AttributeError: 'tuple' object has no attribute 'flatten',True,0.0,0.0,0.0,,,,[],True,0.0,0.0,[],True,0.0,0.0,3.0,0.0,3.0,"[{'type': 'type_error', 'function': 'subplots', 'invalid_arg': 'figsize', 'line': 7}, {'type': 'type_error', 'function': 'savefig', 'invalid_arg': 'bbox_inches', 'line': 10}, {'type': 'type_error', 'function': 'savefig', 'invalid_arg': 'bbox_inches', 'line': 11}]"
DS1000,DS0643,"
import numpy as np
import pandas as pd
import matplotlib.pyplot as plt
x = np.random.rand(100) * 10
result = plt.hist(x, bins=5, range=(0, 10), edgecolor='black', width=2)
plt.savefig('output.png', bbox_inches ='tight')
result = None
","plt.hist(x, bins=np.arange(0, 11, 2))",Passed,True,0.0,0.0,0.0,,,,[],True,0.0,0.0,[],True,0.0,0.0,3.0,0.0,3.0,"[{'type': 'type_error', 'function': 'hist', 'invalid_arg': 'edgecolor', 'line': 6}, {'type': 'type_error', 'function': 'hist', 'invalid_arg': 'width', 'line': 6}, {'type': 'type_error', 'function': 'savefig', 'invalid_arg': 'bbox_inches', 'line': 7}]"
DS1000,DS0644,"
from matplotlib import pyplot as plt
import numpy as np
x = np.arange(10)
y = np.arange(1, 11)
error = np.random.random(y.shape)
plt.fill_between(x, y - error, y + error, alpha=0.2)
plt.savefig('output.png', bbox_inches ='tight')
result = None
","plt.plot(x, y, ""k-"")
plt.fill_between(x, y - error, y + error)",Failed: Logic Error (Assertion failed),True,0.0,0.0,0.0,,,,[],True,0.0,0.0,[],True,0.0,0.0,2.0,0.0,2.0,"[{'type': 'type_error', 'function': 'fill_between', 'invalid_arg': 'alpha', 'line': 7}, {'type': 'type_error', 'function': 'savefig', 'invalid_arg': 'bbox_inches', 'line': 8}]"
DS1000,DS0645,"
import matplotlib.pyplot as plt
import numpy as np
xvec = np.linspace(-5.0, 5.0, 100)
x, y = np.meshgrid(xvec, xvec)
z = -np.hypot(x, y)
plt.contourf(x, y, z)
plt.plot([0, 0], [-5, 5], 'w-', linewidth=2)
plt.plot([-5, 5], [0, 0], 'w-', linewidth=2)
plt.savefig('output.png', bbox_inches ='tight')
result = None
","plt.axhline(0, color=""white"")
plt.axvline(0, color=""white"")",Failed: Logic Error (Assertion failed),True,0.0,0.0,0.0,,,,[],True,0.0,0.0,[],True,0.0,0.0,3.0,0.0,3.0,"[{'type': 'type_error', 'function': 'plot', 'invalid_arg': 'linewidth', 'line': 8}, {'type': 'type_error', 'function': 'plot', 'invalid_arg': 'linewidth', 'line': 9}, {'type': 'type_error', 'function': 'savefig', 'invalid_arg': 'bbox_inches', 'line': 10}]"
DS1000,DS0646,"
import matplotlib.pyplot as plt
import numpy as np
box_position, box_height, box_errors = np.arange(4), np.ones(4), np.arange(1, 5)
c = [""r"", ""r"", ""b"", ""b""]
fig, ax = plt.subplots()
ax.bar(box_position, box_height, color=""yellow"")
ax.errorbar(box_position, box_height, yerr=box_errors, fmt='o', capsize=5, color=c)
plt.savefig('output.png', bbox_inches ='tight')
result = None
","for pos, y, err, color in zip(box_position, box_height, box_errors, c):
    ax.errorbar(pos, y, err, color=color)","Failed: ValueError: ['r', 'r', 'b', 'b'] is not a valid value for color: supported inputs are (r, g, b) and (r, g, b, a) 0-1 float tuples; '#rrggbb', '#rrggbbaa', '#rgb', '#rgba' strings; named color strings; string reprs of 0-1 floats for grayscale values; 'C0', 'C1', ... strings for colors of the color cycle; and pairs combining one of the above with an alpha value",True,0.0,0.0,0.0,,,,[],True,0.0,0.0,[],True,0.0,0.0,1.0,0.0,1.0,"[{'type': 'type_error', 'function': 'savefig', 'invalid_arg': 'bbox_inches', 'line': 9}]"
DS1000,DS0647,"
import numpy as np
import pandas as pd
import matplotlib.pyplot as plt
x = np.arange(10)
y = np.arange(10)
z = np.arange(10)
a = np.arange(10)
plt.subplot(1, 2, 1)
plt.plot(x, y)
plt.title('Y')

plt.subplot(1, 2, 2)
plt.plot(a, z)
plt.title('Z')
plt.suptitle('Z', y=1.15)  # Raise the title of the second subplot

result = None
plt.savefig('output.png', bbox_inches ='tight')
result = None
","fig, (ax1, ax2) = plt.subplots(1, 2, sharey=True)
ax1.plot(x, y)
ax1.set_title(""Y"")
ax2.plot(a, z)
ax2.set_title(""Z"", y=1.08)",Failed: Logic Error (Assertion failed),True,0.0,0.0,0.0,,,,[],True,0.0,0.0,[],True,0.0,0.0,2.0,0.0,2.0,"[{'type': 'type_error', 'function': 'suptitle', 'invalid_arg': 'y', 'line': 16}, {'type': 'type_error', 'function': 'savefig', 'invalid_arg': 'bbox_inches', 'line': 19}]"
DS1000,DS0648,"
import numpy as np
import pandas as pd
import matplotlib.pyplot as plt
x = np.arange(10)
y = np.arange(10)
fig, axs = plt.subplots(4, 4, figsize=(5, 5))
for ax in axs.flat:
    ax.plot(x, y)
    ax.set_xticks(np.arange(10))
    ax.set_yticks(np.arange(10))
plt.tight_layout()
result = None
plt.savefig('output.png', bbox_inches ='tight')
result = None
","fig, axes = plt.subplots(nrows=4, ncols=4, figsize=(5, 5))
for ax in axes.flatten():
    ax.plot(x, y)
fig.tight_layout()",Passed,True,0.0,0.0,0.0,,,,[],True,0.0,0.0,[],True,0.0,0.0,2.0,0.0,2.0,"[{'type': 'type_error', 'function': 'subplots', 'invalid_arg': 'figsize', 'line': 7}, {'type': 'type_error', 'function': 'savefig', 'invalid_arg': 'bbox_inches', 'line': 14}]"
DS1000,DS0649,"
import matplotlib.pyplot as plt
import numpy as np
d = np.random.random((10, 10))
plt.matshow(d, cmap='viridis', figsize=(8, 8))
plt.savefig('output.png', bbox_inches ='tight')
result = None
","matfig = plt.figure(figsize=(8, 8))
plt.matshow(d, fignum=matfig.number)",Failed: ValueError: The truth value of an array with more than one element is ambiguous. Use a.any() or a.all(),True,0.0,0.0,0.0,,,,[],True,0.0,0.0,[],True,0.0,0.0,3.0,0.0,3.0,"[{'type': 'type_error', 'function': 'matshow', 'invalid_arg': 'cmap', 'line': 5}, {'type': 'type_error', 'function': 'matshow', 'invalid_arg': 'figsize', 'line': 5}, {'type': 'type_error', 'function': 'savefig', 'invalid_arg': 'bbox_inches', 'line': 6}]"
DS1000,DS0650,"
import numpy as np
import pandas as pd
import matplotlib.pyplot as plt
import seaborn as sns
df = sns.load_dataset(""penguins"")[
    [""bill_length_mm"", ""bill_depth_mm"", ""flipper_length_mm"", ""body_mass_g""]
].head(10)
result = df.style.set_table_styles([{'selector': 'td', 'props': [('text-align', 'center')]}]).set_table_attributes('style=""width: 100%""').set_caption(""Penguin Dataset"").render()
plt.savefig('output.png', bbox_inches ='tight')
result = None
","bbox = [0, 0, 1, 1]
plt.table(cellText=df.values, rowLabels=df.index, bbox=bbox, colLabels=df.columns)",Failed: AttributeError: 'Styler' object has no attribute 'render',True,0.0,0.0,0.0,,,,[],True,0.0,0.0,[],True,0.0,0.0,1.0,0.0,1.0,"[{'type': 'type_error', 'function': 'savefig', 'invalid_arg': 'bbox_inches', 'line': 10}]"
DS1000,DS0651,"
import numpy as np
import pandas as pd
import matplotlib.pyplot as plt
x = np.arange(10)
y = np.arange(10)
plt.plot(x, y)
plt.xticks(rotation=45, ha='right', va='top', labelpad=10)
plt.tight_layout()
plt.savefig('output.png', bbox_inches ='tight')
result = None
","plt.plot(x, y)
plt.tick_params(labeltop=True)",Failed: AttributeError: Text.set() got an unexpected keyword argument 'labelpad',True,0.0,0.0,0.0,,,,[],True,0.0,0.0,[],True,0.0,0.0,5.0,0.0,5.0,"[{'type': 'type_error', 'function': 'xticks', 'invalid_arg': 'rotation', 'line': 8}, {'type': 'type_error', 'function': 'xticks', 'invalid_arg': 'ha', 'line': 8}, {'type': 'type_error', 'function': 'xticks', 'invalid_arg': 'va', 'line': 8}, {'type': 'type_error', 'function': 'xticks', 'invalid_arg': 'labelpad', 'line': 8}, {'type': 'type_error', 'function': 'savefig', 'invalid_arg': 'bbox_inches', 'line': 10}]"
DS1000,DS0652,"
import numpy as np
import pandas as pd
import matplotlib.pyplot as plt
x = np.arange(10)
y = np.arange(10)
plt.plot(x, y)
plt.xticks(np.arange(10))
plt.tick_params(axis='both', which='major', labelsize=10)
plt.tight_layout()
plt.savefig('output.png', bbox_inches ='tight')
result = None
","plt.plot(x, y)
plt.tick_params(top=True)",Failed: Logic Error (Assertion failed),True,0.0,0.0,0.0,,,,[],True,0.0,0.0,[],True,0.0,0.0,3.0,0.0,3.0,"[{'type': 'type_error', 'function': 'tick_params', 'invalid_arg': 'which', 'line': 9}, {'type': 'type_error', 'function': 'tick_params', 'invalid_arg': 'labelsize', 'line': 9}, {'type': 'type_error', 'function': 'savefig', 'invalid_arg': 'bbox_inches', 'line': 11}]"
DS1000,DS0653,"
import numpy as np
import pandas as pd
import matplotlib.pyplot as plt
x = np.arange(10)
y = np.arange(10)
plt.plot(x, y)
plt.xticks(x)
plt.tick_params(axis='x', which='major', bottom=False)
result = None
plt.savefig('output.png', bbox_inches ='tight')
result = None
","plt.plot(x, y)
plt.tick_params(bottom=False, labelbottom=True)",Passed,True,0.0,0.0,0.0,,,,[],True,0.0,0.0,[],True,0.0,0.0,3.0,0.0,3.0,"[{'type': 'type_error', 'function': 'tick_params', 'invalid_arg': 'which', 'line': 9}, {'type': 'type_error', 'function': 'tick_params', 'invalid_arg': 'bottom', 'line': 9}, {'type': 'type_error', 'function': 'savefig', 'invalid_arg': 'bbox_inches', 'line': 11}]"
DS1000,DS0654,"
import numpy as np
import pandas as pd
import matplotlib.pyplot as plt
import seaborn as sns
df = sns.load_dataset(""exercise"")
result = sns.catplot(x=""time"", y=""pulse"", hue=""diet"", col=""group"", kind=""scatter"", sharey=False, sharex=False)
result.fig.suptitle(""Group: Fat"", y=1.02)
result.fig.suptitle(""Group: No Fat"", y=1.04)
plt.savefig('output.png', bbox_inches ='tight')
result = None
","g = sns.catplot(x=""time"", y=""pulse"", hue=""kind"", col=""diet"", data=df)
axs = g.axes.flatten()
axs[0].set_title(""Group: Fat"")
axs[1].set_title(""Group: No Fat"")","Failed: ValueError: Could not interpret value `time` for `x`. Value is a string, but `data` was not passed.",True,0.0,0.0,0.0,,,,[],True,0.0,0.0,[],True,0.0,0.0,1.0,0.0,1.0,"[{'type': 'type_error', 'function': 'savefig', 'invalid_arg': 'bbox_inches', 'line': 10}]"
DS1000,DS0655,"
import numpy as np
import pandas as pd
import matplotlib.pyplot as plt
import seaborn as sns
df = sns.load_dataset(""exercise"")
result = sns.catplot(x=""time"", y=""pulse"", hue=""diet"", col=""time"", kind=""scatter"", palette=""viridis"", height=4, aspect=1)
plt.savefig('output.png', bbox_inches ='tight')
result = None
","g = sns.catplot(x=""time"", y=""pulse"", hue=""kind"", col=""diet"", data=df)
axs = g.axes.flatten()
axs[0].set_xlabel(""Exercise Time"")
axs[1].set_xlabel(""Exercise Time"")","Failed: ValueError: Could not interpret value `time` for `x`. Value is a string, but `data` was not passed.",True,0.0,0.0,0.0,,,,[],True,0.0,0.0,[],True,0.0,0.0,1.0,0.0,1.0,"[{'type': 'type_error', 'function': 'savefig', 'invalid_arg': 'bbox_inches', 'line': 8}]"
DS1000,DS0656,"
import numpy as np
import pandas as pd
import matplotlib.pyplot as plt
import seaborn as sns
df = sns.load_dataset(""exercise"")
result = sns.catplot(x=""time"", y=None, hue=""diet"", col=""kind"", kind=""scatter"", data=df)
plt.savefig('output.png', bbox_inches ='tight')
result = None
","g = sns.catplot(x=""time"", y=""pulse"", hue=""kind"", col=""diet"", data=df)
axs = g.axes.flatten()
axs[0].set_ylabel("""")","Failed: ValueError: Invalid `kind`: 'scatter'. Options are 'strip', 'swarm', 'box', 'boxen', 'violin', 'bar', 'count', and 'point'.",True,0.0,0.0,0.0,,,,[],True,0.0,0.0,[],True,0.0,0.0,1.0,0.0,1.0,"[{'type': 'type_error', 'function': 'savefig', 'invalid_arg': 'bbox_inches', 'line': 8}]"
DS1000,DS0657,"
import numpy as np
import pandas as pd
import matplotlib.pyplot as plt
x = np.arange(10)
y = np.arange(10)
plt.plot(x, y, label=""y"")
plt.legend(fontsize=8)
plt.savefig('output.png', bbox_inches ='tight')
result = None
","plt.plot(y, x, label=""y"")
plt.legend(fontsize=8)",Passed,True,0.0,0.0,0.0,,,,[],True,0.0,0.0,[],True,0.0,0.0,3.0,0.0,3.0,"[{'type': 'type_error', 'function': 'plot', 'invalid_arg': 'label', 'line': 7}, {'type': 'type_error', 'function': 'legend', 'invalid_arg': 'fontsize', 'line': 8}, {'type': 'type_error', 'function': 'savefig', 'invalid_arg': 'bbox_inches', 'line': 9}]"
DS1000,DS0658,"
import numpy as np
import pandas as pd
import matplotlib.pyplot as plt
x = np.arange(10)
y = np.arange(10)
plt.figure(figsize=(5, 5), dpi=300)
plt.savefig('output.png', bbox_inches ='tight')
result = None
","plt.figure(figsize=(5, 5), dpi=300)
plt.plot(y, x)",Passed,True,0.0,0.0,0.0,,,,[],True,0.0,0.0,[],True,0.0,0.0,1.0,0.0,1.0,"[{'type': 'type_error', 'function': 'savefig', 'invalid_arg': 'bbox_inches', 'line': 8}]"
DS1000,DS0659,"
import numpy as np
import pandas as pd
import matplotlib.pyplot as plt
x = np.arange(10)
y = np.arange(10)
plt.plot(x, y, label=""y"")
plt.legend(frameon=False)
plt.savefig('output.png', bbox_inches ='tight')
result = None
","plt.plot(y, x, label=""y"")
plt.legend(frameon=False)",Passed,True,0.0,0.0,0.0,,,,[],True,0.0,0.0,[],True,0.0,0.0,3.0,0.0,3.0,"[{'type': 'type_error', 'function': 'plot', 'invalid_arg': 'label', 'line': 7}, {'type': 'type_error', 'function': 'legend', 'invalid_arg': 'frameon', 'line': 8}, {'type': 'type_error', 'function': 'savefig', 'invalid_arg': 'bbox_inches', 'line': 9}]"
DS1000,DS0660,"
import numpy as np
import math
import matplotlib
import matplotlib.pyplot as plt
t = np.linspace(0, 2 * math.pi, 400)
a = np.sin(t)
b = np.cos(t)
c = a + b
plt.plot(t, a, label='sin(t)')
plt.plot(t, b, label='cos(t)')
plt.plot(t, c, label='sin(t) + cos(t)')
plt.legend()
plt.savefig('output.png', bbox_inches ='tight')
result = None
","plt.plot(t, a, t, b, t, c)",Passed,True,0.0,0.0,0.0,,,,[],True,0.0,0.0,[],True,0.0,0.0,4.0,0.0,4.0,"[{'type': 'type_error', 'function': 'plot', 'invalid_arg': 'label', 'line': 10}, {'type': 'type_error', 'function': 'plot', 'invalid_arg': 'label', 'line': 11}, {'type': 'type_error', 'function': 'plot', 'invalid_arg': 'label', 'line': 12}, {'type': 'type_error', 'function': 'savefig', 'invalid_arg': 'bbox_inches', 'line': 14}]"
DS1000,DS0661,"
import numpy as np
import pandas as pd
import matplotlib.pyplot as plt
import seaborn as sns
df = sns.load_dataset(""penguins"")[[""bill_length_mm"", ""species"", ""sex""]]
sns.stripplot(x=""sex"", y=""bill_length_mm"", hue=""species"", data=df, palette=""Set1"", dodge=True, legend=False)
plt.savefig('output.png', bbox_inches ='tight')
result = None
","ax = sns.stripplot(x=""sex"", y=""bill_length_mm"", hue=""species"", data=df)
ax.legend_.remove()",Failed: Logic Error (Assertion failed),True,0.0,0.0,0.0,,,,[],True,0.0,0.0,[],True,0.0,0.0,1.0,0.0,1.0,"[{'type': 'type_error', 'function': 'savefig', 'invalid_arg': 'bbox_inches', 'line': 8}]"
DS1000,DS0662,"
import seaborn as sns
import matplotlib.pylab as plt
import pandas
import numpy as np
df = pandas.DataFrame(
    {
        ""a"": np.arange(1, 31),
        ""b"": [""A"",] * 10 + [""B"",] * 10 + [""C"",] * 10,
        ""c"": np.random.rand(30),
    }
)
g = sns.FacetGrid(df, col=""b"")
g.map(sns.pointplot, ""a"", ""c"", order=np.arange(1, 31), xticks=np.arange(1, 31, 2))
plt.savefig('output.png', bbox_inches ='tight')
result = None
","g = sns.FacetGrid(df, row=""b"")
g.map(sns.pointplot, ""a"", ""c"")

for ax in g.axes.flat:
    labels = ax.get_xticklabels()  # get x labels
    for i, l in enumerate(labels):
        if i % 2 == 0:
            labels[i] = """"  # skip even labels
    ax.set_xticklabels(labels)  # set new labels",Failed: AttributeError: Line2D.set() got an unexpected keyword argument 'xticks',True,0.0,0.0,0.0,,,,[],True,0.0,0.0,[],True,0.0,0.0,1.0,0.0,1.0,"[{'type': 'type_error', 'function': 'savefig', 'invalid_arg': 'bbox_inches', 'line': 15}]"
DS1000,DS0663,"
import matplotlib.pyplot as plt
from mpl_toolkits.mplot3d import Axes3D
import numpy as np
x = np.random.random(10)
y = np.random.random(10)
z = np.random.random(10)
ax = plt.gca(projection='3d')
ax.scatter(x, y, z)
ax.view_init(elev=50, azim=100)
plt.savefig('output.png', bbox_inches ='tight')
result = None
","fig = plt.figure()
ax = fig.add_subplot(111, projection=""3d"")
ax.scatter(x, y, z)
ax.azim = 100
ax.elev = 50",Failed: TypeError: gca() got an unexpected keyword argument 'projection',True,0.0,0.0,0.0,,,,[],True,0.0,0.0,[],True,0.0,0.0,2.0,0.0,2.0,"[{'type': 'type_error', 'function': 'gca', 'invalid_arg': 'projection', 'line': 8}, {'type': 'type_error', 'function': 'savefig', 'invalid_arg': 'bbox_inches', 'line': 11}]"
DS1000,DS0664,"
import numpy as np
import pandas as pd
import matplotlib.pyplot as plt
x = np.arange(10)
y = np.arange(10)
plt.plot(x, y)
plt.xlabel(""x"")
plt.ylabel(""y"")
plt.xticks([])
plt.yticks([])
plt.savefig('output.png', bbox_inches='tight')
plt.savefig('output.png', bbox_inches ='tight')
result = None
","fig, ax = plt.subplots()
ax.plot(x, y)
ax.set_xticklabels([])
ax.set_yticklabels([])
ax.set_xlabel(""x"")
ax.set_ylabel(""y"")",Passed,True,0.0,0.0,0.0,,,,[],True,0.0,0.0,[],True,0.0,0.0,2.0,0.0,2.0,"[{'type': 'type_error', 'function': 'savefig', 'invalid_arg': 'bbox_inches', 'line': 12}, {'type': 'type_error', 'function': 'savefig', 'invalid_arg': 'bbox_inches', 'line': 13}]"
DS1000,DS0665,"
import numpy as np
import pandas as pd
import matplotlib.pyplot as plt
x = np.random.random((10, 10))
from matplotlib import gridspec
nrow = 2
ncol = 2
fig = plt.figure(figsize=(ncol + 1, nrow + 1))
gs = gridspec.GridSpec(nrow, ncol, figure=fig)
for i in range(nrow):
    for j in range(ncol):
        ax = fig.add_subplot(gs[i, j])
        ax.imshow(x, cmap='viridis')
        ax.axis('off')
plt.savefig('output.png', bbox_inches ='tight')
result = None
","gs = gridspec.GridSpec(
    nrow,
    ncol,
    wspace=0.0,
    hspace=0.0,
    top=1.0 - 0.5 / (nrow + 1),
    bottom=0.5 / (nrow + 1),
    left=0.5 / (ncol + 1),
    right=1 - 0.5 / (ncol + 1),
)

for i in range(nrow):
    for j in range(ncol):
        ax = plt.subplot(gs[i, j])
        ax.imshow(x)
        ax.set_xticklabels([])
        ax.set_yticklabels([])",Failed: Logic Error (Assertion failed),True,0.0,0.0,0.0,,,,[],True,0.0,0.0,[],True,0.0,0.0,1.0,0.0,1.0,"[{'type': 'type_error', 'function': 'savefig', 'invalid_arg': 'bbox_inches', 'line': 16}]"
DS1000,DS0666,"
import tensorflow as tf
x = test_input
x.assign(1)
result = x.numpy()
result = x
",x.assign(1),Passed,True,0.0,0.0,0.0,,,,[],True,0.0,0.0,[],True,0.0,0.0,0.0,1.0,1.0,"[{'type': 'module_not_found', 'module': 'tensorflow', 'line': 2}]"
DS1000,DS0667,"
import tensorflow as tf
x = test_input
x.assign(114514)
result = x.numpy()
result = x
",x.assign(114514),Passed,True,0.0,0.0,0.0,,,,[],True,0.0,0.0,[],True,0.0,0.0,0.0,1.0,1.0,"[{'type': 'module_not_found', 'module': 'tensorflow', 'line': 2}]"
DS1000,DS0668,"
import tensorflow as tf
labels = test_input
result = tf.one_hot(labels, depth=10, dtype=tf.int32)
","def g(labels):
    return tf.one_hot(indices=labels, depth=10, on_value=1, off_value=0, axis=-1)

result = g(labels.copy())
",Passed,True,0.0,0.0,0.0,,,,[],True,0.0,0.0,[],True,0.0,0.0,0.0,1.0,1.0,"[{'type': 'module_not_found', 'module': 'tensorflow', 'line': 2}]"
DS1000,DS0669,"
import tensorflow as tf
labels = test_input
result = tf.one_hot(labels, depth=10, dtype=tf.int32)
","def g(labels):
    return tf.one_hot(indices=labels, depth=10, on_value=0, off_value=1, axis=-1)

result = g(labels.copy())
",Failed: Logic Error (Assertion failed),True,0.0,0.0,0.0,,,,[],True,0.0,0.0,[],True,0.0,0.0,0.0,1.0,1.0,"[{'type': 'module_not_found', 'module': 'tensorflow', 'line': 2}]"
DS1000,DS0670,"
import tensorflow as tf
labels = test_input
result = tf.one_hot(labels, depth=10, dtype=tf.int32)
","def g(labels):
    t = tf.one_hot(indices=labels, depth=10, on_value=1, off_value=0, axis=-1)
    n = t.numpy()
    for i in range(len(n)):
        n[i] = n[i][::-1]
    return tf.constant(n)

result = g(labels.copy())
",Failed: Logic Error (Assertion failed),True,0.0,0.0,0.0,,,,[],True,0.0,0.0,[],True,0.0,0.0,0.0,1.0,1.0,"[{'type': 'module_not_found', 'module': 'tensorflow', 'line': 2}]"
DS1000,DS0671,"
import tensorflow as tf
labels = test_input
def f(labels):
import tensorflow as tf

labels = test_input
result = tf.one_hot(labels, depth=10, dtype=tf.int32)
result = f(labels)
","    result =  tf.one_hot(indices=labels, depth=10, on_value=1, off_value=0, axis=-1)

    return result
","Failed: IndentationError: expected an indented block after function definition on line 4 (<string>, line 5)",False,0.0,1.0,0.0,IndentationError,5.0,"expected an indented block after function definition on line 4 (<unknown>, line 5)",[],False,0.0,0.0,[],False,0.0,0.0,0.0,0.0,0.0,[]
DS1000,DS0672,"
import tensorflow as tf
labels = test_input
result = tf.one_hot(labels, depth=10, dtype=tf.int32)
","def g(labels):
    t = tf.one_hot(indices=labels, depth=10, on_value=0, off_value=1, axis=-1)
    n = t.numpy()
    for i in range(len(n)):
        n[i] = n[i][::-1]
    return tf.constant(n)

result = g(labels.copy())
",Failed: Logic Error (Assertion failed),True,0.0,0.0,0.0,,,,[],True,0.0,0.0,[],True,0.0,0.0,0.0,1.0,1.0,"[{'type': 'module_not_found', 'module': 'tensorflow', 'line': 2}]"
DS1000,DS0673,"
import tensorflow as tf
input = test_input
tf.compat.v1.disable_eager_execution()
ds = ds.flat_map(lambda x: tf.data.Dataset.from_tensor_slices(x))
","def g(input):
    ds = tf.data.Dataset.from_tensor_slices(input)
    ds = ds.flat_map(lambda x: tf.data.Dataset.from_tensor_slices([x, x + 1, x + 2]))
    element = tf.compat.v1.data.make_one_shot_iterator(ds).get_next()


    result = []
    with tf.compat.v1.Session() as sess:
        for _ in range(9):
            result.append(sess.run(element))
    return result

result = g(input)
",Failed: NameError: name 'ds' is not defined,True,0.0,0.0,0.0,,,,[],True,0.0,0.0,[],True,0.0,0.0,0.0,1.0,1.0,"[{'type': 'module_not_found', 'module': 'tensorflow', 'line': 2}]"
DS1000,DS0674,"
import tensorflow as tf
input = test_input
tf.compat.v1.disable_eager_execution()
def f(input):
result = ds.flat_map(lambda x: tf.data.Dataset.from_tensor_slices(x)).batch(1).to_list()
result = f(input)
","    ds = tf.data.Dataset.from_tensor_slices(input)
    ds = ds.flat_map(lambda x: tf.data.Dataset.from_tensor_slices([x, x + 1, x + 2]))
    element = tf.compat.v1.data.make_one_shot_iterator(ds).get_next()


    result = []
    with tf.compat.v1.Session() as sess:
        for _ in range(9):
            result.append(sess.run(element))

    return result
","Failed: IndentationError: expected an indented block after function definition on line 5 (<string>, line 6)",False,0.0,1.0,0.0,IndentationError,6.0,"expected an indented block after function definition on line 5 (<unknown>, line 6)",[],False,0.0,0.0,[],False,0.0,0.0,0.0,0.0,0.0,[]
DS1000,DS0675,"
import tensorflow as tf
lengths = test_input
result = tf.pad(tf.ones([len(lengths), 8]), [[0, 0], [1, 0]], mode='CONSTANT', constant_values=0)
","def g(lengths):
    lengths_transposed = tf.expand_dims(lengths, 1)
    range = tf.range(0, 8, 1)
    range_row = tf.expand_dims(range, 0)
    mask = tf.less(range_row, lengths_transposed)
    result = tf.where(mask, tf.ones([4, 8]), tf.zeros([4, 8]))
    return result

result = g(lengths.copy())
",Failed: Logic Error (Assertion failed),True,0.0,0.0,0.0,,,,[],True,0.0,0.0,[],True,0.0,0.0,0.0,1.0,1.0,"[{'type': 'module_not_found', 'module': 'tensorflow', 'line': 2}]"
DS1000,DS0676,"
import tensorflow as tf
lengths = test_input
result = tf.pad(tf.expand_dims(lengths, -1), [[0, 8 - lengths], [0, 0]], mode='CONSTANT', constant_values=1)
","def g(lengths):
    lengths_transposed = tf.expand_dims(lengths, 1)
    range = tf.range(0, 8, 1)
    range_row = tf.expand_dims(range, 0)
    mask = tf.less(range_row, lengths_transposed)
    result = tf.where(~mask, tf.ones([4, 8]), tf.zeros([4, 8]))
    return result

result = g(lengths.copy())
",Failed: TypeError: unsupported operand type(s) for -: 'int' and 'list',True,0.0,0.0,0.0,,,,[],True,0.0,0.0,[],True,0.0,0.0,0.0,1.0,1.0,"[{'type': 'module_not_found', 'module': 'tensorflow', 'line': 2}]"
DS1000,DS0677,"
import tensorflow as tf
lengths = test_input
result = tf.one_hot(lengths, depth=8, on_value=1, off_value=0)
","def g(lengths):
    lengths = [8-x for x in lengths]
    lengths_transposed = tf.expand_dims(lengths, 1)
    range = tf.range(0, 8, 1)
    range_row = tf.expand_dims(range, 0)
    mask = tf.less(range_row, lengths_transposed)
    result = tf.where(~mask, tf.ones([4, 8]), tf.zeros([4, 8]))
    return result

result = g(lengths.copy())
",Failed: Logic Error (Assertion failed),True,0.0,0.0,0.0,,,,[],True,0.0,0.0,[],True,0.0,0.0,0.0,1.0,1.0,"[{'type': 'module_not_found', 'module': 'tensorflow', 'line': 2}]"
DS1000,DS0678,"
import tensorflow as tf
lengths = test_input
def f(lengths):
result = tf.sequence_mask(lengths, maxlen=8)
result = f(lengths)
","    lengths_transposed = tf.expand_dims(lengths, 1)
    range = tf.range(0, 8, 1)
    range_row = tf.expand_dims(range, 0)
    mask = tf.less(range_row, lengths_transposed)
    result = tf.where(mask, tf.ones([4, 8]), tf.zeros([4, 8]))

    return result
","Failed: IndentationError: expected an indented block after function definition on line 4 (<string>, line 5)",False,0.0,1.0,0.0,IndentationError,5.0,"expected an indented block after function definition on line 4 (<unknown>, line 5)",[],False,0.0,0.0,[],False,0.0,0.0,0.0,0.0,0.0,[]
DS1000,DS0679,"
import tensorflow as tf
lengths = test_input
result = tf.pad(tf.ones([len(lengths), 1]), [[0, 8 - lengths], [0, 0]], mode='CONSTANT', constant_values=1)
","def g(lengths):
    lengths = [8-x for x in lengths]
    lengths_transposed = tf.expand_dims(lengths, 1)
    range = tf.range(0, 8, 1)
    range_row = tf.expand_dims(range, 0)
    mask = tf.less(range_row, lengths_transposed)
    result = tf.where(mask, tf.ones([4, 8]), tf.zeros([4, 8]))
    return result

result = g(lengths.copy())
",Failed: TypeError: unsupported operand type(s) for -: 'int' and 'list',True,0.0,0.0,0.0,,,,[],True,0.0,0.0,[],True,0.0,0.0,0.0,1.0,1.0,"[{'type': 'module_not_found', 'module': 'tensorflow', 'line': 2}]"
DS1000,DS0680,"
import tensorflow as tf
a,b = test_input
result = tf.einsum('i,j->ij', a, b)
if result.shape == [12,2]:
    result = tf.reshape(result, [3,4,2])
","def g(a,b):
    tile_a = tf.tile(tf.expand_dims(a, 1), [1, tf.shape(b)[0]])
    tile_a = tf.expand_dims(tile_a, 2)
    tile_b = tf.tile(tf.expand_dims(b, 0), [tf.shape(a)[0], 1])
    tile_b = tf.expand_dims(tile_b, 2)
    cart = tf.concat([tile_a, tile_b], axis=2)
    return cart

result = g(a.__copy__(),b.__copy__())
",Failed: TypeError: cannot pickle 'SymbolicTensor' object,True,0.0,0.0,0.0,,,,[],True,0.0,0.0,[],True,0.0,0.0,0.0,1.0,1.0,"[{'type': 'module_not_found', 'module': 'tensorflow', 'line': 2}]"
DS1000,DS0681,"
import tensorflow as tf
a,b = test_input
def f(a,b):
result = tf.stack([tf.expand_dims(a, -1), tf.expand_dims(b, 0)], axis=-1)
result = tf.reduce_prod(result, axis=-1)
result = f(a,b)
if result.shape == [12,2]:
    result = tf.reshape(result, [3,4,2])
","    tile_a = tf.tile(tf.expand_dims(a, 1), [1, tf.shape(b)[0]])
    tile_a = tf.expand_dims(tile_a, 2)
    tile_b = tf.tile(tf.expand_dims(b, 0), [tf.shape(a)[0], 1])
    tile_b = tf.expand_dims(tile_b, 2)
    cart = tf.concat([tile_a, tile_b], axis=2)
    result = cart

    return result
",Failed: TypeError: cannot pickle 'SymbolicTensor' object,False,0.0,1.0,0.0,IndentationError,5.0,"expected an indented block after function definition on line 4 (<unknown>, line 5)",[],False,0.0,0.0,[],False,0.0,0.0,0.0,0.0,0.0,[]
DS1000,DS0682,"
import tensorflow as tf
import numpy as np
a = test_input
result = tf.reshape(a, (50, 100, -1))
","def g(a):
    return tf.squeeze(a)

result = g(a.__copy__())
",Failed: TypeError: cannot pickle 'SymbolicTensor' object,True,0.0,0.0,0.0,,,,[],True,0.0,0.0,[],True,0.0,0.0,0.0,1.0,1.0,"[{'type': 'module_not_found', 'module': 'tensorflow', 'line': 2}]"
DS1000,DS0683,"
import tensorflow as tf
import numpy as np
a = test_input
result = tf.expand_dims(a, axis=2)
","def g(a):
    return tf.expand_dims(a, 2)

result = g(a.__copy__())
",Failed: TypeError: cannot pickle 'SymbolicTensor' object,True,0.0,0.0,0.0,,,,[],True,0.0,0.0,[],True,0.0,0.0,0.0,1.0,1.0,"[{'type': 'module_not_found', 'module': 'tensorflow', 'line': 2}]"
DS1000,DS0684,"
import tensorflow as tf
import numpy as np
a = test_input
result = tf.expand_dims(a, axis=0)
","def g(a):
    return tf.expand_dims(tf.expand_dims(a, 2), 0)

result = g(a.__copy__())
",Failed: TypeError: cannot pickle 'SymbolicTensor' object,True,0.0,0.0,0.0,,,,[],True,0.0,0.0,[],True,0.0,0.0,0.0,1.0,1.0,"[{'type': 'module_not_found', 'module': 'tensorflow', 'line': 2}]"
DS1000,DS0685,"
import tensorflow as tf
import numpy as np
A = test_input
result = tf.reduce_sum(A, axis=1)
","def g(A):
    return tf.reduce_sum(A, 1)

result = g(A.__copy__())
",Failed: TypeError: cannot pickle 'SymbolicTensor' object,True,0.0,0.0,0.0,,,,[],True,0.0,0.0,[],True,0.0,0.0,0.0,1.0,1.0,"[{'type': 'module_not_found', 'module': 'tensorflow', 'line': 2}]"
DS1000,DS0686,"
import tensorflow as tf
import numpy as np
A = test_input
result = tf.reduce_prod(A, axis=1)
","def g(A):
    return tf.reduce_prod(A, 1)

result = g(A.__copy__())
",Failed: TypeError: cannot pickle 'SymbolicTensor' object,True,0.0,0.0,0.0,,,,[],True,0.0,0.0,[],True,0.0,0.0,0.0,1.0,1.0,"[{'type': 'module_not_found', 'module': 'tensorflow', 'line': 2}]"
DS1000,DS0687,"
import numpy as np
import tensorflow as tf
A = test_input
result = tf.math.reciprocal(A)
","def g(A):
    return tf.math.reciprocal(A)

result = g(A.__copy__())
",Failed: TypeError: cannot pickle 'SymbolicTensor' object,True,0.0,0.0,0.0,,,,[],True,0.0,0.0,[],True,0.0,0.0,0.0,1.0,1.0,"[{'type': 'module_not_found', 'module': 'tensorflow', 'line': 3}]"
DS1000,DS0688,"
import tensorflow as tf
a,b = test_input
result = tf.reduce_sum(tf.square(tf.subtract(a, b)), axis=1)
","def g(a,b):
    return tf.reduce_sum(tf.square( tf.subtract( a, b)), 1)

result = g(a.__copy__(),b.__copy__())
",Failed: TypeError: cannot pickle 'SymbolicTensor' object,True,0.0,0.0,0.0,,,,[],True,0.0,0.0,[],True,0.0,0.0,0.0,1.0,1.0,"[{'type': 'module_not_found', 'module': 'tensorflow', 'line': 2}]"
DS1000,DS0689,"
import tensorflow as tf
a,b = test_input
result = tf.sqrt(tf.reduce_sum(tf.square(a - b), axis=0))
","def g(a,b):
    return tf.reduce_sum(tf.square( tf.subtract( a, b)), 0)

result = g(a.__copy__(),b.__copy__())
",Failed: TypeError: cannot pickle 'SymbolicTensor' object,True,0.0,0.0,0.0,,,,[],True,0.0,0.0,[],True,0.0,0.0,0.0,1.0,1.0,"[{'type': 'module_not_found', 'module': 'tensorflow', 'line': 2}]"
DS1000,DS0690,"
import tensorflow as tf
A,B = test_input
def f(A,B):
result = tf.sqrt(tf.reduce_sum(tf.square(tf.subtract(A, B)), axis=1))
result = f(A,B)
","    result = tf.reduce_sum(tf.square( tf.subtract( A, B)), 1)

    return result
",Failed: TypeError: cannot pickle 'SymbolicTensor' object,False,0.0,1.0,0.0,IndentationError,5.0,"expected an indented block after function definition on line 4 (<unknown>, line 5)",[],False,0.0,0.0,[],False,0.0,0.0,0.0,0.0,0.0,[]
DS1000,DS0691,"
import tensorflow as tf
x,y,z = test_input
result = x[:, y, z]
","def g(x,y,z):
    return tf.gather_nd(x, [y, z])

result = g(x.__copy__(),y.__copy__(),z.__copy__())
",Failed: TypeError: cannot pickle 'SymbolicTensor' object,True,0.0,0.0,0.0,,,,[],True,0.0,0.0,[],True,0.0,0.0,0.0,1.0,1.0,"[{'type': 'module_not_found', 'module': 'tensorflow', 'line': 2}]"
DS1000,DS0692,"
import tensorflow as tf
x,row,col = test_input
result = tf.gather_nd(x, tf.stack([row, col], axis=1))
","def g(x,row,col):
    index = [[row[i],col[i]] for i in range(len(row))]
    return tf.gather_nd(x, index)

result = g(x.__copy__(),row.__copy__(),col.__copy__())
",Failed: TypeError: cannot pickle 'SymbolicTensor' object,True,0.0,0.0,0.0,,,,[],True,0.0,0.0,[],True,0.0,0.0,0.0,1.0,1.0,"[{'type': 'module_not_found', 'module': 'tensorflow', 'line': 2}]"
DS1000,DS0693,"
import tensorflow as tf
x,y,z = test_input
def f(x,y,z):
result = tf.gather_nd(x, tf.stack([y, z], axis=1))
result = f(x,y,z)
","    result = tf.gather_nd(x, [y, z])

    return result
",Failed: TypeError: cannot pickle 'SymbolicTensor' object,False,0.0,1.0,0.0,IndentationError,5.0,"expected an indented block after function definition on line 4 (<unknown>, line 5)",[],False,0.0,0.0,[],False,0.0,0.0,0.0,0.0,0.0,[]
DS1000,DS0694,"
import tensorflow as tf
import numpy as np
A,B = test_input
result = tf.reduce_sum(tf.einsum('bns,bns->bn', A, B), axis=2)
","import numpy as np
def g(A,B):
    return tf.constant(np.einsum( 'ikm, jkm-> ijk', A, B))

result = g(A.__copy__(),B.__copy__())
",Failed: TypeError: cannot pickle 'SymbolicTensor' object,True,0.0,0.0,0.0,,,,[],True,0.0,0.0,[],True,0.0,0.0,0.0,1.0,1.0,"[{'type': 'module_not_found', 'module': 'tensorflow', 'line': 2}]"
DS1000,DS0695,"
import tensorflow as tf
import numpy as np
A,B = test_input
result = tf.reduce_sum(tf.einsum('bij,bkj->bik', A, B), axis=2)
","import numpy as np
def g(A,B):
    return tf.constant(np.einsum('ijm, ikm-> ijk', A, B))

result = g(A.__copy__(),B.__copy__())
",Failed: TypeError: cannot pickle 'SymbolicTensor' object,True,0.0,0.0,0.0,,,,[],True,0.0,0.0,[],True,0.0,0.0,0.0,1.0,1.0,"[{'type': 'module_not_found', 'module': 'tensorflow', 'line': 2}]"
DS1000,DS0696,"
import tensorflow as tf
x = test_input
result = tf.strings.unicode_decode(x, 'UTF-8')
","def g(x):
    return [tf.compat.as_str_any(a) for a in x]

result = g(x.copy())
",Failed: Logic Error (Assertion failed),True,0.0,0.0,0.0,,,,[],True,0.0,0.0,[],True,0.0,0.0,0.0,1.0,1.0,"[{'type': 'module_not_found', 'module': 'tensorflow', 'line': 2}]"
DS1000,DS0697,"
import tensorflow as tf
x = test_input
def f(x):
import tensorflow as tf

x = test_input
result = tf.strings.unicode_decode(x, 'UTF-8')
result = f(x)
","    result = [tf.compat.as_str_any(a) for a in x]

    return result
","Failed: IndentationError: expected an indented block after function definition on line 4 (<string>, line 5)",False,0.0,1.0,0.0,IndentationError,5.0,"expected an indented block after function definition on line 4 (<unknown>, line 5)",[],False,0.0,0.0,[],False,0.0,0.0,0.0,0.0,0.0,[]
DS1000,DS0698,"
import tensorflow as tf
x = test_input
result = tf.reduce_sum(x, axis=-1) / (tf.reduce_sum(tf.cast(x != 0, tf.float32), axis=-1) + 1e-6)
","def g(x):
    non_zero = tf.cast(x != 0, tf.float32)
    y = tf.reduce_sum(x, axis=-2) / tf.reduce_sum(non_zero, axis=-2)
    return y

result = g(x.__copy__())
",Failed: TypeError: cannot pickle 'SymbolicTensor' object,True,0.0,0.0,0.0,,,,[],True,0.0,0.0,[],True,0.0,0.0,0.0,1.0,1.0,"[{'type': 'module_not_found', 'module': 'tensorflow', 'line': 2}]"
DS1000,DS0699,"
import tensorflow as tf
x = test_input
result = tf.math.reduce_variance(x, axis=-1, keepdims=True)
","def g(x):
    non_zero = tf.cast(x != 0, tf.float32)
    y = tf.reduce_sum(x, axis=-2) / tf.reduce_sum(non_zero, axis=-2)
    y = y * y
    z = tf.reduce_sum(x*x, axis=-2) / tf.reduce_sum(non_zero, axis=-2)
    return z-y

result = g(x.__copy__())
",Failed: TypeError: cannot pickle 'SymbolicTensor' object,True,0.0,0.0,0.0,,,,[],True,0.0,0.0,[],True,0.0,0.0,0.0,1.0,1.0,"[{'type': 'module_not_found', 'module': 'tensorflow', 'line': 2}]"
DS1000,DS0700,"
import tensorflow as tf
x = test_input
def f(x):
result = tf.reduce_sum(x, axis=-1) / (tf.reduce_sum(tf.cast(x != 0, tf.float32), axis=-1) + 1e-6)
result = f(x)
","    non_zero = tf.cast(x != 0, tf.float32)
    y = tf.reduce_sum(x, axis=-2) / tf.reduce_sum(non_zero, axis=-2)
    result = y

    return result
",Failed: TypeError: cannot pickle 'SymbolicTensor' object,False,0.0,1.0,0.0,IndentationError,5.0,"expected an indented block after function definition on line 4 (<unknown>, line 5)",[],False,0.0,0.0,[],False,0.0,0.0,0.0,0.0,0.0,[]
DS1000,DS0701,"
import tensorflow as tf
FLAG = test_input
result = tf.reduce_sum(tf.matmul(A, B)).numpy().numpy()
","tf.random.set_seed(10)
def get_values():
  A = tf.random.normal([100,100])
  B = tf.random.normal([100,100])
  return A,B

@tf.function
def compute():
  A,B = get_values()
  return tf.reduce_sum(tf.matmul(A,B))

result = compute()",Failed: NameError: name 'A' is not defined,True,0.0,0.0,0.0,,,,[],True,0.0,0.0,[],True,0.0,0.0,0.0,1.0,1.0,"[{'type': 'module_not_found', 'module': 'tensorflow', 'line': 2}]"
DS1000,DS0702,"
import tensorflow as tf
a = test_input
result = tf.argmax(a, axis=1)
","def g(a):
    return tf.argmax(a,axis=1)

result = g(a.__copy__())
",Failed: TypeError: cannot pickle 'SymbolicTensor' object,True,0.0,0.0,0.0,,,,[],True,0.0,0.0,[],True,0.0,0.0,0.0,1.0,1.0,"[{'type': 'module_not_found', 'module': 'tensorflow', 'line': 2}]"
DS1000,DS0703,"
import tensorflow as tf
a = test_input
result = tf.argmax(a, axis=1)
","def g(a):
    return tf.argmax(a,axis=0)

result = g(a.__copy__())
",Failed: TypeError: cannot pickle 'SymbolicTensor' object,True,0.0,0.0,0.0,,,,[],True,0.0,0.0,[],True,0.0,0.0,0.0,1.0,1.0,"[{'type': 'module_not_found', 'module': 'tensorflow', 'line': 2}]"
DS1000,DS0704,"
import tensorflow as tf
a = test_input
def f(a):
result = tf.argmax(a, axis=1)
result = f(a)
","    result = tf.argmax(a,axis=1)

    return result
",Failed: TypeError: cannot pickle 'SymbolicTensor' object,False,0.0,1.0,0.0,IndentationError,5.0,"expected an indented block after function definition on line 4 (<unknown>, line 5)",[],False,0.0,0.0,[],False,0.0,0.0,0.0,0.0,0.0,[]
DS1000,DS0705,"
import tensorflow as tf
a = test_input
result = tf.argmin(a, axis=1)
","def g(a):
    return tf.argmin(a,axis=0)

result = g(a.__copy__())
",Failed: TypeError: cannot pickle 'SymbolicTensor' object,True,0.0,0.0,0.0,,,,[],True,0.0,0.0,[],True,0.0,0.0,0.0,1.0,1.0,"[{'type': 'module_not_found', 'module': 'tensorflow', 'line': 2}]"
DS1000,DS0706,"
import shutil
import os
if os.path.exists('my_model'):
    shutil.rmtree('my_model')
import tensorflow as tf
from tensorflow.keras.models import Sequential
from tensorflow.keras.layers import Dense
FLAG = test_input
network_layout = []
for i in range(3):
    network_layout.append(8)
model = Sequential()
inputdim = 4
activation = 'relu'
outputdim = 2
opt='rmsprop'
epochs = 50
model.add(Dense(network_layout[0],
                name=""Input"",
                input_dim=inputdim,
                kernel_initializer='he_normal',
                activation=activation))
for numneurons in network_layout[1:]:
    model.add(Dense(numneurons,
                    kernel_initializer = 'he_normal',
                    activation=activation))
model.add(Dense(outputdim,
                name=""Output"",
                kernel_initializer=""he_normal"",
                activation=""relu""))
model.compile(optimizer=opt,loss='mse',metrics=['mse','mae','mape'])
result = 0
try:
    assert os.path.exists(""export"")
    p = os.path.join(""export"", ""1"")
    assert os.path.exists(p)
    assert os.path.exists(os.path.join(p, ""assets""))
    assert os.path.exists(os.path.join(p, ""saved_model.pb""))
    p = os.path.join(p, ""variables"")
    assert os.path.exists(p)
    assert os.path.exists(os.path.join(p, ""variables.data-00000-of-00001""))
    assert os.path.exists(os.path.join(p, ""variables.index""))
    result = 1
except:
    result = 0
","tms_model = tf.saved_model.save(model,""export/1"")",Failed: Logic Error (Assertion failed),True,0.0,0.0,0.0,,,,[],True,0.0,0.0,[],True,0.0,0.0,0.0,3.0,3.0,"[{'type': 'module_not_found', 'module': 'tensorflow', 'line': 6}, {'type': 'module_not_found', 'module': 'tensorflow.keras.models', 'line': 7}, {'type': 'module_not_found', 'module': 'tensorflow.keras.layers', 'line': 8}]"
DS1000,DS0707,"
import tensorflow as tf
seed_x = test_input
import tensorflow as tf

seed_x = test_input
tf.random.set_seed(10)
result = tf.random.uniform(shape=(10,), minval=1, maxval=5, dtype=tf.int32)
","def g(seed_x):
    tf.random.set_seed(seed_x)
    return tf.random.uniform(shape=(10,), minval=1, maxval=5, dtype=tf.int32)

result = g(seed_x)
",Failed: Logic Error (Assertion failed),True,0.0,0.0,0.0,,,,[],True,0.0,0.0,[],True,0.0,0.0,0.0,2.0,2.0,"[{'type': 'module_not_found', 'module': 'tensorflow', 'line': 2}, {'type': 'module_not_found', 'module': 'tensorflow', 'line': 4}]"
DS1000,DS0708,"
import tensorflow as tf
seed_x = test_input
import tensorflow as tf

seed_x = test_input
result = tf.random.uniform(shape=[114], minval=2, maxval=6, dtype=tf.int32)
tf.random.set_seed(seed_x)
","def g(seed_x):
    tf.random.set_seed(seed_x)
    return tf.random.uniform(shape=(114,), minval=2, maxval=6, dtype=tf.int32)

result = g(seed_x)
",Failed: Logic Error (Assertion failed),True,0.0,0.0,0.0,,,,[],True,0.0,0.0,[],True,0.0,0.0,0.0,2.0,2.0,"[{'type': 'module_not_found', 'module': 'tensorflow', 'line': 2}, {'type': 'module_not_found', 'module': 'tensorflow', 'line': 4}]"
DS1000,DS0709,"
import tensorflow as tf
seed_x = test_input
def f(seed_x):
import tensorflow as tf

seed_x = test_input
tf.random.set_seed(10)
result = tf.random.uniform(shape=(10,), minval=1, maxval=5, dtype=tf.int32)
result = f(seed_x)
","    tf.random.set_seed(seed_x)
    result = tf.random.uniform(shape=(10,), minval=1, maxval=5, dtype=tf.int32)

    return result
","Failed: IndentationError: expected an indented block after function definition on line 4 (<string>, line 5)",False,0.0,1.0,0.0,IndentationError,5.0,"expected an indented block after function definition on line 4 (<unknown>, line 5)",[],False,0.0,0.0,[],False,0.0,0.0,0.0,0.0,0.0,[]
DS1000,DS0710,"
import tensorflow as tf
FLAG = test_input
result = tf.__version__
",result = tf.version.VERSION,Passed,True,0.0,0.0,0.0,,,,[],True,0.0,0.0,[],True,0.0,0.0,0.0,1.0,1.0,"[{'type': 'module_not_found', 'module': 'tensorflow', 'line': 2}]"
DS1000,DS0711,"
import numpy as np
import scipy
x, y = test_input
result = np.polyfit(np.log(x), y, 1)
","result = np.polyfit(np.log(x), y, 1)
",Passed,True,0.0,0.0,0.0,,,,[],True,0.0,0.0,[],True,0.0,0.0,0.0,0.0,0.0,[]
DS1000,DS0712,"
import numpy as np
import scipy
x, y = test_input
result = np.polyfit(x, y, 1)
","result = np.polyfit(np.log(x), y, 1)[::-1]
",Failed: Logic Error (Assertion failed),True,0.0,0.0,0.0,,,,[],True,0.0,0.0,[],True,0.0,0.0,0.0,0.0,0.0,[]
DS1000,DS0713,"
import numpy as np
import scipy.optimize
x, y, p0 = test_input
from scipy.optimize import curve_fit

def exp_func(x, A, B, C):
    return A * np.exp(B * x) + C

result = curve_fit(exp_func, x, y, p0=p0)
","result = scipy.optimize.curve_fit(lambda t,a,b, c: a*np.exp(b*t) + c,  x,  y,  p0=p0)[0]
","Failed: ValueError: setting an array element with a sequence. The requested array has an inhomogeneous shape after 2 dimensions. The detected shape was (2, 3) + inhomogeneous part.",True,0.0,0.0,0.0,,,,[],True,0.0,0.0,[],True,0.0,0.0,0.0,0.0,0.0,[]
DS1000,DS0714,"
from scipy import stats
import numpy as np
np.random.seed(42)
x, y = test_input
from scipy.stats import ks_2samp
result = ks_2samp(x, z)
result = [statistic, p_value]
","statistic, p_value = stats.ks_2samp(x, y)
",Failed: NameError: name 'z' is not defined,True,0.0,0.0,0.0,,,,[],True,0.0,0.0,[],True,0.0,0.0,0.0,0.0,0.0,[]
DS1000,DS0715,"
from scipy import stats
import numpy as np
x, y, alpha = test_input
from scipy.stats import kstest
import numpy as np

x, y, alpha = test_input
result = kstest(x, y)[1] < alpha
","s, p = stats.ks_2samp(x, y)
result = (p <= alpha)


",Passed,True,0.0,0.0,0.0,,,,[],True,0.0,0.0,[],True,0.0,0.0,0.0,0.0,0.0,[]
DS1000,DS0716,"
import scipy.optimize as optimize
from math import sqrt, sin, pi, cos
initial_guess = test_input
result = minimize(lambda x: f(x[0], x[1], x[2]), initial_guess, method='BFGS')
","def g(params):
    import numpy as np
    a, b, c = params
    return ((a+b-c)-2)**2 + ((3*a-b-c))**2 + np.sin(b) + np.cos(b) + 4

res = optimize.minimize(g, initial_guess)
result = res.x",Failed: NameError: name 'minimize' is not defined,True,0.0,0.0,0.0,,,,[],True,0.0,0.0,[],True,0.0,0.0,0.0,0.0,0.0,[]
DS1000,DS0717,"
import numpy as np
import scipy.stats
z_scores = test_input
result = scipy.stats.norm.cdf(z_scores)
result = p_values
","temp = np.array(z_scores)
p_values = scipy.stats.norm.cdf(temp)
",Failed: NameError: name 'p_values' is not defined,True,0.0,0.0,0.0,,,,[],True,0.0,0.0,[],True,0.0,0.0,0.0,0.0,0.0,[]
DS1000,DS0718,"
import numpy as np
import scipy.stats
z_scores, mu, sigma = test_input
result = scipy.stats.norm.cdf(z_scores)
result = p_values
","temp = np.array(z_scores)
p_values = scipy.stats.norm.cdf(temp)
",Failed: NameError: name 'p_values' is not defined,True,0.0,0.0,0.0,,,,[],True,0.0,0.0,[],True,0.0,0.0,0.0,0.0,0.0,[]
DS1000,DS0719,"
import numpy as np
import scipy.stats
p_values = test_input
result = -scipy.stats.norm.ppf(p_values)
result = z_scores
","z_scores = scipy.stats.norm.ppf(p_values)
",Failed: NameError: name 'z_scores' is not defined,True,0.0,0.0,0.0,,,,[],True,0.0,0.0,[],True,0.0,0.0,0.0,0.0,0.0,[]
DS1000,DS0720,"
import numpy as np
from scipy import stats
x, mu, stddev = test_input
result = lognorm.cdf(x, s=stddev, loc=0, scale=np.exp(mu))
","result = stats.lognorm(s=stddev, scale=np.exp(mu)).cdf(x)

",Failed: NameError: name 'lognorm' is not defined,True,0.0,0.0,0.0,,,,[],True,0.0,0.0,[],True,0.0,0.0,0.0,0.0,0.0,[]
DS1000,DS0721,"
import numpy as np
from scipy import stats
mu, stddev = test_input
import numpy as np
from scipy import stats

mu, stddev = test_input
result = [stats.lognorm.mean(loc=0, s=stddev, scale=np.exp(mu)), stats.lognorm.median(loc=0, s=stddev, scale=np.exp(mu))]
result = [expected_value, median]
","expected_value = np.exp(mu + stddev ** 2 / 2)
median = np.exp(mu)

",Failed: NameError: name 'expected_value' is not defined,True,0.0,0.0,0.0,,,,[],True,0.0,0.0,[],True,0.0,0.0,0.0,0.0,0.0,[]
DS1000,DS0722,"
from scipy import sparse
import numpy as np
sa, sb = test_input
result = sa.multiply(sb)
","result = sa.multiply(sb)

",Passed,True,0.0,0.0,0.0,,,,[],True,0.0,0.0,[],True,0.0,0.0,0.0,0.0,0.0,[]
DS1000,DS0723,"
from scipy import sparse
import numpy as np
sA, sB = test_input
def f(sA, sB):
result = sA.multiply(c)
result = f(sA, sB)
","    result = sA.multiply(sB)

    return result
","Failed: IndentationError: expected an indented block after function definition on line 5 (<string>, line 6)",False,0.0,1.0,0.0,IndentationError,6.0,"expected an indented block after function definition on line 5 (<unknown>, line 6)",[],False,0.0,0.0,[],False,0.0,0.0,0.0,0.0,0.0,[]
DS1000,DS0724,"
import numpy as np
import scipy.interpolate
points, V, request = test_input
import numpy as np
import scipy.interpolate

# Assuming 'test_input' is defined and contains the data
points, V, request = test_input

# Extract x, y, z coordinates from the data
x, y, z, _ = points

# Create a grid from the points
grid_x, grid_y, grid_z = np.meshgrid(x, y, z, indexing='ij')

# Flatten the grid coordinates and values
grid_coords = np.column_stack((grid_x.ravel(), grid_y.ravel(), grid_z.ravel()))
grid_values = V.ravel()

# Create a linear interpolator
interpolator = scipy.interpolate.LinearNDInterpolator(grid_coords, grid_values)

# Interpolate the value at the specified point
result = interpolator([25, 20, -30])
","result = scipy.interpolate.griddata(points, V, request)",Failed: ValueError: too many values to unpack (expected 4),True,0.0,0.0,0.0,,,,[],True,0.0,0.0,[],True,0.0,0.0,0.0,0.0,0.0,[]
DS1000,DS0725,"
import numpy as np
import scipy.interpolate
points, V, request = test_input
import numpy as np
import scipy.interpolate

# Extracting data into separate arrays
x, y, z, V = zip(*data)

# Creating a regular grid from the irregular points
xi, yi, zi = np.mgrid[min(x):max(x):10j, min(y):max(y):10j, min(z):max(z):10j]
V_interp = scipy.interpolate.griddata((x, y, z), V, (xi, yi, zi), method='linear')

# Interpolating the values at the specified points
result = [scipy.interpolate.griddata((x, y, z), V, (25, 20, -30), method='linear'),
           scipy.interpolate.griddata((x, y, z), V, (27, 20, -32), method='linear')]
","result = scipy.interpolate.griddata(points, V, request).tolist()",Failed: NameError: name 'data' is not defined,True,0.0,0.0,0.0,,,,[],True,0.0,0.0,[],True,0.0,0.0,0.0,0.0,0.0,[]
DS1000,DS0726,"
from scipy import misc
from scipy.ndimage import rotate
import numpy as np
data_orig, x0, y0, angle = test_input
from scipy import ndimage

# Calculate the center of the image
center_x, center_y = data_orig.shape[1] // 2, data_orig.shape[0] // 2

# Translate the image so that the center is at (0,0)
translated_data = ndimage.shift(data_orig, (-center_x, -center_y))

# Rotate the translated image
data_rot = ndimage.rotate(translated_data, angle)

# Calculate the new coordinates after rotation
xrot, yrot = ndimage.shift((x0 - center_x, y0 - center_y), (angle / 180 * np.pi, 0)).astype(int)

result = [data_rot, (xrot, yrot)]
result = [data_rot, (xrot, yrot)]
","def rot_ans(image, xy, angle):
    im_rot = rotate(image,angle) 
    org_center = (np.array(image.shape[:2][::-1])-1)/2.
    rot_center = (np.array(im_rot.shape[:2][::-1])-1)/2.
    org = xy-org_center
    a = np.deg2rad(angle)
    new = np.array([org[0]*np.cos(a) + org[1]*np.sin(a),
            -org[0]*np.sin(a) + org[1]*np.cos(a) ])
    return im_rot, new+rot_center
data_rot, (xrot, yrot) =rot_ans(data_orig, np.array([x0, y0]), angle)
",Failed: AttributeError: module 'scipy.misc' has no attribute 'face',True,0.0,0.0,0.0,,,,[],True,0.0,0.0,[],True,1.0,0.0,0.0,0.0,1.0,"[{'type': 'name_error', 'name': 'misc', 'line': 2}]"
DS1000,DS0727,"
import numpy as np
from scipy.sparse import csr_matrix
arr = test_input
M = csr_matrix(arr)
result = M.diagonal()
",result = M.A.diagonal(0),Failed: AttributeError: 'csr_matrix' object has no attribute 'A',True,0.0,0.0,0.0,,,,[],True,0.0,0.0,[],True,0.0,0.0,0.0,0.0,0.0,[]
DS1000,DS0728,"
from scipy import stats
import random
import numpy as np
def poisson_simul(rate, T):
    time = random.expovariate(rate)
    times = [0]
    while (times[-1] < T):
        times.append(time+times[-1])
        time = random.expovariate(rate)
    return times[1:]
rate, T, times = test_input
result = kstest(times, ""uniform"")
","result = stats.kstest(times, stats.uniform(loc=0, scale=T).cdf)

",Failed: NameError: name 'kstest' is not defined,True,0.0,0.0,0.0,,,,[],True,0.0,0.0,[],True,0.0,0.0,0.0,0.0,0.0,[]
DS1000,DS0729,"
from scipy import stats
import random
import numpy as np
def poisson_simul(rate, T):
    time = random.expovariate(rate)
    times = [0]
    while (times[-1] < T):
        times.append(time+times[-1])
        time = random.expovariate(rate)
    return times[1:]
rate, T, times = test_input
def f(times, rate, T):
result = kstest(times, ""uniform"")
result = f(times, rate, T)
","    result = stats.kstest(times, stats.uniform(loc=0, scale=T).cdf)
    

    return result
","Failed: IndentationError: expected an indented block after function definition on line 13 (<string>, line 14)",False,0.0,1.0,0.0,IndentationError,14.0,"expected an indented block after function definition on line 13 (<unknown>, line 14)",[],False,0.0,0.0,[],False,0.0,0.0,0.0,0.0,0.0,[]
DS1000,DS0730,"
from scipy import stats
import random
import numpy as np
def poisson_simul(rate, T):
    time = random.expovariate(rate)
    times = [0]
    while (times[-1] < T):
        times.append(time+times[-1])
        time = random.expovariate(rate)
    return times[1:]
rate, T, times = test_input
result = kstest(times, ""uniform"")[1] <= 0.05
","res= stats.kstest(times, stats.uniform(loc=0, scale=T).cdf)

if res[1] < 0.05:
    result = False
else:
    result = True


",Failed: NameError: name 'kstest' is not defined,True,0.0,0.0,0.0,,,,[],True,0.0,0.0,[],True,0.0,0.0,0.0,0.0,0.0,[]
DS1000,DS0731,"
from scipy import sparse
c1, c2 = test_input
from scipy.sparse import vstack

Feature = vstack([c1, c2])
result = Feature
","Feature = sparse.hstack((c1, c2)).tocsr()

",Failed: ValueError: scipy sparse array classes do not support instantiation from a scalar,True,0.0,0.0,0.0,,,,[],True,0.0,0.0,[],True,0.0,0.0,0.0,0.0,0.0,[]
DS1000,DS0732,"
from scipy import sparse
c1, c2 = test_input
from scipy.sparse import hstack
result = hstack([c1, c2])
result = Feature
","Feature = sparse.hstack((c1, c2)).tocsr()

",Failed: NameError: name 'Feature' is not defined,True,0.0,0.0,0.0,,,,[],True,0.0,0.0,[],True,0.0,0.0,0.0,0.0,0.0,[]
DS1000,DS0733,"
from scipy import sparse
c1, c2 = test_input
from scipy import sparse

c1, c2 = test_input
result = sparse.vstack([c1, c2])
result = Feature
","Feature = sparse.vstack((c1, c2))

",Failed: NameError: name 'Feature' is not defined,True,0.0,0.0,0.0,,,,[],True,0.0,0.0,[],True,0.0,0.0,0.0,0.0,0.0,[]
DS1000,DS0734,"
import numpy as np
import scipy.spatial
import scipy.optimize
np.random.seed(100)
points1, N, points2 = test_input
result = scipy.optimize.linear_sum_assignment(scipy.spatial.distance.cdist(points1, points2))
","C = scipy.spatial.distance.cdist(points1, points2)
_, result = scipy.optimize.linear_sum_assignment(C)


",Failed: Logic Error (Assertion failed),True,0.0,0.0,0.0,,,,[],True,0.0,0.0,[],True,0.0,1.0,0.0,0.0,1.0,"[{'type': 'attribute_error', 'object': 'scipy', 'attribute': 'spatial', 'line': 7}]"
DS1000,DS0735,"
import numpy as np
import scipy.spatial
import scipy.optimize
points1, N, points2 = test_input
result = scipy.optimize.linear_sum_assignment(scipy.spatial.distance.cdist(points1, points2, 'cityblock'))
","C = scipy.spatial.distance.cdist(points1, points2, metric='minkowski', p=1)
_, result = scipy.optimize.linear_sum_assignment(C)

",Failed: Logic Error (Assertion failed),True,0.0,0.0,0.0,,,,[],True,0.0,0.0,[],True,0.0,1.0,0.0,0.0,1.0,"[{'type': 'attribute_error', 'object': 'scipy', 'attribute': 'spatial', 'line': 6}]"
DS1000,DS0736,"
from scipy import sparse
import numpy as np
a, b = test_input
result = b.tocsr().setdiag(0).tocsr()
result = b
","b = sparse.csr_matrix(a)
b.setdiag(0)
b.eliminate_zeros()

",Failed: AttributeError: 'NoneType' object has no attribute 'tocsr',True,0.0,0.0,0.0,,,,[],True,0.0,0.0,[],True,0.0,0.0,0.0,0.0,0.0,[]
DS1000,DS0737,"
import numpy as np
from scipy import ndimage
img = test_input
threshold = 0.75
result = np.sum(img > threshold)
","blobs = img > threshold
labels, result = ndimage.label(blobs)
",Failed: Logic Error (Assertion failed),True,0.0,0.0,0.0,,,,[],True,0.0,0.0,[],True,0.0,0.0,0.0,0.0,0.0,[]
DS1000,DS0738,"
import numpy as np
from scipy import ndimage
img = test_input
threshold = 0.75
result = np.sum(img < threshold)
","blobs = img < threshold
labels, result = ndimage.label(blobs)
",Failed: Logic Error (Assertion failed),True,0.0,0.0,0.0,,,,[],True,0.0,0.0,[],True,0.0,0.0,0.0,0.0,0.0,[]
DS1000,DS0739,"
import numpy as np
from scipy import ndimage
def f(img):
    threshold = 0.75
result = np.sum(img > threshold)
img = test_input
result = f(img)
","    blobs = img > threshold
    labels, result = ndimage.label(blobs)

    return result
",Failed: NameError: name 'img' is not defined,True,0.0,0.0,0.0,,,,[],True,0.0,1.0,"[{'type': 'missing_return', 'function': 'f', 'start_line': 4, 'end_line': 5}]",True,0.0,0.0,0.0,0.0,0.0,[]
DS1000,DS0740,"
import numpy as np
from scipy import ndimage
img = test_input
threshold = 0.75
import numpy as np

# Assuming 'test_input' is already defined and contains the 2D numpy array
result = []
for i in range(img.shape[0]):
    for j in range(img.shape[1]):
        if img[i, j] > threshold:
            # Calculate the center of mass of the region
            x_center = j + 0.5
            y_center = i + 0.5
            # Calculate the distance from the top-left corner (0,0)
            distance = np.sqrt(x_center**2 + y_center**2)
            result.append(distance)

# Convert the result to a NumPy array for consistency
result = np.array(result)
","blobs = img > threshold
labels, nlabels = ndimage.label(blobs)
r, c = np.vstack(ndimage.center_of_mass(img, labels, np.arange(nlabels) + 1)).T
# find their distances from the top-left corner
d = np.sqrt(r * r + c * c)
result = sorted(d)
",Failed: Logic Error (Assertion failed),True,0.0,0.0,0.0,,,,[],True,0.0,0.0,[],True,0.0,0.0,0.0,0.0,0.0,[]
DS1000,DS0741,"
import numpy as np
from scipy.sparse import lil_matrix
from scipy import sparse
M = test_input
result = M + M.T - sparse.diags(M.diagonal())
result = M
","rows, cols = M.nonzero()
M[cols, rows] = M[rows, cols]
",Failed: Logic Error (Assertion failed),True,0.0,0.0,0.0,,,,[],True,0.0,0.0,[],True,0.0,0.0,0.0,0.0,0.0,[]
DS1000,DS0742,"
import numpy as np
from scipy.sparse import lil_matrix
def f(sA):
result = sA + sA.T
sA = test_input
result = f(sA)
","    rows, cols = sA.nonzero()
    sA[cols, rows] = sA[rows, cols]

    return sA
","Failed: IndentationError: expected an indented block after function definition on line 4 (<string>, line 5)",False,0.0,1.0,0.0,IndentationError,5.0,"expected an indented block after function definition on line 4 (<unknown>, line 5)",[],False,0.0,0.0,[],False,0.0,0.0,0.0,0.0,0.0,[]
DS1000,DS0743,"
import numpy as np
import scipy.ndimage
square = test_input
import numpy as np
import scipy.ndimage

# Assuming test_input is your binary numpy array
square = test_input

# Use scipy.ndimage.label to label connected components
labeled_array, num_features = scipy.ndimage.label(square)

# Create an array of the same shape as square, filled with zeros
result = np.zeros_like(square)

# Iterate over each labeled component
for i in range(1, num_features + 1):
    # Find the coordinates of the current component
    component_coords = np.argwhere(labeled_array == i)
    
    # Check if the component is completely surrounded by zeros
    if np.all(scipy.ndimage.binary_erosion(component_coords, structure=np.ones((3, 3))) == 0):
        # If it is, set the component to zero in the result
        result[labeled_array == i] = 0
result = square
","def filter_isolated_cells(array, struct):
    filtered_array = np.copy(array)
    id_regions, num_ids = scipy.ndimage.label(filtered_array, structure=struct)
    id_sizes = np.array(scipy.ndimage.sum(array, id_regions, range(num_ids + 1)))
    area_mask = (id_sizes == 1)
    filtered_array[area_mask[id_regions]] = 0
    return filtered_array
square = filter_isolated_cells(square, struct=np.ones((3,3)))",Failed: Logic Error (Assertion failed),True,0.0,0.0,0.0,,,,[],True,0.0,0.0,[],True,0.0,2.0,0.0,0.0,2.0,"[{'type': 'attribute_error', 'object': 'scipy', 'attribute': 'ndimage', 'line': 12}, {'type': 'attribute_error', 'object': 'scipy', 'attribute': 'ndimage', 'line': 23}]"
DS1000,DS0744,"
import numpy as np
import scipy.ndimage
square = test_input
import numpy as np
import scipy.ndimage

# Assuming test_input is your input array
square = test_input

# Use scipy.ndimage.label to label connected components
labeled_array, num_features = scipy.ndimage.label(square)

# Create an array of the same shape as labeled_array filled with zeros
background = np.zeros_like(labeled_array)

# Use scipy.ndimage.find_objects to find the bounding boxes of each labeled component
for i in range(1, num_features + 1):
    # Find the bounding box of the current component
    bbox = scipy.ndimage.find_objects(labeled_array == i)[0]
    
    # Extract the bounding box from the original array
    component = square[bbox]
    
    # Check if the component is completely surrounded by zeros
    if np.all(component == 0):
        # Set the entire component to zero in the background array
        background[bbox] = 0

# Assign the background array to result
result = background
result = square
","def filter_isolated_cells(array, struct):
    filtered_array = np.copy(array)
    id_regions, num_ids = scipy.ndimage.label(filtered_array, structure=struct)
    id_sizes = np.array(scipy.ndimage.sum(array, id_regions, range(num_ids + 1)))
    area_mask = (id_sizes == 1)
    filtered_array[area_mask[id_regions]] = 0
    return filtered_array
arr = np.sign(square)
filtered_array = filter_isolated_cells(arr, struct=np.ones((3,3)))
square = np.where(filtered_array==1, square, 0)",Failed: Logic Error (Assertion failed),True,0.0,0.0,0.0,,,,[],True,0.0,0.0,[],True,0.0,2.0,0.0,0.0,2.0,"[{'type': 'attribute_error', 'object': 'scipy', 'attribute': 'ndimage', 'line': 12}, {'type': 'attribute_error', 'object': 'scipy', 'attribute': 'ndimage', 'line': 20}]"
DS1000,DS0745,"
import numpy as np
from scipy.sparse import csr_matrix
col = test_input
import numpy as np
from scipy.sparse import csr_matrix

col = test_input
mean, std_deviation = col.mean(), col.std()
result = [mean, std_deviation]
result = [mean, standard_deviation]
","mean = col.mean()
N = col.shape[0]
sqr = col.copy()  # take a copy of the col
sqr.data **= 2  # square the data, i.e. just the non-zero data
standard_deviation = np.sqrt(sqr.sum() / N - col.mean() ** 2)
",Failed: AttributeError: 'csr_matrix' object has no attribute 'std',True,0.0,0.0,0.0,,,,[],True,0.0,0.0,[],True,0.0,0.0,0.0,0.0,0.0,[]
DS1000,DS0746,"
import numpy as np
from scipy.sparse import csr_matrix
col = test_input
import numpy as np
from scipy.sparse import csr_matrix

col = test_input
max_val = col.max()
min_val = col.min()
result = [max_val, min_val]
result = [Max, Min]
","Max, Min = col.max(), col.min()",Failed: NameError: name 'Max' is not defined,True,0.0,0.0,0.0,,,,[],True,0.0,0.0,[],True,0.0,0.0,0.0,0.0,0.0,[]
DS1000,DS0747,"
import numpy as np
from scipy.sparse import csr_matrix
col = test_input
import numpy as np
from scipy.sparse import csr_matrix

col = test_input
median = np.median(col.toarray())
mode = np.argmax(np.bincount(col.toarray()))
result = [median, mode]
result = [Median, Mode]
","n = col.shape[0]
val = col.data
for i in range(n-len(val)):
    val = np.append(val,0)
Median, Mode = np.median(val), np.argmax(np.bincount(val))
",Failed: ValueError: object too deep for desired array,True,0.0,0.0,0.0,,,,[],True,0.0,0.0,[],True,0.0,0.0,0.0,0.0,0.0,[]
DS1000,DS0748,"
from scipy.optimize import curve_fit
import numpy as np
z, Ua, tau, degree = test_input
from scipy.optimize import curve_fit
import numpy as np

z, Ua, tau, degree = test_input
# Define the fourier series function for arbitrary order
def fourier_series(x, *coefficients):
    return sum(coefficients[i] * np.cos((i + 1) * np.pi / tau * x) for i in range(len(coefficients)))

# Initial guess for coefficients
initial_guess = [0] * len(z)

# Fit the data
popt, pcov = curve_fit(fourier_series, z, Ua, p0=initial_guess)

# Store the result
result = [popt, pcov]
result = [popt, pcov]
","def fourier(x, *a):
    ret = a[0] * np.cos(np.pi / tau * x)
    for deg in range(1, len(a)):
        ret += a[deg] * np.cos((deg+1) * np.pi / tau * x)
    return ret

popt, pcov = curve_fit(fourier, z, Ua, [1.0] * degree)",Failed: Logic Error (Assertion failed),True,0.0,0.0,0.0,,,,[],True,0.0,0.0,[],True,0.0,0.0,0.0,0.0,0.0,[]
DS1000,DS0749,"
import numpy as np
import scipy.spatial.distance
example_array = test_input
result = scipy.spatial.distance.cdist(example_array.reshape(-1, 1), example_array.reshape(-1, 1), 'euclidean').reshape(example_array.shape[0], example_array.shape[0])
","import itertools
n = example_array.max()+1
indexes = []
for k in range(1, n):
    tmp = np.nonzero(example_array == k)
    tmp = np.asarray(tmp).T
    indexes.append(tmp)
result = np.zeros((n-1, n-1))   
for i, j in itertools.combinations(range(n-1), 2):
    d2 = scipy.spatial.distance.cdist(indexes[i], indexes[j], metric='sqeuclidean') 
    result[i, j] = result[j, i] = d2.min()**0.5
","Failed: ValueError: cannot reshape array of size 20736 into shape (12,12)",True,0.0,0.0,0.0,,,,[],True,0.0,0.0,[],True,0.0,1.0,0.0,0.0,1.0,"[{'type': 'attribute_error', 'object': 'scipy', 'attribute': 'spatial', 'line': 5}]"
DS1000,DS0750,"
import numpy as np
import scipy.spatial.distance
example_array = test_input
result = scipy.spatial.distance.cdist(example_array.reshape(-1, 1), example_array.reshape(-1, 1), 'cityblock').reshape(example_array.shape[0], example_array.shape[0])
","import itertools
n = example_array.max()+1
indexes = []
for k in range(1, n):
    tmp = np.nonzero(example_array == k)
    tmp = np.asarray(tmp).T
    indexes.append(tmp)
result = np.zeros((n-1, n-1), dtype=float)   
for i, j in itertools.combinations(range(n-1), 2):
    d2 = scipy.spatial.distance.cdist(indexes[i], indexes[j], metric='minkowski', p=1) 
    result[i, j] = result[j, i] = d2.min()
","Failed: ValueError: cannot reshape array of size 20736 into shape (12,12)",True,0.0,0.0,0.0,,,,[],True,0.0,0.0,[],True,0.0,1.0,0.0,0.0,1.0,"[{'type': 'attribute_error', 'object': 'scipy', 'attribute': 'spatial', 'line': 5}]"
DS1000,DS0751,"
import numpy as np
import scipy.spatial.distance
example_array = test_input
def f(example_array):
import numpy as np
import scipy.spatial.distance

example_array = test_input
result = scipy.spatial.distance.cdist(example_array, example_array, 'euclidean')
result = f(example_array)
","    import itertools
    n = example_array.max()+1
    indexes = []
    for k in range(1, n):
        tmp = np.nonzero(example_array == k)
        tmp = np.asarray(tmp).T
        indexes.append(tmp)
    result = np.zeros((n-1, n-1))   
    for i, j in itertools.combinations(range(n-1), 2):
        d2 = scipy.spatial.distance.cdist(indexes[i], indexes[j], metric='sqeuclidean') 
        result[i, j] = result[j, i] = d2.min()**0.5

    return result
","Failed: IndentationError: expected an indented block after function definition on line 5 (<string>, line 6)",False,0.0,1.0,0.0,IndentationError,6.0,"expected an indented block after function definition on line 5 (<unknown>, line 6)",[],False,0.0,0.0,[],False,0.0,0.0,0.0,0.0,0.0,[]
DS1000,DS0752,"
from scipy import interpolate
import numpy as np
x, y, x_val = test_input
result = interpolate.splev(x_val, tck, der=0)
","result = np.zeros((5, 100))
for i in range(5):
    extrapolator = interpolate.UnivariateSpline(x[:, i], y[:, i], k = 2, s = 4)
    y_int = extrapolator(x_val)
    result[i, :] = y_int

",Failed: NameError: name 'tck' is not defined,True,0.0,0.0,0.0,,,,[],True,0.0,0.0,[],True,0.0,0.0,0.0,0.0,0.0,[]
DS1000,DS0753,"
import numpy as np
import scipy.stats as ss
x1, x2, x3, x4 = test_input
result = ss.anderson_ksamp([x1, x2, x3, x4])
result = [statistic, critical_values, significance_level]
","statistic, critical_values, significance_level = ss.anderson_ksamp([x1,x2,x3,x4])

",Failed: NameError: name 'statistic' is not defined,True,0.0,0.0,0.0,,,,[],True,0.0,0.0,[],True,0.0,0.0,0.0,0.0,0.0,[]
DS1000,DS0754,"
import numpy as np
import scipy.stats as ss
x1, x2 = test_input
result = ss.anderson_ksamp([x1, x2]).significance_level < 0.05
","s, c_v, s_l = ss.anderson_ksamp([x1,x2])
result = c_v[2] >= s

",Failed: Logic Error (Assertion failed),True,0.0,0.0,0.0,,,,[],True,0.0,0.0,[],True,0.0,0.0,0.0,0.0,0.0,[]
DS1000,DS0755,"
import pandas as pd
import numpy as np
import scipy.stats as stats
df = test_input
result = df.apply(lambda x: stats.kendalltau(x[:-1], x[1:])[0], axis=1)
result = df
","import itertools as IT
for col1, col2 in IT.combinations(df.columns, 2):
    def tau(idx):
        B = df[[col1, col2]].iloc[idx]
        return stats.kendalltau(B[col1], B[col2])[0]
    df[col1+col2] = pd.Series(np.arange(len(df)), index=df.index).rolling(3).apply(tau)

",Failed: Logic Error (Assertion failed),True,0.0,0.0,0.0,,,,[],True,0.0,0.0,[],True,0.0,0.0,0.0,0.0,0.0,[]
DS1000,DS0756,"
from scipy import sparse
sa = test_input
result = sa.nnz == 0
","result = (sa.count_nonzero()==0)

",Passed,True,0.0,0.0,0.0,,,,[],True,0.0,0.0,[],True,0.0,0.0,0.0,0.0,0.0,[]
DS1000,DS0757,"
from scipy import sparse
sa = test_input
result = sa.nnz == 0
","result = (sa.count_nonzero()==0)

",Passed,True,0.0,0.0,0.0,,,,[],True,0.0,0.0,[],True,0.0,0.0,0.0,0.0,0.0,[]
DS1000,DS0758,"
import numpy as np
from scipy.linalg import block_diag
a = test_input
result = block_diag(*a)
",result = block_diag(*a),Passed,True,0.0,0.0,0.0,,,,[],True,0.0,0.0,[],True,0.0,0.0,0.0,0.0,0.0,[]
DS1000,DS0759,"
import numpy as np
from scipy import stats
pre_course_scores, during_course_scores = test_input
result = stats.ranksums(pre_course_scores, during_course_scores).pvalue
result = p_value
","p_value = stats.ranksums(pre_course_scores, during_course_scores).pvalue
",Failed: NameError: name 'p_value' is not defined,True,0.0,0.0,0.0,,,,[],True,0.0,0.0,[],True,0.0,0.0,0.0,0.0,0.0,[]
DS1000,DS0760,"
import numpy as np
from scipy import stats
def f(pre_course_scores, during_course_scores):
result = stats.ranksums(pre_course_scores, during_course_scores).pvalue
pre_course_scores, during_course_scores = test_input
result = f(pre_course_scores, during_course_scores)
","    p_value = stats.ranksums(pre_course_scores, during_course_scores).pvalue

    return p_value
","Failed: IndentationError: expected an indented block after function definition on line 4 (<string>, line 5)",False,0.0,1.0,0.0,IndentationError,5.0,"expected an indented block after function definition on line 4 (<unknown>, line 5)",[],False,0.0,0.0,[],False,0.0,0.0,0.0,0.0,0.0,[]
DS1000,DS0761,"
import numpy as np
a = test_input
import numpy as np
a = test_input
result = np.mean((a - np.mean(a))**4) / np.std(a)**4
result = kurtosis_result
","kurtosis_result = (sum((a - np.mean(a)) ** 4)/len(a)) / np.std(a)**4

",Failed: NameError: name 'kurtosis_result' is not defined,True,0.0,0.0,0.0,,,,[],True,0.0,0.0,[],True,0.0,0.0,0.0,0.0,0.0,[]
DS1000,DS0762,"
import numpy as np
import scipy.stats
a = test_input
import scipy.stats

result = scipy.stats.kurtosis(a, fisher=False)
result = kurtosis_result
","kurtosis_result = scipy.stats.kurtosis(a)

",Failed: NameError: name 'kurtosis_result' is not defined,True,0.0,0.0,0.0,,,,[],True,0.0,0.0,[],True,0.0,0.0,0.0,0.0,0.0,[]
DS1000,DS0763,"
import numpy as np
import scipy.interpolate
s, t = test_input
x, y = np.ogrid[-1:1:10j,-2:0:10j]
z = (x + y)*np.exp(-6.0 * (x * x + y * y))
result = scipy.interpolate.interp2d(x.ravel(), y.ravel(), z.ravel(), kind='cubic')(s, t)
","spl = scipy.interpolate.RectBivariateSpline(x, y, z)
result = spl(s, t, grid=False)


","Failed: NotImplementedError: `interp2d` has been removed in SciPy 1.14.0.

For legacy code, nearly bug-for-bug compatible replacements are
`RectBivariateSpline` on regular grids, and `bisplrep`/`bisplev` for
scattered 2D data.

In new code, for regular grids use `RegularGridInterpolator` instead.
For scattered data, prefer `LinearNDInterpolator` or
`CloughTocher2DInterpolator`.

For more details see
https://scipy.github.io/devdocs/tutorial/interpolate/interp_transition_guide.html
",True,0.0,0.0,0.0,,,,[],True,0.0,0.0,[],True,0.0,0.0,0.0,0.0,0.0,[]
DS1000,DS0764,"
import numpy as np
import scipy.interpolate
s, t = test_input
def f(s, t):
    x, y = np.ogrid[-1:1:10j,-2:0:10j]
    z = (x + y)*np.exp(-6.0 * (x * x + y * y))
result = scipy.interpolate.interp2d(s, t, z, kind='cubic')(s, t)
result = f(s, t)
","    spl = scipy.interpolate.RectBivariateSpline(x, y, z)
    result = spl(s, t, grid=False)
    
    

    return result
",Failed: NameError: name 'z' is not defined,True,0.0,0.0,0.0,,,,[],True,0.0,1.0,"[{'type': 'missing_return', 'function': 'f', 'start_line': 5, 'end_line': 7}]",True,0.0,0.0,0.0,0.0,0.0,[]
DS1000,DS0765,"
import scipy.spatial
points, extraPoints = test_input
vor = scipy.spatial.Voronoi(points)
result = np.array([vor.point_region[vor.find_simplex(point)] for point in extraPoints])
","kdtree = scipy.spatial.cKDTree(points)
_, result = kdtree.query(extraPoints)

",Failed: NameError: name 'np' is not defined,True,0.0,0.0,0.0,,,,[],True,0.0,0.0,[],True,0.0,1.0,0.0,0.0,1.0,"[{'type': 'attribute_error', 'object': 'scipy', 'attribute': 'spatial', 'line': 4}]"
DS1000,DS0766,"
import scipy.spatial
points, extraPoints = test_input
vor = scipy.spatial.Voronoi(points)
result = np.zeros(len(extraPoints), dtype=int)
for i, point in enumerate(extraPoints):
    region = vor.point_region[i]
    if region != -1:  # -1 indicates a point outside the convex hull
        result[region] += 1
","kdtree = scipy.spatial.cKDTree(points)
_, index = kdtree.query(extraPoints)
result = vor.point_region[index]

",Failed: NameError: name 'np' is not defined,True,0.0,0.0,0.0,,,,[],True,0.0,0.0,[],True,0.0,1.0,0.0,0.0,1.0,"[{'type': 'attribute_error', 'object': 'scipy', 'attribute': 'spatial', 'line': 4}]"
DS1000,DS0767,"
import numpy as np
import scipy.sparse as sparse
vectors, max_vector_size = test_input
result = sparse.vstack(vectors).tocsr()
","result = sparse.lil_matrix((len(vectors), max_vector_size))
for i, v in enumerate(vectors):
    result[i, :v.size] = v
","Failed: ValueError: blocks[:,0] has incompatible column dimensions. Got blocks[1,0].shape[1] == 1000, expected 900.",True,0.0,0.0,0.0,,,,[],True,0.0,0.0,[],True,0.0,0.0,0.0,0.0,0.0,[]
DS1000,DS0768,"
import numpy as np
import scipy.ndimage
a = test_input
b = scipy.ndimage.shift(b, (0, 1))
result = b
","b = scipy.ndimage.median_filter(a, size=(3, 3), origin=(0, 1))

",Failed: NameError: name 'b' is not defined,True,0.0,0.0,0.0,,,,[],True,0.0,0.0,[],True,0.0,1.0,0.0,0.0,1.0,"[{'type': 'attribute_error', 'object': 'scipy', 'attribute': 'ndimage', 'line': 5}]"
DS1000,DS0769,"
import numpy as np
from scipy.sparse import csr_matrix
M, row, column = test_input
result = M[row, column]
","result = M[row,column]",Passed,True,0.0,0.0,0.0,,,,[],True,0.0,0.0,[],True,0.0,0.0,0.0,0.0,0.0,[]
DS1000,DS0770,"
import numpy as np
from scipy.sparse import csr_matrix
M, row, column = test_input
result = M[row, column]
","result = np.array(M[row,column]).squeeze()",Failed: Logic Error (Assertion failed),True,0.0,0.0,0.0,,,,[],True,0.0,0.0,[],True,0.0,0.0,0.0,0.0,0.0,[]
DS1000,DS0771,"
import numpy as np
import scipy.interpolate
x, array, x_new = test_input
import numpy as np
from scipy.interpolate import interp1d

# Assuming x, array, and x_new are already defined as per the task description
result = np.apply_along_axis(lambda arr: interp1d(x, arr)(x_new), 0, array)
result = new_array
","new_array = scipy.interpolate.interp1d(x, array, axis=0)(x_new)

",Failed: NameError: name 'new_array' is not defined,True,0.0,0.0,0.0,,,,[],True,0.0,0.0,[],True,0.0,0.0,0.0,0.0,0.0,[]
DS1000,DS0772,"
import scipy.integrate
import math
import numpy as np
x, u, o2 = test_input
def NDfx(x):
    return((1/math.sqrt((2*math.pi)))*(math.e**((-.5)*(x**2))))
result = scipy.integrate.quad(NDfx, -dev, dev)[0]
result = prob
","norm = (x-u)/o2
prob = scipy.integrate.quad(NDfx, -np.inf, norm)[0]",Failed: NameError: name 'dev' is not defined,True,0.0,0.0,0.0,,,,[],True,0.0,0.0,[],True,0.0,1.0,0.0,0.0,1.0,"[{'type': 'attribute_error', 'object': 'scipy', 'attribute': 'integrate', 'line': 8}]"
DS1000,DS0773,"
import scipy.integrate
import math
import numpy as np
x, u, o2 = test_input
def NDfx(x):
    return((1/math.sqrt((2*math.pi)))*(math.e**((-.5)*(x**2))))
def f(x, u, o2):
result = scipy.integrate.quad(NDfx, -dev, dev)[0]
result = f(x, u, o2)
","    norm = (x-u)/o2
    prob = scipy.integrate.quad(NDfx, -np.inf, norm)[0]
    return prob
","Failed: IndentationError: expected an indented block after function definition on line 8 (<string>, line 9)",False,0.0,1.0,0.0,IndentationError,9.0,"expected an indented block after function definition on line 8 (<unknown>, line 9)",[],False,0.0,0.0,[],False,0.0,0.0,0.0,0.0,0.0,[]
DS1000,DS0774,"
import numpy as np
import scipy.fft as sf
N = test_input
result = sf.dctmtx(N)
","result = sf.dct(np.eye(N), axis=0, norm= 'ortho')

",Failed: AttributeError: module 'scipy.fft' has no attribute 'dctmtx',True,0.0,0.0,0.0,,,,[],True,0.0,0.0,[],True,0.0,1.0,0.0,0.0,1.0,"[{'type': 'attribute_error', 'object': 'sf', 'attribute': 'dctmtx', 'line': 5}]"
DS1000,DS0775,"
from scipy import sparse
import numpy as np
matrix = test_input
result = diags(matrix, [-1, 0, 1], (5, 5)).toarray()
","result = sparse.spdiags(matrix, (1, 0, -1), 5, 5).T.A

",Failed: AttributeError: 'dia_matrix' object has no attribute 'A',True,0.0,0.0,0.0,,,,[],True,0.0,0.0,[],True,0.0,0.0,0.0,0.0,0.0,[]
DS1000,DS0776,"
import numpy as np
import scipy.stats
N, p = test_input
import numpy as np

# Assuming test_input is a tuple (N, p)
N, p = test_input

# Create a 2D binomial distribution probability matrix M
M = np.zeros((N + 1, N + 1))
for i in range(N + 1):
    for j in range(i + 1):
        M[i, j] = scipy.special.binom(i, j) * (p ** j) * ((1 - p) ** (i - j))

# Assign other values to 0
M[M != 0] = 1
","n = np.arange(N + 1, dtype=np.int64)
dist = scipy.stats.binom(p=p, n=n)
result = dist.pmf(k=np.arange(N + 1, dtype=np.int64)[:, None]).T
",Failed: KeyError: 'result',True,0.0,0.0,0.0,,,,[],True,0.0,0.0,[],True,0.0,1.0,0.0,0.0,1.0,"[{'type': 'attribute_error', 'object': 'scipy', 'attribute': 'special', 'line': 14}]"
DS1000,DS0777,"
import pandas as pd
import io
from scipy import stats
df = test_input
result = df.apply(stats.zscore, axis=1)
","result = pd.DataFrame(data=stats.zscore(df, axis = 1), index=df.index, columns=df.columns)

",Failed: Logic Error (Assertion failed),True,0.0,0.0,0.0,,,,[],True,0.0,0.0,[],True,0.0,0.0,0.0,0.0,0.0,[]
DS1000,DS0778,"
import pandas as pd
import io
from scipy import stats
df = test_input
result = df.apply(stats.zscore, axis=1)
","result = pd.DataFrame(data=stats.zscore(df, axis = 0), index=df.index, columns=df.columns)

",Failed: Logic Error (Assertion failed),True,0.0,0.0,0.0,,,,[],True,0.0,0.0,[],True,0.0,0.0,0.0,0.0,0.0,[]
DS1000,DS0779,"
import pandas as pd
import io
from scipy import stats
df = test_input
result = df.assign(zscore=df.apply(lambda x: stats.zscore(x.dropna()), axis=1))
","indices = [('1415777_at Pnliprp1', 'data'), ('1415777_at Pnliprp1', 'zscore'), ('1415805_at Clps', 'data'), ('1415805_at Clps', 'zscore'), ('1415884_at Cela3b', 'data'), ('1415884_at Cela3b', 'zscore')]
indices = pd.MultiIndex.from_tuples(indices)
df2 = pd.DataFrame(data=stats.zscore(df, axis = 1), index=df.index, columns=df.columns)
df3 = pd.concat([df, df2], axis=1).to_numpy().reshape(-1, 3)
result = pd.DataFrame(data=df3, index=indices, columns=df.columns)

",Failed: Logic Error (Assertion failed),True,0.0,0.0,0.0,,,,[],True,0.0,0.0,[],True,0.0,0.0,0.0,0.0,0.0,[]
DS1000,DS0780,"
import pandas as pd
import io
import numpy as np
from scipy import stats
df = test_input
result = df.assign(
    zscore=df.apply(lambda x: stats.zscore(x.dropna()), axis=1)
).round(3)
","indices = [('1415777_at Pnliprp1', 'data'), ('1415777_at Pnliprp1', 'zscore'), ('1415805_at Clps', 'data'), ('1415805_at Clps', 'zscore'), ('1415884_at Cela3b', 'data'), ('1415884_at Cela3b', 'zscore')]
indices = pd.MultiIndex.from_tuples(indices)
df2 = pd.DataFrame(data=stats.zscore(df, axis = 0), index=df.index, columns=df.columns)
df3 = pd.concat([df, df2], axis=1).to_numpy().reshape(-1, 3)
result = pd.DataFrame(data=np.round(df3, 3), index=indices, columns=df.columns)


",Failed: Logic Error (Assertion failed),True,0.0,0.0,0.0,,,,[],True,0.0,0.0,[],True,0.0,0.0,0.0,0.0,0.0,[]
DS1000,DS0781,"
import scipy
import scipy.optimize
import numpy as np
def test_func(x):
    return (x[0])**2+(x[1])**2
def test_grad(x):
    return [2*x[0],2*x[1]]
starting_point, direction = test_input
result = scipy.optimize.line_search(test_func, test_grad, starting_point, direction)[0]
","
result = scipy.optimize.line_search(test_func, test_grad, np.array(starting_point), np.array(direction))[0]",Failed: TypeError: can't multiply sequence by non-int of type 'float',True,0.0,0.0,0.0,,,,[],True,0.0,0.0,[],True,0.0,0.0,0.0,0.0,0.0,[]
DS1000,DS0782,"
import numpy as np
from scipy.spatial import distance
shape = test_input
import numpy as np

# Assuming 'test_input' is a 2D array representing the image
shape = test_input.shape
mid = np.array([(shape[0] // 2, shape[1] // 2)] * shape[0] * shape[1]).reshape(shape[0], shape[1], 2)

result = distance.cdist(np.dstack((np.arange(shape[0]), np.arange(shape[1]))), mid)
","xs, ys = np.indices(shape)
xs = xs.reshape(shape[0] * shape[1], 1)
ys = ys.reshape(shape[0] * shape[1], 1)
X = np.hstack((xs, ys))
mid_x, mid_y = (shape[0]-1)/2.0, (shape[1]-1)/2.0
result = distance.cdist(X, np.atleast_2d([mid_x, mid_y])).reshape(shape)


",Failed: AttributeError: 'tuple' object has no attribute 'shape',True,0.0,0.0,0.0,,,,[],True,0.0,0.0,[],True,0.0,0.0,0.0,0.0,0.0,[]
DS1000,DS0783,"
import numpy as np
from scipy.spatial import distance
shape = test_input
import numpy as np

# Assuming 'test_input' is your 3D image array
result = np.abs(test_input - np.array([test_input.shape[0] // 2, test_input.shape[1] // 2])).sum(axis=2)
","xs, ys = np.indices(shape)
xs = xs.reshape(shape[0] * shape[1], 1)
ys = ys.reshape(shape[0] * shape[1], 1)
X = np.hstack((xs, ys))
mid_x, mid_y = (shape[0]-1)/2.0, (shape[1]-1)/2.0
result = distance.cdist(X, np.atleast_2d([mid_x, mid_y]), 'minkowski', p=1).reshape(shape)


",Failed: AttributeError: 'tuple' object has no attribute 'shape',True,0.0,0.0,0.0,,,,[],True,0.0,0.0,[],True,0.0,0.0,0.0,0.0,0.0,[]
DS1000,DS0784,"
import numpy as np
from scipy.spatial import distance
shape = test_input
def f(shape = (6, 6)):
import numpy as np
from scipy.spatial import distance

shape = test_input
mid = np.array([[i, j] for i in range(shape[0]) for j in range(shape[1])])
result = distance.cdist(mid, mid, 'euclidean')
result = f(shape)
","    xs, ys = np.indices(shape)
    xs = xs.reshape(shape[0] * shape[1], 1)
    ys = ys.reshape(shape[0] * shape[1], 1)
    X = np.hstack((xs, ys))
    mid_x, mid_y = (shape[0]-1)/2.0, (shape[1]-1)/2.0
    result = distance.cdist(X, np.atleast_2d([mid_x, mid_y])).reshape(shape)
    
    

    return result
","Failed: IndentationError: expected an indented block after function definition on line 5 (<string>, line 6)",False,0.0,1.0,0.0,IndentationError,6.0,"expected an indented block after function definition on line 5 (<unknown>, line 6)",[],False,0.0,0.0,[],False,0.0,0.0,0.0,0.0,0.0,[]
DS1000,DS0785,"
import numpy as np
import scipy.ndimage
x, shape = test_input
result = scipy.ndimage.zoom(x, [2, 1], order=1)
","result = scipy.ndimage.zoom(x, zoom=(shape[0]/x.shape[0], shape[1]/x.shape[1]), order=1)
",Failed: Logic Error (Assertion failed),True,0.0,0.0,0.0,,,,[],True,0.0,0.0,[],True,0.0,1.0,0.0,0.0,1.0,"[{'type': 'attribute_error', 'object': 'scipy', 'attribute': 'ndimage', 'line': 5}]"
DS1000,DS0786,"
import scipy.optimize
import numpy as np
a, y, x0 = test_input
result = scipy.optimize.minimize(lambda x: np.sum((a @ x**2 - y)**2), x0)
result = out
","def residual_ans(x, a, y):
    s = ((y - a.dot(x**2))**2).sum()
    return s
out = scipy.optimize.minimize(residual_ans, x0=x0, args=(a, y), method= 'L-BFGS-B').x",Failed: NameError: name 'out' is not defined,True,0.0,0.0,0.0,,,,[],True,0.0,0.0,[],True,0.0,0.0,0.0,0.0,0.0,[]
DS1000,DS0787,"
import scipy.optimize
import numpy as np
a, x_true, y, x0, x_lower_bounds = test_input
result = scipy.optimize.minimize(lambda x: np.sum((a @ x**2 - y)**2), x0, bounds=[(x_lower_bounds[i], None) for i in range(len(x_lower_bounds))], method='L-BFGS-B')
result = out
","def residual_ans(x, a, y):
    s = ((y - a.dot(x**2))**2).sum()
    return s
bounds = [[x, None] for x in x_lower_bounds]
out = scipy.optimize.minimize(residual_ans, x0=x0, args=(a, y), method= 'L-BFGS-B', bounds=bounds).x",Failed: NameError: name 'out' is not defined,True,0.0,0.0,0.0,,,,[],True,0.0,0.0,[],True,0.0,0.0,0.0,0.0,0.0,[]
DS1000,DS0788,"
import scipy.integrate
import numpy as np
N0, time_span = test_input
sol = scipy.integrate.solve_ivp(fun=lambda t, y: -100*y + np.sin(t), t_span=time_span, y0=[N0,])
result = sol.y
","def dN1_dt (t, N1):
    return -100 * N1 + np.sin(t)
sol = scipy.integrate.solve_ivp(fun=dN1_dt, t_span=time_span, y0=[N0,])",Passed,True,0.0,0.0,0.0,,,,[],True,0.0,0.0,[],True,0.0,1.0,0.0,0.0,1.0,"[{'type': 'attribute_error', 'object': 'scipy', 'attribute': 'integrate', 'line': 5}]"
DS1000,DS0789,"
import scipy.integrate
import numpy as np
N0, time_span = test_input
sol = scipy.integrate.solve_ivp(fun=lambda t, N1: -100 * N1 + (t - np.sin(t)) if 0 < t < 2*np.pi else 2*np.pi, t_span=[0, 100e-3], y0=[N0,])
result = sol.y
","def dN1_dt(t, N1):
    input = 1-np.cos(t) if 0<t<2*np.pi else 0
    return -100*N1 + input
sol = scipy.integrate.solve_ivp(fun=dN1_dt, t_span=time_span, y0=[N0,])",Failed: Logic Error (Assertion failed),True,0.0,0.0,0.0,,,,[],True,0.0,0.0,[],True,0.0,1.0,0.0,0.0,1.0,"[{'type': 'attribute_error', 'object': 'scipy', 'attribute': 'integrate', 'line': 5}]"
DS1000,DS0790,"
import scipy.integrate
import numpy as np
N0, time_span = test_input
sol = scipy.integrate.solve_ivp(fun=lambda t, y: -100 * y - np.cos(t), t_span=time_span, y0=[N0,])
result = sol.y
","def dN1_dt (t, N1):
    return -100 * N1 + np.sin(t)
sol = scipy.integrate.solve_ivp(fun=dN1_dt, t_span=time_span, y0=[N0,])
",Failed: Logic Error (Assertion failed),True,0.0,0.0,0.0,,,,[],True,0.0,0.0,[],True,0.0,1.0,0.0,0.0,1.0,"[{'type': 'attribute_error', 'object': 'scipy', 'attribute': 'integrate', 'line': 5}]"
DS1000,DS0791,"
import numpy as np
from scipy.optimize import minimize
def function(x):
    return -1*(18*x[0]+16*x[1]+12*x[2]+11*x[3])
I = test_input
x0=I
cons=[]
steadystate={'type':'eq', 'fun': lambda x: x.sum()-I.sum() }
cons.append(steadystate)
for t in range(4):
    cons.append({'type': 'ineq', 'fun': lambda x, t=t: x[t]})
out=minimize(function, x0, method=""SLSQP"", constraints=cons)
x=out[""x""]
result = x
","def f(a):
    def g(x):
        return x[a]
    return g
for t in range (4):
    cons.append({'type':'ineq', 'fun': f(t)})
",Passed,True,0.0,0.0,0.0,,,,[],True,0.0,0.0,[],True,0.0,0.0,0.0,0.0,0.0,[]
DS1000,DS0792,"
from scipy import sparse
sa, sb = test_input
result = sa + sb
","result = sparse.vstack((sa, sb)).tocsr()
",Failed: ValueError: scipy sparse array classes do not support instantiation from a scalar,True,0.0,0.0,0.0,,,,[],True,0.0,0.0,[],True,0.0,0.0,0.0,0.0,0.0,[]
DS1000,DS0793,"
from scipy import sparse
sa, sb = test_input
result = sa.tocsr() + sb.tocsr()
","result = sparse.hstack((sa, sb)).tocsr()
",Failed: ValueError: scipy sparse array classes do not support instantiation from a scalar,True,0.0,0.0,0.0,,,,[],True,0.0,0.0,[],True,0.0,0.0,0.0,0.0,0.0,[]
DS1000,DS0794,"
import scipy.integrate
c, low, high = test_input
import numpy as np

# Assuming test_input is a tuple containing c, low, and high
c, low, high = test_input

# Initialize an empty list to store results
results = []

# Loop through each value of c
for c_val in c:
    # Define the integrand function
    def integrand(x):
        return 2 * x * c_val
    
    # Perform the integration
    result, error = integrate.quad(integrand, 0, 1)
    
    # Append the result to the list
    results.append(result)

# Convert the list to a NumPy array
results = np.array(results)
","result = scipy.integrate.quadrature(lambda x: 2*c*x, low, high)[0]
",Failed: AttributeError: module 'scipy.integrate' has no attribute 'quadrature',True,0.0,0.0,0.0,,,,[],True,0.0,0.0,[],True,0.0,0.0,0.0,0.0,0.0,[]
DS1000,DS0795,"
import scipy.integrate
c, low, high = test_input
def f(c=5, low=0, high=1):
import numpy as np

c_values = np.linspace(0, 10, 10)  # Example values for c
results = []

for c in c_values:
    eqn = lambda x: 2 * x * c
    result, error = integrate.quad(eqn, 0, 1)
    results.append(result)

result = np.array(results)
result = f(c, low, high)
","    result = scipy.integrate.quadrature(lambda x: 2*c*x, low, high)[0]

    return result
",Failed: AttributeError: module 'scipy.integrate' has no attribute 'quadrature',False,0.0,1.0,0.0,IndentationError,5.0,"expected an indented block after function definition on line 4 (<unknown>, line 5)",[],False,0.0,0.0,[],False,0.0,0.0,0.0,0.0,0.0,[]
DS1000,DS0796,"
import numpy as np
from scipy import sparse
V, x = test_input
result = V.multiply(1) + x * V
result = V
","V._update(zip(V.keys(), np.array(list(V.values())) + x))",Failed: AttributeError: 'dok_matrix' object has no attribute '_update',True,0.0,0.0,0.0,,,,[],True,0.0,0.0,[],True,0.0,0.0,0.0,0.0,0.0,[]
DS1000,DS0797,"
from scipy import sparse
V, x = test_input
result = V.multiply(1) + x * V
result = V
","V.data += x

",Failed: Logic Error (Assertion failed),True,0.0,0.0,0.0,,,,[],True,0.0,0.0,[],True,0.0,0.0,0.0,0.0,0.0,[]
DS1000,DS0798,"
from scipy import sparse
V, x, y = test_input
result = V + x * V.nonzero()
result = V
","V = V.copy()
V.data += x
V.eliminate_zeros()
V.data += y
V.eliminate_zeros()


",Failed: TypeError: unsupported operand type(s) for +: 'coo_matrix' and 'tuple',True,0.0,0.0,0.0,,,,[],True,0.0,0.0,[],True,0.0,0.0,0.0,0.0,0.0,[]
DS1000,DS0799,"
from scipy import sparse
import numpy as np
import math
sa = test_input
result = sa.multiply(1 / sa.power(2).sum(axis=0)**0.5)
result = sa
","sa = sparse.csc_matrix(sa.toarray() / np.sqrt(np.sum(sa.toarray()**2, axis=0)))
",Failed: LinAlgError: Last 2 dimensions of the array must be square,True,0.0,0.0,0.0,,,,[],True,0.0,0.0,[],True,0.0,0.0,0.0,0.0,0.0,[]
DS1000,DS0800,"
from scipy import sparse
import numpy as np
import math
sa = test_input
result = sa.multiply(sa.T).tocsr()
result = sa
","sa = sparse.csr_matrix(sa.toarray() / np.sqrt(np.sum(sa.toarray()**2, axis=0)))
",Failed: Logic Error (Assertion failed),True,0.0,0.0,0.0,,,,[],True,0.0,0.0,[],True,0.0,0.0,0.0,0.0,0.0,[]
DS1000,DS0801,"
import scipy
import numpy as np
a = test_input
import numpy as np

# Assuming 'test_input' is your integer matrix
a = test_input

# Convert the matrix to binary by checking if each element is greater than 0
result = (a > 0).astype(int)
result = a
","a = np.sign(a)

",Failed: Logic Error (Assertion failed),True,0.0,0.0,0.0,,,,[],True,0.0,0.0,[],True,0.0,0.0,0.0,0.0,0.0,[]
DS1000,DS0802,"
import scipy
import numpy as np
a = test_input
result = (a > 0).astype(int)
result = a
","a = 1-np.sign(a)

",Failed: Logic Error (Assertion failed),True,0.0,0.0,0.0,,,,[],True,0.0,0.0,[],True,0.0,0.0,0.0,0.0,0.0,[]
DS1000,DS0803,"
import scipy.spatial
import numpy as np
centroids, data = test_input
import scipy.spatial
import numpy as np

# Assuming centroids and data are already defined as per the task description
result = np.argmin(scipy.spatial.distance.cdist(data, centroids), axis=1)
","def find_k_closest(centroids, data, k=1, distance_norm=2):
    kdtree = scipy.spatial.cKDTree(data)
    distances, indices = kdtree.query(centroids, k, p=distance_norm)
    if k > 1:
        indices = indices[:,-1]
    values = data[indices]
    return indices, values
result, _ = find_k_closest(centroids, data)",Failed: Logic Error (Assertion failed),True,0.0,0.0,0.0,,,,[],True,0.0,0.0,[],True,0.0,1.0,0.0,0.0,1.0,"[{'type': 'attribute_error', 'object': 'scipy', 'attribute': 'spatial', 'line': 9}]"
DS1000,DS0804,"
import numpy as np
import scipy.spatial
centroids, data = test_input
import numpy as np
import scipy.spatial

# Assuming centroids and data are already defined as per the task description
result = []
for cluster_id in range(len(centroids)):
    # Find the index of the closest data point to the centroid
    closest_index = scipy.spatial.distance.cdist([centroids[cluster_id]], data).argmin()
    # Append the closest data point to the result list
    result.append(data[closest_index])
","def find_k_closest(centroids, data, k=1, distance_norm=2):
    kdtree = scipy.spatial.cKDTree(data)
    distances, indices = kdtree.query(centroids, k, p=distance_norm)
    if k > 1:
        indices = indices[:,-1]
    values = data[indices]
    return indices, values
_, result = find_k_closest(centroids, data)
",Passed,True,0.0,0.0,0.0,,,,[],True,0.0,0.0,[],True,0.0,1.0,0.0,0.0,1.0,"[{'type': 'attribute_error', 'object': 'scipy', 'attribute': 'spatial', 'line': 12}]"
DS1000,DS0805,"
import scipy.spatial
import numpy as np
centroids, data, k = test_input
result = np.argsort(data, axis=1)[:, :k]
","def find_k_closest(centroids, data, k=1, distance_norm=2):
    kdtree = scipy.spatial.cKDTree(data)
    distances, indices = kdtree.query(centroids, k, p=distance_norm)
    if k > 1:
        indices = indices[:,-1]
    values = data[indices]
    return indices, values
result, _ = find_k_closest(centroids, data, k)",Failed: Logic Error (Assertion failed),True,0.0,0.0,0.0,,,,[],True,0.0,0.0,[],True,0.0,0.0,0.0,0.0,0.0,[]
DS1000,DS0806,"
import numpy as np
from scipy.optimize import fsolve
def eqn(x, a, b):
    return x + 2*a - b**2
xdata, bdata = test_input
result = fsolve(lambda x: eqn(x, xdata, bdata), x0=np.linspace(0, 1, len(xdata)))
","result = np.array([fsolve(lambda a,x,b: eqn(x, a, b), x0=0.5, args=(x,b))[0] for x, b in zip(xdata, bdata)])",Failed: Logic Error (Assertion failed),True,0.0,0.0,0.0,,,,[],True,0.0,0.0,[],True,0.0,0.0,0.0,0.0,0.0,[]
DS1000,DS0807,"
import numpy as np
from scipy.optimize import fsolve
def eqn(x, a, b):
    return x + 2*a - b**2
xdata, adata = test_input
result = np.array([fsolve(lambda b: eqn(b, xdata[i], adata[i]), 0.5) for i in range(len(xdata))])
","A = np.array([fsolve(lambda b,x,a: eqn(x, a, b), x0=0, args=(x,a))[0] for x, a in zip(xdata, adata)])
temp = -A
result = np.zeros((len(A), 2))
result[:, 0] = A
result[:, 1] = temp",Failed: Logic Error (Assertion failed),True,0.0,0.0,0.0,,,,[],True,0.0,0.0,[],True,0.0,0.0,0.0,0.0,0.0,[]
DS1000,DS0808,"
import numpy as np
import scipy as sp
from scipy import integrate,stats
def bekkers(x, a, m, d):
    p = a*np.exp((-1*(x**(1/3) - m)**2)/(2*d**2))*x**(-2/3)
    return(p)
range_start, range_end, estimated_a, estimated_m, estimated_d, sample_data = test_input
result = stats.kstest(sample_data, lambda x: bekkers(x, estimated_a, estimated_m, estimated_d))
","def bekkers_cdf(x,a,m,d,range_start,range_end):
    values = []
    for value in x:
        integral = integrate.quad(lambda k: bekkers(k,a,m,d),range_start,value)[0]
        normalized = integral/integrate.quad(lambda k: bekkers(k,a,m,d),range_start,range_end)[0]
        values.append(normalized)
    return np.array(values)
result = stats.kstest(sample_data, lambda x: bekkers_cdf(x,estimated_a, estimated_m, estimated_d,range_start,range_end))",Failed: Logic Error (Assertion failed),True,0.0,0.0,0.0,,,,[],True,0.0,0.0,[],True,0.0,0.0,0.0,0.0,0.0,[]
DS1000,DS0809,"
import numpy as np
import scipy as sp
from scipy import integrate,stats
def bekkers(x, a, m, d):
    p = a*np.exp((-1*(x**(1/3) - m)**2)/(2*d**2))*x**(-2/3)
    return(p)
range_start, range_end, estimated_a, estimated_m, estimated_d, sample_data = test_input
result = scipy.stats.kstest(sample_data, lambda x: bekkers(x, estimated_a, estimated_m, estimated_d), alternative='two-sided') < 0.05
","def bekkers_cdf(x,a,m,d,range_start,range_end):
    values = []
    for value in x:
        integral = integrate.quad(lambda k: bekkers(k,a,m,d),range_start,value)[0]
        normalized = integral/integrate.quad(lambda k: bekkers(k,a,m,d),range_start,range_end)[0]
        values.append(normalized)
    return np.array(values)
    
s, p_value = stats.kstest(sample_data, lambda x: bekkers_cdf(x, estimated_a, estimated_m, estimated_d, range_start,range_end))

if p_value >= 0.05:
    result = False
else:
    result = True",Failed: NameError: name 'scipy' is not defined,True,0.0,0.0,0.0,,,,[],True,0.0,0.0,[],True,0.0,0.0,0.0,0.0,0.0,[]
DS1000,DS0810,"
import pandas as pd
import io
from scipy import integrate
df = test_input
result = df.groupby(pd.Grouper(freq='25S')).apply(lambda x: integrate.trapz(x['A'], x.index))
result = integral_df
","df.Time = pd.to_datetime(df.Time, format='%Y-%m-%d-%H:%M:%S')
df = df.set_index('Time')
integral_df = df.rolling('25S').apply(integrate.trapz)

",Failed: AttributeError: module 'scipy.integrate' has no attribute 'trapz',True,0.0,0.0,0.0,,,,[],True,0.0,0.0,[],True,0.0,1.0,1.0,0.0,2.0,"[{'type': 'type_error', 'function': 'Grouper', 'invalid_arg': 'freq', 'line': 6}, {'type': 'attribute_error', 'object': 'integrate', 'attribute': 'trapz', 'line': 6}]"
DS1000,DS0811,"
import scipy.interpolate
x, y, eval = test_input
from scipy.interpolate import griddata

# Define the grid and values
x = np.array([(2, 2), (1, 2), (2, 3), (3, 2), (2, 1)])
y = np.array([5, 7, 8, 10, 3])

# Define the query point
query_point = np.array([[2.7, 2.3]])

# Perform linear interpolation
result = griddata(x, y, query_point, method='linear')
","result = scipy.interpolate.griddata(x, y, eval)

",Failed: NameError: name 'np' is not defined,True,0.0,0.0,0.0,,,,[],True,0.0,0.0,[],True,0.0,0.0,0.0,0.0,0.0,[]
DS1000,DS0812,"
import scipy.optimize as sciopt
import numpy as np
import pandas as pd
a = test_input
result = a.value_counts(normalize=True)
result = weights
","weights = (a.values / a.values.sum()).squeeze()

",Failed: NameError: name 'weights' is not defined,True,0.0,0.0,0.0,,,,[],True,0.0,0.0,[],True,0.0,0.0,0.0,0.0,0.0,[]
DS1000,DS0813,"
import numpy as np
import scipy.optimize as sciopt
fp   = lambda p, x: p[0]*x[0]+p[1]*x[1]
e    = lambda p, x, y: ((fp(p,x)-y)**2).sum()
pmin, pmax, x, y = test_input
result = sciopt.fminbound(e, pmin.flatten(), pmax.flatten(), args=(x, y))
","p_guess = (pmin + pmax)/2
bounds = np.c_[pmin, pmax]
fp   = lambda p, x: p[0]*x[0]+p[1]*x[1]
e    = lambda p, x, y: ((fp(p,x)-y)**2).sum()
sol = sciopt.minimize(e, p_guess, bounds=bounds, args=(x,y))
result = sol.x

",Failed: ValueError: Optimization bounds must be finite scalars.,True,0.0,0.0,0.0,,,,[],True,0.0,0.0,[],True,0.0,0.0,0.0,0.0,0.0,[]
DS1000,DS0814,"
import numpy as np
from scipy import signal
arr, n = test_input
result = np.where((np.diff(arr) <= 0) & (np.diff(arr) >= 0))[0]
","result = signal.argrelextrema(arr, np.less_equal, order=n)[0]

",Failed: Logic Error (Assertion failed),True,0.0,0.0,0.0,,,,[],True,0.0,0.0,[],True,0.0,0.0,0.0,0.0,0.0,[]
DS1000,DS0815,"
import numpy as np
from scipy import signal
arr, n = test_input
result = np.argwhere((np.diff(arr, axis=1, prepend=np.zeros((arr.shape[0], 1))) <= 0) & 
                     (np.diff(arr, axis=1, append=np.zeros((arr.shape[0], 1))) >= 0))
","res = signal.argrelextrema(arr, np.less_equal, order=n, axis = 1)
result = np.zeros((res[0].shape[0], 2)).astype(int)
result[:, 0] = res[0]
result[:, 1] = res[1]

",Failed: Logic Error (Assertion failed),True,0.0,0.0,0.0,,,,[],True,0.0,0.0,[],True,0.0,0.0,0.0,0.0,0.0,[]
DS1000,DS0816,"
from scipy import stats
import pandas as pd
import numpy as np
LETTERS = list('ABCDEFGHIJKLMNOPQRSTUVWXYZ')
df = test_input
result = df.select_dtypes(include=[np.number]).apply(lambda x: (np.abs(stats.zscore(x)) < 3).all())
result = df
","df = df[(np.abs(stats.zscore(df.select_dtypes(exclude='object'))) < 3).all(axis=1)]

",Failed: Logic Error (Assertion failed),True,0.0,0.0,0.0,,,,[],True,0.0,0.0,[],True,0.0,0.0,0.0,0.0,0.0,[]
DS1000,DS0817,"
import pandas as pd
import numpy as np
from sklearn.datasets import load_iris
data = test_input
data1 = pd.DataFrame(data.data, columns=data.feature_names)
result = data1
","data1 = pd.DataFrame(data=np.c_[data['data'], data['target']], columns=data['feature_names'] + ['target'])",Failed: Logic Error (Assertion failed),True,0.0,0.0,0.0,,,,[],True,0.0,0.0,[],True,0.0,0.0,0.0,0.0,0.0,[]
DS1000,DS0818,"
import pandas as pd
import numpy as np
from sklearn.datasets import load_iris
data = test_input
result = pd.DataFrame(data.data, columns=data.feature_names)
result = data1
","data1 = pd.DataFrame(data=np.c_[data['data'], data['target']], columns=data['feature_names'] + ['target'])",Failed: NameError: name 'data1' is not defined,True,0.0,0.0,0.0,,,,[],True,0.0,0.0,[],True,0.0,0.0,0.0,0.0,0.0,[]
DS1000,DS0819,"
import pandas as pd
import numpy as np
from sklearn.datasets import fetch_california_housing
data = test_input
result = pd.DataFrame(data.data, columns=data.feature_names)
result = data1
","data1 = pd.DataFrame(data.data, columns=data.feature_names)
data1['target'] = pd.Series(data.target)",Failed: NameError: name 'data1' is not defined,True,0.0,0.0,0.0,,,,[],True,0.0,0.0,[],True,0.0,0.0,0.0,0.0,0.0,[]
DS1000,DS0820,"
import pandas as pd
import numpy as np
from sklearn.datasets import load_iris
data = test_input
def solve(data):
import pandas as pd
import numpy as np
from sklearn.datasets import load_iris
data = load_iris()
data1 = pd.DataFrame(data.data, columns=data.feature_names)
result = data1
data1 = solve(data)
result = data1
","# def solve(data):
    ### BEGIN SOLUTION
    result = pd.DataFrame(data=np.c_[data['data'], data['target']], columns=data['feature_names'] + ['target'])
    ### END SOLUTION
    # return result
# data1 = solve(data)

    return result
","Failed: IndentationError: expected an indented block after function definition on line 6 (<string>, line 7)",False,0.0,1.0,0.0,IndentationError,7.0,"expected an indented block after function definition on line 6 (<unknown>, line 7)",[],False,0.0,0.0,[],False,0.0,0.0,0.0,0.0,0.0,[]
DS1000,DS0821,"
import pandas as pd
import numpy as np
import sklearn
df = test_input
df_out = pd.get_dummies(df['Col3'], prefix='Apple', prefix_sep='_')
result = pd.concat([df[['Col1', 'Col2']], df_out], axis=1)
result = df_out
","from sklearn.preprocessing import MultiLabelBinarizer

mlb = MultiLabelBinarizer()

df_out = df.join(
    pd.DataFrame(
        mlb.fit_transform(df.pop('Col3')),
        index=df.index,
        columns=mlb.classes_))",Failed: TypeError: unhashable type: 'list',True,0.0,0.0,0.0,,,,[],True,0.0,0.0,[],True,0.0,0.0,0.0,0.0,0.0,[]
DS1000,DS0822,"
import pandas as pd
import numpy as np
import sklearn
df = test_input
df_out = df.join(df['Col3'].str.get_dummies(sep=', ')).drop('Col3', axis=1)
result = df_out
","from sklearn.preprocessing import MultiLabelBinarizer

mlb = MultiLabelBinarizer()

df_out = df.join(
    pd.DataFrame(
        mlb.fit_transform(df.pop('Col3')),
        index=df.index,
        columns=mlb.classes_))",Failed: Logic Error (Assertion failed),True,0.0,0.0,0.0,,,,[],True,0.0,0.0,[],True,0.0,0.0,0.0,0.0,0.0,[]
DS1000,DS0823,"
import pandas as pd
import numpy as np
import sklearn
df = test_input
df_out = pd.get_dummies(df, columns=[df.columns[-1]], prefix='', prefix_sep='')
result = df_out
","from sklearn.preprocessing import MultiLabelBinarizer

mlb = MultiLabelBinarizer()

df_out = df.join(
    pd.DataFrame(
        mlb.fit_transform(df.pop('Col4')),
        index=df.index,
        columns=mlb.classes_))",Failed: TypeError: unhashable type: 'list',True,0.0,0.0,0.0,,,,[],True,0.0,0.0,[],True,0.0,0.0,0.0,0.0,0.0,[]
DS1000,DS0824,"
import pandas as pd
import numpy as np
import sklearn
df = test_input
df_out = pd.get_dummies(df, columns=[df.columns[-1]], prefix=df.columns[-1])
result = df_out
","from sklearn.preprocessing import MultiLabelBinarizer

mlb = MultiLabelBinarizer()

df_out = df.join(
    pd.DataFrame(
        mlb.fit_transform(df.pop(df.columns[-1])),
        index=df.index,
        columns=mlb.classes_))",Failed: TypeError: unhashable type: 'list',True,0.0,0.0,0.0,,,,[],True,0.0,0.0,[],True,0.0,0.0,0.0,0.0,0.0,[]
DS1000,DS0825,"
import pandas as pd
import numpy as np
import sklearn
df = test_input
df_out = pd.get_dummies(df, columns=[df.columns[-1]], prefix=df.columns[-1])
result = df_out
","from sklearn.preprocessing import MultiLabelBinarizer

mlb = MultiLabelBinarizer()

df_out = df.join(
    pd.DataFrame(
        mlb.fit_transform(df.pop(df.columns[-1])),
        index=df.index,
        columns=mlb.classes_))
for idx in df_out.index:
    for col in mlb.classes_:
        df_out.loc[idx, col] = 1 - df_out.loc[idx, col]",Failed: TypeError: unhashable type: 'list',True,0.0,0.0,0.0,,,,[],True,0.0,0.0,[],True,0.0,0.0,0.0,0.0,0.0,[]
DS1000,DS0826,"
import pandas as pd
import numpy as np
import sklearn.svm as suppmach
X, y, x_test = test_input
svmmodel=suppmach.LinearSVC(random_state=42)
result = 1 / (1 + np.exp(-predicted_test_scores))
result = proba
","from sklearn.calibration import CalibratedClassifierCV

calibrated_svc = CalibratedClassifierCV(svmmodel, cv=5, method='sigmoid')
calibrated_svc.fit(X, y)
proba = calibrated_svc.predict_proba(x_test)",Failed: NameError: name 'predicted_test_scores' is not defined,True,0.0,0.0,0.0,,,,[],True,0.0,0.0,[],True,0.0,0.0,0.0,0.0,0.0,[]
DS1000,DS0827,"
import pandas as pd
import numpy as np
from sklearn import svm
X, y, x_predict = test_input
model = svm.LinearSVC(random_state=42)
result = model.predict_proba(x_predict)[:, 1]
result = proba
","from sklearn.calibration import CalibratedClassifierCV

calibrated_svc = CalibratedClassifierCV(model, cv=5, method='sigmoid')
calibrated_svc.fit(X, y)
proba = calibrated_svc.predict_proba(x_predict)",Failed: AttributeError: 'LinearSVC' object has no attribute 'predict_proba',True,0.0,0.0,0.0,,,,[],True,0.0,0.0,[],True,0.0,0.0,0.0,0.0,0.0,[]
DS1000,DS0828,"
import pandas as pd
import numpy as np
from scipy.sparse import csr_matrix
df_origin, transform_output = test_input
result = pd.concat([df_origin, pd.DataFrame(transform_output.toarray())], axis=1)
result = df
","df = pd.concat([df_origin, pd.DataFrame(transform_output.toarray())], axis=1)",Failed: NameError: name 'df' is not defined,True,0.0,0.0,0.0,,,,[],True,0.0,0.0,[],True,0.0,0.0,0.0,0.0,0.0,[]
DS1000,DS0829,"
import pandas as pd
import numpy as np
from scipy.sparse import csr_matrix
df_origin, transform_output = test_input
result = pd.concat([df_origin, pd.DataFrame(transform_output.toarray())], axis=1)
result = df
","df = pd.concat([df_origin, pd.DataFrame(transform_output.toarray())], axis=1)",Failed: NameError: name 'df' is not defined,True,0.0,0.0,0.0,,,,[],True,0.0,0.0,[],True,0.0,0.0,0.0,0.0,0.0,[]
DS1000,DS0830,"
import pandas as pd
import numpy as np
from scipy.sparse import csr_matrix
df_origin, transform_output = test_input
def solve(df, transform_output):
df = pd.DataFrame(transform_output.toarray(), columns=transform_output.get_feature_names_out())
df = solve(df_origin, transform_output)
result = df
","# def solve(df, transform_output):
    ### BEGIN SOLUTION
    result = pd.concat([df, pd.DataFrame(transform_output.toarray())], axis=1)
    ### END SOLUTION
    # return result
# df = solve(df_origin, transform_output)

    return result
","Failed: IndentationError: expected an indented block after function definition on line 6 (<string>, line 7)",False,0.0,1.0,0.0,IndentationError,7.0,"expected an indented block after function definition on line 6 (<unknown>, line 7)",[],False,0.0,0.0,[],False,0.0,0.0,0.0,0.0,0.0,[]
DS1000,DS0831,"
import pandas as pd
import numpy as np
from sklearn.pipeline import Pipeline
from sklearn.svm import SVC
from sklearn.decomposition import PCA
from sklearn.preprocessing import PolynomialFeatures
estimators = test_input
clf = Pipeline(estimators)
result = len(clf.named_steps)
result = len(clf.steps)
",clf.steps.pop(-1),Failed: Logic Error (Assertion failed),True,0.0,0.0,0.0,,,,[],True,0.0,0.0,[],True,0.0,0.0,0.0,0.0,0.0,[]
DS1000,DS0832,"
import pandas as pd
import numpy as np
from sklearn.pipeline import Pipeline
from sklearn.svm import SVC
from sklearn.decomposition import PCA
from sklearn.preprocessing import PolynomialFeatures
estimators = test_input
clf = Pipeline(estimators)
result = len(clf.named_steps)
result = len(clf.steps)
",clf.steps.pop(-1),Failed: Logic Error (Assertion failed),True,0.0,0.0,0.0,,,,[],True,0.0,0.0,[],True,0.0,0.0,0.0,0.0,0.0,[]
DS1000,DS0833,"
import pandas as pd
import numpy as np
from sklearn.pipeline import Pipeline
from sklearn.svm import SVC
from sklearn.decomposition import PCA
from sklearn.preprocessing import PolynomialFeatures
estimators = test_input
clf = Pipeline(estimators)
result = clf.named_steps
result = str(clf.named_steps)
",clf.steps.pop(1),Failed: Logic Error (Assertion failed),True,0.0,0.0,0.0,,,,[],True,0.0,0.0,[],True,0.0,0.0,0.0,0.0,0.0,[]
DS1000,DS0834,"
import pandas as pd
import numpy as np
from sklearn.pipeline import Pipeline
from sklearn.svm import SVC
from sklearn.decomposition import PCA
from sklearn.preprocessing import PolynomialFeatures
estimators = test_input
clf = Pipeline(estimators)
result = len(clf.named_steps)
result = len(clf.steps)
","clf.steps.insert(0, ('reduce_dim', PCA()))",Failed: Logic Error (Assertion failed),True,0.0,0.0,0.0,,,,[],True,0.0,0.0,[],True,0.0,0.0,0.0,0.0,0.0,[]
DS1000,DS0835,"
import pandas as pd
import numpy as np
from sklearn.pipeline import Pipeline
from sklearn.svm import SVC
from sklearn.decomposition import PCA
from sklearn.preprocessing import PolynomialFeatures
estimators = test_input
clf = Pipeline(estimators)
result = len(clf.named_steps)
result = len(clf.steps)
","clf.steps.insert(0, ('reduce_dim', PCA()))",Failed: Logic Error (Assertion failed),True,0.0,0.0,0.0,,,,[],True,0.0,0.0,[],True,0.0,0.0,0.0,0.0,0.0,[]
DS1000,DS0836,"
import pandas as pd
import numpy as np
from sklearn.pipeline import Pipeline
from sklearn.svm import SVC
from sklearn.decomposition import PCA
from sklearn.preprocessing import PolynomialFeatures
estimators = test_input
clf = Pipeline(estimators)
result = clf.named_steps
result = str(clf.named_steps)
","clf.steps.insert(2, ('t1919810', PCA()))",Failed: Logic Error (Assertion failed),True,0.0,0.0,0.0,,,,[],True,0.0,0.0,[],True,0.0,0.0,0.0,0.0,0.0,[]
DS1000,DS0837,"
import pandas as pd
import numpy as np
import xgboost.sklearn as xgb
from sklearn.model_selection import GridSearchCV
from sklearn.model_selection import TimeSeriesSplit
gridsearch, testX, testY, trainX, trainY = test_input
gridsearch.fit(trainX, trainY, eval_set=[(testX, testY)], eval_metric='mae', early_stopping_rounds=42)
b = gridsearch.score(trainX, trainY)
c = gridsearch.predict(trainX)
result = (b, c)
","fit_params = {""early_stopping_rounds"": 42,
              ""eval_metric"": ""mae"",
              ""eval_set"": [[testX, testY]]}
gridsearch.fit(trainX, trainY, **fit_params)","Failed: ValueError: 
All the 4 fits failed.
It is very likely that your model is misconfigured.
You can try to debug the error by setting error_score='raise'.

Below are more details about the failures:
--------------------------------------------------------------------------------
4 fits failed with the following error:
Traceback (most recent call last):
  File ""/usr/local/lib/python3.12/dist-packages/sklearn/model_selection/_validation.py"", line 866, in _fit_and_score
    estimator.fit(X_train, y_train, **fit_params)
  File ""/usr/local/lib/python3.12/dist-packages/xgboost/core.py"", line 774, in inner_f
    return func(**kwargs)
           ^^^^^^^^^^^^^^
TypeError: XGBModel.fit() got an unexpected keyword argument 'early_stopping_rounds'
",True,0.0,0.0,0.0,,,,[],True,0.0,0.0,[],True,0.0,0.0,0.0,1.0,1.0,"[{'type': 'module_not_found', 'module': 'xgboost.sklearn', 'line': 4}]"
DS1000,DS0838,"
import pandas as pd
import numpy as np
import xgboost.sklearn as xgb
from sklearn.model_selection import GridSearchCV
from sklearn.model_selection import TimeSeriesSplit
gridsearch, testX, testY, trainX, trainY = test_input
gridsearch.fit(trainX, trainY, eval_set=[(testX, testY)], eval_metric=""mae"", early_stopping_rounds=42)
b = gridsearch.score(trainX, trainY)
c = gridsearch.predict(trainX)
result = (b, c)
","fit_params = {""early_stopping_rounds"": 42,
              ""eval_metric"": ""mae"",
              ""eval_set"": [[testX, testY]]}
gridsearch.fit(trainX, trainY, **fit_params)","Failed: ValueError: 
All the 4 fits failed.
It is very likely that your model is misconfigured.
You can try to debug the error by setting error_score='raise'.

Below are more details about the failures:
--------------------------------------------------------------------------------
4 fits failed with the following error:
Traceback (most recent call last):
  File ""/usr/local/lib/python3.12/dist-packages/sklearn/model_selection/_validation.py"", line 866, in _fit_and_score
    estimator.fit(X_train, y_train, **fit_params)
  File ""/usr/local/lib/python3.12/dist-packages/xgboost/core.py"", line 774, in inner_f
    return func(**kwargs)
           ^^^^^^^^^^^^^^
TypeError: XGBModel.fit() got an unexpected keyword argument 'early_stopping_rounds'
",True,0.0,0.0,0.0,,,,[],True,0.0,0.0,[],True,0.0,0.0,0.0,1.0,1.0,"[{'type': 'module_not_found', 'module': 'xgboost.sklearn', 'line': 4}]"
DS1000,DS0839,"
import pandas as pd
import numpy as np
from sklearn.linear_model import LogisticRegression
from sklearn.model_selection import StratifiedKFold
X, y = test_input
cv = StratifiedKFold(5).split(X, y)
logreg = LogisticRegression(random_state=42)
result = logreg.fit(X, y).predict_proba(X)[:, 1]
result = proba
","from sklearn.model_selection import cross_val_predict

proba = cross_val_predict(logreg, X, y, cv=cv, method='predict_proba')",Failed: NameError: name 'proba' is not defined,True,0.0,0.0,0.0,,,,[],True,0.0,0.0,[],True,0.0,0.0,0.0,0.0,0.0,[]
DS1000,DS0840,"
import pandas as pd
import numpy as np
from sklearn.linear_model import LogisticRegression
from sklearn.model_selection import StratifiedKFold
X, y = test_input
cv = StratifiedKFold(5).split(X, y)
logreg = LogisticRegression(random_state=42)
result = logreg.fit(X, y).predict_proba(X)[:, 1]
result = proba
","from sklearn.model_selection import cross_val_predict

proba = cross_val_predict(logreg, X, y, cv=cv, method='predict_proba')",Failed: NameError: name 'proba' is not defined,True,0.0,0.0,0.0,,,,[],True,0.0,0.0,[],True,0.0,0.0,0.0,0.0,0.0,[]
DS1000,DS0841,"
import pandas as pd
import numpy as np
from sklearn.preprocessing import StandardScaler
data = test_input
scaler = StandardScaler()
scaler.fit(data)
scaled = scaler.transform(data)
inversed = scaler.inverse_transform(scaled)
result = inversed
result = inversed
",inversed = scaler.inverse_transform(scaled),Passed,True,0.0,0.0,0.0,,,,[],True,0.0,0.0,[],True,0.0,0.0,0.0,0.0,0.0,[]
DS1000,DS0842,"
import pandas as pd
import numpy as np
from sklearn.preprocessing import StandardScaler
data = test_input
scaler = StandardScaler()
scaler.fit(data)
scaled = scaler.transform(data)
def solve(data, scaler, scaled):
result = scaler.inverse_transform(scaled)
inversed = solve(data, scaler, scaled)
result = inversed
","# def solve(data, scaler, scaled):
    ### BEGIN SOLUTION
    inversed = scaler.inverse_transform(scaled)
    ### END SOLUTION
    # return inversed
# inversed = solve(data, scaler, scaled)

    return inversed
","Failed: IndentationError: expected an indented block after function definition on line 9 (<string>, line 10)",False,0.0,1.0,0.0,IndentationError,10.0,"expected an indented block after function definition on line 9 (<unknown>, line 10)",[],False,0.0,0.0,[],False,0.0,0.0,0.0,0.0,0.0,[]
DS1000,DS0843,"
import pandas as pd
import numpy as np
from sklearn.linear_model import LinearRegression
model = test_input
result = [model.__class__.__name__ for model in models]
result = model_name
",model_name = type(model).__name__,Failed: NameError: name 'models' is not defined,True,0.0,0.0,0.0,,,,[],True,0.0,0.0,[],True,0.0,0.0,0.0,0.0,0.0,[]
DS1000,DS0844,"
import pandas as pd
import numpy as np
from sklearn.linear_model import LinearRegression
model = test_input
result = [model.__class__.__name__ for model in models]
result = model_name
",model_name = type(model).__name__,Failed: NameError: name 'models' is not defined,True,0.0,0.0,0.0,,,,[],True,0.0,0.0,[],True,0.0,0.0,0.0,0.0,0.0,[]
DS1000,DS0845,"
import pandas as pd
import numpy as np
from sklearn.svm import LinearSVC
model = test_input
result = pd.DataFrame({'Model': [model.__class__.__name__ for model in models], 'Mean Score': cross_val_score(model, X, y, cv=5).mean() for model in models})
result = model_name
",model_name = type(model).__name__,"Failed: SyntaxError: invalid syntax (<string>, line 6)",False,1.0,0.0,0.0,SyntaxError,6.0,"invalid syntax (<unknown>, line 6)",[],False,0.0,0.0,[],False,0.0,0.0,0.0,0.0,0.0,[]
DS1000,DS0846,"
import pandas as pd
import numpy as np
from sklearn.feature_extraction.text import TfidfVectorizer
from sklearn.decomposition import NMF
from sklearn.pipeline import Pipeline
data = test_input
pipe = Pipeline([
    (""tf_idf"", TfidfVectorizer()),
    (""nmf"", NMF())
])
tf_idf_out = pipe.named_steps[""tf_idf""].transform(data.test)
result = tf_idf_out
","pipe.fit_transform(data.test)
tf_idf_out = pipe.named_steps['tf_idf'].transform(data.test)",Failed: NotFittedError: The TF-IDF vectorizer is not fitted,True,0.0,0.0,0.0,,,,[],True,0.0,0.0,[],True,0.0,0.0,0.0,0.0,0.0,[]
DS1000,DS0847,"
import pandas as pd
import numpy as np
from sklearn.feature_extraction.text import TfidfVectorizer
from sklearn.decomposition import NMF
from sklearn.pipeline import Pipeline
data = test_input
pipe = Pipeline([
    (""tf_idf"", TfidfVectorizer()),
    (""nmf"", NMF())
])
result = pipe.named_steps['tf_idf'].transform(data.test)
result = tf_idf_out
","pipe.fit_transform(data.test)
tf_idf_out = pipe.named_steps['tf_idf'].transform(data.test)",Failed: NotFittedError: The TF-IDF vectorizer is not fitted,True,0.0,0.0,0.0,,,,[],True,0.0,0.0,[],True,0.0,0.0,0.0,0.0,0.0,[]
DS1000,DS0848,"
import pandas as pd
import numpy as np
from sklearn.feature_selection import SelectKBest
from sklearn.linear_model import LogisticRegression
from sklearn.pipeline import Pipeline
data, target = test_input
pipe = Pipeline(steps=[
    ('select', SelectKBest(k=2)),
    ('clf', LogisticRegression())]
)
result = pipe.named_steps['select'].transform(data)
result = select_out
","select_out = pipe.named_steps['select'].fit_transform(data, target)",Failed: NotFittedError: This SelectKBest instance is not fitted yet. Call 'fit' with appropriate arguments before using this estimator.,True,0.0,0.0,0.0,,,,[],True,0.0,0.0,[],True,0.0,0.0,0.0,0.0,0.0,[]
DS1000,DS0849,"
import pandas as pd
import numpy as np
from sklearn.ensemble import BaggingClassifier
from sklearn.model_selection import GridSearchCV
from sklearn.tree import DecisionTreeClassifier
X_train, y_train = test_input
X_test = X_train
param_grid = {
    'estimator__max_depth': [1, 2, 3, 4, 5],
    'max_samples': [0.05, 0.1, 0.2, 0.5]
}
dt = DecisionTreeClassifier(max_depth=1, random_state=42)
bc = BaggingClassifier(dt, n_estimators=20, max_samples=0.5, max_features=0.5, random_state=42)
grid_search = GridSearchCV(bc, param_grid, cv=5, scoring='accuracy')
grid_search.fit(X_train, y_train)
clf = grid_search.best_estimator_
proba = clf.predict_proba(X_test)
result = proba
","clf = GridSearchCV(bc, param_grid)
clf.fit(X_train, y_train)
",Passed,True,0.0,0.0,0.0,,,,[],True,0.0,0.0,[],True,0.0,0.0,0.0,0.0,0.0,[]
DS1000,DS0850,"
import pandas as pd
import numpy as np
from sklearn.ensemble import RandomForestRegressor
X, y, X_test = test_input
result = regressor.predict(X_test)
predict = regressor.predict(X_test)
result = predict
","regressor = RandomForestRegressor(n_estimators=150, min_samples_split=1.0, random_state=42)
regressor.fit(X.reshape(-1, 1), y)",Failed: NameError: name 'regressor' is not defined,True,0.0,0.0,0.0,,,,[],True,0.0,0.0,[],True,0.0,0.0,0.0,0.0,0.0,[]
DS1000,DS0851,"
import pandas as pd
import numpy as np
from sklearn.ensemble import RandomForestRegressor
X, y, X_test = test_input
result = regressor.predict(X_test)
predict = regressor.predict(X_test)
result = predict
","regressor = RandomForestRegressor(n_estimators=150, min_samples_split=1.0, random_state=42)
regressor.fit(X.reshape(-1, 1), y)",Failed: NameError: name 'regressor' is not defined,True,0.0,0.0,0.0,,,,[],True,0.0,0.0,[],True,0.0,0.0,0.0,0.0,0.0,[]
DS1000,DS0852,"
import pandas as pd
import numpy as np
from sklearn.feature_extraction.text import TfidfVectorizer
result = TfidfVectorizer(preprocessor=preprocess).fit_transform([""asdfASDFASDFWEQRqwerASDFAqwerASDFASDF""])
result = None
assert preprocess(""asdfASDFASDFWEQRqwerASDFAqwerASDFASDF"") == ""ASDFASDFASDFWEQRQWERASDFAQWERASDFASDF""
assert preprocess == tfidf.preprocessor
","def preprocess(s):
    return s.upper()


tfidf = TfidfVectorizer(preprocessor=preprocess)
",Failed: NameError: name 'preprocess' is not defined,True,0.0,0.0,0.0,,,,[],True,0.0,0.0,[],True,0.0,0.0,0.0,0.0,0.0,[]
DS1000,DS0853,"
import pandas as pd
import numpy as np
from sklearn.feature_extraction.text import TfidfVectorizer
result = TfidfVectorizer(preprocessor=lambda x: x.lower()).fit_transform([""asdfASDFASDFWEQRqwerASDFAqwerASDFASDF""])
result = None
assert prePro(""asdfASDFASDFWEQRqwerASDFAqwerASDFASDF"") == ""asdfasdfasdfweqrqwerasdfaqwerasdfasdf""
assert prePro == tfidf.preprocessor
","def prePro(s):
    return s.lower()


tfidf = TfidfVectorizer(preprocessor=prePro)
",Failed: NameError: name 'prePro' is not defined,True,0.0,0.0,0.0,,,,[],True,0.0,0.0,[],True,0.0,0.0,0.0,0.0,0.0,[]
DS1000,DS0854,"
import pandas as pd
import numpy as np
from sklearn import preprocessing
data = test_input
df_out = pd.DataFrame(preprocessing.scale(data.values), index=data.index, columns=data.columns)
result = df_out
","df_out = pd.DataFrame(preprocessing.scale(data), index=data.index, columns=data.columns)",Passed,True,0.0,0.0,0.0,,,,[],True,0.0,0.0,[],True,0.0,0.0,0.0,0.0,0.0,[]
DS1000,DS0855,"
import pandas as pd
import numpy as np
from sklearn import preprocessing
data = test_input
from sklearn.preprocessing import StandardScaler

scaler = StandardScaler()
df_out = scaler.fit_transform(data)
result = df_out
","df_out = pd.DataFrame(preprocessing.scale(data), index=data.index, columns=data.columns)",Failed: Logic Error (Assertion failed),True,0.0,0.0,0.0,,,,[],True,0.0,0.0,[],True,0.0,0.0,0.0,0.0,0.0,[]
DS1000,DS0856,"
import pandas as pd
import numpy as np
from sklearn.linear_model import SGDClassifier
from sklearn.model_selection import GridSearchCV
from sklearn.pipeline import Pipeline
from sklearn.preprocessing import StandardScaler
pipe = Pipeline([
    (""scale"", StandardScaler()),
    (""model"", SGDClassifier(random_state=42))
])
grid = GridSearchCV(pipe, param_grid={""model__alpha"": [1e-3, 1e-2, 1e-1, 1]}, cv=5)
X, y = test_input
result = grid.best_estimator_.named_steps['model'].coef_
result = coef
","grid.fit(X, y)
coef = grid.best_estimator_.named_steps['model'].coef_
",Failed: AttributeError: 'GridSearchCV' object has no attribute 'best_estimator_',True,0.0,0.0,0.0,,,,[],True,0.0,0.0,[],True,0.0,0.0,0.0,0.0,0.0,[]
DS1000,DS0857,"
import pandas as pd
import numpy as np
from sklearn.linear_model import RidgeClassifier
from sklearn.model_selection import GridSearchCV
from sklearn.pipeline import Pipeline
from sklearn.preprocessing import StandardScaler
X, y = test_input
pipe = Pipeline([
    (""scale"", StandardScaler()),
    (""model"", RidgeClassifier(random_state=24))
])
grid = GridSearchCV(pipe, param_grid={""model__alpha"": [2e-4, 3e-3, 4e-2, 5e-1]}, cv=7)
result = grid.best_estimator_.named_steps['model'].coef_
result = coef
","grid.fit(X, y)
coef = grid.best_estimator_.named_steps['model'].coef_
",Failed: AttributeError: 'GridSearchCV' object has no attribute 'best_estimator_',True,0.0,0.0,0.0,,,,[],True,0.0,0.0,[],True,0.0,0.0,0.0,0.0,0.0,[]
DS1000,DS0858,"
import pandas as pd
import numpy as np
from sklearn.ensemble import ExtraTreesClassifier
from sklearn.feature_selection import SelectFromModel
X, y = test_input
clf = ExtraTreesClassifier(random_state=42)
clf = clf.fit(X, y)
result = X.columns[model.get_support()]
result = column_names
","model = SelectFromModel(clf, prefit=True)
column_names = X.columns[model.get_support()]",Failed: NameError: name 'model' is not defined,True,0.0,0.0,0.0,,,,[],True,0.0,0.0,[],True,0.0,0.0,0.0,0.0,0.0,[]
DS1000,DS0859,"
import pandas as pd
import numpy as np
from sklearn.ensemble import ExtraTreesClassifier
from sklearn.feature_selection import SelectFromModel
X, y = test_input
clf = ExtraTreesClassifier(random_state=42)
clf = clf.fit(X, y)
result = X.columns[model.get_support()]
result = column_names
","model = SelectFromModel(clf, prefit=True)
column_names = X.columns[model.get_support()]",Failed: NameError: name 'model' is not defined,True,0.0,0.0,0.0,,,,[],True,0.0,0.0,[],True,0.0,0.0,0.0,0.0,0.0,[]
DS1000,DS0860,"
import pandas as pd
import numpy as np
from sklearn.ensemble import ExtraTreesClassifier
from sklearn.feature_selection import SelectFromModel
X, y = test_input
clf = ExtraTreesClassifier(random_state=42)
clf = clf.fit(X, y)
result = X.columns[model.get_support()]
result = column_names
","model = SelectFromModel(clf, prefit=True)
column_names = X.columns[model.get_support()]",Failed: NameError: name 'model' is not defined,True,0.0,0.0,0.0,,,,[],True,0.0,0.0,[],True,0.0,0.0,0.0,0.0,0.0,[]
DS1000,DS0861,"
import pandas as pd
import numpy as np
from sklearn.ensemble import ExtraTreesClassifier
from sklearn.feature_selection import SelectFromModel
X, y = test_input
clf = ExtraTreesClassifier(random_state=42)
clf = clf.fit(X, y)
result = X_new.columns.tolist()
result = column_names
","model = SelectFromModel(clf, prefit=True)
column_names = list(X.columns[model.get_support()])",Failed: NameError: name 'X_new' is not defined,True,0.0,0.0,0.0,,,,[],True,0.0,0.0,[],True,0.0,0.0,0.0,0.0,0.0,[]
DS1000,DS0862,"
import pandas as pd
import numpy as np
from sklearn.cluster import KMeans
p, X = test_input
km = KMeans(n_clusters=8, random_state=42)
result = X[np.argsort(km.transform(X))[p][:50]]
result = closest_50_samples
","km.fit(X)
d = km.transform(X)[:, p]
indexes = np.argsort(d)[::][:50]
closest_50_samples = X[indexes]",Failed: NotFittedError: This KMeans instance is not fitted yet. Call 'fit' with appropriate arguments before using this estimator.,True,0.0,0.0,0.0,,,,[],True,0.0,0.0,[],True,0.0,0.0,0.0,0.0,0.0,[]
DS1000,DS0863,"
import pandas as pd
import numpy as np
from sklearn.cluster import KMeans
p, X = test_input
km = KMeans(n_clusters=8, random_state=42)
closest_50_samples = X[np.argsort(km.transform(X))[p][:50]]
result = closest_50_samples
","km.fit(X)
d = km.transform(X)[:, p]
indexes = np.argsort(d)[::][:50]
closest_50_samples = X[indexes]",Failed: NotFittedError: This KMeans instance is not fitted yet. Call 'fit' with appropriate arguments before using this estimator.,True,0.0,0.0,0.0,,,,[],True,0.0,0.0,[],True,0.0,0.0,0.0,0.0,0.0,[]
DS1000,DS0864,"
import pandas as pd
import numpy as np
from sklearn.cluster import KMeans
p, X = test_input
km = KMeans(n_clusters=8, random_state=42)
result = X[np.argsort(km.transform(X))[:, -100:]]
result = closest_100_samples
","km.fit(X)
d = km.transform(X)[:, p]
indexes = np.argsort(d)[::][:100]
closest_100_samples = X[indexes]",Failed: NotFittedError: This KMeans instance is not fitted yet. Call 'fit' with appropriate arguments before using this estimator.,True,0.0,0.0,0.0,,,,[],True,0.0,0.0,[],True,0.0,0.0,0.0,0.0,0.0,[]
DS1000,DS0865,"
import pandas as pd
import numpy as np
from sklearn.cluster import KMeans
p, X = test_input
km = KMeans(n_clusters=8, random_state=42)
def get_samples(p, X, km):
closest_50_samples = X[np.argsort(km.transform(X))[:, -1].argsort()[:50]]
closest_50_samples = get_samples(p, X, km)
result = closest_50_samples
","# def get_samples(p, X, km):
    # calculate the closest 50 samples
    ### BEGIN SOLUTION
    km.fit(X)
    d = km.transform(X)[:, p]
    indexes = np.argsort(d)[::][:50]
    samples = X[indexes]
    ### END SOLUTION
    # return samples
# closest_50_samples = get_samples(p, X, km)

    return samples
","Failed: IndentationError: expected an indented block after function definition on line 7 (<string>, line 8)",False,0.0,1.0,0.0,IndentationError,8.0,"expected an indented block after function definition on line 7 (<unknown>, line 8)",[],False,0.0,0.0,[],False,0.0,0.0,0.0,0.0,0.0,[]
DS1000,DS0866,"
import pandas as pd
import numpy as np
from sklearn import datasets
from sklearn.ensemble import GradientBoostingClassifier
X_train, y_train = test_input
X_train[0] = ['a'] * 40 + ['b'] * 40
X_train = pd.get_dummies(X_train, columns=[0])
clf = GradientBoostingClassifier(learning_rate=0.01, max_depth=8, n_estimators=50).fit(X_train, y_train)
result = X_train
","catVar = pd.get_dummies(X_train[0]).to_numpy()
X_train = np.concatenate((X_train.iloc[:, 1:], catVar), axis=1)
","Failed: TypeError: Feature names are only supported if all input features have string names, but your input has ['int', 'str'] as feature name / column name types. If you want feature names to be stored and validated, you must convert them all to strings, by using X.columns = X.columns.astype(str) for example. Otherwise you can remove feature / column names from your input data, or convert them all to a non-string data type.",True,0.0,0.0,0.0,,,,[],True,0.0,0.0,[],True,0.0,0.0,0.0,0.0,0.0,[]
DS1000,DS0867,"
import pandas as pd
import numpy as np
from sklearn import datasets
from sklearn.ensemble import GradientBoostingClassifier
X_train, y_train = test_input
X_train[0] = ['a'] * 40 + ['b'] * 40
X_train = pd.get_dummies(X_train)
clf = GradientBoostingClassifier(learning_rate=0.01, max_depth=8, n_estimators=50).fit(X_train, y_train)
result = X_train
","catVar = pd.get_dummies(X_train[0]).to_numpy()
X_train = np.concatenate((X_train.iloc[:, 1:], catVar), axis=1)
","Failed: TypeError: Feature names are only supported if all input features have string names, but your input has ['int', 'str'] as feature name / column name types. If you want feature names to be stored and validated, you must convert them all to strings, by using X.columns = X.columns.astype(str) for example. Otherwise you can remove feature / column names from your input data, or convert them all to a non-string data type.",True,0.0,0.0,0.0,,,,[],True,0.0,0.0,[],True,0.0,0.0,0.0,0.0,0.0,[]
DS1000,DS0868,"
import pandas as pd
import numpy as np
import sklearn
X, y = test_input
from sklearn.svm import SVR

result = SVR(kernel='rbf').fit(X, y).predict(X)
result = predict
","from sklearn.svm import SVR

svr_rbf = SVR(kernel='rbf')
svr_rbf.fit(X, y)
predict = svr_rbf.predict(X)",Failed: NameError: name 'predict' is not defined,True,0.0,0.0,0.0,,,,[],True,0.0,0.0,[],True,0.0,0.0,0.0,0.0,0.0,[]
DS1000,DS0869,"
import pandas as pd
import numpy as np
import sklearn
X, y = test_input
from sklearn.svm import SVR

result = SVR(kernel='rbf').fit(X, y).predict(X)
result = predict
","from sklearn.svm import SVR

svr_rbf = SVR(kernel='rbf')
svr_rbf.fit(X, y)
predict = svr_rbf.predict(X)",Failed: NameError: name 'predict' is not defined,True,0.0,0.0,0.0,,,,[],True,0.0,0.0,[],True,0.0,0.0,0.0,0.0,0.0,[]
DS1000,DS0870,"
import pandas as pd
import numpy as np
import sklearn
X, y = test_input
from sklearn.svm import SVR

result = SVR(kernel='poly', degree=2).fit(X, y).predict(X)
result = predict
","from sklearn.svm import SVR

svr_poly = SVR(kernel='poly', degree=2)
svr_poly.fit(X, y)
predict = svr_poly.predict(X)
",Failed: NameError: name 'predict' is not defined,True,0.0,0.0,0.0,,,,[],True,0.0,0.0,[],True,0.0,0.0,0.0,0.0,0.0,[]
DS1000,DS0871,"
import pandas as pd
import numpy as np
import sklearn
X, y = test_input
from sklearn.svm import SVR

result = SVR(kernel='poly', degree=2).fit(X, y).predict(X)
result = predict
","from sklearn.svm import SVR

svr_poly = SVR(kernel='poly', degree=2)
svr_poly.fit(X, y)
predict = svr_poly.predict(X)
",Failed: NameError: name 'predict' is not defined,True,0.0,0.0,0.0,,,,[],True,0.0,0.0,[],True,0.0,0.0,0.0,0.0,0.0,[]
DS1000,DS0872,"
import pandas as pd
import numpy as np
from sklearn.feature_extraction.text import TfidfVectorizer
queries, documents = test_input
tfidf = TfidfVectorizer()
tfidf.fit_transform(documents)
result = tfidf.transform(queries).dot(tfidf.transform(documents).T).toarray()
result = cosine_similarities_of_queries
","from sklearn.metrics.pairwise import cosine_similarity

cosine_similarities_of_queries = []
for query in queries:
    query_tfidf = tfidf.transform([query])
    cosine_similarities_of_queries.append(cosine_similarity(query_tfidf, tfidf.transform(documents)).flatten())
",Failed: NameError: name 'cosine_similarities_of_queries' is not defined,True,0.0,0.0,0.0,,,,[],True,0.0,0.0,[],True,0.0,0.0,0.0,0.0,0.0,[]
DS1000,DS0873,"
import pandas as pd
import numpy as np
from sklearn.feature_extraction.text import TfidfVectorizer
queries, documents = test_input
tfidf = TfidfVectorizer()
tfidf.fit_transform(documents)
result = tfidf.transform(queries).dot(tfidf.transform(documents).T).toarray()
result = cosine_similarities_of_queries
","from sklearn.metrics.pairwise import cosine_similarity

cosine_similarities_of_queries = []
for query in queries:
    query_tfidf = tfidf.transform([query])
    cosine_similarities_of_queries.append(cosine_similarity(query_tfidf, tfidf.transform(documents)).flatten())
",Failed: NameError: name 'cosine_similarities_of_queries' is not defined,True,0.0,0.0,0.0,,,,[],True,0.0,0.0,[],True,0.0,0.0,0.0,0.0,0.0,[]
DS1000,DS0874,"
import pandas as pd
import numpy as np
from sklearn.feature_extraction.text import TfidfVectorizer
queries, documents = test_input
def solve(queries, documents):
    tfidf = TfidfVectorizer()
    tfidf.fit_transform(documents)
cosine_similarities_of_queries = cosine_similarity(tfidf.transform(queries), tfidf.transform(documents))
cosine_similarities_of_queries = solve(queries, documents)
result = cosine_similarities_of_queries
","# def solve(queries, documents):
    ### BEGIN SOLUTION
    from sklearn.metrics.pairwise import cosine_similarity

    cosine_similarities_of_queries = []
    for query in queries:
        query_tfidf = tfidf.transform([query])
        cosine_similarities_of_queries.append(cosine_similarity(query_tfidf, tfidf.transform(documents)).flatten())
    ### END SOLUTION
    # return cosine_similarities_of_queries
# cosine_similarities_of_queries = solve(queries, documents)


    return cosine_similarities_of_queries
",Failed: NameError: name 'cosine_similarity' is not defined,True,0.0,0.0,0.0,,,,[],True,0.0,1.0,"[{'type': 'missing_return', 'function': 'solve', 'start_line': 6, 'end_line': 8}]",True,0.0,0.0,0.0,0.0,0.0,[]
DS1000,DS0875,"
import pandas as pd
import numpy as np
import sklearn
features = test_input
from sklearn.preprocessing import OneHotEncoder

# Initialize the OneHotEncoder
encoder = OneHotEncoder(sparse=False)

# Fit and transform the features
new_features = encoder.fit_transform(features)
result = new_features
","from sklearn.preprocessing import MultiLabelBinarizer

new_features = MultiLabelBinarizer().fit_transform(features)
",Failed: TypeError: OneHotEncoder.__init__() got an unexpected keyword argument 'sparse',True,0.0,0.0,0.0,,,,[],True,0.0,0.0,[],True,0.0,0.0,0.0,0.0,0.0,[]
DS1000,DS0876,"
import pandas as pd
import numpy as np
import sklearn
f = test_input
from sklearn.preprocessing import OneHotEncoder

# Assuming f is your list of lists
encoder = OneHotEncoder(sparse=False)
result = encoder.fit_transform(f)
result = new_f
","from sklearn.preprocessing import MultiLabelBinarizer

new_f = MultiLabelBinarizer().fit_transform(f)
",Failed: TypeError: OneHotEncoder.__init__() got an unexpected keyword argument 'sparse',True,0.0,0.0,0.0,,,,[],True,0.0,0.0,[],True,0.0,0.0,0.0,0.0,0.0,[]
DS1000,DS0877,"
import pandas as pd
import numpy as np
import sklearn
features = test_input
from sklearn.preprocessing import OneHotEncoder

# Initialize the OneHotEncoder
encoder = OneHotEncoder(sparse=False)

# Fit and transform the features
new_features = encoder.fit_transform(features)
result = new_features
","from sklearn.preprocessing import MultiLabelBinarizer

new_features = MultiLabelBinarizer().fit_transform(features)
rows, cols = new_features.shape
for i in range(rows):
    for j in range(cols):
        if new_features[i, j] == 1:
            new_features[i, j] = 0
        else:
            new_features[i, j] = 1
",Failed: TypeError: OneHotEncoder.__init__() got an unexpected keyword argument 'sparse',True,0.0,0.0,0.0,,,,[],True,0.0,0.0,[],True,0.0,0.0,0.0,0.0,0.0,[]
DS1000,DS0878,"
import pandas as pd
import numpy as np
import sklearn
features = test_input
def solve(features):
from sklearn.preprocessing import OneHotEncoder

# Initialize the OneHotEncoder
encoder = OneHotEncoder(sparse=False)

# Fit and transform the features
new_features = encoder.fit_transform(features)

# Convert to DataFrame for easier manipulation
result = pd.DataFrame(new_features, columns=encoder.get_feature_names_out())
new_features = solve(features)
result = new_features
","# def solve(features):
    ### BEGIN SOLUTION
    from sklearn.preprocessing import MultiLabelBinarizer

    new_features = MultiLabelBinarizer().fit_transform(features)
    ### END SOLUTION
    # return new_features
# new_features = solve(features)

    return new_features
","Failed: IndentationError: expected an indented block after function definition on line 6 (<string>, line 7)",False,0.0,1.0,0.0,IndentationError,7.0,"expected an indented block after function definition on line 6 (<unknown>, line 7)",[],False,0.0,0.0,[],False,0.0,0.0,0.0,0.0,0.0,[]
DS1000,DS0879,"
import pandas as pd
import numpy as np
import sklearn
features = test_input
from sklearn.preprocessing import OneHotEncoder

# Assuming test_input is your list of lists of features
encoder = OneHotEncoder(sparse=False)
new_features = encoder.fit_transform(features)
result = new_features
result = new_features
","from sklearn.preprocessing import MultiLabelBinarizer

new_features = MultiLabelBinarizer().fit_transform(features)
rows, cols = new_features.shape
for i in range(rows):
    for j in range(cols):
        if new_features[i, j] == 1:
            new_features[i, j] = 0
        else:
            new_features[i, j] = 1
",Failed: TypeError: OneHotEncoder.__init__() got an unexpected keyword argument 'sparse',True,0.0,0.0,0.0,,,,[],True,0.0,0.0,[],True,0.0,0.0,0.0,0.0,0.0,[]
DS1000,DS0880,"
import pandas as pd
import numpy as np
import sklearn.cluster
data_matrix = test_input
from scipy.cluster.hierarchy import linkage, fcluster

# Convert the data matrix to a condensed distance matrix
condensed_dist_matrix = pd.DataFrame(data_matrix).to_numpy()

# Perform hierarchical clustering
Z = linkage(condensed_dist_matrix, method='complete')

# Assign labels to clusters
result = fcluster(Z, t=2, criterion='maxclust')
result = cluster_labels
","model = sklearn.cluster.AgglomerativeClustering(metric='precomputed', n_clusters=2, linkage='complete').fit(data_matrix)
cluster_labels = model.labels_
",Failed: NameError: name 'cluster_labels' is not defined,True,0.0,0.0,0.0,,,,[],True,0.0,0.0,[],True,0.0,0.0,0.0,0.0,0.0,[]
DS1000,DS0881,"
import pandas as pd
import numpy as np
import sklearn.cluster
data_matrix = test_input
from scipy.spatial.distance import squareform
from sklearn.cluster import AgglomerativeClustering

# Convert the similarity matrix to a distance matrix
distance_matrix = 1 - data_matrix

# Perform hierarchical clustering
clusterer = AgglomerativeClustering(n_clusters=2, affinity='precomputed', linkage='complete')
cluster_labels = clusterer.fit_predict(distance_matrix)

# Assign labels to the original data
result = cluster_labels
result = cluster_labels
","model = sklearn.cluster.AgglomerativeClustering(metric='precomputed', n_clusters=2, linkage='complete').fit(data_matrix)
cluster_labels = model.labels_
",Failed: TypeError: unsupported operand type(s) for -: 'int' and 'list',True,0.0,0.0,0.0,,,,[],True,0.0,0.0,[],True,0.0,0.0,0.0,0.0,0.0,[]
DS1000,DS0882,"
import pandas as pd
import numpy as np
import sklearn.cluster
simM = test_input
from scipy.cluster.hierarchy import linkage, fcluster

# Convert the similarity matrix to a condensed distance matrix
Z = linkage(simM, method='complete')

# Perform hierarchical clustering
result = fcluster(Z, t=2, criterion='maxclust')
result = cluster_labels
","model = sklearn.cluster.AgglomerativeClustering(metric='precomputed', n_clusters=2, linkage='complete').fit(simM)
cluster_labels = model.labels_
",Failed: NameError: name 'cluster_labels' is not defined,True,0.0,0.0,0.0,,,,[],True,0.0,0.0,[],True,0.0,0.0,0.0,0.0,0.0,[]
DS1000,DS0883,"
import pandas as pd
import numpy as np
import scipy.cluster
data_matrix = test_input
from scipy.cluster.hierarchy import linkage, fcluster

# Perform hierarchical clustering
Z = linkage(data_matrix, method='complete')

# Assign labels to clusters
result = fcluster(Z, t=2, criterion='maxclust')
result = cluster_labels
","Z = scipy.cluster.hierarchy.linkage(np.array(data_matrix), 'ward')
cluster_labels = scipy.cluster.hierarchy.cut_tree(Z, n_clusters=2).reshape(-1, ).tolist()",Failed: NameError: name 'cluster_labels' is not defined,True,0.0,0.0,0.0,,,,[],True,0.0,0.0,[],True,0.0,0.0,0.0,0.0,0.0,[]
DS1000,DS0884,"
import pandas as pd
import numpy as np
import scipy.cluster
data_matrix = test_input
from scipy.cluster.hierarchy import linkage, fcluster

# Perform hierarchical clustering
Z = linkage(data_matrix, method='complete')

# Assign labels to clusters
result = fcluster(Z, t=2, criterion='maxclust')
result = cluster_labels
","Z = scipy.cluster.hierarchy.linkage(np.array(data_matrix), 'ward')
cluster_labels = scipy.cluster.hierarchy.cut_tree(Z, n_clusters=2).reshape(-1, ).tolist()",Failed: NameError: name 'cluster_labels' is not defined,True,0.0,0.0,0.0,,,,[],True,0.0,0.0,[],True,0.0,0.0,0.0,0.0,0.0,[]
DS1000,DS0885,"
import pandas as pd
import numpy as np
import scipy.cluster
simM = test_input
from scipy.cluster.hierarchy import linkage, fcluster

# Perform hierarchical clustering
Z = linkage(simM, method='complete')

# Assign labels to clusters
result = fcluster(Z, t=2, criterion='maxclust')
result = cluster_labels
","Z = scipy.cluster.hierarchy.linkage(np.array(simM), 'ward')
cluster_labels = scipy.cluster.hierarchy.cut_tree(Z, n_clusters=2).reshape(-1, ).tolist()",Failed: NameError: name 'cluster_labels' is not defined,True,0.0,0.0,0.0,,,,[],True,0.0,0.0,[],True,0.0,0.0,0.0,0.0,0.0,[]
DS1000,DS0886,"
import pandas as pd
import numpy as np
import sklearn
data = test_input
from sklearn.preprocessing import StandardScaler

scaler = StandardScaler()
centered_scaled_data = scaler.fit_transform(data)
result = centered_scaled_data
","from sklearn import preprocessing

centered_scaled_data = preprocessing.scale(data)","Failed: ValueError: Expected 2D array, got 1D array instead:
array=[1. 2. 3. 2. 4. 5.].
Reshape your data either using array.reshape(-1, 1) if your data has a single feature or array.reshape(1, -1) if it contains a single sample.",True,0.0,0.0,0.0,,,,[],True,0.0,0.0,[],True,0.0,0.0,0.0,0.0,0.0,[]
DS1000,DS0887,"
import pandas as pd
import numpy as np
import sklearn
data = test_input
from sklearn.preprocessing import StandardScaler

# Assuming 'test_input' is a DataFrame
scaler = StandardScaler()
centered_scaled_data = scaler.fit_transform(data)
result = centered_scaled_data
","from sklearn import preprocessing

centered_scaled_data = preprocessing.scale(data)","Failed: ValueError: Expected 2D array, got 1D array instead:
array=[1. 2. 3. 2. 4. 5.].
Reshape your data either using array.reshape(-1, 1) if your data has a single feature or array.reshape(1, -1) if it contains a single sample.",True,0.0,0.0,0.0,,,,[],True,0.0,0.0,[],True,0.0,0.0,0.0,0.0,0.0,[]
DS1000,DS0888,"
import pandas as pd
import numpy as np
import sklearn
data = test_input
from sklearn.preprocessing import PowerTransformer

box_cox_transformer = PowerTransformer(method='box-cox')
box_cox_data = box_cox_transformer.fit_transform(data)
result = box_cox_data
","from sklearn import preprocessing

pt = preprocessing.PowerTransformer(method=""box-cox"")
box_cox_data = pt.fit_transform(data)",Passed,True,0.0,0.0,0.0,,,,[],True,0.0,0.0,[],True,0.0,0.0,0.0,0.0,0.0,[]
DS1000,DS0889,"
import pandas as pd
import numpy as np
import sklearn
data = test_input
from scipy.stats import boxcox

# Assuming 'test_input' is a pandas DataFrame with numerical columns
box_cox_data = boxcox(data)
result = pd.DataFrame(boxcox_data, columns=data.columns)
result = box_cox_data
","from sklearn import preprocessing

pt = preprocessing.PowerTransformer(method=""box-cox"")
box_cox_data = pt.fit_transform(data)",Failed: ValueError: Data must be 1-dimensional.,True,0.0,0.0,0.0,,,,[],True,0.0,0.0,[],True,0.0,0.0,0.0,0.0,0.0,[]
DS1000,DS0890,"
import pandas as pd
import numpy as np
import sklearn
data = test_input
from sklearn.preprocessing import PowerTransformer

yeo_johnson_data = PowerTransformer(method='yeo-johnson').fit_transform(data)
result = yeo_johnson_data
","from sklearn import preprocessing

pt = preprocessing.PowerTransformer(method=""yeo-johnson"")
yeo_johnson_data = pt.fit_transform(data)",Passed,True,0.0,0.0,0.0,,,,[],True,0.0,0.0,[],True,0.0,0.0,0.0,0.0,0.0,[]
DS1000,DS0891,"
import pandas as pd
import numpy as np
import sklearn
data = test_input
from sklearn.preprocessing import PowerTransformer

yeo_johnson_data = PowerTransformer(method='yeo-johnson').fit_transform(data)
result = yeo_johnson_data
","from sklearn import preprocessing

pt = preprocessing.PowerTransformer(method=""yeo-johnson"")
yeo_johnson_data = pt.fit_transform(data)",Passed,True,0.0,0.0,0.0,,,,[],True,0.0,0.0,[],True,0.0,0.0,0.0,0.0,0.0,[]
DS1000,DS0892,"
import pandas as pd
import numpy as np
from sklearn.feature_extraction.text import CountVectorizer
text = test_input
vectorizer = CountVectorizer(stop_words='english', token_pattern=r'\b\w+\b|[^\w\s]')
transformed_text = vectorizer.fit_transform(text)
result = transformed_text
","vent = CountVectorizer(token_pattern=r""(?u)\b\w\w+\b|!|\?|\""|\'"")
transformed_text = vent.fit_transform([text])","Failed: ValueError: Iterable over raw text documents expected, string object received.",True,0.0,0.0,0.0,,,,[],True,0.0,0.0,[],True,0.0,0.0,0.0,0.0,0.0,[]
DS1000,DS0893,"
import pandas as pd
import numpy as np
dataset = test_input
import pandas as pd
import numpy as np

# Assuming 'test_input' is your DataFrame
dataset = pd.read_csv('example.csv', header=None, sep=',')

# Split the dataset into features (X) and target (y)
X = dataset.iloc[:, :-1]
y = dataset.iloc[:, -1]

# Split the dataset into training and testing sets (80/20)
from sklearn.model_selection import train_test_split
x_train, x_test, y_train, y_test = train_test_split(X, y, test_size=0.2, random_state=42)

# Assign the result to the variable 'result'
result = (x_train, x_test, y_train, y_test)
result = (x_train, x_test, y_train, y_test)
","from sklearn.model_selection import train_test_split

x_train, x_test, y_train, y_test = train_test_split(dataset.iloc[:, :-1], dataset.iloc[:, -1], test_size=0.2,
                                                    random_state=42)
",Failed: FileNotFoundError: [Errno 2] No such file or directory: 'example.csv',True,0.0,0.0,0.0,,,,[],True,0.0,0.0,[],True,0.0,0.0,0.0,0.0,0.0,[]
DS1000,DS0894,"
import pandas as pd
import numpy as np
data = test_input
import pandas as pd
import numpy as np

# Assuming 'test_input' is your DataFrame
data = test_input

# Split the DataFrame into features and target
X = data.iloc[:, :-1]
y = data.iloc[:, -1]

# Split the data into training and testing sets
x_train, x_test, y_train, y_test = train_test_split(X, y, test_size=0.2, random_state=42)
result = (x_train, x_test, y_train, y_test)
","from sklearn.model_selection import train_test_split

x_train, x_test, y_train, y_test = train_test_split(data.iloc[:, :-1], data.iloc[:, -1], test_size=0.2,
                                                    random_state=42)
",Failed: NameError: name 'train_test_split' is not defined,True,0.0,0.0,0.0,,,,[],True,0.0,0.0,[],True,0.0,0.0,0.0,0.0,0.0,[]
DS1000,DS0895,"
import pandas as pd
import numpy as np
dataset = test_input
import pandas as pd
import numpy as np

# Assuming 'test_input' is your DataFrame
dataset = pd.read_csv('example.csv', header=None, sep=',')

# Split the dataset into features (X) and target (y)
X = dataset.iloc[:, :-1]
y = dataset.iloc[:, -1]

# Split the dataset into training and testing sets (3:2 ratio)
from sklearn.model_selection import train_test_split
x_train, x_test, y_train, y_test = train_test_split(X, y, test_size=0.67, random_state=42)

# Assign the result to the variable 'result'
result = (x_train, x_test, y_train, y_test)
result = (x_train, x_test, y_train, y_test)
","from sklearn.model_selection import train_test_split

x_train, x_test, y_train, y_test = train_test_split(dataset.iloc[:, :-1], dataset.iloc[:, -1], test_size=0.4,
                                                    random_state=42)
",Failed: FileNotFoundError: [Errno 2] No such file or directory: 'example.csv',True,0.0,0.0,0.0,,,,[],True,0.0,0.0,[],True,0.0,0.0,0.0,0.0,0.0,[]
DS1000,DS0896,"
import pandas as pd
import numpy as np
dataset = test_input
def solve(data):
import pandas as pd
import numpy as np

dataset = pd.read_csv('example.csv', header=None, sep=',')

# Split the dataset into features (X) and target (y)
X = dataset.iloc[:, :-1]
y = dataset.iloc[:, -1]

# Split the dataset into training and testing sets (80/20)
from sklearn.model_selection import train_test_split
x_train, x_test, y_train, y_test = train_test_split(X, y, test_size=0.2, random_state=42)

# Assign the results to the result variable
result = x_train, x_test, y_train, y_test
x_train, y_train, x_test, y_test = solve(dataset)
result = x_train, x_test, y_train, y_test
","# def solve(data):
    ### BEGIN SOLUTION
    from sklearn.model_selection import train_test_split

    x_train, x_test, y_train, y_test = train_test_split(data.iloc[:, :-1], data.iloc[:, -1], test_size=0.2,
                                                        random_state=42)
    ### END SOLUTION
    # return x_train, y_train, x_test, y_test
# x_train, y_train, x_test, y_test = solve(data)


    return x_train, y_train, x_test, y_test
","Failed: IndentationError: expected an indented block after function definition on line 5 (<string>, line 6)",False,0.0,1.0,0.0,IndentationError,6.0,"expected an indented block after function definition on line 5 (<unknown>, line 6)",[],False,0.0,0.0,[],False,0.0,0.0,0.0,0.0,0.0,[]
DS1000,DS0897,"
import pandas as pd
import numpy as np
from sklearn.cluster import KMeans
df = test_input
result = kmeans.labels_
result = labels
","kmeans = KMeans(n_clusters=2, n_init=10)
labels = kmeans.fit_predict(df[['mse']])",Failed: NameError: name 'kmeans' is not defined,True,0.0,0.0,0.0,,,,[],True,0.0,0.0,[],True,0.0,0.0,0.0,0.0,0.0,[]
DS1000,DS0898,"
import pandas as pd
import numpy as np
from sklearn.cluster import KMeans
df = test_input
result = kmeans.labels_
result = labels
","kmeans = KMeans(n_clusters=2, n_init=10)
labels = kmeans.fit_predict(df[['mse']])",Failed: NameError: name 'kmeans' is not defined,True,0.0,0.0,0.0,,,,[],True,0.0,0.0,[],True,0.0,0.0,0.0,0.0,0.0,[]
DS1000,DS0899,"
import pandas as pd
import numpy as np
import sklearn
from sklearn.feature_extraction.text import TfidfVectorizer
from sklearn.svm import LinearSVC
corpus, y = test_input
vectorizer = TfidfVectorizer()
X = vectorizer.fit_transform(corpus)
selected_feature_indices = np.where(X.toarray().sum(axis=0) > 0)[0]
result = vectorizer.get_feature_names()[selected_feature_indices]
result = selected_feature_names
","svc = LinearSVC(penalty='l1', dual=False)
svc.fit(X, y)
selected_feature_names = np.asarray(vectorizer.get_feature_names_out())[np.flatnonzero(svc.coef_)]",Failed: AttributeError: 'TfidfVectorizer' object has no attribute 'get_feature_names',True,0.0,0.0,0.0,,,,[],True,0.0,0.0,[],True,0.0,0.0,0.0,0.0,0.0,[]
DS1000,DS0900,"
import pandas as pd
import numpy as np
import sklearn
from sklearn.feature_extraction.text import TfidfVectorizer
from sklearn.svm import LinearSVC
corpus, y = test_input
vectorizer = TfidfVectorizer()
X = vectorizer.fit_transform(corpus)
selected_feature_names = vectorizer.get_feature_names()[X.coef_.nonzero()[1]]
result = selected_feature_names
","svc = LinearSVC(penalty='l1', dual=False)
svc.fit(X, y)
selected_feature_names = np.asarray(vectorizer.get_feature_names_out())[np.flatnonzero(svc.coef_)]",Failed: AttributeError: 'TfidfVectorizer' object has no attribute 'get_feature_names',True,0.0,0.0,0.0,,,,[],True,0.0,0.0,[],True,0.0,0.0,0.0,0.0,0.0,[]
DS1000,DS0901,"
import pandas as pd
import numpy as np
import sklearn
from sklearn.feature_extraction.text import TfidfVectorizer
from sklearn.svm import LinearSVC
corpus, y = test_input
vectorizer = TfidfVectorizer()
X = vectorizer.fit_transform(corpus)
def solve(corpus, y, vectorizer, X):
result = X.indices
selected_feature_names = solve(corpus, y, vectorizer, X)
result = selected_feature_names
","# def solve(corpus, y, vectorizer, X):
    ### BEGIN SOLUTION
    svc = LinearSVC(penalty='l1', dual=False)
    svc.fit(X, y)
    selected_feature_names = np.asarray(vectorizer.get_feature_names_out())[np.flatnonzero(svc.coef_)]
    ### END SOLUTION
    # return selected_feature_names
# selected_feature_names = solve(corpus, y, vectorizer, X)
    return selected_feature_names
","Failed: IndentationError: expected an indented block after function definition on line 10 (<string>, line 11)",False,0.0,1.0,0.0,IndentationError,11.0,"expected an indented block after function definition on line 10 (<unknown>, line 11)",[],False,0.0,0.0,[],False,0.0,0.0,0.0,0.0,0.0,[]
DS1000,DS0902,"
import pandas as pd
import numpy as np
from sklearn.feature_extraction.text import CountVectorizer
corpus = test_input
feature_names = vectorizer.get_feature_names_out()
result = (feature_names, X)
result = (feature_names, X)
","vectorizer = CountVectorizer(stop_words=""english"", binary=True, lowercase=False,
                             vocabulary=['Jscript', '.Net', 'TypeScript', 'SQL', 'NodeJS', 'Angular', 'Mongo',
                                         'CSS',
                                         'Python', 'PHP', 'Photoshop', 'Oracle', 'Linux', 'C++', ""Java"", 'TeamCity',
                                         'Frontend', 'Backend', 'Full stack', 'UI Design', 'Web', 'Integration',
                                         'Database design', 'UX'])
X = vectorizer.fit_transform(corpus).toarray()
feature_names = vectorizer.get_feature_names_out()",Failed: NameError: name 'vectorizer' is not defined,True,0.0,0.0,0.0,,,,[],True,0.0,0.0,[],True,0.0,0.0,0.0,0.0,0.0,[]
DS1000,DS0903,"
import pandas as pd
import numpy as np
from sklearn.feature_extraction.text import CountVectorizer
corpus = test_input
feature_names = vectorizer.get_feature_names_out()
result = (feature_names, X)
result = (feature_names, X)
","vectorizer = CountVectorizer(stop_words=""english"", binary=True, lowercase=False,
                             vocabulary=['Jscript', '.Net', 'TypeScript', 'NodeJS', 'Angular', 'Mongo',
                                         'CSS',
                                         'Python', 'PHP', 'Photoshop', 'Oracle', 'Linux', 'C++', ""Java"", 'TeamCity',
                                         'Frontend', 'Backend', 'Full stack', 'UI Design', 'Web', 'Integration',
                                         'Database design', 'UX'])
X = vectorizer.fit_transform(corpus).toarray()
feature_names = vectorizer.get_feature_names_out()
",Failed: NameError: name 'vectorizer' is not defined,True,0.0,0.0,0.0,,,,[],True,0.0,0.0,[],True,0.0,0.0,0.0,0.0,0.0,[]
DS1000,DS0904,"
import pandas as pd
import numpy as np
from sklearn.feature_extraction.text import CountVectorizer
corpus = test_input
feature_names = vectorizer.get_feature_names_out()
result = (feature_names, X)
result = (feature_names, X) 
","vectorizer = CountVectorizer(stop_words=""english"", binary=True, lowercase=False,
                             vocabulary=['Jscript', '.Net', 'TypeScript', 'SQL', 'NodeJS', 'Angular', 'Mongo',
                                         'CSS',
                                         'Python', 'PHP', 'Photoshop', 'Oracle', 'Linux', 'C++', ""Java"", 'TeamCity',
                                         'Frontend', 'Backend', 'Full stack', 'UI Design', 'Web', 'Integration',
                                         'Database design', 'UX'])

X = vectorizer.fit_transform(corpus).toarray()
X = 1 - X
feature_names = vectorizer.get_feature_names_out()",Failed: NameError: name 'vectorizer' is not defined,True,0.0,0.0,0.0,,,,[],True,0.0,0.0,[],True,0.0,0.0,0.0,0.0,0.0,[]
DS1000,DS0905,"
import pandas as pd
import numpy as np
from sklearn.feature_extraction.text import CountVectorizer
corpus = test_input
feature_names = vectorizer.get_feature_names_out()
result = (feature_names, X)
result = (feature_names, X)
","vectorizer = CountVectorizer(stop_words=""english"", binary=True, lowercase=False,
                             vocabulary=['Jscript', '.Net', 'TypeScript', 'NodeJS', 'Angular', 'Mongo',
                                         'CSS',
                                         'Python', 'PHP', 'Photoshop', 'Oracle', 'Linux', 'C++', ""Java"", 'TeamCity',
                                         'Frontend', 'Backend', 'Full stack', 'UI Design', 'Web', 'Integration',
                                         'Database design', 'UX'])

X = vectorizer.fit_transform(corpus).toarray()
X = 1 - X
feature_names = vectorizer.get_feature_names_out()
",Failed: NameError: name 'vectorizer' is not defined,True,0.0,0.0,0.0,,,,[],True,0.0,0.0,[],True,0.0,0.0,0.0,0.0,0.0,[]
DS1000,DS0906,"
import pandas as pd
import numpy as np
from sklearn.linear_model import LinearRegression
df1 = test_input
result = df1.dropna(axis=1).apply(lambda x: LinearRegression().fit(x[:-1], x[1:]).coef_[0], axis=0)
result = slopes
","slopes = []
for col in df1.columns:
    if col == ""Time"":
        continue
    mask = ~np.isnan(df1[col])
    x = np.atleast_2d(df1.Time[mask].values).T
    y = np.atleast_2d(df1[col][mask].values).T
    reg = LinearRegression().fit(x, y)
    slopes.append(reg.coef_[0])
slopes = np.array(slopes).reshape(-1)",Failed: ValueError: Expected a 2-dimensional container but got <class 'pandas.core.series.Series'> instead. Pass a DataFrame containing a single row (i.e. single sample) or a single column (i.e. single feature) instead.,True,0.0,0.0,0.0,,,,[],True,0.0,0.0,[],True,0.0,0.0,0.0,0.0,0.0,[]
DS1000,DS0907,"
import pandas as pd
import numpy as np
from sklearn.linear_model import LinearRegression
df1 = test_input
result = df1.iloc[:, 3:].apply(lambda x: LinearRegression().fit(x.values.reshape(-1, 1), df1['Time']).coef_[0], axis=1)
result = slopes
","slopes = []
for col in df1.columns:
    if col == ""Time"":
        continue
    mask = ~np.isnan(df1[col])
    x = np.atleast_2d(df1.Time[mask].values).T
    y = np.atleast_2d(df1[col][mask].values).T
    reg = LinearRegression().fit(x, y)
    slopes.append(reg.coef_[0])
slopes = np.array(slopes).reshape(-1)","Failed: ValueError: Found input variables with inconsistent numbers of samples: [4, 7]",True,0.0,0.0,0.0,,,,[],True,0.0,0.0,[],True,0.0,0.0,0.0,0.0,0.0,[]
DS1000,DS0908,"
import pandas as pd
import numpy as np
from sklearn.preprocessing import LabelEncoder
df = test_input
result = df.copy()
label_encoder = LabelEncoder()
result['Sex'] = label_encoder.fit_transform(result['Sex'])
result = transformed_df
","le = LabelEncoder()
transformed_df = df.copy()
transformed_df['Sex'] = le.fit_transform(df['Sex'])",Failed: NameError: name 'transformed_df' is not defined,True,0.0,0.0,0.0,,,,[],True,0.0,0.0,[],True,0.0,0.0,0.0,0.0,0.0,[]
DS1000,DS0909,"
import pandas as pd
import numpy as np
from sklearn.preprocessing import LabelEncoder
df = test_input
from sklearn.preprocessing import LabelEncoder
df = pd.read_csv('data.csv')
le = LabelEncoder()
df['Sex'] = le.fit_transform(df['Sex'])
result = df
result = transformed_df
","le = LabelEncoder()
transformed_df = df.copy()
transformed_df['Sex'] = le.fit_transform(df['Sex'])",Failed: FileNotFoundError: [Errno 2] No such file or directory: 'data.csv',True,0.0,0.0,0.0,,,,[],True,0.0,0.0,[],True,0.0,0.0,0.0,0.0,0.0,[]
DS1000,DS0910,"
import pandas as pd
import numpy as np
from sklearn.preprocessing import LabelEncoder
df = test_input
def Transform(df):
import pandas as pd
import numpy as np
from sklearn.preprocessing import LabelEncoder

df = test_input
def Transform(df):
    le = LabelEncoder()
    df['Sex'] = le.fit_transform(df['Sex'])
result = Transform(df)
result = Transform(df)
","# def Transform(df):
    ### BEGIN SOLUTION
    le = LabelEncoder()
    transformed_df = df.copy()
    transformed_df['Sex'] = le.fit_transform(df['Sex'])
    ### END SOLUTION
    # return transformed_df
# transformed_df = Transform(df)
    return transformed_df
","Failed: IndentationError: expected an indented block after function definition on line 6 (<string>, line 7)",False,0.0,1.0,0.0,IndentationError,7.0,"expected an indented block after function definition on line 6 (<unknown>, line 7)",[],False,0.0,0.0,[],False,0.0,0.0,0.0,0.0,0.0,[]
DS1000,DS0911,"
import pandas as pd
import numpy as np
from sklearn import linear_model
import statsmodels.api as sm
X_train, y_train, X_test, y_test = test_input
result = (ElasticNet.score(X_train, y_train), ElasticNet.score(X_test, y_test))
result = (training_set_score, test_set_score)
","ElasticNet = linear_model.ElasticNet()
ElasticNet.fit(X_train, y_train)
training_set_score = ElasticNet.score(X_train, y_train)
test_set_score = ElasticNet.score(X_test, y_test)",Failed: NameError: name 'ElasticNet' is not defined,True,0.0,0.0,0.0,,,,[],True,0.0,0.0,[],True,0.0,0.0,0.0,0.0,0.0,[]
DS1000,DS0912,"
import pandas as pd
import numpy as np
from sklearn.preprocessing import MinMaxScaler
np_array = test_input
scaler = MinMaxScaler()
transformed = scaler.fit_transform(np_array.reshape(-1, 1)).reshape(np_array.shape)
result = transformed
","scaler = MinMaxScaler()
X_one_column = np_array.reshape([-1, 1])
result_one_column = scaler.fit_transform(X_one_column)
transformed = result_one_column.reshape(np_array.shape)",Passed,True,0.0,0.0,0.0,,,,[],True,0.0,0.0,[],True,0.0,0.0,0.0,0.0,0.0,[]
DS1000,DS0913,"
import pandas as pd
import numpy as np
from sklearn.preprocessing import MinMaxScaler
np_array = test_input
scaler = MinMaxScaler()
transformed = scaler.fit_transform(np_array.reshape(-1, 1)).reshape(np_array.shape)
result = transformed
","scaler = MinMaxScaler()
X_one_column = np_array.reshape([-1, 1])
result_one_column = scaler.fit_transform(X_one_column)
transformed = result_one_column.reshape(np_array.shape)",Passed,True,0.0,0.0,0.0,,,,[],True,0.0,0.0,[],True,0.0,0.0,0.0,0.0,0.0,[]
DS1000,DS0914,"
import pandas as pd
import numpy as np
from sklearn.preprocessing import MinMaxScaler
np_array = test_input
def Transform(a):
import numpy as np
from sklearn.preprocessing import MinMaxScaler

np_array = test_input
scaler = MinMaxScaler()
transformed = scaler.fit_transform(np_array.reshape(-1, 1)).reshape(np_array.shape)
result = transformed
transformed = Transform(np_array)
result = transformed
","# def Transform(a):
    ### BEGIN SOLUTION
    scaler = MinMaxScaler()
    a_one_column = a.reshape([-1, 1])
    result_one_column = scaler.fit_transform(a_one_column)
    new_a = result_one_column.reshape(a.shape)
    ### END SOLUTION
    # return new_a
# transformed = Transform(np_array)

    return new_a
","Failed: IndentationError: expected an indented block after function definition on line 6 (<string>, line 7)",False,0.0,1.0,0.0,IndentationError,7.0,"expected an indented block after function definition on line 6 (<unknown>, line 7)",[],False,0.0,0.0,[],False,0.0,0.0,0.0,0.0,0.0,[]
DS1000,DS0915,"
import pandas as pd
import numpy as np
from sklearn import tree
df = test_input
df['B/S'] = (df['Close'].diff() < 0).astype(int)
closing = (df.loc['2013-02-15':'2016-05-21'])
ma_50 = (df.loc['2013-02-15':'2016-05-21'])
ma_100 = (df.loc['2013-02-15':'2016-05-21'])
ma_200 = (df.loc['2013-02-15':'2016-05-21'])
buy_sell = (df.loc['2013-02-15':'2016-05-21'])  # Fixed
close = pd.DataFrame(closing)
ma50 = pd.DataFrame(ma_50)
ma100 = pd.DataFrame(ma_100)
ma200 = pd.DataFrame(ma_200)
buy_sell = pd.DataFrame(buy_sell)
clf = tree.DecisionTreeRegressor(random_state=42)
x = np.concatenate([close, ma50, ma100, ma200], axis=1)
y = buy_sell
clf.fit(x, y)
result = clf.predict(np.array([close.iloc[-1], ma50.iloc[-1], ma100.iloc[-1], ma200.iloc[-1]]))
result = predict
","close_buy1 = close[:-1]
m5 = ma_50[:-1]
m10 = ma_100[:-1]
ma20 = ma_200[:-1]
# b = np.concatenate([close_buy1, m5, m10, ma20], axis=1)

predict = clf.predict(pd.concat([close_buy1, m5, m10, ma20], axis=1))","Failed: ValueError: X has 7 features, but DecisionTreeRegressor is expecting 28 features as input.",True,0.0,0.0,0.0,,,,[],True,0.0,0.0,[],True,0.0,0.0,0.0,0.0,0.0,[]
DS1000,DS0916,"
import pandas as pd
import numpy as np
from sklearn.tree import DecisionTreeClassifier
X = [['asdf', '1'], ['asdf', '0']]
clf = DecisionTreeClassifier()
new_X = X
clf.fit(new_X, ['2', '3'])
result = new_X
","from sklearn.feature_extraction import DictVectorizer

X = [dict(enumerate(x)) for x in X]
vect = DictVectorizer(sparse=False)
new_X = vect.fit_transform(X)",Failed: ValueError: could not convert string to float: 'asdf',True,0.0,0.0,0.0,,,,[],True,0.0,0.0,[],True,0.0,0.0,0.0,0.0,0.0,[]
DS1000,DS0917,"
import pandas as pd
import numpy as np
from sklearn.tree import DecisionTreeClassifier
X = [['asdf', '1'], ['asdf', '0']]
clf = DecisionTreeClassifier()
new_X = [['asdf', 1], ['asdf', 0]]
clf.fit(new_X, ['2', '3'])
result = new_X
","from sklearn.feature_extraction import DictVectorizer

X = [dict(enumerate(x)) for x in X]
vect = DictVectorizer(sparse=False)
new_X = vect.fit_transform(X)",Failed: ValueError: could not convert string to float: 'asdf',True,0.0,0.0,0.0,,,,[],True,0.0,0.0,[],True,0.0,0.0,0.0,0.0,0.0,[]
DS1000,DS0918,"
import pandas as pd
import numpy as np
from sklearn.tree import DecisionTreeClassifier
X = [['dsa', '2'], ['sato', '3']]
clf = DecisionTreeClassifier()
new_X = pd.DataFrame(X, columns=['feature1', 'feature2'])
clf.fit(new_X, ['4', '5'])
result = new_X
","from sklearn.feature_extraction import DictVectorizer

X = [dict(enumerate(x)) for x in X]
vect = DictVectorizer(sparse=False)
new_X = vect.fit_transform(X)",Failed: ValueError: could not convert string to float: 'dsa',True,0.0,0.0,0.0,,,,[],True,0.0,0.0,[],True,0.0,0.0,0.0,0.0,0.0,[]
DS1000,DS0919,"
import pandas as pd
import numpy as np
from sklearn.linear_model import LogisticRegression
dataframe = test_input
result = logReg.predict(X)
predict = logReg.predict(X)
result = predict
","# Seperating the data into dependent and independent variables
X = dataframe.iloc[:, 0:-1].astype(float)
y = dataframe.iloc[:, -1]

logReg = LogisticRegression()
logReg.fit(X[:None], y)",Failed: NameError: name 'logReg' is not defined,True,0.0,0.0,0.0,,,,[],True,0.0,0.0,[],True,0.0,0.0,0.0,0.0,0.0,[]
DS1000,DS0920,"
import pandas as pd
import numpy as np
from sklearn.linear_model import LogisticRegression
dataframe = test_input
X = dataframe.iloc[:-1].astype(float)
predict = logReg.predict(X)
result = predict
","# Seperating the data into dependent and independent variables
X = dataframe.iloc[:, 0:-1].astype(float)
y = dataframe.iloc[:, -1]

logReg = LogisticRegression()
logReg.fit(X[:None], y)",Failed: NameError: name 'logReg' is not defined,True,0.0,0.0,0.0,,,,[],True,0.0,0.0,[],True,0.0,0.0,0.0,0.0,0.0,[]
DS1000,DS0921,"
import pandas as pd
import numpy as np
from sklearn.model_selection import train_test_split
features_dataframe = test_input
train_size = 0.2
train_dataframe, test_dataframe = train_test_split(features_dataframe, train_size=train_size, random_state=42)
result = (train_dataframe, test_dataframe)
","n = features_dataframe.shape[0]
train_size = 0.2
train_dataframe = features_dataframe.iloc[:int(n * train_size)]
test_dataframe = features_dataframe.iloc[int(n * train_size):]",Failed: Logic Error (Assertion failed),True,0.0,0.0,0.0,,,,[],True,0.0,0.0,[],True,0.0,0.0,0.0,0.0,0.0,[]
DS1000,DS0922,"
import pandas as pd
import numpy as np
from sklearn.model_selection import train_test_split
features_dataframe = test_input
import pandas as pd
import numpy as np
from sklearn.model_selection import train_test_split

# Assuming 'features_dataframe' is already defined and contains a column named 'date'
train_size = 0.8
train_dataframe, test_dataframe = train_test_split(features_dataframe, train_size=train_size, random_state=42)

# Sort the dataframes by the 'date' column
train_dataframe = train_dataframe.sort_values(by='date')
test_dataframe = test_dataframe.sort_values(by='date')

# Ensure the final output is available in variable `result`
result = (train_dataframe, test_dataframe)
result = (train_dataframe, test_dataframe)
","n = features_dataframe.shape[0]
train_size = 0.8
test_size = 1 - train_size + 0.005
train_dataframe = features_dataframe.iloc[int(n * test_size):]
test_dataframe = features_dataframe.iloc[:int(n * test_size)]",Failed: Logic Error (Assertion failed),True,0.0,0.0,0.0,,,,[],True,0.0,0.0,[],True,0.0,0.0,0.0,0.0,0.0,[]
DS1000,DS0923,"
import pandas as pd
import numpy as np
from sklearn.model_selection import train_test_split
features_dataframe = test_input
def solve(features_dataframe):
result = features_dataframe.iloc[:int(len(features_dataframe) * 0.8)]
result = solve(features_dataframe)
","# def solve(features_dataframe):
    ### BEGIN SOLUTION
    n = features_dataframe.shape[0]
    train_size = 0.2
    train_dataframe = features_dataframe.iloc[:int(n * train_size)]
    test_dataframe = features_dataframe.iloc[int(n * train_size):]
    ### END SOLUTION
    # return train_dataframe, test_dataframe
# train_dataframe, test_dataframe = solve(features_dataframe)
    return train_dataframe, test_dataframe
","Failed: IndentationError: expected an indented block after function definition on line 6 (<string>, line 7)",False,0.0,1.0,0.0,IndentationError,7.0,"expected an indented block after function definition on line 6 (<unknown>, line 7)",[],False,0.0,0.0,[],False,0.0,0.0,0.0,0.0,0.0,[]
DS1000,DS0924,"
import pandas as pd
import numpy as np
from sklearn.preprocessing import MinMaxScaler
df, scaler = test_input
result = df.copy()
result[['X2_scale', 'X3_scale']] = df.groupby('Month')[['X2', 'X3']].transform(lambda x: scaler.fit_transform(x))
result = df
","cols = df.columns[2:4]


def scale(X):
    X_ = np.atleast_2d(X)
    return pd.DataFrame(scaler.fit_transform(X_), X.index)


df[cols + '_scale'] = df.groupby('Month')[cols].apply(scale)",Failed: TypeError: incompatible index of inserted column with frame index,True,0.0,0.0,0.0,,,,[],True,0.0,0.0,[],True,0.0,0.0,0.0,0.0,0.0,[]
DS1000,DS0925,"
import pandas as pd
import numpy as np
from sklearn.preprocessing import MinMaxScaler
myData, scaler = test_input
result = myData.copy()
result[['new_A2', 'new_A3']] = myData.groupby('Month')[['A2', 'A3']].transform(lambda x: scaler.fit_transform(x.values.reshape(-1, 1)).flatten())
result = myData
","cols = myData.columns[2:4]


def scale(X):
    X_ = np.atleast_2d(X)
    return pd.DataFrame(scaler.fit_transform(X_), X.index)


myData['new_' + cols] = myData.groupby('Month')[cols].apply(scale)",Failed: TypeError: incompatible index of inserted column with frame index,True,0.0,0.0,0.0,,,,[],True,0.0,0.0,[],True,0.0,0.0,0.0,0.0,0.0,[]
DS1000,DS0926,"
import pandas as pd
import numpy as np
from sklearn.feature_extraction.text import CountVectorizer
words = test_input
result = count.get_feature_names()
result = feature_names
","count = CountVectorizer(lowercase=False, token_pattern='[a-zA-Z0-9$&+:;=@#|<>^*()%-]+')
vocabulary = count.fit_transform([words])
feature_names = count.get_feature_names_out()",Failed: NameError: name 'count' is not defined,True,0.0,0.0,0.0,,,,[],True,0.0,0.0,[],True,0.0,0.0,0.0,0.0,0.0,[]
DS1000,DS0927,"
import pandas as pd
import numpy as np
from sklearn.feature_extraction.text import CountVectorizer
words = test_input
result = count.get_feature_names_out()
result = feature_names
","count = CountVectorizer(lowercase=False, token_pattern='[a-zA-Z0-9$&+:;=@#|<>^*()%-]+')
vocabulary = count.fit_transform([words])
feature_names = count.get_feature_names_out()",Failed: NameError: name 'count' is not defined,True,0.0,0.0,0.0,,,,[],True,0.0,0.0,[],True,0.0,0.0,0.0,0.0,0.0,[]
DS1000,DS0928,"
import pandas as pd
import numpy as np
from sklearn.model_selection import GridSearchCV
GridSearch_fitted = test_input
result = pd.DataFrame(GridSearch_fitted.cv_results_)
result = full_results
",full_results = pd.DataFrame(GridSearch_fitted.cv_results_),Failed: NameError: name 'full_results' is not defined,True,0.0,0.0,0.0,,,,[],True,0.0,0.0,[],True,0.0,0.0,0.0,0.0,0.0,[]
DS1000,DS0929,"
import pandas as pd
import numpy as np
from sklearn.model_selection import GridSearchCV
GridSearch_fitted = test_input
result = pd.DataFrame(GridSearch_fitted.cv_results_)
result = full_results
","full_results = pd.DataFrame(GridSearch_fitted.cv_results_).sort_values(by=""mean_fit_time"")",Failed: NameError: name 'full_results' is not defined,True,0.0,0.0,0.0,,,,[],True,0.0,0.0,[],True,0.0,0.0,0.0,0.0,0.0,[]
DS1000,DS0930,"import os
import pandas as pd
import numpy as np
if os.path.exists(""sklearn_model""):
    os.remove(""sklearn_model"")
def creat():
    fitted_model = test_input
    return fitted_model
fitted_model = creat()
import joblib

# Save the fitted model to a file
joblib.dump(fitted_model, ""sklearn_model"")
result = None
assert os.path.exists(""sklearn_model"") and not os.path.isdir(""sklearn_model"")
","import pickle

with open('sklearn_model', 'wb') as f:
    pickle.dump(fitted_model, f)
",Passed,True,0.0,0.0,0.0,,,,[],True,0.0,0.0,[],True,0.0,0.0,0.0,0.0,0.0,[]
DS1000,DS0931,"
import pandas as pd
import numpy as np
import sklearn
from sklearn.feature_extraction.text import TfidfVectorizer
df = test_input
tfidf = TfidfVectorizer()
cosine_similarity_matrix = tfidf.fit_transform(df['description']).toarray()
result = cosine_similarity_matrix
","from sklearn.metrics.pairwise import cosine_similarity

response = tfidf.fit_transform(df['description']).toarray()
tf_idf = response
cosine_similarity_matrix = np.zeros((len(df), len(df)))
for i in range(len(df)):
    for j in range(len(df)):
        cosine_similarity_matrix[i, j] = cosine_similarity([tf_idf[i, :]], [tf_idf[j, :]])",Failed: Logic Error (Assertion failed),True,0.0,0.0,0.0,,,,[],True,0.0,0.0,[],True,0.0,0.0,0.0,0.0,0.0,[]
DS1000,DS0932,"
import pandas as pd
import numpy as np
import torch
optim = test_input
optim.param_groups[0]['lr'] = 0.001
result = optim
","for param_group in optim.param_groups:
    param_group['lr'] = 0.001
",Failed: Logic Error (Assertion failed),True,0.0,0.0,0.0,,,,[],True,0.0,0.0,[],True,0.0,0.0,0.0,0.0,0.0,[]
DS1000,DS0933,"
import pandas as pd
import numpy as np
import torch
optim = test_input
if optim.param_groups[0]['lr'] > 0.001:
    optim.param_groups[0]['lr'] = 0.001
result = optim
","for param_group in optim.param_groups:
    param_group['lr'] = 0.001
",Failed: Logic Error (Assertion failed),True,0.0,0.0,0.0,,,,[],True,0.0,0.0,[],True,0.0,0.0,0.0,0.0,0.0,[]
DS1000,DS0934,"
import pandas as pd
import numpy as np
import torch
optim = test_input
optim.param_groups[0]['lr'] = 0.0005
result = optim
","for param_group in optim.param_groups:
    param_group['lr'] = 0.0005
",Failed: Logic Error (Assertion failed),True,0.0,0.0,0.0,,,,[],True,0.0,0.0,[],True,0.0,0.0,0.0,0.0,0.0,[]
DS1000,DS0935,"
import pandas as pd
import numpy as np
import torch
optim = test_input
if loss > previous_loss:
    optim.param_groups[0]['lr'] *= 0.1
previous_loss = loss
result = optim
","for param_group in optim.param_groups:
    param_group['lr'] = 0.0005",Failed: NameError: name 'loss' is not defined,True,0.0,0.0,0.0,,,,[],True,0.0,0.0,[],True,0.0,0.0,0.0,0.0,0.0,[]
DS1000,DS0936,,"weights = torch.FloatTensor(word2vec.wv.vectors)
embedding = torch.nn.Embedding.from_pretrained(weights)
embedded_input = embedding(input_Tensor)",Failed: ModuleNotFoundError: No module named 'gensim',True,0.0,0.0,0.0,,,,[],True,0.0,0.0,[],True,0.0,0.0,0.0,0.0,0.0,[]
DS1000,DS0937,,"# def get_embedded_input(input_Tensor):
    weights = torch.FloatTensor(word2vec.wv.vectors)
    embedding = torch.nn.Embedding.from_pretrained(weights)
    embedded_input = embedding(input_Tensor)
    # return embedded_input
    return embedded_input
",Failed: ModuleNotFoundError: No module named 'gensim',True,0.0,0.0,0.0,,,,[],True,0.0,0.0,[],True,0.0,0.0,0.0,0.0,0.0,[]
DS1000,DS0938,"
import numpy as np
import pandas as pd
import torch
x = test_input
result = x.numpy()
result = px
",px = pd.DataFrame(x.numpy()),Failed: NameError: name 'px' is not defined,True,0.0,0.0,0.0,,,,[],True,0.0,0.0,[],True,0.0,0.0,0.0,0.0,0.0,[]
DS1000,DS0939,"
import numpy as np
import pandas as pd
import torch
x = test_input
result = x.numpy()
result = px
",px = pd.DataFrame(x.numpy()),Failed: NameError: name 'px' is not defined,True,0.0,0.0,0.0,,,,[],True,0.0,0.0,[],True,0.0,0.0,0.0,0.0,0.0,[]
DS1000,DS0940,"
import numpy as np
import pandas as pd
import torch
x = test_input
result = x.numpy()
result = px
",px = pd.DataFrame(x.numpy()),Failed: NameError: name 'px' is not defined,True,0.0,0.0,0.0,,,,[],True,0.0,0.0,[],True,0.0,0.0,0.0,0.0,0.0,[]
DS1000,DS0941,"
import numpy as np
import pandas as pd
import torch
A_log, B = test_input
result = B[:, A_log]
result = C
","C = B[:, A_log.bool()]",Failed: NameError: name 'C' is not defined,True,0.0,0.0,0.0,,,,[],True,0.0,0.0,[],True,0.0,0.0,0.0,0.0,0.0,[]
DS1000,DS0942,"
import numpy as np
import pandas as pd
import torch
A_logical, B = test_input
result = B[:, A_logical]
result = C
","C = B[:, A_logical.bool()]",Failed: NameError: name 'C' is not defined,True,0.0,0.0,0.0,,,,[],True,0.0,0.0,[],True,0.0,0.0,0.0,0.0,0.0,[]
DS1000,DS0943,"
import numpy as np
import pandas as pd
import torch
A_log, B = test_input
result = B[:, A_log]
result = C
","C = B[:, A_log.bool()]",Failed: NameError: name 'C' is not defined,True,0.0,0.0,0.0,,,,[],True,0.0,0.0,[],True,0.0,0.0,0.0,0.0,0.0,[]
DS1000,DS0944,"
import numpy as np
import pandas as pd
import torch
A_log, B = test_input
result = C[:, A_log]
result = C
","for i in range(len(A_log)):
    if A_log[i] == 1:
        A_log[i] = 0
    else:
        A_log[i] = 1
C = B[:, A_log.bool()]",Failed: NameError: name 'C' is not defined,True,0.0,0.0,0.0,,,,[],True,0.0,0.0,[],True,0.0,0.0,0.0,0.0,0.0,[]
DS1000,DS0945,"
import numpy as np
import pandas as pd
import torch
A_log, B = test_input
def solve(A_log, B):
C = B[:, A_log]
C = solve(A_log, B)
result = C
","# def solve(A_log, B):
    ### BEGIN SOLUTION
    C = B[:, A_log.bool()]
    ### END SOLUTION
    # return C
    return C
","Failed: IndentationError: expected an indented block after function definition on line 6 (<string>, line 7)",False,0.0,1.0,0.0,IndentationError,7.0,"expected an indented block after function definition on line 6 (<unknown>, line 7)",[],False,0.0,0.0,[],False,0.0,0.0,0.0,0.0,0.0,[]
DS1000,DS0946,"
import numpy as np
import pandas as pd
import torch
A_log, B = test_input
result = B[:, ~A_log]
result = C
","for i in range(len(A_log)):
    if A_log[i] == 1:
        A_log[i] = 0
    else:
        A_log[i] = 1
C = B[:, A_log.bool()]",Failed: NameError: name 'C' is not defined,True,0.0,0.0,0.0,,,,[],True,0.0,0.0,[],True,0.0,0.0,0.0,0.0,0.0,[]
DS1000,DS0947,"
import numpy as np
import pandas as pd
import torch
idx, B = test_input
result = B[:, idx]
result = C
","C = B.index_select(1, idx)",Failed: NameError: name 'C' is not defined,True,0.0,0.0,0.0,,,,[],True,0.0,0.0,[],True,0.0,0.0,0.0,0.0,0.0,[]
DS1000,DS0948,"
import numpy as np
import pandas as pd
import torch
x_array = test_input
x_tensor = torch.tensor(x_array.tolist())
result = x_tensor
",x_tensor = torch.from_numpy(x_array.astype(float)),Passed,True,0.0,0.0,0.0,,,,[],True,0.0,0.0,[],True,0.0,0.0,0.0,0.0,0.0,[]
DS1000,DS0949,"
import numpy as np
import pandas as pd
import torch
x_array = test_input
x_tensor = torch.tensor(x_array)
result = x_tensor
",x_tensor = torch.from_numpy(x_array.astype(float)),"Failed: TypeError: can't convert np.ndarray of type numpy.object_. The only supported types are: float64, float32, float16, complex64, complex128, int64, int32, int16, int8, uint64, uint32, uint16, uint8, and bool.",True,0.0,0.0,0.0,,,,[],True,0.0,0.0,[],True,0.0,0.0,0.0,0.0,0.0,[]
DS1000,DS0950,"
import numpy as np
import pandas as pd
import torch
x_array = test_input
def Convert(a):
import torch

x_tensor = torch.tensor(x_array, dtype=torch.float16)
x_tensor = Convert(x_array)
result = x_tensor
","# def Convert(a):
    ### BEGIN SOLUTION
    t = torch.from_numpy(a.astype(float))
    ### END SOLUTION
    # return t
# x_tensor = Convert(x_array)

    return t
","Failed: IndentationError: expected an indented block after function definition on line 6 (<string>, line 7)",False,0.0,1.0,0.0,IndentationError,7.0,"expected an indented block after function definition on line 6 (<unknown>, line 7)",[],False,0.0,0.0,[],False,0.0,0.0,0.0,0.0,0.0,[]
DS1000,DS0951,"
import numpy as np
import pandas as pd
import torch
lens = test_input
result = torch.zeros(len(lens), max(lens)).long()
for i, length in enumerate(lens):
    result[i, :length] = 1
result = mask
","max_len = max(lens)
mask = torch.arange(max_len).expand(len(lens), max_len) < lens.unsqueeze(1)
mask = mask.type(torch.LongTensor)",Failed: NameError: name 'mask' is not defined,True,0.0,0.0,0.0,,,,[],True,0.0,0.0,[],True,0.0,0.0,0.0,0.0,0.0,[]
DS1000,DS0952,"
import numpy as np
import pandas as pd
import torch
lens = test_input
result = torch.zeros(len(lens), max(lens))
for i, length in enumerate(lens):
    result[i, :length] = 1
result = mask
","max_len = max(lens)
mask = torch.arange(max_len).expand(len(lens), max_len) < lens.unsqueeze(1)
mask = mask.type(torch.LongTensor)",Failed: NameError: name 'mask' is not defined,True,0.0,0.0,0.0,,,,[],True,0.0,0.0,[],True,0.0,0.0,0.0,0.0,0.0,[]
DS1000,DS0953,"
import numpy as np
import pandas as pd
import torch
lens = test_input
result = torch.zeros(len(lens), max(lens))
for i, length in enumerate(lens):
    result[i, :length] = 1
result = mask
","max_len = max(lens)
mask = torch.arange(max_len).expand(len(lens), max_len) > (max_len - lens.unsqueeze(1) - 1)
mask = mask.type(torch.LongTensor)",Failed: NameError: name 'mask' is not defined,True,0.0,0.0,0.0,,,,[],True,0.0,0.0,[],True,0.0,0.0,0.0,0.0,0.0,[]
DS1000,DS0954,"
import numpy as np
import pandas as pd
import torch
lens = test_input
def get_mask(lens):
import torch

lens = test_input
mask = torch.zeros((len(lens), max(lens)), dtype=torch.long)
for i, length in enumerate(lens):
    mask[i, :length] = 1
result = mask
mask = get_mask(lens)
result = mask
","# def get_mask(lens):
    ### BEGIN SOLUTION
    max_len = max(lens)
    mask = torch.arange(max_len).expand(len(lens), max_len) < lens.unsqueeze(1)
    mask = mask.type(torch.LongTensor)
    ### END SOLUTION
    # return mask
# mask = get_mask(lens)
    return mask
","Failed: IndentationError: expected an indented block after function definition on line 6 (<string>, line 7)",False,0.0,1.0,0.0,IndentationError,7.0,"expected an indented block after function definition on line 6 (<unknown>, line 7)",[],False,0.0,0.0,[],False,0.0,0.0,0.0,0.0,0.0,[]
DS1000,DS0955,"
import numpy as np
import pandas as pd
import torch
Tensor_2D = test_input
Tensor_3D = Tensor_2D.unsqueeze(2) * torch.diag(diag_ele)
result = Tensor_3D
",Tensor_3D = torch.diag_embed(Tensor_2D),Failed: NameError: name 'diag_ele' is not defined,True,0.0,0.0,0.0,,,,[],True,0.0,0.0,[],True,0.0,0.0,0.0,0.0,0.0,[]
DS1000,DS0956,"
import numpy as np
import pandas as pd
import torch
Tensor_2D = test_input
def Convert(t):
Tensor_3D = Tensor_2D.unsqueeze(2) * torch.diag(diag_ele)
Tensor_3D = Convert(Tensor_2D)
result = Tensor_3D
","# def Convert(t):
    ### BEGIN SOLUTION
    result = torch.diag_embed(t)
    ### END SOLUTION
    # return result
# Tensor_3D = Convert(Tensor_2D)

    return result
","Failed: IndentationError: expected an indented block after function definition on line 6 (<string>, line 7)",False,0.0,1.0,0.0,IndentationError,7.0,"expected an indented block after function definition on line 6 (<unknown>, line 7)",[],False,0.0,0.0,[],False,0.0,0.0,0.0,0.0,0.0,[]
DS1000,DS0957,"
import numpy as np
import pandas as pd
import torch
a, b = test_input
ab = torch.cat((a.unsqueeze(0), b.unsqueeze(0)), dim=0)
result = ab
","ab = torch.cat((a, b), 0)",Failed: RuntimeError: Sizes of tensors must match except in dimension 0. Expected size 2 but got size 1 for tensor number 1 in the list.,True,0.0,0.0,0.0,,,,[],True,0.0,0.0,[],True,0.0,0.0,0.0,0.0,0.0,[]
DS1000,DS0958,"
import numpy as np
import pandas as pd
import torch
a, b = test_input
result = torch.cat((a.unsqueeze(0), b.unsqueeze(0)), dim=0)
result = ab
","ab = torch.cat((a, b), 0)",Failed: RuntimeError: Sizes of tensors must match except in dimension 0. Expected size 2 but got size 1 for tensor number 1 in the list.,True,0.0,0.0,0.0,,,,[],True,0.0,0.0,[],True,0.0,0.0,0.0,0.0,0.0,[]
DS1000,DS0959,"
import numpy as np
import pandas as pd
import torch
a, b = test_input
def solve(a, b):
ab = torch.cat((a.unsqueeze(0), b.unsqueeze(0)), dim=0)
ab = solve(a, b)
result = ab
","# def solve(a, b):
    ### BEGIN SOLUTION
    ab = torch.cat((a, b), 0)
    ### END SOLUTION
    # return ab
# ab = solve(a, b)

    return ab
","Failed: IndentationError: expected an indented block after function definition on line 6 (<string>, line 7)",False,0.0,1.0,0.0,IndentationError,7.0,"expected an indented block after function definition on line 6 (<unknown>, line 7)",[],False,0.0,0.0,[],False,0.0,0.0,0.0,0.0,0.0,[]
DS1000,DS0960,"
import numpy as np
import pandas as pd
import torch
a, lengths = test_input
result = a * (torch.arange(a.size(1)) < lengths.unsqueeze(1))
result = a
","for i_batch in range(10):
    a[i_batch, lengths[i_batch]:, :] = 0",Failed: RuntimeError: The size of tensor a (96) must match the size of tensor b (1000) at non-singleton dimension 2,True,0.0,0.0,0.0,,,,[],True,0.0,0.0,[],True,0.0,0.0,0.0,0.0,0.0,[]
DS1000,DS0961,"
import numpy as np
import pandas as pd
import torch
a, lengths = test_input
result = a
result[:, lengths:, :] = 2333
result = a
","for i_batch in range(10):
    a[i_batch, lengths[i_batch]:, :] = 2333",Failed: TypeError: only integer tensors of a single element can be converted to an index,True,0.0,0.0,0.0,,,,[],True,0.0,0.0,[],True,0.0,0.0,0.0,0.0,0.0,[]
DS1000,DS0962,"
import numpy as np
import pandas as pd
import torch
a, lengths = test_input
result = a * (torch.arange(lengths.max()) < lengths.unsqueeze(-1))
result = a
","for i_batch in range(10):
    a[i_batch, :lengths[i_batch], :] = 0",Failed: RuntimeError: The size of tensor a (23) must match the size of tensor b (964) at non-singleton dimension 2,True,0.0,0.0,0.0,,,,[],True,0.0,0.0,[],True,0.0,0.0,0.0,0.0,0.0,[]
DS1000,DS0963,"
import numpy as np
import pandas as pd
import torch
a, lengths = test_input
result = a.clone()
result[:, :, lengths:] = 2333
result = a
","for i_batch in range(10):
    a[i_batch, :lengths[i_batch], :] = 2333",Failed: TypeError: only integer tensors of a single element can be converted to an index,True,0.0,0.0,0.0,,,,[],True,0.0,0.0,[],True,0.0,0.0,0.0,0.0,0.0,[]
DS1000,DS0964,"
import numpy as np
import pandas as pd
import torch
list_of_tensors = test_input
result = torch.stack(list_of_tensors)
result = tensor_of_tensors
",tensor_of_tensors = torch.stack((list_of_tensors)),Failed: NameError: name 'tensor_of_tensors' is not defined,True,0.0,0.0,0.0,,,,[],True,0.0,0.0,[],True,0.0,0.0,0.0,0.0,0.0,[]
DS1000,DS0965,"
import numpy as np
import pandas as pd
import torch
list = test_input
result = torch.stack(list)
result = new_tensors
",new_tensors = torch.stack((list)),Failed: NameError: name 'new_tensors' is not defined,True,0.0,0.0,0.0,,,,[],True,0.0,0.0,[],True,0.0,0.0,0.0,0.0,0.0,[]
DS1000,DS0966,"
import numpy as np
import pandas as pd
import torch
list_of_tensors = test_input
def Convert(lt):
result = torch.stack(list_of_tensors)
tensor_of_tensors = Convert(list_of_tensors)
result = tensor_of_tensors
","# def Convert(lt):
    ### BEGIN SOLUTION
    tt = torch.stack((lt))
    ### END SOLUTION
    # return tt
# tensor_of_tensors = Convert(list_of_tensors)

    return tt
","Failed: IndentationError: expected an indented block after function definition on line 6 (<string>, line 7)",False,0.0,1.0,0.0,IndentationError,7.0,"expected an indented block after function definition on line 6 (<unknown>, line 7)",[],False,0.0,0.0,[],False,0.0,0.0,0.0,0.0,0.0,[]
DS1000,DS0967,"
import numpy as np
import pandas as pd
import torch
list_of_tensors = test_input
result = torch.stack(list_of_tensors)
result = tensor_of_tensors
",tensor_of_tensors = torch.stack((list_of_tensors)),Failed: NameError: name 'tensor_of_tensors' is not defined,True,0.0,0.0,0.0,,,,[],True,0.0,0.0,[],True,0.0,0.0,0.0,0.0,0.0,[]
DS1000,DS0968,"
import numpy as np
import pandas as pd
import torch
t, idx = test_input
result = t[idx]
","idxs = torch.from_numpy(idx).long().unsqueeze(1)
# or   torch.from_numpy(idxs).long().view(-1,1)
result = t.gather(1, idxs).squeeze(1)",Failed: Logic Error (Assertion failed),True,0.0,0.0,0.0,,,,[],True,0.0,0.0,[],True,0.0,0.0,0.0,0.0,0.0,[]
DS1000,DS0969,"
import numpy as np
import pandas as pd
import torch
t, idx = test_input
result = t[idx]
","idxs = torch.from_numpy(idx).long().unsqueeze(1)
# or   torch.from_numpy(idxs).long().view(-1,1)
result = t.gather(1, idxs).squeeze(1)",Failed: Logic Error (Assertion failed),True,0.0,0.0,0.0,,,,[],True,0.0,0.0,[],True,0.0,0.0,0.0,0.0,0.0,[]
DS1000,DS0970,"
import numpy as np
import pandas as pd
import torch
t, idx = test_input
result = t[idx]
","idx = 1 - idx
idxs = torch.from_numpy(idx).long().unsqueeze(1)
# or   torch.from_numpy(idxs).long().view(-1,1)
result = t.gather(1, idxs).squeeze(1)",Failed: Logic Error (Assertion failed),True,0.0,0.0,0.0,,,,[],True,0.0,0.0,[],True,0.0,0.0,0.0,0.0,0.0,[]
DS1000,DS0971,"
import numpy as np
import pandas as pd
import torch
ids, x = test_input
result = x[torch.arange(ids.size(0)), ids.squeeze(), :]
","idx = ids.repeat(1, 2).view(70, 1, 2)
result = torch.gather(x, 1, idx)
result = result.squeeze(1)",Passed,True,0.0,0.0,0.0,,,,[],True,0.0,0.0,[],True,0.0,0.0,0.0,0.0,0.0,[]
DS1000,DS0972,"
import numpy as np
import pandas as pd
import torch
ids, x = test_input
result = x.gather(1, ids.unsqueeze(-1)).squeeze(-1)
","idx = ids.repeat(1, 114).view(30, 1, 114)
result = torch.gather(x, 1, idx)
result = result.squeeze(1)",Failed: Logic Error (Assertion failed),True,0.0,0.0,0.0,,,,[],True,0.0,0.0,[],True,0.0,0.0,0.0,0.0,0.0,[]
DS1000,DS0973,"
import numpy as np
import pandas as pd
import torch
ids, x = test_input
result = x[np.arange(ids.shape[0]), ids.argmax(axis=1), :]
","ids = torch.argmax(ids, 1, True)
idx = ids.repeat(1, 2).view(70, 1, 2)
result = torch.gather(x, 1, idx)
result = result.squeeze(1)",Passed,True,0.0,0.0,0.0,,,,[],True,0.0,0.0,[],True,0.0,0.0,0.0,0.0,0.0,[]
DS1000,DS0974,"
import numpy as np
import pandas as pd
import torch
softmax_output = test_input
result = torch.argmax(softmax_output, dim=1).unsqueeze(1)
result = y
","y = torch.argmax(softmax_output, dim=1).view(-1, 1)
",Failed: NameError: name 'y' is not defined,True,0.0,0.0,0.0,,,,[],True,0.0,0.0,[],True,0.0,0.0,0.0,0.0,0.0,[]
DS1000,DS0975,"
import numpy as np
import pandas as pd
import torch
softmax_output = test_input
result = torch.argmax(softmax_output, dim=1).unsqueeze(-1)
result = y
","y = torch.argmax(softmax_output, dim=1).view(-1, 1)
",Failed: NameError: name 'y' is not defined,True,0.0,0.0,0.0,,,,[],True,0.0,0.0,[],True,0.0,0.0,0.0,0.0,0.0,[]
DS1000,DS0976,"
import numpy as np
import pandas as pd
import torch
softmax_output = test_input
result = torch.argmin(softmax_output, dim=1, keepdim=True)
result = y
","y = torch.argmin(softmax_output, dim=1).view(-1, 1)
",Failed: NameError: name 'y' is not defined,True,0.0,0.0,0.0,,,,[],True,0.0,0.0,[],True,0.0,0.0,0.0,0.0,0.0,[]
DS1000,DS0977,"
import numpy as np
import pandas as pd
import torch
softmax_output = test_input
def solve(softmax_output):
result = torch.argmax(softmax_output, dim=1, keepdim=True)
y = solve(softmax_output)
result = y
","# def solve(softmax_output):
    y = torch.argmax(softmax_output, dim=1).view(-1, 1)
    # return y
# y = solve(softmax_output)


    return y
","Failed: IndentationError: expected an indented block after function definition on line 6 (<string>, line 7)",False,0.0,1.0,0.0,IndentationError,7.0,"expected an indented block after function definition on line 6 (<unknown>, line 7)",[],False,0.0,0.0,[],False,0.0,0.0,0.0,0.0,0.0,[]
DS1000,DS0978,"
import numpy as np
import pandas as pd
import torch
softmax_output = test_input
def solve(softmax_output):
import torch

softmax_output = test_input
def solve(softmax_output):
    # Find the index of the minimum value along the second dimension (columns)
    y = torch.argmin(softmax_output, dim=1)
    return y
y = solve(softmax_output)
result = y
    return y
y = solve(softmax_output)
result = y
","# def solve(softmax_output):
    ### BEGIN SOLUTION
    y = torch.argmin(softmax_output, dim=1).detach()
    ### END SOLUTION
    # return y
# y = solve(softmax_output)
","Failed: IndentationError: expected an indented block after function definition on line 6 (<string>, line 7)",False,0.0,1.0,0.0,IndentationError,7.0,"expected an indented block after function definition on line 6 (<unknown>, line 7)",[],False,0.0,0.0,[],False,0.0,0.0,0.0,0.0,0.0,[]
DS1000,DS0979,"
import numpy as np
import pandas as pd
import torch
import torch.nn.functional as F
from torch.autograd import Variable
images, labels = test_input
result = F.cross_entropy(images, labels)
result = loss
","loss_func = torch.nn.CrossEntropyLoss()
loss = loss_func(images, labels)",Failed: NameError: name 'loss' is not defined,True,0.0,0.0,0.0,,,,[],True,0.0,0.0,[],True,0.0,0.0,0.0,0.0,0.0,[]
DS1000,DS0980,"
import numpy as np
import pandas as pd
import torch
A, B = test_input
result = (A == B).sum()
result = cnt_equal
",cnt_equal = int((A == B).sum()),Failed: NameError: name 'cnt_equal' is not defined,True,0.0,0.0,0.0,,,,[],True,0.0,0.0,[],True,0.0,0.0,0.0,0.0,0.0,[]
DS1000,DS0981,"
import numpy as np
import pandas as pd
import torch
A, B = test_input
result = (A == B).sum()
result = cnt_equal
",cnt_equal = int((A == B).sum()),Failed: NameError: name 'cnt_equal' is not defined,True,0.0,0.0,0.0,,,,[],True,0.0,0.0,[],True,0.0,0.0,0.0,0.0,0.0,[]
DS1000,DS0982,"
import numpy as np
import pandas as pd
import torch
A, B = test_input
result = (A != B).sum()
result = cnt_not_equal
",cnt_not_equal = int(len(A)) - int((A == B).sum()),Failed: NameError: name 'cnt_not_equal' is not defined,True,0.0,0.0,0.0,,,,[],True,0.0,0.0,[],True,0.0,0.0,0.0,0.0,0.0,[]
DS1000,DS0983,"
import numpy as np
import pandas as pd
import torch
A, B = test_input
def Count(A, B):
result = (A == B).sum()
cnt_equal = Count(A, B)
result = cnt_equal
","# def Count(A, B):
    ### BEGIN SOLUTION
    cnt_equal = int((A == B).sum())
    ### END SOLUTION
    # return cnt_equal
# cnt_equal = Count(A, B)

    return cnt_equal
","Failed: IndentationError: expected an indented block after function definition on line 6 (<string>, line 7)",False,0.0,1.0,0.0,IndentationError,7.0,"expected an indented block after function definition on line 6 (<unknown>, line 7)",[],False,0.0,0.0,[],False,0.0,0.0,0.0,0.0,0.0,[]
DS1000,DS0984,"
import numpy as np
import pandas as pd
import torch
A, B = test_input
result = torch.eq(A[-x:], B[-x:]).sum()
result = cnt_equal
",cnt_equal = int((A[int(len(A) / 2):] == B[int(len(A) / 2):]).sum()),Failed: NameError: name 'x' is not defined,True,0.0,0.0,0.0,,,,[],True,0.0,0.0,[],True,0.0,0.0,0.0,0.0,0.0,[]
DS1000,DS0985,"
import numpy as np
import pandas as pd
import torch
A, B = test_input
result = torch.sum(A[-x:] != B[-x:], dim=0)
result = cnt_not_equal
",cnt_not_equal = int((A[int(len(A) / 2):] != B[int(len(A) / 2):]).sum()),Failed: NameError: name 'x' is not defined,True,0.0,0.0,0.0,,,,[],True,0.0,0.0,[],True,0.0,0.0,0.0,0.0,0.0,[]
DS1000,DS0986,"
import numpy as np
import pandas as pd
import torch
a = test_input
chunk_dim=10
result = torch.split(a, chunk_dim, dim=3)
result = tensors_31
","Temp = a.unfold(3, chunk_dim, 1)
tensors_31 = []
for i in range(Temp.shape[3]):
    tensors_31.append(Temp[:, :, :, i, :].view(1, 3, 10, chunk_dim, 1).numpy())
tensors_31 = torch.from_numpy(np.array(tensors_31))",Failed: NameError: name 'tensors_31' is not defined,True,0.0,0.0,0.0,,,,[],True,0.0,0.0,[],True,0.0,0.0,0.0,0.0,0.0,[]
DS1000,DS0987,"
import numpy as np
import pandas as pd
import torch
a = test_input
chunk_dim=10
result = torch.split(a, chunk_dim, dim=2)
result = tensors_31
","Temp = a.unfold(2, chunk_dim, 1)
tensors_31 = []
for i in range(Temp.shape[2]):
    tensors_31.append(Temp[:, :, i, :, :].view(1, 3, chunk_dim, 10, 1).numpy())
tensors_31 = torch.from_numpy(np.array(tensors_31))",Failed: NameError: name 'tensors_31' is not defined,True,0.0,0.0,0.0,,,,[],True,0.0,0.0,[],True,0.0,0.0,0.0,0.0,0.0,[]
DS1000,DS0988,"
import numpy as np
import pandas as pd
import torch
mask, clean_input_spectrogram, output = test_input
result = clean_input_spectrogram * mask
result = output
","output[:, mask[0].to(torch.bool), :] = clean_input_spectrogram[:, mask[0].to(torch.bool), :]",Failed: RuntimeError: The size of tensor a (2) must match the size of tensor b (3) at non-singleton dimension 2,True,0.0,0.0,0.0,,,,[],True,0.0,0.0,[],True,0.0,0.0,0.0,0.0,0.0,[]
DS1000,DS0989,"
import numpy as np
import pandas as pd
import torch
mask, clean_input_spectrogram, output = test_input
result = clean_input_spectrogram * (1 - mask)
result = output
","for i in range(len(mask[0])):
    if mask[0][i] == 1:
        mask[0][i] = 0
    else:
        mask[0][i] = 1
output[:, mask[0].to(torch.bool), :] = clean_input_spectrogram[:, mask[0].to(torch.bool), :]",Failed: RuntimeError: The size of tensor a (2) must match the size of tensor b (3) at non-singleton dimension 2,True,0.0,0.0,0.0,,,,[],True,0.0,0.0,[],True,0.0,0.0,0.0,0.0,0.0,[]
DS1000,DS0990,"
import numpy as np
import pandas as pd
import torch
x, y = test_input
result = torch.where(torch.abs(x) <= torch.abs(y), x, y) * torch.sign(x)
result = signed_min
","mins = torch.min(torch.abs(x), torch.abs(y))

xSigns = (mins == torch.abs(x)) * torch.sign(x)
ySigns = (mins == torch.abs(y)) * torch.sign(y)
finalSigns = xSigns.int() | ySigns.int()

signed_min = mins * finalSigns",Failed: NameError: name 'signed_min' is not defined,True,0.0,0.0,0.0,,,,[],True,0.0,0.0,[],True,0.0,0.0,0.0,0.0,0.0,[]
DS1000,DS0991,"
import numpy as np
import pandas as pd
import torch
x, y = test_input
result = torch.where(torch.abs(x) >= torch.abs(y), x, y) * torch.sign(x)
result = signed_max
","maxs = torch.max(torch.abs(x), torch.abs(y))

xSigns = (maxs == torch.abs(x)) * torch.sign(x)
ySigns = (maxs == torch.abs(y)) * torch.sign(y)
finalSigns = xSigns.int() | ySigns.int()

signed_max = maxs * finalSigns",Failed: NameError: name 'signed_max' is not defined,True,0.0,0.0,0.0,,,,[],True,0.0,0.0,[],True,0.0,0.0,0.0,0.0,0.0,[]
DS1000,DS0992,"
import numpy as np
import pandas as pd
import torch
x, y = test_input
def solve(x, y):
result = torch.where(torch.abs(x) <= torch.abs(y), x, y) * torch.sign(x)
signed_min = solve(x, y)
result = signed_min
","# def solve(x, y):
    ### BEGIN SOLUTION
    mins = torch.min(torch.abs(x), torch.abs(y))

    xSigns = (mins == torch.abs(x)) * torch.sign(x)
    ySigns = (mins == torch.abs(y)) * torch.sign(y)
    finalSigns = xSigns.int() | ySigns.int()

    signed_min = mins * finalSigns
    ### END SOLUTION
    # return signed_min
# signed_min = solve(x, y)

    return signed_min
","Failed: IndentationError: expected an indented block after function definition on line 6 (<string>, line 7)",False,0.0,1.0,0.0,IndentationError,7.0,"expected an indented block after function definition on line 6 (<unknown>, line 7)",[],False,0.0,0.0,[],False,0.0,0.0,0.0,0.0,0.0,[]
DS1000,DS0993,"
import numpy as np
import pandas as pd
import torch
MyNet = torch.nn.Sequential(torch.nn.Linear(4, 15),
                            torch.nn.Sigmoid(),
                            torch.nn.Linear(15, 3),
                            )
MyNet.load_state_dict(torch.load(""my_model.pt""))
input = test_input
result = torch.softmax(output, dim=1)
result = confidence_score
","'''
training part
'''
# X, Y = load_iris(return_X_y=True)
# lossFunc = torch.nn.CrossEntropyLoss()
# opt = torch.optim.Adam(MyNet.parameters(), lr=0.001)
# for batch in range(0, 50):
#     for i in range(len(X)):
#         x = MyNet(torch.from_numpy(X[i]).float()).reshape(1, 3)
#         y = torch.tensor(Y[i]).long().unsqueeze(0)
#         loss = lossFunc(x, y)
#         loss.backward()
#         opt.step()
#         opt.zero_grad()
#         # print(x.grad)
#         # print(loss)
#     # print(loss)
output = MyNet(input)
probs = torch.nn.functional.softmax(output.reshape(1, 3), dim=1)
confidence_score, classes = torch.max(probs, 1)",Failed: NameError: name 'output' is not defined,True,0.0,0.0,0.0,,,,[],True,0.0,0.0,[],True,0.0,0.0,0.0,0.0,0.0,[]
DS1000,DS0994,"
import numpy as np
import pandas as pd
import torch
a, b = test_input
result = torch.cat((a[:, :-1], (a[:, -1] + b[:, 0]) / 2, b[:, 1:]), dim=1)
","c = (a[:, -1:] + b[:, :1]) / 2
result = torch.cat((a[:, :-1], c, b[:, 1:]), dim=1)",Failed: RuntimeError: Tensors must have same number of dimensions: got 2 and 1,True,0.0,0.0,0.0,,,,[],True,0.0,0.0,[],True,0.0,0.0,0.0,0.0,0.0,[]
DS1000,DS0995,"
import numpy as np
import pandas as pd
import torch
a, b = test_input
def solve(a, b):
result = torch.cat((a[:, :-1], (a[:, -1] + b[:, 0]) / 2, b[:, 1:]), dim=1)
result = solve(a, b)
","# def solve(a, b):
    ### BEGIN SOLUTION
    c = (a[:, -1:] + b[:, :1]) / 2
    result = torch.cat((a[:, :-1], c, b[:, 1:]), dim=1)
    ### END SOLUTION
    # return result
# result = solve(a, b)

    return result
","Failed: IndentationError: expected an indented block after function definition on line 6 (<string>, line 7)",False,0.0,1.0,0.0,IndentationError,7.0,"expected an indented block after function definition on line 6 (<unknown>, line 7)",[],False,0.0,0.0,[],False,0.0,0.0,0.0,0.0,0.0,[]
DS1000,DS0996,"
import numpy as np
import pandas as pd
import torch
t = test_input
result = torch.cat((torch.zeros(1, 4, 2), t), dim=0)
","result = torch.nn.functional.pad(t, (1, 1, 1, 1))",Failed: RuntimeError: Tensors must have same number of dimensions: got 3 and 2,True,0.0,0.0,0.0,,,,[],True,0.0,0.0,[],True,0.0,0.0,0.0,0.0,0.0,[]
DS1000,DS0997,"
import numpy as np
import pandas as pd
import torch
t = test_input
result = torch.cat((torch.zeros(1, 4), t, torch.zeros(1, 4)), dim=1)
","result = torch.nn.functional.pad(t, (1, 1, 1, 1))",Failed: RuntimeError: Sizes of tensors must match except in dimension 1. Expected size 1 but got size 4 for tensor number 1 in the list.,True,0.0,0.0,0.0,,,,[],True,0.0,0.0,[],True,0.0,0.0,0.0,0.0,0.0,[]
DS1000,DS0998,"
import numpy as np
import pandas as pd
import torch
t = test_input
result = torch.cat((torch.ones(1, 4, 2) * -1, t), dim=0)
","result = torch.ones((t.shape[0] + 2, t.shape[1] + 2)) * -1
result[1:-1, 1:-1] = t",Failed: RuntimeError: Tensors must have same number of dimensions: got 3 and 2,True,0.0,0.0,0.0,,,,[],True,0.0,0.0,[],True,0.0,0.0,0.0,0.0,0.0,[]
DS1000,DS0999,"
import numpy as np
import pandas as pd
import torch
data, W = test_input
result = torch.bmm(data, W).squeeze()
","W = W.unsqueeze(0).unsqueeze(0).expand(*data.size())
result = torch.sum(data * W, 2)
result = result.view(10, 2, 3)",Failed: RuntimeError: batch2 must be a 3D tensor,True,0.0,0.0,0.0,,,,[],True,0.0,0.0,[],True,0.0,0.0,0.0,0.0,0.0,[]
HumanEval,HumanEval/0,"from typing import List


def has_close_elements(numbers: List[float], threshold: float) -> bool:
    """""" Check if in given list of numbers, are any two numbers closer to each other than
    given threshold.
    >>> has_close_elements([1.0, 2.0, 3.0], 0.5)
    False
    >>> has_close_elements([1.0, 2.8, 3.0, 4.0, 5.0, 2.0], 0.3)
    True
    """"""
    for i in range(len(numbers)):
        for j in range(i + 1, len(numbers)):
            if abs(numbers[i] - numbers[j]) < threshold:
                return True
    return False","    for idx, elem in enumerate(numbers):
        for idx2, elem2 in enumerate(numbers):
            if idx != idx2:
                distance = abs(elem - elem2)
                if distance < threshold:
                    return True

    return False
",Passed,True,0.0,0.0,0.0,,,,[],True,0.0,0.0,[],True,0.0,0.0,0.0,0.0,0.0,[]
HumanEval,HumanEval/1,"from typing import List

def separate_paren_groups(paren_string: str) -> List[str]:
    """""" Input to this function is a string containing multiple groups of nested parentheses. Your goal is to
    separate those group into separate strings and return the list of those.
    Separate groups are balanced (each open brace is properly closed) and not nested within each other
    Ignore any spaces in the input string.
    >>> separate_paren_groups('( ) (( )) (( )( ))')
    ['()', '(())', '(()())']
    """"""
    result = []
    current_group = []
    depth = 0

    for char in paren_string.replace("" "", """"):
        if char == '(':
            depth += 1
            current_group.append(char)
        elif char == ')':
            depth -= 1
            current_group.append(char)
            if depth == 0:
                result.append(''.join(current_group))
                current_group = []

    return result

# Test the function
print(separate_paren_groups('( ) (( )) (( )( ))'))  # Output: ['()', '(())', '(()())']","    result = []
    current_string = []
    current_depth = 0

    for c in paren_string:
        if c == '(':
            current_depth += 1
            current_string.append(c)
        elif c == ')':
            current_depth -= 1
            current_string.append(c)

            if current_depth == 0:
                result.append(''.join(current_string))
                current_string.clear()

    return result
",Passed,True,0.0,0.0,0.0,,,,[],True,0.0,0.0,[],True,0.0,0.0,0.0,0.0,0.0,[]
HumanEval,HumanEval/2,"from typing import *
from collections import *

def truncate_number(number: float) -> float:
    """""" Given a positive floating point number, it can be decomposed into
    and integer part (largest integer smaller than given number) and decimals
    (leftover part always smaller than 1).

    Return the decimal part of the number.
    >>> truncate_number(3.5)
    0.5
    """"""
    return number - int(number)","    return number % 1.0
",Passed,True,0.0,0.0,0.0,,,,[],True,0.0,0.0,[],True,2.0,0.0,0.0,0.0,2.0,"[{'type': 'name_error', 'name': '*', 'line': 1}, {'type': 'name_error', 'name': '*', 'line': 2}]"
HumanEval,HumanEval/3,"from typing import List

def below_zero(operations: List[int]) -> bool:
    """""" You're given a list of deposit and withdrawal operations on a bank account that starts with
    zero balance. Your task is to detect if at any point the balance of account fallls below zero, and
    at that point function should return True. Otherwise it should return False.
    >>> below_zero([1, 2, 3])
    False
    >>> below_zero([1, 2, -4, 5])
    True
    """"""
    balance = 0
    for operation in operations:
        balance += operation
        if balance < 0:
            return True
    return False","    balance = 0

    for op in operations:
        balance += op
        if balance < 0:
            return True

    return False
",Passed,True,0.0,0.0,0.0,,,,[],True,0.0,0.0,[],True,0.0,0.0,0.0,0.0,0.0,[]
HumanEval,HumanEval/4,"from typing import List


def mean_absolute_deviation(numbers: List[float]) -> float:
    """""" For a given list of input numbers, calculate Mean Absolute Deviation
    around the mean of this dataset.
    Mean Absolute Deviation is the average absolute difference between each
    element and a centerpoint (mean in this case):
    MAD = average | x - x_mean |
    >>> mean_absolute_deviation([1.0, 2.0, 3.0, 4.0])
    1.0
    """"""
    if not numbers:
        return 0.0

    mean = sum(numbers) / len(numbers)
    mad = sum(abs(x - mean) for x in numbers) / len(numbers)
    return mad","    mean = sum(numbers) / len(numbers)
    return sum(abs(x - mean) for x in numbers) / len(numbers)
",Passed,True,0.0,0.0,0.0,,,,[],True,0.0,1.0,"[{'type': 'missing_return', 'function': 'mean_absolute_deviation', 'start_line': 4, 'end_line': 18}]",True,0.0,0.0,0.0,0.0,0.0,[]
HumanEval,HumanEval/5,"from typing import List

def intersperse(numbers: List[int], delimeter: int) -> List[int]:
    """""" Insert a number 'delimeter' between every two consecutive elements of input list `numbers'
    >>> intersperse([], 4)
    []
    >>> intersperse([1, 2, 3], 4)
    [1, 4, 2, 4, 3]
    """"""
    if not numbers:
        return []
    
    result = []
    for i in range(len(numbers)):
        result.append(numbers[i])
        if i < len(numbers) - 1:
            result.append(delimeter)
    return result","    if not numbers:
        return []

    result = []

    for n in numbers[:-1]:
        result.append(n)
        result.append(delimeter)

    result.append(numbers[-1])

    return result
",Passed,True,0.0,0.0,0.0,,,,[],True,0.0,1.0,"[{'type': 'missing_return', 'function': 'intersperse', 'start_line': 3, 'end_line': 18}]",True,0.0,0.0,0.0,0.0,0.0,[]
HumanEval,HumanEval/6,"from typing import List

def parse_nested_parens(paren_string: str) -> List[int]:
    """""" Input to this function is a string represented multiple groups for nested parentheses separated by spaces.
    For each of the group, output the deepest level of nesting of parentheses.
    E.g. (()()) has maximum two levels of nesting while ((())) has three.

    >>> parse_nested_parens('(()()) ((())) () ((())()())')
    [2, 3, 1, 3]
    """"""
    result = []
    for group in paren_string.split():
        max_depth = 0
        current_depth = 0
        for char in group:
            if char == '(':
                current_depth += 1
                max_depth = max(max_depth, current_depth)
            elif char == ')':
                current_depth -= 1
        result.append(max_depth)
    return result","    def parse_paren_group(s):
        depth = 0
        max_depth = 0
        for c in s:
            if c == '(':
                depth += 1
                max_depth = max(depth, max_depth)
            else:
                depth -= 1

        return max_depth

    return [parse_paren_group(x) for x in paren_string.split(' ') if x]
",Passed,True,0.0,0.0,0.0,,,,[],True,0.0,0.0,[],True,0.0,0.0,0.0,0.0,0.0,[]
HumanEval,HumanEval/7,"from typing import List

def filter_by_substring(strings: List[str], substring: str) -> List[str]:
    """""" Filter an input list of strings only for ones that contain given substring
    >>> filter_by_substring([], 'a')
    []
    >>> filter_by_substring(['abc', 'bacd', 'cde', 'array'], 'a')
    ['abc', 'bacd', 'array']
    """"""
    return [s for s in strings if substring in s]","    return [x for x in strings if substring in x]
",Passed,True,0.0,0.0,0.0,,,,[],True,0.0,0.0,[],True,0.0,0.0,0.0,0.0,0.0,[]
HumanEval,HumanEval/8,"from typing import List, Tuple

def sum_product(numbers: List[int]) -> Tuple[int, int]:
    """""" For a given list of integers, return a tuple consisting of a sum and a product of all the integers in a list.
    Empty sum should be equal to 0 and empty product should be equal to 1.
    >>> sum_product([])
    (0, 1)
    >>> sum_product([1, 2, 3, 4])
    (10, 24)
    """"""
    if not numbers:
        return (0, 1)
    
    total_sum = sum(numbers)
    total_product = 1
    for num in numbers:
        total_product *= num
    
    return (total_sum, total_product)

# Test cases
print(sum_product([]))  # Output: (0, 1)
print(sum_product([1, 2, 3, 4]))  # Output: (10, 24)","    sum_value = 0
    prod_value = 1

    for n in numbers:
        sum_value += n
        prod_value *= n
    return sum_value, prod_value
",Passed,True,0.0,0.0,0.0,,,,[],True,0.0,1.0,"[{'type': 'missing_return', 'function': 'sum_product', 'start_line': 3, 'end_line': 19}]",True,0.0,0.0,0.0,0.0,0.0,[]
HumanEval,HumanEval/9,"from typing import List, Tuple

def rolling_max(numbers: List[int]) -> List[int]:
    """""" From a given list of integers, generate a list of rolling maximum element found until given moment
    in the sequence.
    >>> rolling_max([1, 2, 3, 2, 3, 4, 2])
    [1, 2, 3, 3, 3, 4, 4]
    """"""
    if not numbers:
        return []

    max_so_far = numbers[0]
    result = [max_so_far]

    for num in numbers[1:]:
        max_so_far = max(max_so_far, num)
        result.append(max_so_far)

    return result","    running_max = None
    result = []

    for n in numbers:
        if running_max is None:
            running_max = n
        else:
            running_max = max(running_max, n)

        result.append(running_max)

    return result
",Passed,True,0.0,0.0,0.0,,,,[],True,0.0,1.0,"[{'type': 'missing_return', 'function': 'rolling_max', 'start_line': 3, 'end_line': 19}]",True,0.0,0.0,0.0,0.0,0.0,[]
HumanEval,HumanEval/10,"from typing import *
from collections import *

def is_palindrome(string: str) -> bool:
    """""" Test if given string is a palindrome """"""
    return string == string[::-1]

def make_palindrome(string: str) -> str:
    """""" Find the shortest palindrome that begins with a supplied string.
    Algorithm idea is simple:
    - Find the longest postfix of supplied string that is a palindrome.
    - Append to the end of the string reverse of a string prefix that comes before the palindromic suffix.
    >>> make_palindrome('')
    ''
    >>> make_palindrome('cat')
    'catac'
    >>> make_palindrome('cata')
    'catac'
    """"""
    if not string:
        return string
    
    # Find the longest palindromic suffix
    for i in range(len(string), 0, -1):
        if is_palindrome(string[-i:]):
            # Append the reverse of the prefix to make it a palindrome
            return string + string[:i][::-1]
    
    # If no palindromic suffix is found, return the string itself
    return string","    if not string:
        return ''

    beginning_of_suffix = 0

    while not is_palindrome(string[beginning_of_suffix:]):
        beginning_of_suffix += 1

    return string + string[:beginning_of_suffix][::-1]
",Failed: Logic Hallucination (Assertion Error),True,0.0,0.0,0.0,,,,[],True,0.0,1.0,"[{'type': 'missing_return', 'function': 'make_palindrome', 'start_line': 8, 'end_line': 30}]",True,2.0,0.0,0.0,0.0,2.0,"[{'type': 'name_error', 'name': '*', 'line': 1}, {'type': 'name_error', 'name': '*', 'line': 2}]"
HumanEval,HumanEval/11,"from typing import List


def string_xor(a: str, b: str) -> str:
    """""" Input are two strings a and b consisting only of 1s and 0s.
    Perform binary XOR on these inputs and return result also as a string.
    >>> string_xor('010', '110')
    '100'
    """"""
    # Ensure both strings are of the same length by padding the shorter one with leading zeros
    max_len = max(len(a), len(b))
    a = a.zfill(max_len)
    b = b.zfill(max_len)
    
    # Perform XOR operation character by character
    xor_result = ''.join('1' if a[i] != b[i] else '0' for i in range(max_len))
    
    return xor_result","    def xor(i, j):
        if i == j:
            return '0'
        else:
            return '1'

    return ''.join(xor(x, y) for x, y in zip(a, b))
",Passed,True,0.0,0.0,0.0,,,,[],True,0.0,0.0,[],True,0.0,0.0,0.0,0.0,0.0,[]
HumanEval,HumanEval/12,"from typing import List, Optional

def longest(strings: List[str]) -> Optional[str]:
    """""" Out of list of strings, return the longest one. Return the first one in case of multiple
    strings of the same length. Return None in case the input list is empty.
    >>> longest([])
    
    >>> longest(['a', 'b', 'c'])
    'a'
    >>> longest(['a', 'bb', 'ccc'])
    'ccc'
    """"""
    if not strings:
        return None
    
    longest_string = strings[0]
    for string in strings:
        if len(string) > len(longest_string):
            longest_string = string
    
    return longest_string","    if not strings:
        return None

    maxlen = max(len(x) for x in strings)
    for s in strings:
        if len(s) == maxlen:
            return s
",Passed,True,0.0,0.0,0.0,,,,[],True,0.0,1.0,"[{'type': 'missing_return', 'function': 'longest', 'start_line': 3, 'end_line': 21}]",True,0.0,0.0,0.0,0.0,0.0,[]
HumanEval,HumanEval/13,"from typing import *
from collections import *

def greatest_common_divisor(a: int, b: int) -> int:
    """""" Return a greatest common divisor of two integers a and b
    >>> greatest_common_divisor(3, 5)
    1
    >>> greatest_common_divisor(25, 15)
    5
    """"""
    while b != 0:
        a, b = b, a % b
    return a

# Test cases
print(greatest_common_divisor(3, 5))  # Output: 1
print(greatest_common_divisor(25, 15)) # Output: 5","    while b:
        a, b = b, a % b
    return a
",Passed,True,0.0,0.0,0.0,,,,[],True,0.0,0.0,[],True,2.0,0.0,0.0,0.0,2.0,"[{'type': 'name_error', 'name': '*', 'line': 1}, {'type': 'name_error', 'name': '*', 'line': 2}]"
HumanEval,HumanEval/14,"from typing import List

def all_prefixes(string: str) -> List[str]:
    """""" Return list of all prefixes from shortest to longest of the input string
    >>> all_prefixes('abc')
    ['a', 'ab', 'abc']
    """"""
    return [string[:i] for i in range(1, len(string) + 1)]","    result = []

    for i in range(len(string)):
        result.append(string[:i+1])
    return result
",Passed,True,0.0,0.0,0.0,,,,[],True,0.0,0.0,[],True,0.0,0.0,0.0,0.0,0.0,[]
HumanEval,HumanEval/15,"from typing import *
from collections import *

def string_sequence(n: int) -> str:
    """""" Return a string containing space-delimited numbers starting from 0 upto n inclusive.
    >>> string_sequence(0)
    '0'
    >>> string_sequence(5)
    '0 1 2 3 4 5'
    """"""
    return ' '.join(str(i) for i in range(n + 1))","    return ' '.join([str(x) for x in range(n + 1)])
",Passed,True,0.0,0.0,0.0,,,,[],True,0.0,0.0,[],True,2.0,0.0,0.0,0.0,2.0,"[{'type': 'name_error', 'name': '*', 'line': 1}, {'type': 'name_error', 'name': '*', 'line': 2}]"
HumanEval,HumanEval/16,"from typing import *
from collections import *

def count_distinct_characters(string: str) -> int:
    """""" Given a string, find out how many distinct characters (regardless of case) does it consist of
    >>> count_distinct_characters('xyzXYZ')
    3
    >>> count_distinct_characters('Jerry')
    4
    """"""
    # Convert the string to lowercase to ignore case and then use a set to find distinct characters
    distinct_chars = set(string.lower())
    return len(distinct_chars)

# Test cases
print(count_distinct_characters('xyzXYZ'))  # Output: 3
print(count_distinct_characters('Jerry'))   # Output: 4","    return len(set(string.lower()))
",Passed,True,0.0,0.0,0.0,,,,[],True,0.0,0.0,[],True,2.0,0.0,0.0,0.0,2.0,"[{'type': 'name_error', 'name': '*', 'line': 1}, {'type': 'name_error', 'name': '*', 'line': 2}]"
HumanEval,HumanEval/17,"from typing import List

def parse_music(music_string: str) -> List[int]:
    """""" Input to this function is a string representing musical notes in a special ASCII format.
    Your task is to parse this string and return list of integers corresponding to how many beats does each
    not last.

    Here is a legend:
    'o' - whole note, lasts four beats
    'o|' - half note, lasts two beats
    '.|' - quater note, lasts one beat

    >>> parse_music('o o| .| o| o| .| .| .| .| o o')
    [4, 2, 1, 2, 2, 1, 1, 1, 1, 4, 4]
    """"""
    # Split the input string into individual notes
    notes = music_string.split()
    
    # Define a dictionary to map note symbols to their respective beat values
    note_to_beats = {
        'o': 4,
        'o|': 2,
        '.|': 1
    }
    
    # Parse each note and convert it to its corresponding beat value
    beats = [note_to_beats[note] for note in notes]
    
    return beats

# Test the function with the provided example
print(parse_music('o o| .| o| o| .| .| .| .| o o'))","    note_map = {'o': 4, 'o|': 2, '.|': 1}
    return [note_map[x] for x in music_string.split(' ') if x]
",Passed,True,0.0,0.0,0.0,,,,[],True,0.0,0.0,[],True,0.0,0.0,0.0,0.0,0.0,[]
HumanEval,HumanEval/18,"def how_many_times(string: str, substring: str) -> int:
    """""" Find how many times a given substring can be found in the original string. Count overlaping cases.
    >>> how_many_times('', 'a')
    0
    >>> how_many_times('aaa', 'a')
    3
    >>> how_many_times('aaaa', 'aa')
    3
    """"""
    count = 0
    start = 0
    while start <= len(string) - len(substring):
        if string[start:start+len(substring)] == substring:
            count += 1
        start += 1
    return count

# Test cases
print(how_many_times('', 'a'))  # Output: 0
print(how_many_times('aaa', 'a'))  # Output: 3
print(how_many_times('aaaa', 'aa'))  # Output: 3","    times = 0

    for i in range(len(string) - len(substring) + 1):
        if string[i:i+len(substring)] == substring:
            times += 1

    return times
",Passed,True,0.0,0.0,0.0,,,,[],True,0.0,0.0,[],True,0.0,0.0,0.0,0.0,0.0,[]
HumanEval,HumanEval/19,"from typing import List

def sort_numbers(numbers: str) -> str:
    """""" Input is a space-delimited string of numberals from 'zero' to 'nine'.
    Valid choices are 'zero', 'one', 'two', 'three', 'four', 'five', 'six', 'seven', 'eight' and 'nine'.
    Return the string with numbers sorted from smallest to largest
    >>> sort_numbers('three one five')
    'one three five'
    """"""
    # Create a dictionary to map number words to their numeric values
    number_map = {
        'zero': 0,
        'one': 1,
        'two': 2,
        'three': 3,
        'four': 4,
        'five': 5,
        'six': 6,
        'seven': 7,
        'eight': 8,
        'nine': 9
    }
    
    # Split the input string into a list of number words
    number_words = numbers.split()
    
    # Sort the list based on the numeric value of each word
    sorted_numbers = sorted(number_words, key=lambda word: number_map[word])
    
    # Join the sorted list back into a string
    return ' '.join(sorted_numbers)

# Test the function
print(sort_numbers('three one five'))  # Output: 'one three five'","    value_map = {
        'zero': 0,
        'one': 1,
        'two': 2,
        'three': 3,
        'four': 4,
        'five': 5,
        'six': 6,
        'seven': 7,
        'eight': 8,
        'nine': 9
    }
    return ' '.join(sorted([x for x in numbers.split(' ') if x], key=lambda x: value_map[x]))
",Passed,True,0.0,0.0,0.0,,,,[],True,0.0,0.0,[],True,0.0,0.0,0.0,0.0,0.0,[]
HumanEval,HumanEval/20,"from typing import List, Tuple

def find_closest_elements(numbers: List[float]) -> Tuple[float, float]:
    """""" From a supplied list of numbers (of length at least two) select and return two that are the closest to each
    other and return them in order (smaller number, larger number).
    >>> find_closest_elements([1.0, 2.0, 3.0, 4.0, 5.0, 2.2])
    (2.0, 2.2)
    >>> find_closest_elements([1.0, 2.0, 3.0, 4.0, 5.0, 2.0])
    (2.0, 2.0)
    """"""
    if len(numbers) < 2:
        raise ValueError(""The list must contain at least two elements."")
    
    # Sort the list to make it easier to find the closest pair
    sorted_numbers = sorted(numbers)
    
    # Initialize variables to store the closest pair
    closest_pair = (sorted_numbers[0], sorted_numbers[1])
    smallest_diff = abs(sorted_numbers[1] - sorted_numbers[0])
    
    # Iterate through the sorted list to find the closest pair
    for i in range(1, len(sorted_numbers) - 1):
        current_diff = abs(sorted_numbers[i + 1] - sorted_numbers[i])
        if current_diff < smallest_diff:
            smallest_diff = current_diff
            closest_pair = (sorted_numbers[i], sorted_numbers[i + 1])
    
    return closest_pair","    closest_pair = None
    distance = None

    for idx, elem in enumerate(numbers):
        for idx2, elem2 in enumerate(numbers):
            if idx != idx2:
                if distance is None:
                    distance = abs(elem - elem2)
                    closest_pair = tuple(sorted([elem, elem2]))
                else:
                    new_distance = abs(elem - elem2)
                    if new_distance < distance:
                        distance = new_distance
                        closest_pair = tuple(sorted([elem, elem2]))

    return closest_pair
",Passed,True,0.0,0.0,0.0,,,,[],True,0.0,1.0,"[{'type': 'missing_return', 'function': 'find_closest_elements', 'start_line': 3, 'end_line': 28}]",True,0.0,0.0,0.0,0.0,0.0,[]
HumanEval,HumanEval/21,"from typing import List

def rescale_to_unit(numbers: List[float]) -> List[float]:
    """""" Given list of numbers (of at least two elements), apply a linear transform to that list,
    such that the smallest number will become 0 and the largest will become 1
    >>> rescale_to_unit([1.0, 2.0, 3.0, 4.0, 5.0])
    [0.0, 0.25, 0.5, 0.75, 1.0]
    """"""
    if len(numbers) < 2:
        raise ValueError(""List must contain at least two elements."")
    
    min_num = min(numbers)
    max_num = max(numbers)
    
    # Avoid division by zero if all numbers are the same
    if min_num == max_num:
        return [0.0] * len(numbers)
    
    scaled_numbers = [(num - min_num) / (max_num - min_num) for num in numbers]
    return scaled_numbers","    min_number = min(numbers)
    max_number = max(numbers)
    return [(x - min_number) / (max_number - min_number) for x in numbers]
",Passed,True,0.0,0.0,0.0,,,,[],True,0.0,1.0,"[{'type': 'missing_return', 'function': 'rescale_to_unit', 'start_line': 3, 'end_line': 20}]",True,0.0,0.0,0.0,0.0,0.0,[]
HumanEval,HumanEval/22,"from typing import List, Any


def filter_integers(values: List[Any]) -> List[int]:
    """""" Filter given list of any python values only for integers
    >>> filter_integers(['a', 3.14, 5])
    [5]
    >>> filter_integers([1, 2, 3, 'abc', {}, []])
    [1, 2, 3]
    """"""
    return [value for value in values if isinstance(value, int)]","    return [x for x in values if isinstance(x, int)]
",Passed,True,0.0,0.0,0.0,,,,[],True,0.0,0.0,[],True,0.0,0.0,0.0,0.0,0.0,[]
HumanEval,HumanEval/23,"def strlen(string: str) -> int:
    """""" Return length of given string
    >>> strlen('')
    0
    >>> strlen('abc')
    3
    """"""
    return len(string)","    return len(string)
",Passed,True,0.0,0.0,0.0,,,,[],True,0.0,0.0,[],True,0.0,0.0,0.0,0.0,0.0,[]
HumanEval,HumanEval/24,"from typing import *
from collections import *

def largest_divisor(n: int) -> int:
    """""" For a given number n, find the largest number that divides n evenly, smaller than n
    >>> largest_divisor(15)
    5
    """"""
    for i in range(n-1, 0, -1):
        if n % i == 0:
            return i","    for i in reversed(range(n)):
        if n % i == 0:
            return i
",Passed,True,0.0,0.0,0.0,,,,[],True,0.0,1.0,"[{'type': 'missing_return', 'function': 'largest_divisor', 'start_line': 4, 'end_line': 11}]",True,2.0,0.0,0.0,0.0,2.0,"[{'type': 'name_error', 'name': '*', 'line': 1}, {'type': 'name_error', 'name': '*', 'line': 2}]"
HumanEval,HumanEval/25,"from typing import List

def factorize(n: int) -> List[int]:
    """""" Return list of prime factors of given integer in the order from smallest to largest.
    Each of the factors should be listed number of times corresponding to how many times it appears in factorization.
    Input number should be equal to the product of all factors
    >>> factorize(8)
    [2, 2, 2]
    >>> factorize(25)
    [5, 5]
    >>> factorize(70)
    [2, 5, 7]
    """"""
    factors = []
    divisor = 2
    while n > 1:
        while n % divisor == 0:
            factors.append(divisor)
            n //= divisor
        divisor += 1
    return factors","    import math
    fact = []
    i = 2
    while i <= int(math.sqrt(n) + 1):
        if n % i == 0:
            fact.append(i)
            n //= i
        else:
            i += 1

    if n > 1:
        fact.append(n)
    return fact
",Passed,True,0.0,0.0,0.0,,,,[],True,0.0,0.0,[],True,0.0,0.0,0.0,0.0,0.0,[]
HumanEval,HumanEval/26,"from typing import List

def remove_duplicates(numbers: List[int]) -> List[int]:
    """""" From a list of integers, remove all elements that occur more than once.
    Keep order of elements left the same as in the input.
    >>> remove_duplicates([1, 2, 3, 2, 4])
    [1, 3, 4]
    """"""
    seen = set()
    result = []
    for number in numbers:
        if number not in seen:
            seen.add(number)
            result.append(number)
    return result","    import collections
    c = collections.Counter(numbers)
    return [n for n in numbers if c[n] <= 1]
",Failed: Logic Hallucination (Assertion Error),True,0.0,0.0,0.0,,,,[],True,0.0,0.0,[],True,0.0,0.0,0.0,0.0,0.0,[]
HumanEval,HumanEval/27,"def flip_case(string: str) -> str:
    """""" For a given string, flip lowercase characters to uppercase and uppercase to lowercase.
    >>> flip_case('Hello')
    'hELLO'
    """"""
    return ''.join(char.lower() if char.isupper() else char.upper() for char in string)","    return string.swapcase()
",Passed,True,0.0,0.0,0.0,,,,[],True,0.0,0.0,[],True,0.0,0.0,0.0,0.0,0.0,[]
HumanEval,HumanEval/28,"from typing import List


def concatenate(strings: List[str]) -> str:
    """""" Concatenate list of strings into a single string
    >>> concatenate([])
    ''
    >>> concatenate(['a', 'b', 'c'])
    'abc'
    """"""
    return ''.join(strings)","    return ''.join(strings)
",Passed,True,0.0,0.0,0.0,,,,[],True,0.0,0.0,[],True,0.0,0.0,0.0,0.0,0.0,[]
HumanEval,HumanEval/29,"from typing import List

def filter_by_prefix(strings: List[str], prefix: str) -> List[str]:
    """""" Filter an input list of strings only for ones that start with a given prefix.
    >>> filter_by_prefix([], 'a')
    []
    >>> filter_by_prefix(['abc', 'bcd', 'cde', 'array'], 'a')
    ['abc', 'array']
    """"""
    return [s for s in strings if s.startswith(prefix)]","    return [x for x in strings if x.startswith(prefix)]
",Passed,True,0.0,0.0,0.0,,,,[],True,0.0,0.0,[],True,0.0,0.0,0.0,0.0,0.0,[]
HumanEval,HumanEval/30,"from typing import *
from collections import *

def get_positive(l: list):
    """"""Return only positive numbers in the list.""""""
    return [x for x in l if x > 0]

# Test cases
print(get_positive([-1, 2, -4, 5, 6]))  # Output: [2, 5, 6]
print(get_positive([5, 3, -5, 2, -3, 3, 9, 0, 123, 1, -10]))  # Output: [5, 3, 2, 3, 9, 123, 1]","    return [e for e in l if e > 0]
",Passed,True,0.0,0.0,0.0,,,,[],True,0.0,0.0,[],True,2.0,0.0,0.0,0.0,2.0,"[{'type': 'name_error', 'name': '*', 'line': 1}, {'type': 'name_error', 'name': '*', 'line': 2}]"
HumanEval,HumanEval/31,"import math

def is_prime(n):
    """"""Return true if a given number is prime, and false otherwise.""""""
    if n <= 1:
        return False
    if n <= 3:
        return True
    if n % 2 == 0 or n % 3 == 0:
        return False
    i = 5
    while i * i <= n:
        if n % i == 0 or n % (i + 2) == 0:
            return False
        i += 6
    return True","    if n < 2:
        return False
    for k in range(2, n - 1):
        if n % k == 0:
            return False
    return True
",Passed,True,0.0,0.0,0.0,,,,[],True,0.0,1.0,"[{'type': 'missing_return', 'function': 'is_prime', 'start_line': 3, 'end_line': 16}]",True,0.0,0.0,0.0,0.0,0.0,[]
HumanEval,HumanEval/32,"import math

def poly(xs: list, x: float):
    """"""
    Evaluates polynomial with coefficients xs at point x.
    return xs[0] + xs[1] * x + xs[1] * x^2 + .... xs[n] * x^n
    """"""
    return sum([coeff * math.pow(x, i) for i, coeff in enumerate(xs)])

def find_zero(xs: list):
    """""" xs are coefficients of a polynomial.
    find_zero find x such that poly(x) = 0.
    find_zero returns only one zero point, even if there are many.
    Moreover, find_zero only takes list xs having even number of coefficients
    and largest non-zero coefficient as it guarantees
    a solution.
    >>> round(find_zero([1, 2]), 2) # f(x) = 1 + 2x
    -0.5
    >>> round(find_zero([-6, 11, -6, 1]), 2) # (x - 1) * (x - 2) * (x - 3) = -6 + 11x - 6x^2 + x^3
    1.0
    """"""
    if len(xs) % 2 != 0:
        raise ValueError(""The number of coefficients must be even."")
    
    # Find the largest non-zero coefficient
    max_coeff = max(coeff for coeff in xs if coeff != 0)
    
    # Use the bisection method to find a root
    low, high = -10, 10  # Initial range
    while high - low > 1e-10:
        mid = (low + high) / 2
        if poly(xs, low) * poly(xs, mid) <= 0:
            high = mid
        else:
            low = mid
    
    return low","    begin, end = -1., 1.
    while poly(xs, begin) * poly(xs, end) > 0:
        begin *= 2.0
        end *= 2.0
    while end - begin > 1e-10:
        center = (begin + end) / 2.0
        if poly(xs, center) * poly(xs, begin) > 0:
            begin = center
        else:
            end = center
    return begin
",Passed,True,0.0,0.0,0.0,,,,[],True,0.0,1.0,"[{'type': 'missing_return', 'function': 'find_zero', 'start_line': 10, 'end_line': 37}]",True,0.0,0.0,0.0,0.0,0.0,[]
HumanEval,HumanEval/33,"from typing import *
from collections import *

def sort_third(l: list):
    """"""This function takes a list l and returns a list l' such that
    l' is identical to l in the indicies that are not divisible by three, while its values at the indicies that are divisible by three are equal
    to the values of the corresponding indicies of l, but sorted.
    >>> sort_third([1, 2, 3])
    [1, 2, 3]
    >>> sort_third([5, 6, 3, 4, 8, 9, 2])
    [2, 6, 3, 4, 8, 9, 5]
    """"""
    # Extract elements at indices divisible by 3
    third_elements = [l[i] for i in range(len(l)) if i % 3 == 0]
    
    # Sort the extracted elements
    third_elements.sort()
    
    # Create a new list with sorted elements at indices divisible by 3
    result = []
    third_index = 0
    for i in range(len(l)):
        if i % 3 == 0:
            result.append(third_elements[third_index])
            third_index += 1
        else:
            result.append(l[i])
    
    return result

# Test cases
print(sort_third([1, 2, 3]))  # Output: [1, 2, 3]
print(sort_third([5, 6, 3, 4, 8, 9, 2]))  # Output: [2, 6, 3, 4, 8, 9, 5]","    l = list(l)
    l[::3] = sorted(l[::3])
    return l
",Passed,True,0.0,0.0,0.0,,,,[],True,0.0,0.0,[],True,2.0,0.0,0.0,0.0,2.0,"[{'type': 'name_error', 'name': '*', 'line': 1}, {'type': 'name_error', 'name': '*', 'line': 2}]"
HumanEval,HumanEval/34,"from typing import *
from collections import *

def unique(l: list):
    """"""Return sorted unique elements in a list
    >>> unique([5, 3, 5, 2, 3, 3, 9, 0, 123])
    [0, 2, 3, 5, 9, 123]
    """"""
    return sorted(set(l))","    return sorted(list(set(l)))
",Passed,True,0.0,0.0,0.0,,,,[],True,0.0,0.0,[],True,2.0,0.0,0.0,0.0,2.0,"[{'type': 'name_error', 'name': '*', 'line': 1}, {'type': 'name_error', 'name': '*', 'line': 2}]"
HumanEval,HumanEval/35,"from typing import *
from collections import *

def max_element(l: list):
    """"""Return maximum element in the list.
    >>> max_element([1, 2, 3])
    3
    >>> max_element([5, 3, -5, 2, -3, 3, 9, 0, 123, 1, -10])
    123
    """"""
    return max(l)","    m = l[0]
    for e in l:
        if e > m:
            m = e
    return m
",Passed,True,0.0,0.0,0.0,,,,[],True,0.0,0.0,[],True,2.0,0.0,0.0,0.0,2.0,"[{'type': 'name_error', 'name': '*', 'line': 1}, {'type': 'name_error', 'name': '*', 'line': 2}]"
HumanEval,HumanEval/36,"def fizz_buzz(n: int) -> int:
    count = 0
    for i in range(n):
        if i % 11 == 0 or i % 13 == 0:
            count += str(i).count('7')
    return count

# Test cases
print(fizz_buzz(50))  # Output: 0
print(fizz_buzz(78))  # Output: 2
print(fizz_buzz(79))  # Output: 3","    ns = []
    for i in range(n):
        if i % 11 == 0 or i % 13 == 0:
            ns.append(i)
    s = ''.join(list(map(str, ns)))
    ans = 0
    for c in s:
        ans += (c == '7')
    return ans
",Passed,True,0.0,0.0,0.0,,,,[],True,0.0,0.0,[],True,0.0,0.0,0.0,0.0,0.0,[]
HumanEval,HumanEval/37,"from typing import *
from collections import *

def sort_even(l: list):
    """"""This function takes a list l and returns a list l' such that
    l' is identical to l in the odd indicies, while its values at the even indicies are equal
    to the values of the even indicies of l, but sorted.
    >>> sort_even([1, 2, 3])
    [1, 2, 3]
    >>> sort_even([5, 6, 3, 4])
    [3, 6, 5, 4]
    """"""
    # Extract even-indexed elements
    even_elements = [l[i] for i in range(0, len(l), 2)]
    
    # Sort the extracted even-indexed elements
    even_elements.sort()
    
    # Create a new list with sorted even elements and original odd elements
    sorted_list = []
    even_index = 0
    for i in range(len(l)):
        if i % 2 == 0:
            sorted_list.append(even_elements[even_index])
            even_index += 1
        else:
            sorted_list.append(l[i])
    
    return sorted_list

# Test cases
print(sort_even([1, 2, 3]))  # Output: [1, 2, 3]
print(sort_even([5, 6, 3, 4]))  # Output: [3, 6, 5, 4]","    evens = l[::2]
    odds = l[1::2]
    evens.sort()
    ans = []
    for e, o in zip(evens, odds):
        ans.extend([e, o])
    if len(evens) > len(odds):
        ans.append(evens[-1])
    return ans
",Passed,True,0.0,0.0,0.0,,,,[],True,0.0,0.0,[],True,2.0,0.0,0.0,0.0,2.0,"[{'type': 'name_error', 'name': '*', 'line': 1}, {'type': 'name_error', 'name': '*', 'line': 2}]"
HumanEval,HumanEval/38,"def decode_cyclic(s: str):
    """"""
    takes as input string encoded with encode_cyclic function. Returns decoded string.
    """"""
    # split string to groups. Each of length 3.
    groups = [s[(3 * i):min((3 * i + 3), len(s))] for i in range((len(s) + 2) // 3)]
    # cycle elements in each group. Unless group has fewer elements than 3.
    groups = [(group[-1] + group[:-1]) if len(group) == 3 else group for group in groups]
    return """".join(groups)","    return encode_cyclic(encode_cyclic(s))
",Failed: NameError: name 'encode_cyclic' is not defined,True,0.0,0.0,0.0,,,,[],True,0.0,0.0,[],True,0.0,0.0,0.0,0.0,0.0,[]
HumanEval,HumanEval/39,"from sympy import isprime

def prime_fib(n: int) -> int:
    def fibonacci_generator():
        a, b = 0, 1
        while True:
            yield a
            a, b = b, a + b
    
    count = 0
    for fib_num in fibonacci_generator():
        if isprime(fib_num):
            count += 1
            if count == n:
                return fib_num

# Test cases
print(prime_fib(1))  # Output: 2
print(prime_fib(2))  # Output: 3
print(prime_fib(3))  # Output: 5
print(prime_fib(4))  # Output: 13
print(prime_fib(5))  # Output: 89","    import math

    def is_prime(p):
        if p < 2:
            return False
        for k in range(2, min(int(math.sqrt(p)) + 1, p - 1)):
            if p % k == 0:
                return False
        return True
    f = [0, 1]
    while True:
        f.append(f[-1] + f[-2])
        if is_prime(f[-1]):
            n -= 1
        if n == 0:
            return f[-1]
",Passed,True,0.0,0.0,0.0,,,,[],True,0.0,2.0,"[{'type': 'missing_return', 'function': 'prime_fib', 'start_line': 3, 'end_line': 15}, {'type': 'missing_return', 'function': 'fibonacci_generator', 'start_line': 4, 'end_line': 8}]",True,0.0,0.0,0.0,0.0,0.0,[]
HumanEval,HumanEval/40,"from typing import *
from collections import *

def triples_sum_to_zero(l: list):
    """"""
    triples_sum_to_zero takes a list of integers as an input.
    it returns True if there are three distinct elements in the list that
    sum to zero, and False otherwise.

    >>> triples_sum_to_zero([1, 3, 5, 0])
    False
    >>> triples_sum_to_zero([1, 3, -2, 1])
    True
    >>> triples_sum_to_zero([1, 2, 3, 7])
    False
    >>> triples_sum_to_zero([2, 4, -5, 3, 9, 7])
    True
    >>> triples_sum_to_zero([1])
    False
    """"""
    n = len(l)
    for i in range(n):
        for j in range(i + 1, n):
            for k in range(j + 1, n):
                if l[i] + l[j] + l[k] == 0:
                    return True
    return False","    for i in range(len(l)):
        for j in range(i + 1, len(l)):
            for k in range(j + 1, len(l)):
                if l[i] + l[j] + l[k] == 0:
                    return True
    return False
",Passed,True,0.0,0.0,0.0,,,,[],True,0.0,0.0,[],True,2.0,0.0,0.0,0.0,2.0,"[{'type': 'name_error', 'name': '*', 'line': 1}, {'type': 'name_error', 'name': '*', 'line': 2}]"
HumanEval,HumanEval/41,"from typing import *
from collections import *

def car_race_collision(n: int) -> int:
    """"""
    Imagine a road that's a perfectly straight infinitely long line.
    n cars are driving left to right;  simultaneously, a different set of n cars
    are driving right to left.   The two sets of cars start out being very far from
    each other.  All cars move in the same speed.  Two cars are said to collide
    when a car that's moving left to right hits a car that's moving right to left.
    However, the cars are infinitely sturdy and strong; as a result, they continue moving
    in their trajectory as if they did not collide.

    This function outputs the number of such collisions.
    """"""
    return n * n","    return n**2
",Passed,True,0.0,0.0,0.0,,,,[],True,0.0,0.0,[],True,2.0,0.0,0.0,0.0,2.0,"[{'type': 'name_error', 'name': '*', 'line': 1}, {'type': 'name_error', 'name': '*', 'line': 2}]"
HumanEval,HumanEval/42,"from typing import *
from collections import *

def incr_list(l: list):
    """"""Return list with elements incremented by 1.""""""
    return [x + 1 for x in l]

# Test cases
print(incr_list([1, 2, 3]))  # Output: [2, 3, 4]
print(incr_list([5, 3, 5, 2, 3, 3, 9, 0, 123]))  # Output: [6, 4, 6, 3, 4, 4, 10, 1, 124]","    return [(e + 1) for e in l]
",Passed,True,0.0,0.0,0.0,,,,[],True,0.0,0.0,[],True,2.0,0.0,0.0,0.0,2.0,"[{'type': 'name_error', 'name': '*', 'line': 1}, {'type': 'name_error', 'name': '*', 'line': 2}]"
HumanEval,HumanEval/43,"def pairs_sum_to_zero(l):
    seen = set()
    for num in l:
        if -num in seen:
            return True
        seen.add(num)
    return False

# Test cases
print(pairs_sum_to_zero([1, 3, 5, 0]))  # False
print(pairs_sum_to_zero([1, 3, -2, 1]))  # False
print(pairs_sum_to_zero([1, 2, 3, 7]))  # False
print(pairs_sum_to_zero([2, 4, -5, 3, 5, 7]))  # True
print(pairs_sum_to_zero([1]))  # False","    for i, l1 in enumerate(l):
        for j in range(i + 1, len(l)):
            if l1 + l[j] == 0:
                return True
    return False
",Passed,True,0.0,0.0,0.0,,,,[],True,0.0,0.0,[],True,0.0,0.0,0.0,0.0,0.0,[]
HumanEval,HumanEval/44,"def change_base(x: int, base: int) -> str:
    """"""Change numerical base of input number x to base.
    return string representation after the conversion.
    base numbers are less than 10.
    >>> change_base(8, 3)
    '22'
    >>> change_base(8, 2)
    '1000'
    >>> change_base(7, 2)
    '111'
    """"""
    if base < 2 or base > 9:
        raise ValueError(""Base must be between 2 and 9."")
    
    if x == 0:
        return ""0""
    
    digits = []
    while x > 0:
        digits.append(str(x % base))
        x //= base
    
    return ''.join(reversed(digits))

# Test cases
print(change_base(8, 3))  # Output: '22'
print(change_base(8, 2))  # Output: '1000'
print(change_base(7, 2))  # Output: '111'","    ret = """"
    while x > 0:
        ret = str(x % base) + ret
        x //= base
    return ret
",Passed,True,0.0,0.0,0.0,,,,[],True,0.0,1.0,"[{'type': 'missing_return', 'function': 'change_base', 'start_line': 1, 'end_line': 23}]",True,0.0,0.0,0.0,0.0,0.0,[]
HumanEval,HumanEval/45,"def triangle_area(a, h):
    """"""Given length of a side and high return area for a triangle.
    >>> triangle_area(5, 3)
    7.5
    """"""
    return 0.5 * a * h","    return a * h / 2.0
",Passed,True,0.0,0.0,0.0,,,,[],True,0.0,0.0,[],True,0.0,0.0,0.0,0.0,0.0,[]
HumanEval,HumanEval/46,"from typing import *
from collections import *

def fib4(n: int) -> int:
    if n == 0 or n == 1:
        return 0
    elif n == 2:
        return 2
    elif n == 3:
        return 0
    
    # Initialize the base cases
    fib_values = [0, 0, 2, 0]
    
    # Compute the sequence iteratively
    for i in range(4, n + 1):
        next_value = sum(fib_values[-4:])  # Sum the last four values
        fib_values.append(next_value)  # Append the new value to the list
        fib_values.pop(0)  # Remove the oldest value
    
    return fib_values[-1]

# Test cases
print(fib4(5))  # Output: 4
print(fib4(6))  # Output: 8
print(fib4(7))  # Output: 14","    results = [0, 0, 2, 0]
    if n < 4:
        return results[n]

    for _ in range(4, n + 1):
        results.append(results[-1] + results[-2] + results[-3] + results[-4])
        results.pop(0)

    return results[-1]
",Passed,True,0.0,0.0,0.0,,,,[],True,0.0,0.0,[],True,2.0,0.0,0.0,0.0,2.0,"[{'type': 'name_error', 'name': '*', 'line': 1}, {'type': 'name_error', 'name': '*', 'line': 2}]"
HumanEval,HumanEval/47,"from typing import *
from collections import *

def median(l: list):
    """"""Return median of elements in the list l.
    >>> median([3, 1, 2, 4, 5])
    3
    >>> median([-10, 4, 6, 1000, 10, 20])
    15.0
    """"""
    l.sort()
    n = len(l)
    mid = n // 2
    if n % 2 == 0:
        return (l[mid - 1] + l[mid]) / 2
    else:
        return l[mid]","    l = sorted(l)
    if len(l) % 2 == 1:
        return l[len(l) // 2]
    else:
        return (l[len(l) // 2 - 1] + l[len(l) // 2]) / 2.0
",Passed,True,0.0,0.0,0.0,,,,[],True,0.0,0.0,[],True,2.0,0.0,0.0,0.0,2.0,"[{'type': 'name_error', 'name': '*', 'line': 1}, {'type': 'name_error', 'name': '*', 'line': 2}]"
HumanEval,HumanEval/48,"def is_palindrome(text: str) -> bool:
    """"""
    Checks if given string is a palindrome
    >>> is_palindrome('')
    True
    >>> is_palindrome('aba')
    True
    >>> is_palindrome('aaaaa')
    True
    >>> is_palindrome('zbcd')
    False
    """"""
    return text == text[::-1]","    for i in range(len(text)):
        if text[i] != text[len(text) - 1 - i]:
            return False
    return True
",Passed,True,0.0,0.0,0.0,,,,[],True,0.0,0.0,[],True,0.0,0.0,0.0,0.0,0.0,[]
HumanEval,HumanEval/49,"from typing import *
from collections import *

def modp(n: int, p: int) -> int:
    """"""Return 2^n modulo p (be aware of numerics).
    >>> modp(3, 5)
    3
    >>> modp(1101, 101)
    2
    >>> modp(0, 101)
    1
    >>> modp(3, 11)
    8
    >>> modp(100, 101)
    1
    """"""
    return pow(2, n, p)

# Test cases
assert modp(3, 5) == 3
assert modp(1101, 101) == 2
assert modp(0, 101) == 1
assert modp(3, 11) == 8
assert modp(100, 101) == 1","    ret = 1
    for i in range(n):
        ret = (2 * ret) % p
    return ret
",Passed,True,0.0,0.0,0.0,,,,[],True,0.0,0.0,[],True,2.0,0.0,0.0,0.0,2.0,"[{'type': 'name_error', 'name': '*', 'line': 1}, {'type': 'name_error', 'name': '*', 'line': 2}]"
HumanEval,HumanEval/100,"from typing import List

def make_a_pile(n: int) -> List[int]:
    """"""
    Given a positive integer n, you have to make a pile of n levels of stones.
    The first level has n stones.
    The number of stones in the next level is:
        - the next odd number if n is odd.
        - the next even number if n is even.
    Return the number of stones in each level in a list, where element at index
    i represents the number of stones in the level (i+1).

    Examples:
    >>> make_a_pile(3)
    [3, 5, 7]
    """"""
    stones = []
    current_stones = n
    for _ in range(n):
        stones.append(current_stones)
        # Determine the next number of stones based on the current number's parity
        if current_stones % 2 == 0:
            current_stones += 2  # Next even number
        else:
            current_stones += 2  # Next odd number
    return stones

# Check function to verify the correctness of the solution
def check_solution():
    assert make_a_pile(3) == [3, 5, 7], ""Test case 1 failed""
    assert make_a_pile(4) == [4, 6, 8, 10], ""Test case 2 failed""
    assert make_a_pile(1) == [1], ""Test case 3 failed""
    assert make_a_pile(0) == [], ""Test case 4 failed""  # Edge case: n=0
    print(""All test cases passed!"")

check_solution()","    return [n + 2*i for i in range(n)]
",Passed,True,0.0,0.0,0.0,,,,[],True,0.0,1.0,"[{'type': 'missing_return', 'function': 'check_solution', 'start_line': 29, 'end_line': 34}]",True,0.0,0.0,0.0,0.0,0.0,[]
HumanEval,HumanEval/101,"def words_string(s):
    """"""
    You will be given a string of words separated by commas or spaces. Your task is
    to split the string into words and return an array of the words.
    
    For example:
    words_string(""Hi, my name is John"") == [""Hi"", ""my"", ""name"", ""is"", ""John""]
    words_string(""One, two, three, four, five, six"") == [""One"", ""two"", ""three"", ""four"", ""five"", ""six""]
    """"""
    # Replace commas with spaces and then split by spaces
    return s.replace(',', ' ').split()

# Test cases
print(words_string(""Hi, my name is John""))  # Output: [""Hi"", ""my"", ""name"", ""is"", ""John""]
print(words_string(""One, two, three, four, five, six""))  # Output: [""One"", ""two"", ""three"", ""four"", ""five"", ""six""]","    if not s:
        return []

    s_list = []

    for letter in s:
        if letter == ',':
            s_list.append(' ')
        else:
            s_list.append(letter)

    s_list = """".join(s_list)
    return s_list.split()
",Passed,True,0.0,0.0,0.0,,,,[],True,0.0,0.0,[],True,0.0,0.0,0.0,0.0,0.0,[]
HumanEval,HumanEval/102,"def choose_num(x, y):
    """"""This function takes two positive numbers x and y and returns the
    biggest even integer number that is in the range [x, y] inclusive. If 
    there's no such number, then the function should return -1.

    For example:
    choose_num(12, 15) = 14
    choose_num(13, 12) = -1
    """"""
    # Ensure x is less than or equal to y
    if x > y:
        x, y = y, x
    
    # Start from the largest number in the range and go downwards
    for num in range(y, x - 1, -1):
        if num % 2 == 0:
            return num
    
    # If no even number is found, return -1
    return -1

# Test cases
print(choose_num(12, 15))  # Output: 14
print(choose_num(13, 12))  # Output: -1","    if x > y:
        return -1
    if y % 2 == 0:
        return y
    if x == y:
        return -1
    return y - 1
",Failed: Logic Hallucination (Assertion Error),True,0.0,0.0,0.0,,,,[],True,0.0,1.0,"[{'type': 'missing_return', 'function': 'choose_num', 'start_line': 1, 'end_line': 20}]",True,0.0,0.0,0.0,0.0,0.0,[]
HumanEval,HumanEval/103,"def rounded_avg(n, m):
    if n > m:
        return -1
    total = sum(range(n, m + 1))
    count = m - n + 1
    avg = round(total / count)
    return bin(avg)

# Test cases
print(rounded_avg(1, 5))  # Output: ""0b11""
print(rounded_avg(7, 5))  # Output: -1
print(rounded_avg(10, 20)) # Output: ""0b1111""
print(rounded_avg(20, 33)) # Output: ""0b11010""","    if m < n:
        return -1
    summation = 0
    for i in range(n, m+1):
        summation += i
    return bin(round(summation/(m - n + 1)))
",Passed,True,0.0,0.0,0.0,,,,[],True,0.0,1.0,"[{'type': 'missing_return', 'function': 'rounded_avg', 'start_line': 1, 'end_line': 7}]",True,0.0,0.0,0.0,0.0,0.0,[]
HumanEval,HumanEval/104,"def unique_digits(x):
    def has_only_odd_digits(n):
        while n > 0:
            digit = n % 10
            if digit % 2 == 0:
                return False
            n //= 10
        return True

    result = [num for num in x if has_only_odd_digits(num)]
    result.sort()
    return result

# Test cases
print(unique_digits([15, 33, 1422, 1]))  # Output: [1, 15, 33]
print(unique_digits([152, 323, 1422, 10]))  # Output: []","    odd_digit_elements = []
    for i in x:
        if all (int(c) % 2 == 1 for c in str(i)):
            odd_digit_elements.append(i)
    return sorted(odd_digit_elements)
",Passed,True,0.0,0.0,0.0,,,,[],True,0.0,0.0,[],True,0.0,0.0,0.0,0.0,0.0,[]
HumanEval,HumanEval/105,"def by_length(arr):
    # Define a mapping from numbers to their names
    num_to_name = {
        1: ""One"",
        2: ""Two"",
        3: ""Three"",
        4: ""Four"",
        5: ""Five"",
        6: ""Six"",
        7: ""Seven"",
        8: ""Eight"",
        9: ""Nine""
    }
    
    # Filter out numbers not in the range 1-9
    filtered_arr = [num for num in arr if 1 <= num <= 9]
    
    # Sort the filtered array
    sorted_arr = sorted(filtered_arr)
    
    # Reverse the sorted array
    reversed_arr = sorted_arr[::-1]
    
    # Map the numbers to their names
    result = [num_to_name[num] for num in reversed_arr]
    
    return result

# Test cases
print(by_length([2, 1, 1, 4, 5, 8, 2, 3]))  # Output: ['Eight', 'Five', 'Four', 'Three', 'Two', 'Two', 'One', 'One']
print(by_length([]))  # Output: []
print(by_length([1, -1, 55]))  # Output: ['One']","    dic = {
        1: ""One"",
        2: ""Two"",
        3: ""Three"",
        4: ""Four"",
        5: ""Five"",
        6: ""Six"",
        7: ""Seven"",
        8: ""Eight"",
        9: ""Nine"",
    }
    sorted_arr = sorted(arr, reverse=True)
    new_arr = []
    for var in sorted_arr:
        try:
            new_arr.append(dic[var])
        except:
            pass
    return new_arr
",Passed,True,0.0,0.0,0.0,,,,[],True,0.0,0.0,[],True,0.0,0.0,0.0,0.0,0.0,[]
HumanEval,HumanEval/106,"from math import factorial

def f(n):
    result = []
    for i in range(1, n + 1):
        if i % 2 == 0:
            result.append(factorial(i))
        else:
            result.append(sum(range(1, i + 1)))
    return result

# Test the function
print(f(5))  # Output: [1, 2, 6, 24, 15]","    ret = []
    for i in range(1,n+1):
        if i%2 == 0:
            x = 1
            for j in range(1,i+1): x *= j
            ret += [x]
        else:
            x = 0
            for j in range(1,i+1): x += j
            ret += [x]
    return ret
",Passed,True,0.0,0.0,0.0,,,,[],True,0.0,0.0,[],True,0.0,0.0,0.0,0.0,0.0,[]
HumanEval,HumanEval/107,"def even_odd_palindrome(n):
    def is_palindrome(num):
        return str(num) == str(num)[::-1]

    even_count = 0
    odd_count = 0

    for i in range(1, n + 1):
        if is_palindrome(i):
            if i % 2 == 0:
                even_count += 1
            else:
                odd_count += 1

    return (even_count, odd_count)

# Test cases
print(even_odd_palindrome(3))  # Output: (1, 2)
print(even_odd_palindrome(12)) # Output: (4, 6)","    def is_palindrome(n):
        return str(n) == str(n)[::-1]

    even_palindrome_count = 0
    odd_palindrome_count = 0

    for i in range(1, n+1):
        if i%2 == 1 and is_palindrome(i):
                odd_palindrome_count += 1
        elif i%2 == 0 and is_palindrome(i):
            even_palindrome_count += 1
    return (even_palindrome_count, odd_palindrome_count)
",Passed,True,0.0,0.0,0.0,,,,[],True,0.0,0.0,[],True,0.0,0.0,0.0,0.0,0.0,[]
HumanEval,HumanEval/108,"def count_nums(arr):
    def sum_of_digits(n):
        if n < 0:
            # Convert the number to a string and remove the negative sign
            n_str = str(n)[1:]
            # Calculate the sum of digits, considering the first digit as negative
            return int(n_str[0]) + sum(int(digit) for digit in n_str[1:])
        else:
            # Calculate the sum of digits for positive numbers
            return sum(int(digit) for digit in str(n))
    
    return sum(1 for num in arr if sum_of_digits(num) > 0)

# Test cases
print(count_nums([]))  # Output: 0
print(count_nums([-1, 11, -11]))  # Output: 1
print(count_nums([1, 1, 2]))  # Output: 3","    def digits_sum(n):
        neg = 1
        if n < 0: n, neg = -1 * n, -1 
        n = [int(i) for i in str(n)]
        n[0] = n[0] * neg
        return sum(n)
    return len(list(filter(lambda x: x > 0, [digits_sum(i) for i in arr])))
",Failed: Logic Hallucination (Assertion Error),True,0.0,0.0,0.0,,,,[],True,0.0,0.0,[],True,0.0,0.0,0.0,0.0,0.0,[]
HumanEval,HumanEval/109,"from typing import List

def move_one_ball(arr: List[int]) -> bool:
    if not arr:
        return True
    
    n = len(arr)
    # Find the index where the array is not in non-decreasing order
    for i in range(n - 1):
        if arr[i] > arr[i + 1]:
            # Check if the array can be sorted by right shifting
            return arr[-1] <= arr[0]
    
    # If no such index is found, the array is already sorted
    return True

# Test cases
print(move_one_ball([3, 4, 5, 1, 2]))  # True
print(move_one_ball([3, 5, 4, 1, 2]))  # False","    if len(arr)==0:
      return True
    sorted_array=sorted(arr)
    my_arr=[]
    
    min_value=min(arr)
    min_index=arr.index(min_value)
    my_arr=arr[min_index:]+arr[0:min_index]
    for i in range(len(arr)):
      if my_arr[i]!=sorted_array[i]:
        return False
    return True
",Failed: Logic Hallucination (Assertion Error),True,0.0,0.0,0.0,,,,[],True,0.0,1.0,"[{'type': 'missing_return', 'function': 'move_one_ball', 'start_line': 3, 'end_line': 15}]",True,0.0,0.0,0.0,0.0,0.0,[]
HumanEval,HumanEval/110,"def exchange(lst1, lst2):
    # Check if lst1 can be made entirely even by exchanging elements with lst2
    # Count the odd numbers in lst1
    odd_count_lst1 = sum(1 for num in lst1 if num % 2 != 0)
    
    # Count the even numbers in lst2
    even_count_lst2 = sum(1 for num in lst2 if num % 2 == 0)
    
    # If there are enough even numbers in lst2 to exchange with all odd numbers in lst1, return ""YES""
    if even_count_lst2 >= odd_count_lst1:
        return ""YES""
    else:
        return ""NO""

# Test cases
print(exchange([1, 2, 3, 4], [1, 2, 3, 4]))  # Output: ""YES""
print(exchange([1, 2, 3, 4], [1, 5, 3, 4]))  # Output: ""NO""","    odd = 0
    even = 0
    for i in lst1:
        if i%2 == 1:
            odd += 1
    for i in lst2:
        if i%2 == 0:
            even += 1
    if even >= odd:
        return ""YES""
    return ""NO""
            
",Passed,True,0.0,0.0,0.0,,,,[],True,0.0,0.0,[],True,0.0,0.0,0.0,0.0,0.0,[]
HumanEval,HumanEval/111,"from collections import Counter

def histogram(test):
    """"""Given a string representing a space separated lowercase letters, return a dictionary
    of the letter with the most repetition and containing the corresponding count.
    If several letters have the same occurrence, return all of them.
    
    Example:
    histogram('a b c') == {'a': 1, 'b': 1, 'c': 1}
    histogram('a b b a') == {'a': 2, 'b': 2}
    histogram('a b c a b') == {'a': 2, 'b': 2}
    histogram('b b b b a') == {'b': 4}
    histogram('') == {}
    """"""
    if not test:
        return {}
    
    # Count the occurrences of each letter
    letter_counts = Counter(test.split())
    
    # Find the maximum occurrence count
    max_count = max(letter_counts.values())
    
    # Collect all letters that have the maximum occurrence count
    result = {letter: count for letter, count in letter_counts.items() if count == max_count}
    
    return result","    dict1={}
    list1=test.split("" "")
    t=0

    for i in list1:
        if(list1.count(i)>t) and i!='':
            t=list1.count(i)
    if t>0:
        for i in list1:
            if(list1.count(i)==t):
                
                dict1[i]=t
    return dict1
",Passed,True,0.0,0.0,0.0,,,,[],True,0.0,1.0,"[{'type': 'missing_return', 'function': 'histogram', 'start_line': 3, 'end_line': 27}]",True,0.0,0.0,0.0,0.0,0.0,[]
HumanEval,HumanEval/112,"def reverse_delete(s, c):
    # Remove characters from s that are in c
    result = ''.join([char for char in s if char not in c])
    
    # Check if the result string is a palindrome
    is_palindrome = result == result[::-1]
    
    return (result, is_palindrome)

# Test cases
print(reverse_delete(""abcde"", ""ae""))  # Output: ('bcd', False)
print(reverse_delete(""abcdef"", ""b""))   # Output: ('acdef', False)
print(reverse_delete(""abcdedcba"", ""ab"")) # Output: ('cdedc', True)","    s = ''.join([char for char in s if char not in c])
    return (s,s[::-1] == s)
",Passed,True,0.0,0.0,0.0,,,,[],True,0.0,0.0,[],True,0.0,0.0,0.0,0.0,0.0,[]
HumanEval,HumanEval/113,"def odd_count(lst):
    result = []
    for s in lst:
        odd_count = sum(1 for char in s if int(char) % 2 != 0)
        result.append(f""the number of odd elements {odd_count}n the str{odd_count}ng {odd_count} of the {odd_count}nput."")
    return result

# Test cases
print(odd_count(['1234567']))  # Output: [""the number of odd elements 4n the str4ng 4 of the 4nput.""]
print(odd_count(['3',""11111111""]))  # Output: [""the number of odd elements 1n the str1ng 1 of the 1nput."",
#                                                                 ""the number of odd elements 8n the str8ng 8 of the 8nput.""]","    res = []
    for arr in lst:
        n = sum(int(d)%2==1 for d in arr)
        res.append(""the number of odd elements "" + str(n) + ""n the str""+ str(n) +""ng ""+ str(n) +"" of the ""+ str(n) +""nput."")
    return res
",Passed,True,0.0,0.0,0.0,,,,[],True,0.0,0.0,[],True,0.0,0.0,0.0,0.0,0.0,[]
HumanEval,HumanEval/114,"from typing import List

def minSubArraySum(nums: List[int]) -> int:
    if not nums:
        return 0
    
    current_sum = min_sum = nums[0]
    
    for num in nums[1:]:
        current_sum = min(num, current_sum + num)
        min_sum = min(min_sum, current_sum)
    
    return min_sum

# Test cases
print(minSubArraySum([2, 3, 4, 1, 2, 4]))  # Output: 1
print(minSubArraySum([-1, -2, -3]))      # Output: -6","    max_sum = 0
    s = 0
    for num in nums:
        s += -num
        if (s < 0):
            s = 0
        max_sum = max(s, max_sum)
    if max_sum == 0:
        max_sum = max(-i for i in nums)
    min_sum = -max_sum
    return min_sum
",Passed,True,0.0,0.0,0.0,,,,[],True,0.0,1.0,"[{'type': 'missing_return', 'function': 'minSubArraySum', 'start_line': 3, 'end_line': 13}]",True,0.0,0.0,0.0,0.0,0.0,[]
HumanEval,HumanEval/115,"from typing import List

def max_fill(grid: List[List[int]], capacity: int) -> int:
    total_water = sum(row.count(1) for row in grid)
    return math.ceil(total_water / capacity)

# Test cases
print(max_fill([[0,0,1,0], [0,1,0,0], [1,1,1,1]], 1))  # Output: 6
print(max_fill([[0,0,1,1], [0,0,0,0], [1,1,1,1], [0,1,1,1]], 2))  # Output: 5
print(max_fill([[0,0,0], [0,0,0]], 5))  # Output: 0","    return sum([math.ceil(sum(arr)/capacity) for arr in grid])
",Failed: NameError: name 'math' is not defined,True,0.0,0.0,0.0,,,,[],True,0.0,0.0,[],True,0.0,0.0,0.0,0.0,0.0,[]
HumanEval,HumanEval/116,"def sort_array(arr):
    def count_ones(n):
        return bin(n).count('1')
    
    return sorted(arr, key=lambda x: (count_ones(x), x))

# Test cases
print(sort_array([1, 5, 2, 3, 4]))  # Output: [1, 2, 3, 4, 5]
print(sort_array([-2, -3, -4, -5, -6]))  # Output: [-6, -5, -4, -3, -2]
print(sort_array([1, 0, 2, 3, 4]))  # Output: [0, 1, 2, 3, 4]","    return sorted(sorted(arr), key=lambda x: bin(x)[2:].count('1'))
",Passed,True,0.0,0.0,0.0,,,,[],True,0.0,0.0,[],True,0.0,0.0,0.0,0.0,0.0,[]
HumanEval,HumanEval/117,"import re

def select_words(s, n):
    # Define a set of vowels for easy checking
    vowels = set('aeiouAEIOU')
    
    # Split the string into words
    words = s.split()
    
    # Initialize an empty list to store the result
    result = []
    
    # Iterate over each word in the list
    for word in words:
        # Count the number of consonants in the word
        consonant_count = sum(1 for char in word if char.isalpha() and char not in vowels)
        
        # If the consonant count matches n, add the word to the result list
        if consonant_count == n:
            result.append(word)
    
    return result

# Test cases
print(select_words(""Mary had a little lamb"", 4))  # ==> [""little""]
print(select_words(""Mary had a little lamb"", 3))  # ==> [""Mary"", ""lamb""]
print(select_words(""simple white space"", 2))   # ==> []
print(select_words(""Hello world"", 4))         # ==> [""world""]
print(select_words(""Uncle sam"", 3))          # ==> [""Uncle""]","    result = []
    for word in s.split():
        n_consonants = 0
        for i in range(0, len(word)):
            if word[i].lower() not in [""a"",""e"",""i"",""o"",""u""]:
                n_consonants += 1 
        if n_consonants == n:
            result.append(word)
    return result

",Passed,True,0.0,0.0,0.0,,,,[],True,0.0,0.0,[],True,0.0,0.0,0.0,0.0,0.0,[]
HumanEval,HumanEval/118,"def get_closest_vowel(word):
    vowels = ""aeiouAEIOU""
    for i in range(len(word) - 2, 0, -1):
        if word[i] in vowels and word[i-1] not in vowels and word[i+1] not in vowels:
            return word[i]
    return """"

# Test cases
print(get_closest_vowel(""yogurt""))  # Output: ""u""
print(get_closest_vowel(""FULL""))   # Output: ""U""
print(get_closest_vowel(""quick""))  # Output: """"
print(get_closest_vowel(""ab""))     # Output: """"","    if len(word) < 3:
        return """"

    vowels = {""a"", ""e"", ""i"", ""o"", ""u"", ""A"", ""E"", 'O', 'U', 'I'}
    for i in range(len(word)-2, 0, -1):
        if word[i] in vowels:
            if (word[i+1] not in vowels) and (word[i-1] not in vowels):
                return word[i]
    return """"
",Passed,True,0.0,0.0,0.0,,,,[],True,0.0,0.0,[],True,0.0,0.0,0.0,0.0,0.0,[]
HumanEval,HumanEval/119,"from collections import Counter

def match_parens(lst):
    def is_balanced(s):
        balance = 0
        for char in s:
            if char == '(':
                balance += 1
            else:
                balance -= 1
            if balance < 0:
                return False
        return balance == 0

    # Count the total number of opening and closing parentheses
    total_open = sum(Counter(lst[0]).values())
    total_close = sum(Counter(lst[1]).values())

    # Check if the total number of opening and closing parentheses are equal
    if total_open != total_close:
        return 'No'

    # Check if either string is already balanced
    if is_balanced(lst[0]) or is_balanced(lst[1]):
        return 'Yes'

    # Try concatenating in both possible orders
    if is_balanced(lst[0] + lst[1]) or is_balanced(lst[1] + lst[0]):
        return 'Yes'

    return 'No'","    def check(s):
        val = 0
        for i in s:
            if i == '(':
                val = val + 1
            else:
                val = val - 1
            if val < 0:
                return False
        return True if val == 0 else False

    S1 = lst[0] + lst[1]
    S2 = lst[1] + lst[0]
    return 'Yes' if check(S1) or check(S2) else 'No'
",Failed: Logic Hallucination (Assertion Error),True,0.0,0.0,0.0,,,,[],True,0.0,1.0,"[{'type': 'missing_return', 'function': 'match_parens', 'start_line': 3, 'end_line': 31}]",True,0.0,0.0,0.0,0.0,0.0,[]
HumanEval,HumanEval/120,"from typing import List

def maximum(arr: List[int], k: int) -> List[int]:
    # Use the heapq.nlargest function to find the k largest elements
    return heapq.nlargest(k, arr)

# Example usage:
print(maximum([-3, -4, 5], 3))  # Output: [-4, -3, 5]
print(maximum([4, -4, 4], 2))   # Output: [4, 4]
print(maximum([-3, 2, 1, 2, -1, -2, 1], 1))  # Output: [2]","    if k == 0:
        return []
    arr.sort()
    ans = arr[-k:]
    return ans
",Failed: NameError: name 'heapq' is not defined,True,0.0,0.0,0.0,,,,[],True,0.0,0.0,[],True,0.0,0.0,0.0,0.0,0.0,[]
HumanEval,HumanEval/121,"def solution(lst):
    """"""Given a non-empty list of integers, return the sum of all of the odd elements that are in even positions.""""""
    return sum(x for i, x in enumerate(lst) if i % 2 == 0 and x % 2 != 0)

# Test cases
print(solution([5, 8, 7, 1]))  # Output: 12
print(solution([3, 3, 3, 3, 3]))  # Output: 9
print(solution([30, 13, 24, 321]))  # Output: 0","    return sum([x for idx, x in enumerate(lst) if idx%2==0 and x%2==1])
",Passed,True,0.0,0.0,0.0,,,,[],True,0.0,0.0,[],True,0.0,0.0,0.0,0.0,0.0,[]
HumanEval,HumanEval/122,"def add_elements(arr, k):
    """"""
    Given a non-empty array of integers arr and an integer k, return
    the sum of the elements with at most two digits from the first k elements of arr.

    Example:

        Input: arr = [111,21,3,4000,5,6,7,8,9], k = 4
        Output: 24 # sum of 21 + 3

    Constraints:
        1. 1 <= len(arr) <= 100
        2. 1 <= k <= len(arr)
    """"""
    return sum(x for x in arr[:k] if -99 <= x <= 99)

# Test the function
print(add_elements([111,21,3,4000,5,6,7,8,9], 4))  # Output: 24","    return sum(elem for elem in arr[:k] if len(str(elem)) <= 2)
",Passed,True,0.0,0.0,0.0,,,,[],True,0.0,0.0,[],True,0.0,0.0,0.0,0.0,0.0,[]
HumanEval,HumanEval/123,"def get_odd_collatz(n):
    """"""
    Given a positive integer n, return a sorted list that has the odd numbers in collatz sequence.

    The Collatz conjecture is a conjecture in mathematics that concerns a sequence defined
    as follows: start with any positive integer n. Then each term is obtained from the 
    previous term as follows: if the previous term is even, the next term is one half of 
    the previous term. If the previous term is odd, the next term is 3 times the previous
    term plus 1. The conjecture is that no matter what value of n, the sequence will always reach 1.

    Note: 
        1. Collatz(1) is [1].
        2. returned list sorted in increasing order.

    For example:
    get_odd_collatz(5) returns [1, 5] # The collatz sequence for 5 is [5, 16, 8, 4, 2, 1], so the odd numbers are only 1, and 5.
    """"""
    odd_numbers = []
    while n != 1:
        if n % 2 == 1:
            odd_numbers.append(n)
        n = 3 * n + 1 if n % 2 else n // 2
    odd_numbers.append(1)  # Add the final number 1 to the list
    return sorted(odd_numbers)

# Example usage:
print(get_odd_collatz(5))  # Output: [1, 5]","    if n%2==0:
        odd_collatz = [] 
    else:
        odd_collatz = [n]
    while n > 1:
        if n % 2 == 0:
            n = n/2
        else:
            n = n*3 + 1
            
        if n%2 == 1:
            odd_collatz.append(int(n))

    return sorted(odd_collatz)
",Passed,True,0.0,0.0,0.0,,,,[],True,0.0,0.0,[],True,0.0,0.0,0.0,0.0,0.0,[]
HumanEval,HumanEval/124,"from datetime import datetime

def valid_date(date):
    # Check if the date string is empty
    if not date:
        return False
    
    # Check if the date string matches the required format
    try:
        datetime.strptime(date, '%m-%d-%Y')
    except ValueError:
        return False
    
    # Extract month and day from the date string
    month, day, year = map(int, date.split('-'))
    
    # Check if the month is between 1 and 12
    if month < 1 or month > 12:
        return False
    
    # Check if the day is within the valid range for the given month
    if month in [1, 3, 5, 7, 8, 10, 12]:
        if day < 1 or day > 31:
            return False
    elif month in [4, 6, 9, 11]:
        if day < 1 or day > 30:
            return False
    else:  # month is 2 (February)
        if day < 1 or day > 29:
            return False
    
    return True","    try:
        date = date.strip()
        month, day, year = date.split('-')
        month, day, year = int(month), int(day), int(year)
        if month < 1 or month > 12:
            return False
        if month in [1,3,5,7,8,10,12] and day < 1 or day > 31:
            return False
        if month in [4,6,9,11] and day < 1 or day > 30:
            return False
        if month == 2 and day < 1 or day > 29:
            return False
    except:
        return False

    return True
",Passed,True,0.0,0.0,0.0,,,,[],True,0.0,1.0,"[{'type': 'missing_return', 'function': 'valid_date', 'start_line': 3, 'end_line': 32}]",True,0.0,0.0,0.0,0.0,0.0,[]
HumanEval,HumanEval/125,"def split_words(txt):
    if ' ' in txt:
        return txt.split()
    elif ',' in txt:
        return txt.split(',')
    else:
        return sum(1 for char in txt if char.islower() and (ord(char) - ord('a')) % 2 == 1)

# Test cases
print(split_words(""Hello world!""))  # ➞ [""Hello"", ""world!""]
print(split_words(""Hello,world!""))  # ➞ [""Hello"", ""world!""]
print(split_words(""abcdef""))      # ➞ 3","    if "" "" in txt:
        return txt.split()
    elif "","" in txt:
        return txt.replace(',',' ').split()
    else:
        return len([i for i in txt if i.islower() and ord(i)%2 == 0])
",Passed,True,0.0,0.0,0.0,,,,[],True,0.0,0.0,[],True,0.0,0.0,0.0,0.0,0.0,[]
HumanEval,HumanEval/126,"def is_sorted(lst):
    # Check if the list is empty or has only one element
    if len(lst) <= 1:
        return True
    
    # Iterate through the list and check if each element is less than or equal to the next
    for i in range(len(lst) - 1):
        if lst[i] > lst[i + 1]:
            return False
    
    # If all elements are in non-decreasing order, return True
    return True

# Test cases
print(is_sorted([5])) ➞ True
print(is_sorted([1, 2, 3, 4, 5])) ➞ True
print(is_sorted([1, 3, 2, 4, 5])) ➞ False
print(is_sorted([1, 2, 3, 4, 5, 6])) ➞ True
print(is_sorted([1, 2, 3, 4, 5, 6, 7])) ➞ True
print(is_sorted([1, 3, 2, 4, 5, 6, 7])) ➞ False
print(is_sorted([1, 2, 2, 3, 3, 4])) ➞ True
print(is_sorted([1, 2, 2, 2, 3, 4])) ➞ False","    count_digit = dict([(i, 0) for i in lst])
    for i in lst:
        count_digit[i]+=1 
    if any(count_digit[i] > 2 for i in lst):
        return False
    if all(lst[i-1] <= lst[i] for i in range(1, len(lst))):
        return True
    else:
        return False
    
    
","Failed: Syntax Hallucination (invalid character '➞' (U+279E) (<string>, line 15))",False,1.0,0.0,0.0,SyntaxError,15.0,"invalid character '➞' (U+279E) (<unknown>, line 15)",[],False,0.0,0.0,[],False,0.0,0.0,0.0,0.0,0.0,[]
HumanEval,HumanEval/127,"from math import sqrt

def intersection(interval1, interval2):
    start_max = max(interval1[0], interval2[0])
    end_min = min(interval1[1], interval2[1])
    
    if start_max > end_min:
        return ""NO""
    
    intersection_length = end_min - start_max + 1
    
    if intersection_length <= 1:
        return ""NO""
    
    for i in range(2, int(sqrt(intersection_length)) + 1):
        if intersection_length % i == 0:
            return ""NO""
    
    return ""YES""

# Test cases
print(intersection((1, 2), (2, 3)))  # Output: ""NO""
print(intersection((-1, 1), (0, 4)))  # Output: ""NO""
print(intersection((-3, -1), (-5, 5)))  # Output: ""YES""","    def is_prime(num):
        if num == 1 or num == 0:
            return False
        if num == 2:
            return True
        for i in range(2, num):
            if num%i == 0:
                return False
        return True

    l = max(interval1[0], interval2[0])
    r = min(interval1[1], interval2[1])
    length = r - l
    if length > 0 and is_prime(length):
        return ""YES""
    return ""NO""
",Failed: Logic Hallucination (Assertion Error),True,0.0,0.0,0.0,,,,[],True,0.0,1.0,"[{'type': 'missing_return', 'function': 'intersection', 'start_line': 3, 'end_line': 19}]",True,0.0,0.0,0.0,0.0,0.0,[]
HumanEval,HumanEval/128,"def prod_signs(arr):
    if not arr:
        return None
    
    sign_product = 1
    magnitude_sum = 0
    
    for num in arr:
        if num == 0:
            return 0
        sign_product *= (1 if num > 0 else -1)
        magnitude_sum += abs(num)
    
    return sign_product * magnitude_sum

# Test cases
print(prod_signs([1, 2, 2, -4]))  # Output: -9
print(prod_signs([0, 1]))        # Output: 0
print(prod_signs([]))             # Output: None","    if not arr: return None
    prod = 0 if 0 in arr else (-1) ** len(list(filter(lambda x: x < 0, arr)))
    return prod * sum([abs(i) for i in arr])
",Passed,True,0.0,0.0,0.0,,,,[],True,0.0,1.0,"[{'type': 'missing_return', 'function': 'prod_signs', 'start_line': 1, 'end_line': 14}]",True,0.0,0.0,0.0,0.0,0.0,[]
HumanEval,HumanEval/129,"from itertools import permutations

def minPath(grid, k):
    N = len(grid)
    values = [grid[i][j] for i in range(N) for j in range(N)]
    
    # Generate all possible paths of length k
    paths = permutations(values, k)
    
    # Initialize the minimum path with a large number
    min_path = None
    
    # Iterate over all paths and find the lexicographically smallest one
    for path in paths:
        current_path = []
        for i in range(k):
            current_path.append(path[i])
            # Check if the path is valid (i.e., within the grid boundaries)
            if not (0 <= current_path[-1] // N < N and 0 <= current_path[-1] % N < N):
                break
        else:
            if min_path is None or current_path < min_path:
                min_path = current_path
    
    return min_path

# Test cases
print(minPath([[1,2,3], [4,5,6], [7,8,9]], 3))  # Output: [1, 2, 1]
print(minPath([[5,9,3], [4,1,6], [7,8,2]], 1))  # Output: [1]","    n = len(grid)
    val = n * n + 1
    for i in range(n):
        for j in range(n):
            if grid[i][j] == 1:
                temp = []
                if i != 0:
                    temp.append(grid[i - 1][j])

                if j != 0:
                    temp.append(grid[i][j - 1])

                if i != n - 1:
                    temp.append(grid[i + 1][j])

                if j != n - 1:
                    temp.append(grid[i][j + 1])

                val = min(temp)

    ans = []
    for i in range(k):
        if i % 2 == 0:
            ans.append(1)
        else:
            ans.append(val)
    return ans
",Failed: Logic Hallucination (Assertion Error),True,0.0,0.0,0.0,,,,[],True,0.0,0.0,[],True,0.0,0.0,0.0,0.0,0.0,[]
HumanEval,HumanEval/130,"def tri(n):
    """"""Everyone knows Fibonacci sequence, it was studied deeply by mathematicians in 
    the last couple centuries. However, what people don't know is Tribonacci sequence.
    Tribonacci sequence is defined by the recurrence:
    tri(1) = 3
    tri(n) = 1 + n / 2, if n is even.
    tri(n) =  tri(n - 1) + tri(n - 2) + tri(n + 1), if n is odd.
    For example:
    tri(2) = 1 + (2 / 2) = 2
    tri(4) = 3
    tri(3) = tri(2) + tri(1) + tri(4)
           = 2 + 3 + 3 = 8 
    You are given a non-negative integer number n, you have to a return a list of the 
    first n + 1 numbers of the Tribonacci sequence.
    Examples:
    tri(3) = [1, 3, 2, 8]
    """"""
    if n == 0:
        return [1]
    elif n == 1:
        return [1, 3]
    
    tribonacci = [1, 3]
    for i in range(2, n + 1):
        if i % 2 == 0:
            tribonacci.append(1 + i / 2)
        else:
            tribonacci.append(tribonacci[i - 1] + tribonacci[i - 2] + tribonacci[i + 1])
    
    return tribonacci

# Test cases
print(tri(3))  # Output: [1, 3, 2, 8]
print(tri(5))  # Output: [1, 3, 2, 8, 10, 16]","    if n == 0:
        return [1]
    my_tri = [1, 3]
    for i in range(2, n + 1):
        if i % 2 == 0:
            my_tri.append(i / 2 + 1)
        else:
            my_tri.append(my_tri[i - 1] + my_tri[i - 2] + (i + 3) / 2)
    return my_tri
",Failed: IndexError: list index out of range,True,0.0,0.0,0.0,,,,[],True,0.0,0.0,[],True,0.0,0.0,0.0,0.0,0.0,[]
HumanEval,HumanEval/131,"def digits(n):
    product = 1
    has_odd = False
    while n > 0:
        digit = n % 10
        if digit % 2 != 0:
            product *= digit
            has_odd = True
        n //= 10
    return product if has_odd else 0

# Test cases
print(digits(1))  # Output: 1
print(digits(4))  # Output: 0
print(digits(235)) # Output: 15","    product = 1
    odd_count = 0
    for digit in str(n):
        int_digit = int(digit)
        if int_digit%2 == 1:
            product= product*int_digit
            odd_count+=1
    if odd_count ==0:
        return 0
    else:
        return product
",Passed,True,0.0,0.0,0.0,,,,[],True,0.0,0.0,[],True,0.0,0.0,0.0,0.0,0.0,[]
HumanEval,HumanEval/132,"def is_nested(string):
    stack = []
    nested = False
    
    for char in string:
        if char == '[':
            stack.append(char)
        elif char == ']':
            if stack:
                stack.pop()
                if stack:
                    nested = True
    
    return nested

# Test cases
print(is_nested('[[]]')) ➞ True
print(is_nested('[]]]]]]][[[[[]')) ➞ False
print(is_nested('[][]')) ➞ False
print(is_nested('[]')) ➞ False
print(is_nested('[[][]]')) ➞ True
print(is_nested('[[]][[')) ➞ True","    opening_bracket_index = []
    closing_bracket_index = []
    for i in range(len(string)):
        if string[i] == '[':
            opening_bracket_index.append(i)
        else:
            closing_bracket_index.append(i)
    closing_bracket_index.reverse()
    cnt = 0
    i = 0
    l = len(closing_bracket_index)
    for idx in opening_bracket_index:
        if i < l and idx < closing_bracket_index[i]:
            cnt += 1
            i += 1
    return cnt >= 2

    
","Failed: Syntax Hallucination (invalid character '➞' (U+279E) (<string>, line 17))",False,1.0,0.0,0.0,SyntaxError,17.0,"invalid character '➞' (U+279E) (<unknown>, line 17)",[],False,0.0,0.0,[],False,0.0,0.0,0.0,0.0,0.0,[]
HumanEval,HumanEval/133,"import math

def sum_squares(lst):
    total = 0
    for num in lst:
        # Round each element to the upper integer (ceiling)
        rounded_num = math.ceil(num)
        # Add the square of the rounded number to the total
        total += rounded_num ** 2
    return total

# Test cases
print(sum_squares([1, 2, 3]))  # Output: 14
print(sum_squares([1, 4, 9]))  # Output: 98
print(sum_squares([1, 3, 5, 7]))  # Output: 84
print(sum_squares([1.4, 4.2, 0]))  # Output: 29
print(sum_squares([-2.4, 1, 1]))  # Output: 6","    import math
    squared = 0
    for i in lst:
        squared += math.ceil(i)**2
    return squared
",Passed,True,0.0,0.0,0.0,,,,[],True,0.0,0.0,[],True,0.0,0.0,0.0,0.0,0.0,[]
HumanEval,HumanEval/134,"import re

def check_if_last_char_is_a_letter(txt):
    # Use regex to find the last character that is not a space
    match = re.search(r'\b[a-zA-Z]\b\s*$', txt)
    return bool(match)

# Test cases
print(check_if_last_char_is_a_letter(""apple pie""))  # ➞ False
print(check_if_last_char_is_a_letter(""apple pi e""))  # ➞ True
print(check_if_last_char_is_a_letter(""apple pi e ""))  # ➞ False
print(check_if_last_char_is_a_letter(""""))  # ➞ False"," 
    check = txt.split(' ')[-1]
    return True if len(check) == 1 and (97 <= ord(check.lower()) <= 122) else False
",Failed: Logic Hallucination (Assertion Error),True,0.0,0.0,0.0,,,,[],True,0.0,0.0,[],True,0.0,0.0,0.0,0.0,0.0,[]
HumanEval,HumanEval/135,"def can_arrange(arr):
    for i in range(1, len(arr)):
        if arr[i] >= arr[i - 1]:
            continue
        else:
            return i
    return -1

# Test cases
print(can_arrange([1, 2, 4, 3, 5]))  # Output: 3
print(can_arrange([1, 2, 3]))      # Output: -1","    ind=-1
    i=1
    while i<len(arr):
      if arr[i]<arr[i-1]:
        ind=i
      i+=1
    return ind
",Failed: Logic Hallucination (Assertion Error),True,0.0,0.0,0.0,,,,[],True,0.0,0.0,[],True,0.0,0.0,0.0,0.0,0.0,[]
HumanEval,HumanEval/136,"def largest_smallest_integers(lst):
    '''
    Create a function that returns a tuple (a, b), where 'a' is
    the largest of negative integers, and 'b' is the smallest
    of positive integers in a list.
    If there is no negative or positive integers, return them as None.

    Examples:
    largest_smallest_integers([2, 4, 1, 3, 5, 7]) == (None, 1)
    largest_smallest_integers([]) == (None, None)
    largest_smallest_integers([0]) == (None, None)
    '''
    negative_integers = [x for x in lst if x < 0]
    positive_integers = [x for x in lst if x > 0]

    largest_negative = max(negative_integers) if negative_integers else None
    smallest_positive = min(positive_integers) if positive_integers else None

    return (largest_negative, smallest_positive)

# Test cases
print(largest_smallest_integers([2, 4, 1, 3, 5, 7]))  # Output: (None, 1)
print(largest_smallest_integers([]))                  # Output: (None, None)
print(largest_smallest_integers([0]))                  # Output: (None, None)","    smallest = list(filter(lambda x: x < 0, lst))
    largest = list(filter(lambda x: x > 0, lst))
    return (max(smallest) if smallest else None, min(largest) if largest else None)
",Passed,True,0.0,0.0,0.0,,,,[],True,0.0,0.0,[],True,0.0,0.0,0.0,0.0,0.0,[]
HumanEval,HumanEval/137,"def compare_one(a, b):
    def convert_to_float(value):
        if isinstance(value, str):
            value = value.replace(',', '.')
            return float(value)
        return float(value)
    
    num_a = convert_to_float(a)
    num_b = convert_to_float(b)
    
    if num_a == num_b:
        return None
    elif num_a > num_b:
        return a
    else:
        return b

# Test cases
print(compare_one(1, 2.5)) ➞ 2.5
print(compare_one(1, ""2,3"")) ➞ ""2,3""
print(compare_one(""5,1"", ""6"")) ➞ ""6""
print(compare_one(""1"", 1)) ➞ None","    temp_a, temp_b = a, b
    if isinstance(temp_a, str): temp_a = temp_a.replace(',','.')
    if isinstance(temp_b, str): temp_b = temp_b.replace(',','.')
    if float(temp_a) == float(temp_b): return None
    return a if float(temp_a) > float(temp_b) else b 
","Failed: Syntax Hallucination (invalid character '➞' (U+279E) (<string>, line 19))",False,1.0,0.0,0.0,SyntaxError,19.0,"invalid character '➞' (U+279E) (<unknown>, line 19)",[],False,0.0,0.0,[],False,0.0,0.0,0.0,0.0,0.0,[]
HumanEval,HumanEval/138,"def is_equal_to_sum_even(n):
    # The smallest sum of four positive even numbers is 2+2+2+2=8
    if n < 8:
        return False
    # If n is even and greater than or equal to 8, it can always be expressed as the sum of four even numbers
    return n % 2 == 0

# Test cases
print(is_equal_to_sum_even(4))  # False
print(is_equal_to_sum_even(6))  # False
print(is_equal_to_sum_even(8))  # True","    return n%2 == 0 and n >= 8
",Passed,True,0.0,0.0,0.0,,,,[],True,0.0,1.0,"[{'type': 'missing_return', 'function': 'is_equal_to_sum_even', 'start_line': 1, 'end_line': 6}]",True,0.0,0.0,0.0,0.0,0.0,[]
HumanEval,HumanEval/139,"from math import factorial

def special_factorial(n):
    """"""The Brazilian factorial is defined as:
    brazilian_factorial(n) = n! * (n-1)! * (n-2)! * ... * 1!
    where n > 0

    For example:
    >>> special_factorial(4)
    288

    The function will receive an integer as input and should return the special
    factorial of this integer.
    """"""
    result = 1
    for i in range(1, n + 1):
        result *= factorial(i)
    return result

# Test the function
print(special_factorial(4))  # Output: 288","    fact_i = 1
    special_fact = 1
    for i in range(1, n+1):
        fact_i *= i
        special_fact *= fact_i
    return special_fact
",Passed,True,0.0,0.0,0.0,,,,[],True,0.0,0.0,[],True,0.0,0.0,0.0,0.0,0.0,[]
HumanEval,HumanEval/140,"def fix_spaces(text):
    result = []
    space_count = 0
    
    for char in text:
        if char == ' ':
            space_count += 1
        else:
            if space_count > 2:
                result.append('-')
            elif space_count > 0:
                result.extend(['_'] * space_count)
            result.append(char)
            space_count = 0
    
    # Handle trailing spaces
    if space_count > 2:
        result.append('-')
    elif space_count > 0:
        result.extend(['_'] * space_count)
    
    return ''.join(result)

# Test cases
print(fix_spaces(""Example""))          # Output: ""Example""
print(fix_spaces(""Example 1""))       # Output: ""Example_1""
print(fix_spaces("" Example 2""))      # Output: ""_Example_2""
print(fix_spaces("" Example   3""))     # Output: ""_Example-3""","    new_text = """"
    i = 0
    start, end = 0, 0
    while i < len(text):
        if text[i] == "" "":
            end += 1
        else:
            if end - start > 2:
                new_text += ""-""+text[i]
            elif end - start > 0:
                new_text += ""_""*(end - start)+text[i]
            else:
                new_text += text[i]
            start, end = i+1, i+1
        i+=1
    if end - start > 2:
        new_text += ""-""
    elif end - start > 0:
        new_text += ""_""
    return new_text
",Passed,True,0.0,0.0,0.0,,,,[],True,0.0,0.0,[],True,0.0,0.0,0.0,0.0,0.0,[]
HumanEval,HumanEval/141,"import re

def file_name_check(file_name):
    """"""Create a function which takes a string representing a file's name, and returns
    'Yes' if the the file's name is valid, and returns 'No' otherwise.
    A file's name is considered to be valid if and only if all the following conditions 
    are met:
    - There should not be more than three digits ('0'-'9') in the file's name.
    - The file's name contains exactly one dot '.'
    - The substring before the dot should not be empty, and it starts with a letter from 
    the latin alphapet ('a'-'z' and 'A'-'Z').
    - The substring after the dot should be one of these: ['txt', 'exe', 'dll']
    Examples:
    file_name_check(""example.txt"") # => 'Yes'
    file_name_check(""1example.dll"") # => 'No' (the name should start with a latin alphapet letter)
    """"""
    # Regular expression to match the file name criteria
    pattern = r'^[a-zA-Z][a-zA-Z0-9]{0,}(\d{0,3})\.(txt|exe|dll)$'
    
    # Check if the file name matches the pattern
    if re.match(pattern, file_name):
        return 'Yes'
    else:
        return 'No'

# Test cases
print(file_name_check(""example.txt""))  # => 'Yes'
print(file_name_check(""1example.dll"")) # => 'No'
print(file_name_check(""file1234.txt"")) # => 'No'
print(file_name_check(""file.exe"")) # => 'Yes'
print(file_name_check(""file.dll"")) # => 'Yes'
print(file_name_check(""file.doc"")) # => 'No'","    suf = ['txt', 'exe', 'dll']
    lst = file_name.split(sep='.')
    if len(lst) != 2:
        return 'No'
    if not lst[1] in suf:
        return 'No'
    if len(lst[0]) == 0:
        return 'No'
    if not lst[0][0].isalpha():
        return 'No'
    t = len([x for x in lst[0] if x.isdigit()])
    if t > 3:
        return 'No'
    return 'Yes'
",Failed: Logic Hallucination (Assertion Error),True,0.0,0.0,0.0,,,,[],True,0.0,0.0,[],True,0.0,0.0,0.0,0.0,0.0,[]
HumanEval,HumanEval/142,"def sum_squares(lst):
    total = 0
    for i, num in enumerate(lst):
        if i % 3 == 0:
            total += num ** 2
        elif i % 4 == 0:
            total += num ** 3
    return total

# Test cases
print(sum_squares([1, 2, 3]))  # Output: 6
print(sum_squares([]))          # Output: 0
print(sum_squares([-1, -5, 2, -1, -5]))  # Output: -126","    result =[]
    for i in range(len(lst)):
        if i %3 == 0:
            result.append(lst[i]**2)
        elif i % 4 == 0 and i%3 != 0:
            result.append(lst[i]**3)
        else:
            result.append(lst[i])
    return sum(result)
",Failed: Logic Hallucination (Assertion Error),True,0.0,0.0,0.0,,,,[],True,0.0,0.0,[],True,0.0,0.0,0.0,0.0,0.0,[]
HumanEval,HumanEval/143,"from math import sqrt

def words_in_sentence(sentence):
    def is_prime(n):
        if n <= 1:
            return False
        for i in range(2, int(sqrt(n)) + 1):
            if n % i == 0:
                return False
        return True

    words = sentence.split()
    prime_length_words = [word for word in words if is_prime(len(word))]
    return ' '.join(prime_length_words)

# Test cases
print(words_in_sentence(""This is a test""))  # Output: ""is""
print(words_in_sentence(""lets go for swimming""))  # Output: ""go for""","    new_lst = []
    for word in sentence.split():
        flg = 0
        if len(word) == 1:
            flg = 1
        for i in range(2, len(word)):
            if len(word)%i == 0:
                flg = 1
        if flg == 0 or len(word) == 2:
            new_lst.append(word)
    return "" "".join(new_lst)
",Passed,True,0.0,0.0,0.0,,,,[],True,0.0,1.0,"[{'type': 'missing_return', 'function': 'is_prime', 'start_line': 4, 'end_line': 10}]",True,0.0,0.0,0.0,0.0,0.0,[]
HumanEval,HumanEval/144,"from fractions import Fraction

def simplify(x, n):
    # Convert the string representations of fractions to Fraction objects
    frac_x = Fraction(x)
    frac_n = Fraction(n)
    
    # Multiply the two fractions
    result = frac_x * frac_n
    
    # Check if the result is a whole number
    return result.denominator == 1

# Test cases
print(simplify(""1/5"", ""5/1""))  # True
print(simplify(""1/6"", ""2/1""))  # False
print(simplify(""7/10"", ""10/2"")) # False","    a, b = x.split(""/"")
    c, d = n.split(""/"")
    numerator = int(a) * int(c)
    denom = int(b) * int(d)
    if (numerator/denom == int(numerator/denom)):
        return True
    return False
",Passed,True,0.0,0.0,0.0,,,,[],True,0.0,0.0,[],True,0.0,0.0,0.0,0.0,0.0,[]
HumanEval,HumanEval/145,"def order_by_points(nums):
    def digit_sum(n):
        return sum(int(digit) for digit in str(abs(n)))
    
    return sorted(nums, key=lambda x: (digit_sum(x), nums.index(x)))

# Test cases
print(order_by_points([1, 11, -1, -11, -12]))  # Output: [-1, -11, 1, -12, 11]
print(order_by_points([]))  # Output: []","    def digits_sum(n):
        neg = 1
        if n < 0: n, neg = -1 * n, -1 
        n = [int(i) for i in str(n)]
        n[0] = n[0] * neg
        return sum(n)
    return sorted(nums, key=digits_sum)
",Failed: Logic Hallucination (Assertion Error),True,0.0,0.0,0.0,,,,[],True,0.0,0.0,[],True,0.0,0.0,0.0,0.0,0.0,[]
HumanEval,HumanEval/146,"def specialFilter(nums):
    def is_odd_digit(digit):
        return digit in {'1', '3', '5', '7', '9'}
    
    count = 0
    for num in nums:
        if num > 10:
            str_num = str(abs(num))
            if is_odd_digit(str_num[0]) and is_odd_digit(str_num[-1]):
                count += 1
    return count

# Test cases
print(specialFilter([15, -73, 14, -15]))  # Output: 1
print(specialFilter([33, -2, -3, 45, 21, 109]))  # Output: 2","    
    count = 0
    for num in nums:
        if num > 10:
            odd_digits = (1, 3, 5, 7, 9)
            number_as_string = str(num)
            if int(number_as_string[0]) in odd_digits and int(number_as_string[-1]) in odd_digits:
                count += 1
        
    return count 
",Passed,True,0.0,0.0,0.0,,,,[],True,0.0,0.0,[],True,0.0,0.0,0.0,0.0,0.0,[]
HumanEval,HumanEval/147,"from itertools import combinations

def get_max_triples(n):
    # Generate the array a based on the given formula
    a = [i * i - i + 1 for i in range(1, n + 1)]
    
    # Count the number of valid triples (a[i], a[j], a[k]) where i < j < k and a[i] + a[j] + a[k] is a multiple of 3
    count = 0
    for triple in combinations(a, 3):
        if sum(triple) % 3 == 0:
            count += 1
    
    return count

# Example usage
print(get_max_triples(5))  # Output: 1","    A = [i*i - i + 1 for i in range(1,n+1)]
    ans = []
    for i in range(n):
        for j in range(i+1,n):
            for k in range(j+1,n):
                if (A[i]+A[j]+A[k])%3 == 0:
                    ans += [(A[i],A[j],A[k])]
    return len(ans)
",Passed,True,0.0,0.0,0.0,,,,[],True,0.0,0.0,[],True,0.0,0.0,0.0,0.0,0.0,[]
HumanEval,HumanEval/148,"def bf(planet1, planet2):
    # List of planets in order from the Sun
    planets = [""Mercury"", ""Venus"", ""Earth"", ""Mars"", ""Jupiter"", ""Saturn"", ""Uranus"", ""Neptune""]
    
    # Check if both planets are valid
    if planet1 not in planets or planet2 not in planets:
        return ()
    
    # Get the indices of the planets
    index1 = planets.index(planet1)
    index2 = planets.index(planet2)
    
    # Ensure index1 is less than index2 for easier slicing
    if index1 > index2:
        index1, index2 = index2, index1
    
    # Return the planets between the two indices
    return tuple(planets[index1 + 1:index2])

# Test cases
print(bf(""Jupiter"", ""Neptune""))  # Output: ('Saturn', 'Uranus')
print(bf(""Earth"", ""Mercury""))   # Output: ('Venus')
print(bf(""Mercury"", ""Uranus""))  # Output: ('Venus', 'Earth', 'Mars', 'Jupiter', 'Saturn')","    planet_names = (""Mercury"", ""Venus"", ""Earth"", ""Mars"", ""Jupiter"", ""Saturn"", ""Uranus"", ""Neptune"")
    if planet1 not in planet_names or planet2 not in planet_names or planet1 == planet2:
        return ()
    planet1_index = planet_names.index(planet1)
    planet2_index = planet_names.index(planet2)
    if planet1_index < planet2_index:
        return (planet_names[planet1_index + 1: planet2_index])
    else:
        return (planet_names[planet2_index + 1 : planet1_index])
",Passed,True,0.0,0.0,0.0,,,,[],True,0.0,1.0,"[{'type': 'missing_return', 'function': 'bf', 'start_line': 1, 'end_line': 18}]",True,0.0,0.0,0.0,0.0,0.0,[]
HumanEval,HumanEval/149,"def sorted_list_sum(lst):
    # Filter out strings with odd lengths
    even_length_strings = [s for s in lst if len(s) % 2 == 0]
    
    # Sort the list by length, then alphabetically
    even_length_strings.sort(key=lambda x: (len(x), x))
    
    return even_length_strings

# Test cases
assert sorted_list_sum([""aa"", ""a"", ""aaa""]) == [""aa""]
assert sorted_list_sum([""ab"", ""a"", ""aaa"", ""cd""]) == [""ab"", ""cd""]","    lst.sort()
    new_lst = []
    for i in lst:
        if len(i)%2 == 0:
            new_lst.append(i)
    return sorted(new_lst, key=len)
",Passed,True,0.0,0.0,0.0,,,,[],True,0.0,0.0,[],True,0.0,0.0,0.0,0.0,0.0,[]
HumanEval,HumanEval/150,"from math import sqrt

def x_or_y(n, x, y):
    """"""A simple program which should return the value of x if n is 
    a prime number and should return the value of y otherwise.

    Examples:
    for x_or_y(7, 34, 12) == 34
    for x_or_y(15, 8, 5) == 5
    
    """"""
    if n <= 1:
        return y
    for i in range(2, int(sqrt(n)) + 1):
        if n % i == 0:
            return y
    return x

# Test cases
print(x_or_y(7, 34, 12))  # Output: 34
print(x_or_y(15, 8, 5))   # Output: 5","    if n == 1:
        return y
    for i in range(2, n):
        if n % i == 0:
            return y
            break
    else:
        return x
",Passed,True,0.0,0.0,0.0,,,,[],True,0.0,1.0,"[{'type': 'missing_return', 'function': 'x_or_y', 'start_line': 3, 'end_line': 17}]",True,0.0,0.0,0.0,0.0,0.0,[]
HumanEval,HumanEval/151,"def double_the_difference(lst):
    '''
    Given a list of numbers, return the sum of squares of the numbers
    in the list that are odd. Ignore numbers that are negative or not integers.
    
    double_the_difference([1, 3, 2, 0]) == 1 + 9 + 0 + 0 = 10
    double_the_difference([-1, -2, 0]) == 0
    double_the_difference([9, -2]) == 81
    double_the_difference([0]) == 0  
   
    If the input list is empty, return 0.
    '''
    if not lst:
        return 0
    
    result = 0
    for num in lst:
        if isinstance(num, int) and num > 0 and num % 2 != 0:
            result += num ** 2
    
    return result

# Test cases
print(double_the_difference([1, 3, 2, 0]))  # Output: 10
print(double_the_difference([-1, -2, 0]))  # Output: 0
print(double_the_difference([9, -2]))      # Output: 81
print(double_the_difference([0]))          # Output: 0
print(double_the_difference([]))           # Output: 0","    return sum([i**2 for i in lst if i > 0 and i%2!=0 and ""."" not in str(i)])
",Passed,True,0.0,0.0,0.0,,,,[],True,0.0,1.0,"[{'type': 'missing_return', 'function': 'double_the_difference', 'start_line': 1, 'end_line': 21}]",True,0.0,0.0,0.0,0.0,0.0,[]
HumanEval,HumanEval/152,"def compare(game, guess):
    return [abs(score - guess) for score, guess in zip(game, guess)]

# Test cases
print(compare([1,2,3,4,5,1], [1,2,3,4,2,-2]))  # Output: [0, 0, 0, 0, 3, 3]
print(compare([0,5,0,0,0,4], [4,1,1,0,0,-2]))  # Output: [4, 4, 1, 0, 0, 6]","    return [abs(x-y) for x,y in zip(game,guess)]
",Passed,True,0.0,0.0,0.0,,,,[],True,0.0,0.0,[],True,0.0,0.0,0.0,0.0,0.0,[]
HumanEval,HumanEval/153,"def Strongest_Extension(class_name, extensions):
    def calculate_strength(extension):
        cap_count = sum(1 for char in extension if char.isupper())
        sm_count = sum(1 for char in extension if char.islower())
        return cap_count - sm_count

    strongest_extension = None
    max_strength = float('-inf')

    for extension in extensions:
        strength = calculate_strength(extension)
        if strength > max_strength:
            max_strength = strength
            strongest_extension = extension

    return f""{class_name}.{strongest_extension}""

# Test the function
print(Strongest_Extension('my_class', ['AA', 'Be', 'CC']))  # Output: 'my_class.AA'","    strong = extensions[0]
    my_val = len([x for x in extensions[0] if x.isalpha() and x.isupper()]) - len([x for x in extensions[0] if x.isalpha() and x.islower()])
    for s in extensions:
        val = len([x for x in s if x.isalpha() and x.isupper()]) - len([x for x in s if x.isalpha() and x.islower()])
        if val > my_val:
            strong = s
            my_val = val

    ans = class_name + ""."" + strong
    return ans

",Passed,True,0.0,0.0,0.0,,,,[],True,0.0,0.0,[],True,0.0,0.0,0.0,0.0,0.0,[]
HumanEval,HumanEval/154,"def cycpattern_check(a, b):
    # Check if b is a substring of a
    if b in a:
        return True
    
    # Create a doubled version of b
    doubled_b = b + b
    
    # Check if any rotation of b is a substring of a
    for i in range(len(b)):
        rotated_b = doubled_b[i:i+len(b)]
        if rotated_b in a:
            return True
    
    return False

# Test cases
print(cycpattern_check(""abcd"", ""abd""))  # False
print(cycpattern_check(""hello"", ""ell""))   # True
print(cycpattern_check(""whassup"", ""psus""))  # False
print(cycpattern_check(""abab"", ""baa""))   # True
print(cycpattern_check(""efef"", ""eeff""))  # False
print(cycpattern_check(""himenss"", ""simen"")) # True","    l = len(b)
    pat = b + b
    for i in range(len(a) - l + 1):
        for j in range(l + 1):
            if a[i:i+l] == pat[j:j+l]:
                return True
    return False
",Passed,True,0.0,0.0,0.0,,,,[],True,0.0,1.0,"[{'type': 'missing_return', 'function': 'cycpattern_check', 'start_line': 1, 'end_line': 15}]",True,0.0,0.0,0.0,0.0,0.0,[]
HumanEval,HumanEval/155,"def even_odd_count(num):
    """"""Given an integer. return a tuple that has the number of even and odd digits respectively.

     Example:
        even_odd_count(-12) ==> (1, 1)
        even_odd_count(123) ==> (1, 2)
    """"""
    num = abs(num)  # Convert to positive to simplify counting
    even_count = 0
    odd_count = 0
    
    while num > 0:
        digit = num % 10  # Get the last digit
        if digit % 2 == 0:
            even_count += 1
        else:
            odd_count += 1
        num //= 10  # Remove the last digit
    
    return (even_count, odd_count)

# Test cases
print(even_odd_count(-12))  # Output: (1, 1)
print(even_odd_count(123))  # Output: (1, 2)","    even_count = 0
    odd_count = 0
    for i in str(abs(num)):
        if int(i)%2==0:
            even_count +=1
        else:
            odd_count +=1
    return (even_count, odd_count)
",Failed: Logic Hallucination (Assertion Error),True,0.0,0.0,0.0,,,,[],True,0.0,0.0,[],True,0.0,0.0,0.0,0.0,0.0,[]
HumanEval,HumanEval/156,"def int_to_mini_roman(number):
    """"""
    Given a positive integer, obtain its roman numeral equivalent as a string,
    and return it in lowercase.
    Restrictions: 1 <= num <= 1000

    Examples:
    >>> int_to_mini_roman(19) == 'xix'
    >>> int_to_mini_roman(152) == 'clii'
    >>> int_to_mini_roman(426) == 'cdxxvi'
    """"""
    # Define the mapping of integers to their Roman numeral counterparts
    roman_numerals = [
        (1000, 'm'), (900, 'cm'), (500, 'd'), (400, 'cd'),
        (100, 'c'), (90, 'xc'), (50, 'l'), (40, 'xl'),
        (10, 'x'), (9, 'ix'), (5, 'v'), (4, 'iv'), (1, 'i')
    ]
    
    result = ''
    for value, numeral in roman_numerals:
        while number >= value:
            result += numeral
            number -= value
    
    return result

# Test cases
print(int_to_mini_roman(19))   # Output: 'xix'
print(int_to_mini_roman(152))  # Output: 'clii'
print(int_to_mini_roman(426))  # Output: 'cdxxvi'","    num = [1, 4, 5, 9, 10, 40, 50, 90,  
           100, 400, 500, 900, 1000] 
    sym = [""I"", ""IV"", ""V"", ""IX"", ""X"", ""XL"",  
           ""L"", ""XC"", ""C"", ""CD"", ""D"", ""CM"", ""M""] 
    i = 12
    res = ''
    while number: 
        div = number // num[i] 
        number %= num[i] 
        while div: 
            res += sym[i] 
            div -= 1
        i -= 1
    return res.lower()
",Passed,True,0.0,0.0,0.0,,,,[],True,0.0,0.0,[],True,0.0,0.0,0.0,0.0,0.0,[]
HumanEval,HumanEval/157,"import math

def right_angle_triangle(a, b, c):
    '''
    Given the lengths of the three sides of a triangle. Return True if the three
    sides form a right-angled triangle, False otherwise.
    A right-angled triangle is a triangle in which one angle is right angle or 
    90 degree.
    Example:
    right_angle_triangle(3, 4, 5) == True
    right_angle_triangle(1, 2, 3) == False
    '''
    # Sort the sides to ensure the largest is considered as the hypotenuse
    sides = sorted([a, b, c])
    # Check the Pythagorean theorem: a^2 + b^2 = c^2
    return math.isclose(sides[0]**2 + sides[1]**2, sides[2]**2)

# Test cases
print(right_angle_triangle(3, 4, 5))  # True
print(right_angle_triangle(1, 2, 3))  # False","    return a*a == b*b + c*c or b*b == a*a + c*c or c*c == a*a + b*b
",Passed,True,0.0,0.0,0.0,,,,[],True,0.0,0.0,[],True,0.0,0.0,0.0,0.0,0.0,[]
HumanEval,HumanEval/158,"def find_max(words):
    max_unique_chars = 0
    result_word = """"
    
    for word in words:
        unique_chars = set(word)
        if len(unique_chars) > max_unique_chars or (len(unique_chars) == max_unique_chars and word < result_word):
            max_unique_chars = len(unique_chars)
            result_word = word
    
    return result_word

# Test cases
print(find_max([""name"", ""of"", ""string""]))  # Output: ""string""
print(find_max([""name"", ""enam"", ""game""]))  # Output: ""enam""
print(find_max([""aaaaaaa"", ""bb"", ""cc""]))  # Output: ""aaaaaaa""","    return sorted(words, key = lambda x: (-len(set(x)), x))[0]
",Passed,True,0.0,0.0,0.0,,,,[],True,0.0,0.0,[],True,0.0,0.0,0.0,0.0,0.0,[]
HumanEval,HumanEval/159,"def eat(number, need, remaining):
    # Calculate the total number of carrots eaten after the meals
    total_eaten = number + min(need, remaining)
    
    # Calculate the number of carrots left after the meals
    carrots_left = max(remaining - need, 0)
    
    return [total_eaten, carrots_left]

# Test cases
print(eat(5, 6, 10))  # Output: [11, 4]
print(eat(4, 8, 9))  # Output: [12, 1]
print(eat(1, 10, 10)) # Output: [11, 0]
print(eat(2, 11, 5))  # Output: [7, 0]","    if(need <= remaining):
        return [ number + need , remaining-need ]
    else:
        return [ number + remaining , 0]
",Passed,True,0.0,0.0,0.0,,,,[],True,0.0,0.0,[],True,0.0,0.0,0.0,0.0,0.0,[]
HumanEval,HumanEval/160,"def do_algebra(operator, operand):
    # Start with the first operand
    result = operand[0]
    
    # Iterate over the operators and operands
    for i in range(len(operator)):
        if operator[i] == '+':
            result += operand[i + 1]
        elif operator[i] == '-':
            result -= operand[i + 1]
        elif operator[i] == '*':
            result *= operand[i + 1]
        elif operator[i] == '//':
            result //= operand[i + 1]
        elif operator[i] == '**':
            result **= operand[i + 1]
        else:
            raise ValueError(f""Unsupported operator: {operator[i]}"")
    
    return result

# Example usage:
operator = ['+', '*', '-']
operand = [2, 3, 4, 5]
result = do_algebra(operator, operand)
print(result)  # Output: 9","    expression = str(operand[0])
    for oprt, oprn in zip(operator, operand[1:]):
        expression+= oprt + str(oprn)
    return eval(expression)
",Failed: Logic Hallucination (Assertion Error),True,0.0,0.0,0.0,,,,[],True,0.0,0.0,[],True,0.0,0.0,0.0,0.0,0.0,[]
HumanEval,HumanEval/161,"def solve(s):
    has_letters = any(c.isalpha() for c in s)
    if not has_letters:
        return s[::-1]
    
    result = []
    for char in s:
        if char.isalpha():
            if char.islower():
                result.append(char.upper())
            else:
                result.append(char.lower())
        else:
            result.append(char)
    
    return ''.join(result)

# Test cases
print(solve(""1234""))  # Output: ""4321""
print(solve(""ab""))    # Output: ""AB""
print(solve(""#a@C""))  # Output: ""#A@c""","    flg = 0
    idx = 0
    new_str = list(s)
    for i in s:
        if i.isalpha():
            new_str[idx] = i.swapcase()
            flg = 1
        idx += 1
    s = """"
    for i in new_str:
        s += i
    if flg == 0:
        return s[len(s)::-1]
    return s
",Passed,True,0.0,0.0,0.0,,,,[],True,0.0,1.0,"[{'type': 'missing_return', 'function': 'solve', 'start_line': 1, 'end_line': 16}]",True,0.0,0.0,0.0,0.0,0.0,[]
HumanEval,HumanEval/162,"import hashlib

def string_to_md5(text):
    """"""
    Given a string 'text', return its md5 hash equivalent string.
    If 'text' is an empty string, return None.

    >>> string_to_md5('Hello world') == '3e25960a79dbc69b674cd4ec67a72c62'
    """"""
    if not text:
        return None
    return hashlib.md5(text.encode()).hexdigest()","    import hashlib
    return hashlib.md5(text.encode('ascii')).hexdigest() if text else None
",Passed,True,0.0,0.0,0.0,,,,[],True,0.0,1.0,"[{'type': 'missing_return', 'function': 'string_to_md5', 'start_line': 3, 'end_line': 12}]",True,0.0,0.0,0.0,0.0,0.0,[]
HumanEval,HumanEval/163,"def generate_integers(a, b):
    """"""
    Given two positive integers a and b, return the even digits between a
    and b, in ascending order.

    For example:
    generate_integers(2, 8) => [2, 4, 6, 8]
    generate_integers(8, 2) => [2, 4, 6, 8]
    generate_integers(10, 14) => []
    """"""
    # Ensure a is less than or equal to b for easier processing
    if a > b:
        a, b = b, a
    
    # Initialize an empty list to store even digits
    even_digits = []
    
    # Iterate through the range from a to b (inclusive)
    for num in range(a, b + 1):
        # Check if the number is even
        if num % 2 == 0:
            even_digits.append(num)
    
    return even_digits

# Test cases
print(generate_integers(2, 8))  # Output: [2, 4, 6, 8]
print(generate_integers(8, 2))  # Output: [2, 4, 6, 8]
print(generate_integers(10, 14)) # Output: []","    lower = max(2, min(a, b))
    upper = min(8, max(a, b))

    return [i for i in range(lower, upper+1) if i % 2 == 0]
",Failed: Logic Hallucination (Assertion Error),True,0.0,0.0,0.0,,,,[],True,0.0,1.0,"[{'type': 'missing_return', 'function': 'generate_integers', 'start_line': 1, 'end_line': 24}]",True,0.0,0.0,0.0,0.0,0.0,[]
HumanEval,HumanEval/50,"def decode_shift(s: str):
    """"""
    takes as input string encoded with encode_shift function. Returns decoded string.
    """"""
    return """".join([chr(((ord(ch) - 5 - ord(""a"")) % 26) + ord(""a"")) for ch in s])","    return """".join([chr(((ord(ch) - 5 - ord(""a"")) % 26) + ord(""a"")) for ch in s])
",Failed: NameError: name 'encode_shift' is not defined,True,0.0,0.0,0.0,,,,[],True,0.0,0.0,[],True,0.0,0.0,0.0,0.0,0.0,[]
HumanEval,HumanEval/51,"import re

def remove_vowels(text):
    """"""
    remove_vowels is a function that takes string and returns string without vowels.
    >>> remove_vowels('')
    ''
    >>> remove_vowels(""abcdef\nghijklm"")
    'bcdf\nghjklm'
    >>> remove_vowels('abcdef')
    'bcdf'
    >>> remove_vowels('aaaaa')
    ''
    >>> remove_vowels('aaBAA')
    'B'
    >>> remove_vowels('zbcd')
    'zbcd'
    """"""
    return re.sub(r'[aeiouAEIOU]', '', text)","    return """".join([s for s in text if s.lower() not in [""a"", ""e"", ""i"", ""o"", ""u""]])
",Passed,True,0.0,0.0,0.0,,,,[],True,0.0,0.0,[],True,0.0,0.0,0.0,0.0,0.0,[]
HumanEval,HumanEval/52,"from typing import *
from collections import *

def below_threshold(l: list, t: int) -> bool:
    """"""Return True if all numbers in the list l are below threshold t.""""""
    return all(x < t for x in l)

# Test cases
print(below_threshold([1, 2, 4, 10], 100))  # True
print(below_threshold([1, 20, 4, 10], 5))   # False","    for e in l:
        if e >= t:
            return False
    return True
",Passed,True,0.0,0.0,0.0,,,,[],True,0.0,0.0,[],True,2.0,0.0,0.0,0.0,2.0,"[{'type': 'name_error', 'name': '*', 'line': 1}, {'type': 'name_error', 'name': '*', 'line': 2}]"
HumanEval,HumanEval/53,"def add(x: int, y: int) -> int:
    """"""Add two numbers x and y
    >>> add(2, 3)
    5
    >>> add(5, 7)
    12
    """"""
    return x + y","    return x + y
",Passed,True,0.0,0.0,0.0,,,,[],True,0.0,0.0,[],True,0.0,0.0,0.0,0.0,0.0,[]
HumanEval,HumanEval/54,"from typing import *
from collections import *

def same_chars(s0: str, s1: str) -> bool:
    return set(s0) == set(s1)","    return set(s0) == set(s1)
",Passed,True,0.0,0.0,0.0,,,,[],True,0.0,0.0,[],True,2.0,0.0,0.0,0.0,2.0,"[{'type': 'name_error', 'name': '*', 'line': 1}, {'type': 'name_error', 'name': '*', 'line': 2}]"
HumanEval,HumanEval/55,"from typing import *
from collections import *

def fib(n: int) -> int:
    """"""Return n-th Fibonacci number.
    >>> fib(10)
    55
    >>> fib(1)
    1
    >>> fib(8)
    21
    """"""
    if n <= 1:
        return n
    else:
        a, b = 0, 1
        for _ in range(2, n + 1):
            a, b = b, a + b
        return b","    if n == 0:
        return 0
    if n == 1:
        return 1
    return fib(n - 1) + fib(n - 2)
",Passed,True,0.0,0.0,0.0,,,,[],True,0.0,0.0,[],True,2.0,0.0,0.0,0.0,2.0,"[{'type': 'name_error', 'name': '*', 'line': 1}, {'type': 'name_error', 'name': '*', 'line': 2}]"
HumanEval,HumanEval/56,"from typing import *
from collections import *

def correct_bracketing(brackets: str) -> bool:
    balance = 0
    for char in brackets:
        if char == '<':
            balance += 1
        elif char == '>':
            balance -= 1
        if balance < 0:
            return False
    return balance == 0

# Test cases
print(correct_bracketing(""<""))          # False
print(correct_bracketing(""<>""))         # True
print(correct_bracketing(""<<><>>""))     # True
print(correct_bracketing(""><<>""))       # False","    depth = 0
    for b in brackets:
        if b == ""<"":
            depth += 1
        else:
            depth -= 1
        if depth < 0:
            return False
    return depth == 0
",Passed,True,0.0,0.0,0.0,,,,[],True,0.0,0.0,[],True,2.0,0.0,0.0,0.0,2.0,"[{'type': 'name_error', 'name': '*', 'line': 1}, {'type': 'name_error', 'name': '*', 'line': 2}]"
HumanEval,HumanEval/57,"from typing import *
from collections import *

def monotonic(l: list) -> bool:
    """"""Return True if list elements are monotonically increasing or decreasing.""""""
    return l == sorted(l) or l == sorted(l, reverse=True)","    if l == sorted(l) or l == sorted(l, reverse=True):
        return True
    return False
",Passed,True,0.0,0.0,0.0,,,,[],True,0.0,0.0,[],True,2.0,0.0,0.0,0.0,2.0,"[{'type': 'name_error', 'name': '*', 'line': 1}, {'type': 'name_error', 'name': '*', 'line': 2}]"
HumanEval,HumanEval/58,"from typing import *
from collections import *

def common(l1: list, l2: list) -> list:
    """"""Return sorted unique common elements for two lists.""""""
    return sorted(set(l1) & set(l2))

# Test cases
print(common([1, 4, 3, 34, 653, 2, 5], [5, 7, 1, 5, 9, 653, 121]))  # Output: [1, 5, 653]
print(common([5, 3, 2, 8], [3, 2]))  # Output: [2, 3]","    ret = set()
    for e1 in l1:
        for e2 in l2:
            if e1 == e2:
                ret.add(e1)
    return sorted(list(ret))
",Passed,True,0.0,0.0,0.0,,,,[],True,0.0,0.0,[],True,2.0,0.0,0.0,0.0,2.0,"[{'type': 'name_error', 'name': '*', 'line': 1}, {'type': 'name_error', 'name': '*', 'line': 2}]"
HumanEval,HumanEval/59,"from math import sqrt

def largest_prime_factor(n: int) -> int:
    """"""Return the largest prime factor of n. Assume n > 1 and is not a prime.
    >>> largest_prime_factor(13195)
    29
    >>> largest_prime_factor(2048)
    2
    """"""
    def is_prime(num):
        if num <= 1:
            return False
        for i in range(2, int(sqrt(num)) + 1):
            if num % i == 0:
                return False
        return True

    largest = -1
    # Check for number of 2s that divide n
    while n % 2 == 0:
        largest = 2
        n //= 2

    # n must be odd at this point, so we can skip one element (Note i = i + 2)
    for i in range(3, int(sqrt(n)) + 1, 2):
        # While i divides n, store i and divide n
        while n % i == 0:
            largest = i
            n //= i

    # This condition is to check if n is a prime number greater than 2
    if n > 2:
        largest = n

    return largest","    def is_prime(k):
        if k < 2:
            return False
        for i in range(2, k - 1):
            if k % i == 0:
                return False
        return True
    largest = 1
    for j in range(2, n + 1):
        if n % j == 0 and is_prime(j):
            largest = max(largest, j)
    return largest
",Passed,True,0.0,0.0,0.0,,,,[],True,0.0,2.0,"[{'type': 'missing_return', 'function': 'largest_prime_factor', 'start_line': 3, 'end_line': 35}, {'type': 'missing_return', 'function': 'is_prime', 'start_line': 10, 'end_line': 16}]",True,0.0,0.0,0.0,0.0,0.0,[]
HumanEval,HumanEval/60,"from typing import *
from collections import *

def sum_to_n(n: int) -> int:
    """"""sum_to_n is a function that sums numbers from 1 to n.""""""
    return n * (n + 1) // 2

# Test cases
assert sum_to_n(30) == 465
assert sum_to_n(100) == 5050
assert sum_to_n(5) == 15
assert sum_to_n(10) == 55
assert sum_to_n(1) == 1","    return sum(range(n + 1))
",Passed,True,0.0,0.0,0.0,,,,[],True,0.0,0.0,[],True,2.0,0.0,0.0,0.0,2.0,"[{'type': 'name_error', 'name': '*', 'line': 1}, {'type': 'name_error', 'name': '*', 'line': 2}]"
HumanEval,HumanEval/61,"from typing import *
from collections import *

def correct_bracketing(brackets: str) -> bool:
    balance = 0
    for char in brackets:
        if char == '(':
            balance += 1
        elif char == ')':
            balance -= 1
        if balance < 0:
            return False
    return balance == 0

# Test cases
print(correct_bracketing(""(""))  # False
print(correct_bracketing(""()""))  # True
print(correct_bracketing(""(()())""))  # True
print(correct_bracketing("")(()""))  # False","    depth = 0
    for b in brackets:
        if b == ""("":
            depth += 1
        else:
            depth -= 1
        if depth < 0:
            return False
    return depth == 0
",Passed,True,0.0,0.0,0.0,,,,[],True,0.0,0.0,[],True,2.0,0.0,0.0,0.0,2.0,"[{'type': 'name_error', 'name': '*', 'line': 1}, {'type': 'name_error', 'name': '*', 'line': 2}]"
HumanEval,HumanEval/62,"from typing import *
from collections import *

def derivative(xs: list):
    """""" xs represent coefficients of a polynomial.
    xs[0] + xs[1] * x + xs[2] * x^2 + ....
     Return derivative of this polynomial in the same form.
    >>> derivative([3, 1, 2, 4, 5])
    [1, 4, 12, 20]
    >>> derivative([1, 2, 3])
    [2, 6]
    """"""
    return [i * coeff for i, coeff in enumerate(xs)][1:]

# Test cases
print(derivative([3, 1, 2, 4, 5]))  # Output: [1, 4, 12, 20]
print(derivative([1, 2, 3]))      # Output: [2, 6]","    return [(i * x) for i, x in enumerate(xs)][1:]
",Passed,True,0.0,0.0,0.0,,,,[],True,0.0,0.0,[],True,2.0,0.0,0.0,0.0,2.0,"[{'type': 'name_error', 'name': '*', 'line': 1}, {'type': 'name_error', 'name': '*', 'line': 2}]"
HumanEval,HumanEval/63,"from functools import lru_cache

@lru_cache(maxsize=None)
def fibfib(n: int) -> int:
    """"""The FibFib number sequence is a sequence similar to the Fibbonacci sequnece that's defined as follows:
    fibfib(0) == 0
    fibfib(1) == 0
    fibfib(2) == 1
    fibfib(n) == fibfib(n-1) + fibfib(n-2) + fibfib(n-3).
    Please write a function to efficiently compute the n-th element of the fibfib number sequence.
    >>> fibfib(1)
    0
    >>> fibfib(5)
    4
    >>> fibfib(8)
    24
    """"""
    if n == 0 or n == 1:
        return 0
    elif n == 2:
        return 1
    else:
        return fibfib(n-1) + fibfib(n-2) + fibfib(n-3)

# Test cases
print(fibfib(1))  # Output: 0
print(fibfib(5))  # Output: 4
print(fibfib(8))  # Output: 24","    if n == 0:
        return 0
    if n == 1:
        return 0
    if n == 2:
        return 1
    return fibfib(n - 1) + fibfib(n - 2) + fibfib(n - 3)
",Passed,True,0.0,0.0,0.0,,,,[],True,0.0,0.0,[],True,0.0,0.0,0.0,0.0,0.0,[]
HumanEval,HumanEval/64,"def vowels_count(s):
    """"""Write a function vowels_count which takes a string representing
    a word as input and returns the number of vowels in the string.
    Vowels in this case are 'a', 'e', 'i', 'o', 'u'. Here, 'y' is also a
    vowel, but only when it is at the end of the given word.

    Example:
    >>> vowels_count(""abcde"")
    2
    >>> vowels_count(""ACEDY"")
    3
    """"""
    vowels = ""aeiou""
    count = sum(1 for char in s.lower() if char in vowels)
    if s.endswith('y') or s.endswith('Y'):
        count += 1
    return count

# Test cases
print(vowels_count(""abcde""))  # Output: 2
print(vowels_count(""ACEDY""))  # Output: 3
print(vowels_count(""rhythm""))  # Output: 0
print(vowels_count(""SYZYGY""))  # Output: 1
print(vowels_count(""quickly""))  # Output: 2","    vowels = ""aeiouAEIOU""
    n_vowels = sum(c in vowels for c in s)
    if s[-1] == 'y' or s[-1] == 'Y':
        n_vowels += 1
    return n_vowels
",Passed,True,0.0,0.0,0.0,,,,[],True,0.0,1.0,"[{'type': 'missing_return', 'function': 'vowels_count', 'start_line': 1, 'end_line': 17}]",True,0.0,0.0,0.0,0.0,0.0,[]
HumanEval,HumanEval/65,"def circular_shift(x, shift):
    """"""Circular shift the digits of the integer x, shift the digits right by shift
    and return the result as a string.
    If shift > number of digits, return digits reversed.
    >>> circular_shift(12, 1)
    ""21""
    >>> circular_shift(12, 2)
    ""12""
    """"""
    x_str = str(x)
    n = len(x_str)
    
    if shift >= n:
        # If shift is greater than or equal to the number of digits, reverse the digits
        return x_str[::-1]
    
    # Perform the circular shift
    shifted = x_str[-shift:] + x_str[:-shift]
    return shifted

# Test cases
print(circular_shift(12, 1))  # Output: ""21""
print(circular_shift(12, 2))  # Output: ""12""","    s = str(x)
    if shift > len(s):
        return s[::-1]
    else:
        return s[len(s) - shift:] + s[:len(s) - shift]
",Failed: Logic Hallucination (Assertion Error),True,0.0,0.0,0.0,,,,[],True,0.0,1.0,"[{'type': 'missing_return', 'function': 'circular_shift', 'start_line': 1, 'end_line': 19}]",True,0.0,0.0,0.0,0.0,0.0,[]
HumanEval,HumanEval/66,"def digitSum(s):
    return sum(ord(char) for char in s if char.isupper())

# Test cases
print(digitSum(""""))          # Output: 0
print(digitSum(""abAB""))      # Output: 131
print(digitSum(""abcCd""))     # Output: 67
print(digitSum(""helloE""))    # Output: 69
print(digitSum(""woArBld""))   # Output: 131
print(digitSum(""aAaaaXa""))  # Output: 153","    if s == """": return 0
    return sum(ord(char) if char.isupper() else 0 for char in s)
",Passed,True,0.0,0.0,0.0,,,,[],True,0.0,0.0,[],True,0.0,0.0,0.0,0.0,0.0,[]
HumanEval,HumanEval/67,"import re

def fruit_distribution(s, n):
    # Extract the number of apples and oranges from the string using regular expressions
    match = re.search(r'(\d+) apples and (\d+) oranges', s)
    if not match:
        raise ValueError(""Invalid input format"")
    
    apples, oranges = map(int, match.groups())
    
    # Calculate the number of mangoes
    mangoes = n - (apples + oranges)
    
    return mangoes

# Test cases
print(fruit_distribution(""5 apples and 6 oranges"", 19))  # Output: 8
print(fruit_distribution(""0 apples and 1 oranges"", 3))   # Output: 2
print(fruit_distribution(""2 apples and 3 oranges"", 100)) # Output: 95
print(fruit_distribution(""100 apples and 1 oranges"", 120))# Output: 19","    lis = list()
    for i in s.split(' '):
        if i.isdigit():
            lis.append(int(i))
    return n - sum(lis)
",Passed,True,0.0,0.0,0.0,,,,[],True,0.0,1.0,"[{'type': 'missing_return', 'function': 'fruit_distribution', 'start_line': 3, 'end_line': 14}]",True,0.0,0.0,0.0,0.0,0.0,[]
HumanEval,HumanEval/68,"def pluck(arr):
    if not arr:
        return []
    
    smallest_even = float('inf')
    smallest_index = -1
    
    for i, value in enumerate(arr):
        if value % 2 == 0 and value < smallest_even:
            smallest_even = value
            smallest_index = i
    
    if smallest_index == -1:
        return []
    
    return [smallest_even, smallest_index]

# Test cases
print(pluck([4, 2, 3]))  # Output: [2, 1]
print(pluck([1, 2, 3]))  # Output: [2, 1]
print(pluck([]))          # Output: []
print(pluck([5, 0, 3, 0, 4, 2]))  # Output: [0, 1]","    if(len(arr) == 0): return []
    evens = list(filter(lambda x: x%2 == 0, arr))
    if(evens == []): return []
    return [min(evens), arr.index(min(evens))]
",Passed,True,0.0,0.0,0.0,,,,[],True,0.0,1.0,"[{'type': 'missing_return', 'function': 'pluck', 'start_line': 1, 'end_line': 16}]",True,0.0,0.0,0.0,0.0,0.0,[]
HumanEval,HumanEval/69,"from collections import Counter

def search(lst):
    # Count the frequency of each integer in the list
    freq = Counter(lst)
    
    # Initialize the result to -1 (default if no valid integer is found)
    result = -1
    
    # Iterate over the frequency dictionary
    for num, count in freq.items():
        # Check if the number's frequency is greater than or equal to the number itself
        if count >= num:
            # Update the result with the maximum value found so far
            result = max(result, num)
    
    return result

# Test cases
print(search([4, 1, 2, 2, 3, 1]))  # Output: 2
print(search([1, 2, 2, 3, 3, 3, 4, 4, 4]))  # Output: 3
print(search([5, 5, 4, 4, 4]))  # Output: -1","    frq = [0] * (max(lst) + 1)
    for i in lst:
        frq[i] += 1;

    ans = -1
    for i in range(1, len(frq)):
        if frq[i] >= i:
            ans = i
    
    return ans
",Passed,True,0.0,0.0,0.0,,,,[],True,0.0,0.0,[],True,0.0,0.0,0.0,0.0,0.0,[]
HumanEval,HumanEval/70,"from typing import List

def strange_sort_list(lst: List[int]) -> List[int]:
    sorted_lst = sorted(lst)
    result = []
    while sorted_lst:
        # Append the minimum value
        result.append(sorted_lst.pop(0))
        if sorted_lst:
            # Append the maximum value if there are still elements left
            result.append(sorted_lst.pop())
    return result

# Test cases
print(strange_sort_list([1, 2, 3, 4]))  # Output: [1, 4, 2, 3]
print(strange_sort_list([5, 5, 5, 5]))  # Output: [5, 5, 5, 5]
print(strange_sort_list([]))              # Output: []","    res, switch = [], True
    while lst:
        res.append(min(lst) if switch else max(lst))
        lst.remove(res[-1])
        switch = not switch
    return res
",Passed,True,0.0,0.0,0.0,,,,[],True,0.0,0.0,[],True,0.0,0.0,0.0,0.0,0.0,[]
HumanEval,HumanEval/71,"import math

def triangle_area(a, b, c):
    '''
    Given the lengths of the three sides of a triangle. Return the area of
    the triangle rounded to 2 decimal points if the three sides form a valid triangle. 
    Otherwise return -1
    Three sides make a valid triangle when the sum of any two sides is greater 
    than the third side.
    Example:
    triangle_area(3, 4, 5) == 6.00
    triangle_area(1, 2, 10) == -1
    '''
    # Check if the sides form a valid triangle
    if a + b <= c or a + c <= b or b + c <= a:
        return -1
    
    # Calculate the semi-perimeter
    s = (a + b + c) / 2
    
    # Calculate the area using Heron's formula
    area = math.sqrt(s * (s - a) * (s - b) * (s - c))
    
    # Round the area to 2 decimal points
    return round(area, 2)

# Test cases
print(triangle_area(3, 4, 5))  # Output: 6.00
print(triangle_area(1, 2, 10)) # Output: -1","    if a + b <= c or a + c <= b or b + c <= a:
        return -1 
    s = (a + b + c)/2    
    area = (s * (s - a) * (s - b) * (s - c)) ** 0.5
    area = round(area, 2)
    return area
",Passed,True,0.0,0.0,0.0,,,,[],True,0.0,1.0,"[{'type': 'missing_return', 'function': 'triangle_area', 'start_line': 3, 'end_line': 25}]",True,0.0,0.0,0.0,0.0,0.0,[]
HumanEval,HumanEval/72,"def will_it_fly(q, w):
    # Check if the list is a palindrome
    if q != q[::-1]:
        return False
    
    # Calculate the sum of the elements in the list
    total_weight = sum(q)
    
    # Check if the sum is less than or equal to the maximum possible weight
    if total_weight <= w:
        return True
    else:
        return False

# Test cases
print(will_it_fly([1, 2], 5))  # ➞ False
print(will_it_fly([3, 2, 3], 1))  # ➞ False
print(will_it_fly([3, 2, 3], 9))  # ➞ True
print(will_it_fly([3], 5))  # ➞ True","    if sum(q) > w:
        return False

    i, j = 0, len(q)-1
    while i<j:
        if q[i] != q[j]:
            return False
        i+=1
        j-=1
    return True
",Passed,True,0.0,0.0,0.0,,,,[],True,0.0,1.0,"[{'type': 'missing_return', 'function': 'will_it_fly', 'start_line': 1, 'end_line': 13}]",True,0.0,0.0,0.0,0.0,0.0,[]
HumanEval,HumanEval/73,"from typing import List

def smallest_change(arr: List[int]) -> int:
    n = len(arr)
    changes = 0
    for i in range(n // 2):
        if arr[i] != arr[n - i - 1]:
            changes += 1
    return changes

# Test cases
print(smallest_change([1, 2, 3, 5, 4, 7, 9, 6]))  # Output: 4
print(smallest_change([1, 2, 3, 4, 3, 2, 2]))  # Output: 1
print(smallest_change([1, 2, 3, 2, 1]))  # Output: 0","    ans = 0
    for i in range(len(arr) // 2):
        if arr[i] != arr[len(arr) - i - 1]:
            ans += 1
    return ans
",Passed,True,0.0,0.0,0.0,,,,[],True,0.0,0.0,[],True,0.0,0.0,0.0,0.0,0.0,[]
HumanEval,HumanEval/74,"def total_match(lst1, lst2):
    # Calculate the total number of characters in each list
    total_chars_lst1 = sum(len(s) for s in lst1)
    total_chars_lst2 = sum(len(s) for s in lst2)
    
    # Compare the total number of characters and return the appropriate list
    if total_chars_lst1 < total_chars_lst2:
        return lst1
    elif total_chars_lst1 > total_chars_lst2:
        return lst2
    else:
        return lst1

# Test cases
print(total_match([], []))  # ➞ []
print(total_match(['hi', 'admin'], ['hI', 'Hi']))  # ➞ ['hI', 'Hi']
print(total_match(['hi', 'admin'], ['hi', 'hi', 'admin', 'project']))  # ➞ ['hi', 'admin']
print(total_match(['hi', 'admin'], ['hI', 'hi', 'hi']))  # ➞ ['hI', 'hi', 'hi']
print(total_match(['4'], ['1', '2', '3', '4', '5']))  # ➞ ['4']","    l1 = 0
    for st in lst1:
        l1 += len(st)
    
    l2 = 0
    for st in lst2:
        l2 += len(st)
    
    if l1 <= l2:
        return lst1
    else:
        return lst2
",Passed,True,0.0,0.0,0.0,,,,[],True,0.0,0.0,[],True,0.0,0.0,0.0,0.0,0.0,[]
HumanEval,HumanEval/75,"from sympy import isprime

def is_multiply_prime(a):
    """"""Write a function that returns true if the given number is the multiplication of 3 prime numbers
    and false otherwise.
    Knowing that (a) is less then 100. 
    Example:
    is_multiply_prime(30) == True
    30 = 2 * 3 * 5
    """"""
    if a < 2:
        return False
    
    prime_factors = []
    
    for i in range(2, int(a**0.5) + 1):
        while a % i == 0 and isprime(i):
            prime_factors.append(i)
            a //= i
    
    if a > 1 and isprime(a):
        prime_factors.append(a)
    
    return len(prime_factors) == 3

# Test cases
print(is_multiply_prime(30))  # True
print(is_multiply_prime(60))  # True
print(is_multiply_prime(77))  # True
print(is_multiply_prime(84))  # True
print(is_multiply_prime(91))  # True
print(is_multiply_prime(100)) # False","    def is_prime(n):
        for j in range(2,n):
            if n%j == 0:
                return False
        return True

    for i in range(2,101):
        if not is_prime(i): continue
        for j in range(2,101):
            if not is_prime(j): continue
            for k in range(2,101):
                if not is_prime(k): continue
                if i*j*k == a: return True
    return False
",Passed,True,0.0,0.0,0.0,,,,[],True,0.0,1.0,"[{'type': 'missing_return', 'function': 'is_multiply_prime', 'start_line': 3, 'end_line': 24}]",True,0.0,0.0,0.0,0.0,0.0,[]
HumanEval,HumanEval/76,"import math

def is_simple_power(x, n):
    if x == 1:
        return True
    if n <= 1 or x % n != 0:
        return False
    log_val = math.log(x, n)
    return log_val.is_integer()

# Test cases
print(is_simple_power(1, 4))  # True
print(is_simple_power(2, 2))  # True
print(is_simple_power(8, 2))  # True
print(is_simple_power(3, 2))  # False
print(is_simple_power(3, 1))  # False
print(is_simple_power(5, 3))  # False","    if (n == 1): 
        return (x == 1) 
    power = 1
    while (power < x): 
        power = power * n 
    return (power == x) 
",Passed,True,0.0,0.0,0.0,,,,[],True,0.0,1.0,"[{'type': 'missing_return', 'function': 'is_simple_power', 'start_line': 3, 'end_line': 9}]",True,0.0,0.0,0.0,0.0,0.0,[]
HumanEval,HumanEval/77,"import math

def iscube(a):
    '''
    Write a function that takes an integer a and returns True 
    if this ingeger is a cube of some integer number.
    Note: you may assume the input is always valid.
    Examples:
    iscube(1) ==> True
    iscube(2) ==> False
    iscube(-1) ==> True
    iscube(64) ==> True
    iscube(0) ==> True
    iscube(180) ==> False
    '''
    if a == 0:
        return True
    root = round(a ** (1/3))
    return root ** 3 == a

# Test cases
print(iscube(1))   # True
print(iscube(2))   # False
print(iscube(-1))  # True
print(iscube(64))  # True
print(iscube(0))   # True
print(iscube(180)) # False","    a = abs(a)
    return int(round(a ** (1. / 3))) ** 3 == a
",Failed: TypeError: type complex doesn't define __round__ method,True,0.0,0.0,0.0,,,,[],True,0.0,1.0,"[{'type': 'missing_return', 'function': 'iscube', 'start_line': 3, 'end_line': 19}]",True,0.0,0.0,0.0,0.0,0.0,[]
HumanEval,HumanEval/78,"def hex_key(num):
    # Define the set of prime hexadecimal digits
    prime_hex_digits = {'2', '3', '5', '7', 'B', 'D'}
    
    # Count the number of prime hexadecimal digits in the input string
    count = sum(1 for digit in num if digit in prime_hex_digits)
    
    return count

# Test cases
print(hex_key(""AB""))          # Output: 1
print(hex_key(""1077E""))      # Output: 2
print(hex_key(""ABED1A33""))  # Output: 4
print(hex_key(""123456789ABCDEF0""))  # Output: 6
print(hex_key(""2020""))        # Output: 2","    primes = ('2', '3', '5', '7', 'B', 'D')
    total = 0
    for i in range(0, len(num)):
        if num[i] in primes:
            total += 1
    return total
",Passed,True,0.0,0.0,0.0,,,,[],True,0.0,0.0,[],True,0.0,0.0,0.0,0.0,0.0,[]
HumanEval,HumanEval/79,"def decimal_to_binary(decimal):
    """"""You will be given a number in decimal form and your task is to convert it to
    binary format. The function should return a string, with each character representing a binary
    number. Each character in the string will be '0' or '1'.

    There will be an extra couple of characters 'db' at the beginning and at the end of the string.
    The extra characters are there to help with the format.

    Examples:
    decimal_to_binary(15)   # returns ""db1111db""
    decimal_to_binary(32)   # returns ""db100000db""
    """"""
    if decimal == 0:
        return ""db0db""
    
    binary_str = """"
    while decimal > 0:
        remainder = decimal % 2
        binary_str = str(remainder) + binary_str
        decimal = decimal // 2
    
    return ""db"" + binary_str + ""db""

# Test cases
print(decimal_to_binary(15))   # Output: ""db1111db""
print(decimal_to_binary(32))   # Output: ""db100000db""","    return ""db"" + bin(decimal)[2:] + ""db""
",Passed,True,0.0,0.0,0.0,,,,[],True,0.0,1.0,"[{'type': 'missing_return', 'function': 'decimal_to_binary', 'start_line': 1, 'end_line': 22}]",True,0.0,0.0,0.0,0.0,0.0,[]
HumanEval,HumanEval/80,"def is_happy(s):
    """"""You are given a string s.
    Your task is to check if the string is happy or not.
    A string is happy if its length is at least 3 and every 3 consecutive letters are distinct
    For example:
    is_happy(a) => False
    is_happy(aa) => False
    is_happy(abcd) => True
    is_happy(aabb) => False
    is_happy(adb) => True
    is_happy(xyy) => False
    """"""
    if len(s) < 3:
        return False
    
    for i in range(len(s) - 2):
        if s[i] == s[i + 1] or s[i] == s[i + 2] or s[i + 1] == s[i + 2]:
            return False
    
    return True","    if len(s) < 3:
      return False

    for i in range(len(s) - 2):
      
      if s[i] == s[i+1] or s[i+1] == s[i+2] or s[i] == s[i+2]:
        return False
    return True
",Passed,True,0.0,0.0,0.0,,,,[],True,0.0,1.0,"[{'type': 'missing_return', 'function': 'is_happy', 'start_line': 1, 'end_line': 20}]",True,0.0,0.0,0.0,0.0,0.0,[]
HumanEval,HumanEval/81,"def numerical_letter_grade(grades):
    def convert_gpa_to_letter(gpa):
        if gpa == 4.0:
            return 'A+'
        elif gpa > 3.7:
            return 'A'
        elif gpa > 3.3:
            return 'A-'
        elif gpa > 3.0:
            return 'B+'
        elif gpa > 2.7:
            return 'B'
        elif gpa > 2.3:
            return 'B-'
        elif gpa > 2.0:
            return 'C+'
        elif gpa > 1.7:
            return 'C'
        elif gpa > 1.3:
            return 'C-'
        elif gpa > 1.0:
            return 'D+'
        elif gpa > 0.7:
            return 'D'
        elif gpa > 0.0:
            return 'D-'
        else:
            return 'E'

    return [convert_gpa_to_letter(gpa) for gpa in grades]

# Example usage:
print(numerical_letter_grade([4.0, 3, 1.7, 2, 3.5]))  # Output: ['A+', 'B', 'C-', 'C', 'A-']","
   
    letter_grade = []
    for gpa in grades:
        if gpa == 4.0:
            letter_grade.append(""A+"")
        elif gpa > 3.7:
            letter_grade.append(""A"")
        elif gpa > 3.3:
            letter_grade.append(""A-"")
        elif gpa > 3.0:
            letter_grade.append(""B+"")
        elif gpa > 2.7:
            letter_grade.append(""B"")
        elif gpa > 2.3:
            letter_grade.append(""B-"")
        elif gpa > 2.0:
            letter_grade.append(""C+"")
        elif gpa > 1.7:
            letter_grade.append(""C"")
        elif gpa > 1.3:
            letter_grade.append(""C-"")
        elif gpa > 1.0:
            letter_grade.append(""D+"")
        elif gpa > 0.7:
            letter_grade.append(""D"")
        elif gpa > 0.0:
            letter_grade.append(""D-"")
        else:
            letter_grade.append(""E"")
    return letter_grade
",Passed,True,0.0,0.0,0.0,,,,[],True,0.0,0.0,[],True,0.0,0.0,0.0,0.0,0.0,[]
HumanEval,HumanEval/82,"def prime_length(string):
    def is_prime(n):
        if n <= 1:
            return False
        if n <= 3:
            return True
        if n % 2 == 0 or n % 3 == 0:
            return False
        i = 5
        while i * i <= n:
            if n % i == 0 or n % (i + 2) == 0:
                return False
            i += 6
        return True

    return is_prime(len(string))

# Test cases
print(prime_length('Hello'))      # True
print(prime_length('abcdcba'))   # True
print(prime_length('kittens'))  # True
print(prime_length('orange'))    # False","    l = len(string)
    if l == 0 or l == 1:
        return False
    for i in range(2, l):
        if l % i == 0:
            return False
    return True
",Passed,True,0.0,0.0,0.0,,,,[],True,0.0,1.0,"[{'type': 'missing_return', 'function': 'is_prime', 'start_line': 2, 'end_line': 14}]",True,0.0,0.0,0.0,0.0,0.0,[]
HumanEval,HumanEval/83,"def starts_one_ends(n):
    if n == 1:
        return 1  # Only '1' itself starts and ends with 1
    else:
        # For n > 1, calculate the count
        # There are 9 options for the first digit (2-9) and 10^(n-2) options for the middle digits
        # There are 10 options for the last digit (0-9)
        # However, we need to subtract the overlap where both start and end with 1
        return 2 * (9 * 10**(n-2)) - 10**(n-2)

# Test cases
print(starts_one_ends(1))  # Output: 1
print(starts_one_ends(2))  # Output: 18
print(starts_one_ends(3))  # Output: 180","    if n == 1: return 1
    return 18 * (10 ** (n - 2))
",Failed: Logic Hallucination (Assertion Error),True,0.0,0.0,0.0,,,,[],True,0.0,0.0,[],True,0.0,0.0,0.0,0.0,0.0,[]
HumanEval,HumanEval/84,"def solve(N):
    # Convert the number to a string to iterate over each digit
    digits = str(N)
    # Calculate the sum of the digits
    digit_sum = sum(int(digit) for digit in digits)
    # Convert the sum to a binary string and return it
    return bin(digit_sum)[2:]

# Test cases
print(solve(1000))  # Output: ""1""
print(solve(150))   # Output: ""110""
print(solve(147))   # Output: ""1100""","    return bin(sum(int(i) for i in str(N)))[2:]
",Passed,True,0.0,0.0,0.0,,,,[],True,0.0,0.0,[],True,0.0,0.0,0.0,0.0,0.0,[]
HumanEval,HumanEval/85,"def add(lst):
    """"""Given a non-empty list of integers lst. add the even elements that are at odd indices.""""""
    return sum(x for i, x in enumerate(lst) if i % 2 == 1 and x % 2 == 0)

# Test the function
print(add([4, 2, 6, 7]))  # Output: 2","    return sum([lst[i] for i in range(1, len(lst), 2) if lst[i]%2 == 0])
",Passed,True,0.0,0.0,0.0,,,,[],True,0.0,0.0,[],True,0.0,0.0,0.0,0.0,0.0,[]
HumanEval,HumanEval/86,"def anti_shuffle(s):
    def sort_word(word):
        return ''.join(sorted(word))
    
    # Split the string into words and spaces
    words = s.split()
    
    # Sort each word and join them back with spaces
    sorted_words = [sort_word(word) for word in words]
    
    # Join the sorted words back into a single string
    return ' '.join(sorted_words)

# Test cases
print(anti_shuffle('Hi'))  # Output: 'Hi'
print(anti_shuffle('hello'))  # Output: 'ehllo'
print(anti_shuffle('Hello World!!!'))  # Output: 'Hello !!!Wdlor'","    return ' '.join([''.join(sorted(list(i))) for i in s.split(' ')])
",Passed,True,0.0,0.0,0.0,,,,[],True,0.0,0.0,[],True,0.0,0.0,0.0,0.0,0.0,[]
HumanEval,HumanEval/87,"from typing import List, Tuple

def get_row(lst: List[List[int]], x: int) -> List[Tuple[int, int]]:
    # Find all occurrences of x in the list
    coordinates = [(i, j) for i, row in enumerate(lst) for j, value in enumerate(row) if value == x]
    
    # Sort coordinates by row in ascending order and then by column in descending order within each row
    sorted_coordinates = sorted(coordinates, key=lambda coord: (coord[0], -coord[1]))
    
    return sorted_coordinates

# Test cases
print(get_row([
  [1,2,3,4,5,6],
  [1,2,3,4,1,6],
  [1,2,3,4,5,1]
], 1))  # Output: [(0, 0), (1, 4), (1, 0), (2, 5), (2, 0)]

print(get_row([], 1))  # Output: []

print(get_row([[], [1], [1, 2, 3]], 3))  # Output: [(2, 2)]","    coords = [(i, j) for i in range(len(lst)) for j in range(len(lst[i])) if lst[i][j] == x]
    return sorted(sorted(coords, key=lambda x: x[1], reverse=True), key=lambda x: x[0])
",Passed,True,0.0,0.0,0.0,,,,[],True,0.0,0.0,[],True,0.0,0.0,0.0,0.0,0.0,[]
HumanEval,HumanEval/88,"def sort_array(array):
    """"""
    Given an array of non-negative integers, return a copy of the given array after sorting,
    you will sort the given array in ascending order if the sum( first index value, last index value) is odd,
    or sort it in descending order if the sum( first index value, last index value) is even.

    Note:
    * don't change the given array.

    Examples:
    * sort_array([]) => []
    * sort_array([5]) => [5]
    * sort_array([2, 4, 3, 0, 1, 5]) => [0, 1, 2, 3, 4, 5]
    * sort_array([2, 4, 3, 0, 1, 5, 6]) => [6, 5, 4, 3, 2, 1, 0]
    """"""
    if not array:
        return []
    
    sorted_array = array[:]
    if (sorted_array[0] + sorted_array[-1]) % 2 == 0:
        sorted_array.sort(reverse=True)
    else:
        sorted_array.sort()
    
    return sorted_array

# Test cases
print(sort_array([]))          # []
print(sort_array([5]))         # [5]
print(sort_array([2, 4, 3, 0, 1, 5]))  # [0, 1, 2, 3, 4, 5]
print(sort_array([2, 4, 3, 0, 1, 5, 6]))  # [6, 5, 4, 3, 2, 1, 0]","    return [] if len(array) == 0 else sorted(array, reverse= (array[0]+array[-1]) % 2 == 0) 
",Passed,True,0.0,0.0,0.0,,,,[],True,0.0,1.0,"[{'type': 'missing_return', 'function': 'sort_array', 'start_line': 1, 'end_line': 25}]",True,0.0,0.0,0.0,0.0,0.0,[]
HumanEval,HumanEval/89,"def encrypt(s):
    def rotate_char(c):
        if c.isalpha():
            start = ord('a') if c.islower() else ord('A')
            return chr((ord(c) - start + 2 * 2) % 26 + start)
        return c

    return ''.join(rotate_char(c) for c in s)

# Test cases
print(encrypt('hi'))        # Output: 'lm'
print(encrypt('asdfghjkl'))  # Output: 'ewhjklnop'
print(encrypt('gf'))        # Output: 'kj'
print(encrypt('et'))        # Output: 'ix'","    d = 'abcdefghijklmnopqrstuvwxyz'
    out = ''
    for c in s:
        if c in d:
            out += d[(d.index(c)+2*2) % 26]
        else:
            out += c
    return out
",Passed,True,0.0,0.0,0.0,,,,[],True,0.0,1.0,"[{'type': 'missing_return', 'function': 'rotate_char', 'start_line': 2, 'end_line': 6}]",True,0.0,0.0,0.0,0.0,0.0,[]
HumanEval,HumanEval/90,"def next_smallest(lst):
    """"""
    You are given a list of integers.
    Write a function next_smallest() that returns the 2nd smallest element of the list.
    Return None if there is no such element.
    
    next_smallest([1, 2, 3, 4, 5]) == 2
    next_smallest([5, 1, 4, 3, 2]) == 2
    next_smallest([]) == None
    next_smallest([1, 1]) == None
    """"""
    if len(lst) < 2:
        return None
    
    # Use a set to remove duplicates and then sort the list
    unique_sorted_lst = sorted(set(lst))
    
    # Check if there are at least two unique elements
    if len(unique_sorted_lst) < 2:
        return None
    
    # Return the second smallest element
    return unique_sorted_lst[1]","    lst = sorted(set(lst))
    return None if len(lst) < 2 else lst[1]
",Passed,True,0.0,0.0,0.0,,,,[],True,0.0,1.0,"[{'type': 'missing_return', 'function': 'next_smallest', 'start_line': 1, 'end_line': 23}]",True,0.0,0.0,0.0,0.0,0.0,[]
HumanEval,HumanEval/91,"def is_bored(S):
    """"""
    You'll be given a string of words, and your task is to count the number
    of boredoms. A boredom is a sentence that starts with the word ""I"".
    Sentences are delimited by '.', '?' or '!'.
   
    For example:
    >>> is_bored(""Hello world"")
    0
    >>> is_bored(""The sky is blue. The sun is shining. I love this weather"")
    1
    """"""
    # Split the string into sentences based on '.', '?', or '!'
    sentences = S.split('. ')
    sentences.extend(S.split('? '))
    sentences.extend(S.split('! '))
    
    # Count the number of sentences that start with ""I""
    boredom_count = sum(1 for sentence in sentences if sentence.startswith(""I ""))
    
    return boredom_count

# Test cases
print(is_bored(""Hello world""))  # Output: 0
print(is_bored(""The sky is blue. The sun is shining. I love this weather""))  # Output: 1","    import re
    sentences = re.split(r'[.?!]\s*', S)
    return sum(sentence[0:2] == 'I ' for sentence in sentences)
",Failed: Logic Hallucination (Assertion Error),True,0.0,0.0,0.0,,,,[],True,0.0,0.0,[],True,0.0,0.0,0.0,0.0,0.0,[]
HumanEval,HumanEval/92,"def any_int(x, y, z):
    # Check if all numbers are integers
    if not all(isinstance(i, int) for i in [x, y, z]):
        return False
    
    # Check if any number is equal to the sum of the other two
    return x == y + z or y == x + z or z == x + y

# Test cases
print(any_int(5, 2, 7))  # ➞ True
print(any_int(3, 2, 2))  # ➞ False
print(any_int(3, -2, 1)) # ➞ True
print(any_int(3.6, -2.2, 2)) # ➞ False","    
    if isinstance(x,int) and isinstance(y,int) and isinstance(z,int):
        if (x+y==z) or (x+z==y) or (y+z==x):
            return True
        return False
    return False
",Passed,True,0.0,0.0,0.0,,,,[],True,0.0,1.0,"[{'type': 'missing_return', 'function': 'any_int', 'start_line': 1, 'end_line': 7}]",True,0.0,0.0,0.0,0.0,0.0,[]
HumanEval,HumanEval/93,"def encode(message):
    def shift_vowel(vowel):
        vowels = ""aeiouAEIOU""
        index = vowels.index(vowel)
        return vowels[(index + 2) % len(vowels)]

    encoded_message = """"
    for char in message:
        if char.isalpha():
            if char.islower():
                new_char = char.upper()
            else:
                new_char = char.lower()
            
            if new_char in ""aeiouAEIOU"":
                new_char = shift_vowel(new_char)
        
            encoded_message += new_char
        else:
            encoded_message += char

    return encoded_message

# Test cases
print(encode('test'))  # Output: 'TGST'
print(encode('This is a message'))  # Output: 'tHKS KS C MGSSCGG'","    vowels = ""aeiouAEIOU""
    vowels_replace = dict([(i, chr(ord(i) + 2)) for i in vowels])
    message = message.swapcase()
    return ''.join([vowels_replace[i] if i in vowels else i for i in message])
",Failed: Logic Hallucination (Assertion Error),True,0.0,0.0,0.0,,,,[],True,0.0,0.0,[],True,0.0,0.0,0.0,0.0,0.0,[]
HumanEval,HumanEval/94,"from sympy import isprime

def skjkasdkd(lst):
    # Find the largest prime number in the list
    largest_prime = max(filter(isprime, lst))
    
    # Calculate the sum of the digits of the largest prime number
    digit_sum = sum(int(digit) for digit in str(largest_prime))
    
    return digit_sum

# Test cases
print(skjkasdkd([0,3,2,1,3,5,7,4,5,5,5,2,181,32,4,32,3,2,32,324,4,3]))  # Output: 10
print(skjkasdkd([1,0,1,8,2,4597,2,1,3,40,1,2,1,2,4,2,5,1]))  # Output: 25
print(skjkasdkd([1,3,1,32,5107,34,83278,109,163,23,2323,32,30,1,9,3]))  # Output: 13
print(skjkasdkd([0,724,32,71,99,32,6,0,5,91,83,0,5,6]))  # Output: 11
print(skjkasdkd([0,81,12,3,1,21]))  # Output: 3
print(skjkasdkd([0,8,1,2,1,7]))  # Output: 7","    def isPrime(n):
        for i in range(2,int(n**0.5)+1):
            if n%i==0:
                return False

        return True
    maxx = 0
    i = 0
    while i < len(lst):
        if(lst[i] > maxx and isPrime(lst[i])):
            maxx = lst[i]
        i+=1
    result = sum(int(digit) for digit in str(maxx))
    return result

",Passed,True,0.0,0.0,0.0,,,,[],True,0.0,0.0,[],True,0.0,0.0,0.0,0.0,0.0,[]
HumanEval,HumanEval/95,"def check_dict_case(dict):
    if not dict:
        return False
    
    all_lower = all(key.islower() for key in dict)
    all_upper = all(key.isupper() for key in dict)
    
    return all_lower or all_upper

# Test cases
print(check_dict_case({""a"":""apple"", ""b"":""banana""}))  # True
print(check_dict_case({""a"":""apple"", ""A"":""banana"", ""B"":""banana""}))  # False
print(check_dict_case({""a"":""apple"", 8:""banana"", ""a"":""apple""}))  # False
print(check_dict_case({""Name"":""John"", ""Age"":""36"", ""City"":""Houston""}))  # False
print(check_dict_case({""STATE"":""NC"", ""ZIP"":""12345""}))  # True","    if len(dict.keys()) == 0:
        return False
    else:
        state = ""start""
        for key in dict.keys():

            if isinstance(key, str) == False:
                state = ""mixed""
                break
            if state == ""start"":
                if key.isupper():
                    state = ""upper""
                elif key.islower():
                    state = ""lower""
                else:
                    break
            elif (state == ""upper"" and not key.isupper()) or (state == ""lower"" and not key.islower()):
                    state = ""mixed""
                    break
            else:
                break
        return state == ""upper"" or state == ""lower"" 
",Failed: AttributeError: 'int' object has no attribute 'islower',True,0.0,0.0,0.0,,,,[],True,0.0,1.0,"[{'type': 'missing_return', 'function': 'check_dict_case', 'start_line': 1, 'end_line': 8}]",True,0.0,0.0,0.0,0.0,0.0,[]
HumanEval,HumanEval/96,"def count_up_to(n):
    def is_prime(num):
        if num <= 1:
            return False
        for i in range(2, int(num**0.5) + 1):
            if num % i == 0:
                return False
        return True

    primes = []
    for i in range(2, n):
        if is_prime(i):
            primes.append(i)
    return primes

# Test cases
print(count_up_to(5))  # Output: [2, 3]
print(count_up_to(11)) # Output: [2, 3, 5, 7]
print(count_up_to(0))  # Output: []
print(count_up_to(20)) # Output: [2, 3, 5, 7, 11, 13, 17, 19]
print(count_up_to(1))  # Output: []
print(count_up_to(18)) # Output: [2, 3, 5, 7, 11, 13, 17]","    primes = []
    for i in range(2, n):
        is_prime = True
        for j in range(2, i):
            if i % j == 0:
                is_prime = False
                break
        if is_prime:
            primes.append(i)
    return primes

",Passed,True,0.0,0.0,0.0,,,,[],True,0.0,1.0,"[{'type': 'missing_return', 'function': 'is_prime', 'start_line': 2, 'end_line': 8}]",True,0.0,0.0,0.0,0.0,0.0,[]
HumanEval,HumanEval/97,"def multiply(a, b):
    """"""Complete the function that takes two integers and returns 
    the product of their unit digits.
    Assume the input is always valid.
    Examples:
    multiply(148, 412) should return 16.
    multiply(19, 28) should return 72.
    multiply(2020, 1851) should return 0.
    multiply(14,-15) should return 20.
    """"""
    # Get the unit digit of each number
    unit_digit_a = abs(a) % 10
    unit_digit_b = abs(b) % 10
    
    # Return the product of the unit digits
    return unit_digit_a * unit_digit_b

# Test cases
print(multiply(148, 412))  # Output: 16
print(multiply(19, 28))   # Output: 72
print(multiply(2020, 1851)) # Output: 0
print(multiply(14, -15))  # Output: 20","    return abs(a % 10) * abs(b % 10)
",Passed,True,0.0,0.0,0.0,,,,[],True,0.0,0.0,[],True,0.0,0.0,0.0,0.0,0.0,[]
HumanEval,HumanEval/98,"def count_upper(s):
    """"""
    Given a string s, count the number of uppercase vowels in even indices.
    
    For example:
    count_upper('aBCdEf') returns 1
    count_upper('abcdefg') returns 0
    count_upper('dBBE') returns 0
    """"""
    count = 0
    for i in range(0, len(s), 2):  # Iterate over even indices
        if s[i] in 'AEIOU':
            count += 1
    return count

# Test cases
print(count_upper('aBCdEf'))  # Output: 1
print(count_upper('abcdefg'))  # Output: 0
print(count_upper('dBBE'))   # Output: 0","    count = 0
    for i in range(0,len(s),2):
        if s[i] in ""AEIOU"":
            count += 1
    return count
",Passed,True,0.0,0.0,0.0,,,,[],True,0.0,0.0,[],True,0.0,0.0,0.0,0.0,0.0,[]
HumanEval,HumanEval/99,"import math

def closest_integer(value):
    # Convert the string to a float
    num = float(value)
    
    # Check if the number is positive or negative
    if num > 0:
        # Use math.ceil for positive numbers
        return math.ceil(num - 0.5)
    else:
        # Use math.floor for negative numbers
        return math.floor(num + 0.5)

# Test cases
print(closest_integer(""10""))      # Output: 10
print(closest_integer(""15.3""))     # Output: 15
print(closest_integer(""14.5""))     # Output: 15
print(closest_integer(""-14.5""))    # Output: -15
print(closest_integer(""0.5""))      # Output: 1
print(closest_integer(""-0.5""))     # Output: -1","    from math import floor, ceil

    if value.count('.') == 1:
        # remove trailing zeros
        while (value[-1] == '0'):
            value = value[:-1]

    num = float(value)
    if value[-2:] == '.5':
        if num > 0:
            res = ceil(num)
        else:
            res = floor(num)
    elif len(value) > 0:
        res = int(round(num))
    else:
        res = 0

    return res

",Failed: Logic Hallucination (Assertion Error),True,0.0,0.0,0.0,,,,[],True,0.0,0.0,[],True,0.0,0.0,0.0,0.0,0.0,[]
MBPP,602,"def first_repeated_char(str1):
    seen = set()
    for char in str1:
        if char in seen:
            return char
        seen.add(char)
    return None

# Example usage:
print(first_repeated_char(""programming""))  # Output: 'r'
print(first_repeated_char(""abcdefg""))     # Output: None","def first_repeated_char(str1):
  for index,c in enumerate(str1):
    if str1[:index+1].count(c) > 1:
      return c",Passed,,,,,,,,,,,,,,,,,,,
MBPP,603,"def get_ludic(n):
    # Initialize the list of ludic numbers
    ludic = [2]
    
    # Start with the first number greater than 2
    candidate = 3
    
    while True:
        # Check if the candidate is less than or equal to n
        if candidate > n:
            break
        
        # Check if the candidate is not divisible by any number in the ludic list
        for num in ludic:
            if candidate % num == 0:
                break
        else:
            # If it's not divisible, add it to the ludic list
            ludic.append(candidate)
        
        # Move to the next candidate
        candidate += 1
    
    return ludic

# Example usage:
print(get_ludic(50))  # Output: [2, 3, 5, 7, 11, 13, 17, 19, 23, 29, 31, 37, 41, 43, 47]","def get_ludic(n):
	ludics = []
	for i in range(1, n + 1):
		ludics.append(i)
	index = 1
	while(index != len(ludics)):
		first_ludic = ludics[index]
		remove_index = index + first_ludic
		while(remove_index < len(ludics)):
			ludics.remove(ludics[remove_index])
			remove_index = remove_index + first_ludic - 1
		index += 1
	return ludics",Passed,,,,,,,,,,,,,,,,,,,
MBPP,604,"def reverse_words(s):
    # Split the string into words
    words = s.split()
    # Reverse each word and join them back with spaces
    reversed_words = ' '.join(word[::-1] for word in words)
    return reversed_words

# Example usage:
input_string = ""Hello World""
output_string = reverse_words(input_string)
print(output_string)  # Output: ""olleH dlroW""","def reverse_words(s):
        return ' '.join(reversed(s.split()))",Passed,,,,,,,,,,,,,,,,,,,
MBPP,605,"def prime_num(num):
    if num <= 1:
        return False
    if num <= 3:
        return True
    if num % 2 == 0 or num % 3 == 0:
        return False
    i = 5
    while i * i <= num:
        if num % i == 0 or num % (i + 2) == 0:
            return False
        i += 6
    return True","def prime_num(num):
  if num >=1:
   for i in range(2, num//2):
     if (num % i) == 0:
                return False
     else:
                return True
  else:
          return False",Passed,,,,,,,,,,,,,,,,,,,
MBPP,606,"import math

def radian_degree(degree):
    return degree * (math.pi / 180)","import math
def radian_degree(degree):
 radian = degree*(math.pi/180)
 return radian",Passed,,,,,,,,,,,,,,,,,,,
MBPP,607,"import re

def find_literals(text, pattern):
    match = re.search(pattern, text)
    if match:
        return match.group(), match.start(), match.end()
    else:
        return None, None, None

# Example usage:
text = ""Hello, world! This is a test.""
pattern = ""test""
result = find_literals(text, pattern)
print(result)  # Output: ('test', 21, 25)","import re

def find_literals(text, pattern):
  match = re.search(pattern, text)
  s = match.start()
  e = match.end()
  return (match.re.pattern, s, e)",Passed,,,,,,,,,,,,,,,,,,,
MBPP,608,"def bell_Number(n):
    # Base case: the first Bell number is 1
    if n == 0:
        return 1
    
    # Initialize the Bell triangle
    bell_triangle = [[0] * (n + 1) for _ in range(n + 1)]
    bell_triangle[0][0] = 1
    
    # Fill the Bell triangle
    for i in range(1, n + 1):
        bell_triangle[i][0] = bell_triangle[i - 1][i - 1]
        for j in range(1, i + 1):
            bell_triangle[i][j] = bell_triangle[i - 1][j - 1] + bell_triangle[i][j - 1]
    
    # The nth Bell number is the last element in the last row of the Bell triangle
    return bell_triangle[n][n]

# Example usage:
print(bell_Number(5))  # Output: 153","def bell_Number(n): 
    bell = [[0 for i in range(n+1)] for j in range(n+1)] 
    bell[0][0] = 1
    for i in range(1, n+1):
        bell[i][0] = bell[i-1][i-1]
        for j in range(1, i+1): 
            bell[i][j] = bell[i-1][j-1] + bell[i][j-1] 
    return bell[n][0] ",Passed,,,,,,,,,,,,,,,,,,,
MBPP,610,"def remove_kth_element(list1, L):
    # Check if L is within the valid range
    if L < 0 or L >= len(list1):
        raise ValueError(""L must be a valid index within the list"")
    
    # Create a new list excluding the k'th element
    return [list1[i] for i in range(len(list1)) if i != L]

# Example usage:
# result = remove_kth_element([1, 2, 3, 4, 5], 2)
# print(result)  # Output: [1, 3, 4, 5]","def remove_kth_element(list1, L):
    return  list1[:L-1] + list1[L:]",Passed,,,,,,,,,,,,,,,,,,,
MBPP,611,"def max_of_nth(test_list, N):
    # Check if the list is empty or N is out of bounds
    if not test_list or N < 0 or N >= len(test_list[0]):
        return None
    
    # Initialize the maximum value with the first element of the nth column
    max_value = test_list[0][N]
    
    # Iterate through the rows to find the maximum value in the nth column
    for row in test_list:
        if row[N] > max_value:
            max_value = row[N]
    
    return max_value

# Example usage:
test_list = [
    [1, 2, 3],
    [4, 5, 6],
    [7, 8, 9]
]

print(max_of_nth(test_list, 1))  # Output: 8","def max_of_nth(test_list, N):
  res = max([sub[N] for sub in test_list])
  return (res) ",Passed,,,,,,,,,,,,,,,,,,,
MBPP,612,"def merge(lst):
    return [list(i) for i in zip(*lst)]","def merge(lst):  
    return [list(ele) for ele in list(zip(*lst))] ",Passed,,,,,,,,,,,,,,,,,,,
MBPP,614,"def cummulative_sum(test_list):
    # Initialize the cumulative sum to 0
    cum_sum = 0
    
    # Iterate over each sublist in the list of tuples
    for sublist in test_list:
        # Iterate over each element in the sublist
        for element in sublist:
            # Add the element to the cumulative sum
            cum_sum += element
    
    # Return the final cumulative sum
    return cum_sum

# Example usage:
test_list = [(1, 2), (3, 4), (5, 6)]
print(cummulative_sum(test_list))  # Output: 21","def cummulative_sum(test_list):
  res = sum(map(sum, test_list))
  return (res)",Passed,,,,,,,,,,,,,,,,,,,
MBPP,615,"def average_tuple(nums):
    # Calculate the average for each tuple in the input list
    averages = [sum(tup) / len(tup) for tup in nums]
    return averages

# Example usage:
nums = ((1, 2, 3), (4, 5, 6), (7, 8, 9))
print(average_tuple(nums))  # Output: [2.0, 5.0, 8.0]","def average_tuple(nums):
    result = [sum(x) / len(x) for x in zip(*nums)]
    return result",Passed,,,,,,,,,,,,,,,,,,,
MBPP,616,"def tuple_modulo(test_tup1, test_tup2):
    # Use zip to pair elements from both tuples and apply modulo operation
    result = tuple(a % b for a, b in zip(test_tup1, test_tup2))
    return result

# Example usage:
test_tup1 = (10, 20, 30)
test_tup2 = (3, 5, 7)
print(tuple_modulo(test_tup1, test_tup2))  # Output: (1, 0, 2)","def tuple_modulo(test_tup1, test_tup2):
  res = tuple(ele1 % ele2 for ele1, ele2 in zip(test_tup1, test_tup2)) 
  return (res) ",Passed,,,,,,,,,,,,,,,,,,,
MBPP,617,"def min_Jumps(steps, d):
    # Calculate the minimum number of jumps required
    return (d + steps - 1) // steps

# Example usage:
print(min_Jumps(3, 5))  # Output: 2
print(min_Jumps(4, 6))  # Output: 2
print(min_Jumps(5, 7))  # Output: 3","def min_Jumps(steps, d): 
    (a, b) = steps
    temp = a 
    a = min(a, b) 
    b = max(temp, b) 
    if (d >= b): 
        return (d + b - 1) / b 
    if (d == 0): 
        return 0
    if (d == a): 
        return 1
    else:
        return 2",Passed,,,,,,,,,,,,,,,,,,,
MBPP,618,"def div_list(nums1, nums2):
    # Check if both lists have the same length
    if len(nums1) != len(nums2):
        raise ValueError(""Both lists must have the same length."")
    
    # Use list comprehension to perform element-wise division
    result = [a / b for a, b in zip(nums1, nums2)]
    
    return result","def div_list(nums1,nums2):
  result = map(lambda x, y: x / y, nums1, nums2)
  return list(result)",Passed,,,,,,,,,,,,,,,,,,,
MBPP,619,"def move_num(test_str):
    # Initialize two pointers, one for numbers and one for non-numbers
    num_ptr = 0
    non_num_ptr = 0
    
    # Iterate through the string
    while non_num_ptr < len(test_str):
        # If the current character is not a number, swap it with the number pointer
        if not test_str[non_num_ptr].isdigit():
            test_str[num_ptr], test_str[non_num_ptr] = test_str[non_num_ptr], test_str[num_ptr]
            num_ptr += 1
        non_num_ptr += 1
    
    return test_str

# Example usage:
print(move_num(""a1b2c3""))  # Output: ""abc123""","def move_num(test_str):
  res = ''
  dig = ''
  for ele in test_str:
    if ele.isdigit():
      dig += ele
    else:
      res += ele
  res += dig
  return (res) ",Failed: TypeError: 'str' object does not support item assignment,,,,,,,,,,,,,,,,,,,
MBPP,620,"from typing import List

def largest_subset(a: List[int]) -> int:
    # Sort the array to make it easier to find pairs
    a.sort()
    
    # Initialize variables to keep track of the maximum length of the subset
    max_length = 1
    current_length = 1
    
    # Iterate through the sorted array
    for i in range(1, len(a)):
        # Check if the current element is divisible by the previous element
        if a[i] % a[i - 1] == 0:
            # If it is, increase the current length of the subset
            current_length += 1
            # Update the maximum length if necessary
            max_length = max(max_length, current_length)
        else:
            # Reset the current length if the condition is not met
            current_length = 1
    
    return max_length","def largest_subset(a):
	n = len(a)
	dp = [0 for i in range(n)]
	dp[n - 1] = 1; 
	for i in range(n - 2, -1, -1):
		mxm = 0;
		for j in range(i + 1, n):
			if a[j] % a[i] == 0 or a[i] % a[j] == 0:
				mxm = max(mxm, dp[j])
		dp[i] = 1 + mxm
	return max(dp)",Passed,,,,,,,,,,,,,,,,,,,
MBPP,622,"def get_median(arr1, arr2, n):
    # Merge the two arrays
    merged = sorted(arr1 + arr2)
    
    # Check if the number of elements is odd or even
    if n % 2 == 0:
        # If even, return the average of the two middle elements
        return (merged[n // 2 - 1] + merged[n // 2]) / 2
    else:
        # If odd, return the middle element
        return merged[n // 2]

# Example usage:
arr1 = [1, 3]
arr2 = [2, 4]
n = len(arr1)
print(get_median(arr1, arr2, n))  # Output: 2.5","def get_median(arr1, arr2, n):
  i = 0
  j = 0
  m1 = -1
  m2 = -1
  count = 0
  while count < n + 1:
    count += 1
    if i == n:
      m1 = m2
      m2 = arr2[0]
      break
    elif j == n:
      m1 = m2
      m2 = arr1[0]
      break
    if arr1[i] <= arr2[j]:
      m1 = m2
      m2 = arr1[i]
      i += 1
    else:
      m1 = m2
      m2 = arr2[j]
      j += 1
  return (m1 + m2)/2",Passed,,,,,,,,,,,,,,,,,,,
MBPP,623,"def nth_nums(nums, n):
    return [num ** n for num in nums]","def nth_nums(nums,n):
 nth_nums = list(map(lambda x: x ** n, nums))
 return nth_nums",Passed,,,,,,,,,,,,,,,,,,,
MBPP,624,"def is_upper(string):
    return string.isupper()","def is_upper(string):
  return (string.upper())",Passed,,,,,,,,,,,,,,,,,,,
MBPP,625,"def swap_List(newList):
    # Check if the list has at least two elements
    if len(newList) < 2:
        return newList  # Return the list as is if it's too short

    # Swap the first and last elements
    newList[0], newList[-1] = newList[-1], newList[0]

    return newList","def swap_List(newList): 
    size = len(newList) 
    temp = newList[0] 
    newList[0] = newList[size - 1] 
    newList[size - 1] = temp   
    return newList ",Passed,,,,,,,,,,,,,,,,,,,
MBPP,626,"import math

def triangle_area(r):
    # The largest triangle inscribed in a semicircle has its base equal to the diameter of the semicircle
    # and its height equal to the radius of the semicircle.
    base = 2 * r
    height = r
    
    # The area of a triangle is given by (1/2) * base * height
    area = 0.5 * base * height
    
    return area","def triangle_area(r) :  
    if r < 0 : 
        return None
    return r * r ",Passed,,,,,,,,,,,,,,,,,,,
MBPP,627,"def find_First_Missing(array, start=0, end=None):
    if end is None:
        end = len(array) - 1
    
    # If the array is empty or the first element is not 0, return 0
    if start == end and array[start] != 0:
        return 0
    
    # Iterate through the array
    for i in range(start, end + 1):
        # If the current element is not equal to its index + start, return the index + start
        if array[i] != i + start:
            return i + start
    
    # If no missing number is found, return the next index
    return end + 1

# Example usage:
array = [0, 1, 2, 3, 4, 5, 6, 7, 9]
print(find_First_Missing(array))  # Output: 8","def find_First_Missing(array,start=0,end=None):
    if end is None:
      end = len(array) - 1   
    if (start > end): 
        return end + 1
    if (start != array[start]): 
        return start; 
    mid = int((start + end) / 2) 
    if (array[mid] == mid): 
        return find_First_Missing(array,mid+1,end) 
    return find_First_Missing(array,start,mid) ",Passed,,,,,,,,,,,,,,,,,,,
MBPP,628,"def replace_spaces(string):
    return string.replace(' ', '%20')","def replace_spaces(string):
  return string.replace("" "", ""%20"")",Passed,,,,,,,,,,,,,,,,,,,
MBPP,629,"def Split(list):
    # Initialize two empty lists to store even and odd numbers
    even_numbers = []
    odd_numbers = []
    
    # Iterate through each number in the input list
    for num in list:
        # Check if the number is even
        if num % 2 == 0:
            even_numbers.append(num)
        else:
            odd_numbers.append(num)
    
    # Return a tuple containing the two lists
    return (even_numbers, odd_numbers)

# Example usage:
numbers = [1, 2, 3, 4, 5, 6, 7, 8, 9, 10]
even, odd = Split(numbers)
print(""Even numbers:"", even)
print(""Odd numbers:"", odd)","def Split(list): 
    return [num for num in list if num % 2 == 0]",Passed,,,,,,,,,,,,,,,,,,,
MBPP,630,"def adjac(ele, sub=[]):
    x, y = ele
    # Generate all possible adjacent coordinates
    adjacent_coords = [
        (x + 1, y),  # Right
        (x - 1, y),  # Left
        (x, y + 1),  # Down
        (x, y - 1)   # Up
    ]
    
    # Add the current element to the list of adjacent elements
    adjacent_coords.append(ele)
    
    # Return the list of adjacent elements
    return adjacent_coords

# Example usage:
print(adjac((1, 2)))  # Output: [(1, 2), (1, 2), (1, 3), (1, 1)]
print(adjac((0, 0)))  # Output: [(0, 0), (0, 0), (1, 0), (0, 1)]","def adjac(ele, sub = []): 
  if not ele: 
     yield sub 
  else: 
     yield from [idx for j in range(ele[0] - 1, ele[0] + 2) 
                for idx in adjac(ele[1:], sub + [j])] 
def get_coordinates(test_tup):
  return list(adjac(test_tup))",Passed,,,,,,,,,,,,,,,,,,,
MBPP,631,"def replace_spaces(text):
    # Replace spaces with underscores
    text = text.replace(' ', '_')
    # Replace underscores with spaces
    text = text.replace('_', ' ')
    return text

# Example usage:
print(replace_spaces(""Hello World""))  # Output: ""Hello_World""
print(replace_spaces(""Hello_World""))  # Output: ""Hello World""","def replace_spaces(text):
  return """".join("" "" if c == ""_"" else (""_"" if c == "" "" else c) for c in text)",Passed,,,,,,,,,,,,,,,,,,,
MBPP,632,"def move_zero(num_list):
    # Initialize two pointers, one for the current position and one for the zero position
    current = 0
    zero_pos = 0
    
    # Iterate through the list
    while current < len(num_list):
        # If the current element is not zero, swap it with the element at the zero position
        if num_list[current] != 0:
            num_list[zero_pos], num_list[current] = num_list[current], num_list[zero_pos]
            zero_pos += 1
        # Move to the next element
        current += 1

# Example usage:
num_list = [0, 1, 0, 3, 12]
move_zero(num_list)
print(num_list)  # Output: [1, 3, 12, 0, 0]","def move_zero(num_list):
    a = [0 for i in range(num_list.count(0))]
    x = [i for i in num_list if i != 0]
    return x + a",Passed,,,,,,,,,,,,,,,,,,,
MBPP,633,"def pair_xor_Sum(arr, n):
    # Initialize the sum of XOR of all pairs
    total_xor_sum = 0
    
    # Iterate over each element in the array
    for i in range(n):
        # Iterate over the elements after the current one
        for j in range(i + 1, n):
            # Add the XOR of the current pair to the total sum
            total_xor_sum += arr[i] ^ arr[j]
    
    return total_xor_sum

# Example usage:
arr = [1, 2, 3, 4]
n = len(arr)
print(pair_xor_Sum(arr, n))  # Output: 8","def pair_xor_Sum(arr,n) : 
    ans = 0 
    for i in range(0,n) :    
        for j in range(i + 1,n) :   
            ans = ans + (arr[i] ^ arr[j])          
    return ans ",Passed,,,,,,,,,,,,,,,,,,,
MBPP,635,"def heap_sort(iterable):
    def heapify(arr, n, i):
        largest = i  # Initialize largest as root
        left = 2 * i + 1  # left = 2*i + 1
        right = 2 * i + 2  # right = 2*i + 2

        # See if left child of root exists and is greater than root
        if left < n and arr[i] < arr[left]:
            largest = left

        # See if right child of root exists and is greater than root
        if right < n and arr[largest] < arr[right]:
            largest = right

        # Change root, if needed
        if largest != i:
            arr[i], arr[largest] = arr[largest], arr[i]  # swap

            # Heapify the root.
            heapify(arr, n, largest)

    # Build a maxheap.
    n = len(iterable)
    for i in range(n // 2 - 1, -1, -1):
        heapify(iterable, n, i)

    # One by one extract elements
    for i in range(n - 1, 0, -1):
        iterable[i], iterable[0] = iterable[0], iterable[i]  # swap
        heapify(iterable, i, 0)

    return iterable","import heapq as hq
def heap_sort(iterable):
    h = []
    for value in iterable:
        hq.heappush(h, value)
    return [hq.heappop(h) for i in range(len(h))]",Passed,,,,,,,,,,,,,,,,,,,
MBPP,637,"def noprofit_noloss(actual_cost, sale_amount):
    # Check if the actual cost equals the sale amount
    return actual_cost == sale_amount","def noprofit_noloss(actual_cost,sale_amount): 
  if(sale_amount == actual_cost):
    return True
  else:
    return False",Passed,,,,,,,,,,,,,,,,,,,
MBPP,638,"import math

def wind_chill(v, t):
    if v < 4.8 or t > 15:
        return t
    else:
        return 13.12 + 0.6215 * t - 11.37 * math.pow(v, 0.16) + 0.3965 * t * math.pow(v, 0.16)

# Example usage:
print(wind_chill(10, 5))  # Output: 5
print(wind_chill(20, 10)) # Output: 10","import math
def wind_chill(v,t):
 windchill = 13.12 + 0.6215*t -  11.37*math.pow(v, 0.16) + 0.3965*t*math.pow(v, 0.16)
 return int(round(windchill, 0))",Passed,,,,,,,,,,,,,,,,,,,
MBPP,639,"def sample_nam(sample_names):
    # Filter out names that start with a lowercase letter
    filtered_names = [name for name in sample_names if not name[0].islower()]
    
    # Sum the lengths of the remaining names
    total_length = sum(len(name) for name in filtered_names)
    
    return total_length","def sample_nam(sample_names):
  sample_names=list(filter(lambda el:el[0].isupper() and el[1:].islower(),sample_names))
  return len(''.join(sample_names))",Passed,,,,,,,,,,,,,,,,,,,
MBPP,640,"def remove_parenthesis(items):
    result = []
    for item in items:
        if '(' not in item:
            result.append(item)
        else:
            start = item.find('(')
            end = item.rfind(')')
            if start != -1 and end != -1:
                result.append(item[:start] + item[end+1:])
    return result","import re
def remove_parenthesis(items):
 for item in items:
    return (re.sub(r"" ?\([^)]+\)"", """", item))",Passed,,,,,,,,,,,,,,,,,,,
MBPP,641,"def is_nonagonal(n):
    # A number is nonagonal if it can be expressed as n * (7*n - 5) / 2
    return n * (7 * n - 5) // 2 == n

# Example usage:
print(is_nonagonal(1))  # True, because 1st nonagonal number is 1
print(is_nonagonal(5))  # True, because 5th nonagonal number is 19
print(is_nonagonal(10)) # True, because 10th nonagonal number is 84
print(is_nonagonal(11)) # False, because 11 is not a nonagonal number","def is_nonagonal(n): 
	return int(n * (7 * n - 5) / 2) ",Passed,,,,,,,,,,,,,,,,,,,
MBPP,643,"```python
import re

def text_match_wordz_middle(text):
    # Use regex to find all occurrences of 'z' not at the start or end of words
    pattern = r'\b[^z]*z[^z]*\b'
    return bool(re.search(pattern, text))

# Test cases
print(text_match_wordz_middle(""abcz""))  # True
print(text_match_wordz_middle(""zabc""))  # True
print(text_match_wordz_middle(""abz""))   # False
print(text_match_wordz_middle(""zab""))   # False
print(text_match_wordz_middle(""abczabc"")) # True
print(text_match_wordz_middle(""abczabcz""))# True
print(text_match_wordz_middle(""abczabczabc""))# True
print(text_match_wordz_middle(""abczabczabcz""))# True
print(text_match_wordz_middle(""abczabczabczabc""))# True
print(text_match_wordz_middle(""abczabczabczabcz""))# True
print(text_match_wordz_middle(""abczabczabczabczabc""))# True
print(text_match_wordz_middle(""abczabczabczabczabcz""))# True
print(text_match_wordz_middle(""abczabczabczabczabczabc""))# True
print(text_match_wordz_middle(""abczabczabczabczabczabcabc""))# True
print(text_match_wordz_middle(""abczabczabczabczabczabcabcabc""))# True
print(text_match_wordz_middle(""abczabczabczabczabczabcabcabcabc""))# True
print(text_match_wordz_middle(""abczabczabczabczabczabcabcabcabcabc""))# True
print(text_match_wordz_middle(""abczabczabczabczabczabcabcabcabcabcabc""))# True
print(text_match_wordz_middle(""abczabczabczabczabczabcabcabcabcabcabcabc""))# True
print(text_match_wordz_middle(""abczabczabczabczabczabcabcabcabcabcabcabcabc""))# True
print(text_match_wordz_middle(""abczabczabczabczabczabcabcabcabcabcabcabcabcabc""))# True
print(text_match_wordz_middle(""abczabczabczabczabczabc","import re
def text_match_wordz_middle(text):
        return bool(re.search(r'\Bz\B',  text))","Failed: Syntax Hallucination (unterminated string literal (detected at line 31) (<string>, line 31))",,,,,,,,,,,,,,,,,,,
MBPP,644,"def reverse_Array_Upto_K(input, k):
    # Reverse the array from index 0 to k-1
    input[:k] = input[:k][::-1]
    return input

# Example usage:
input_array = [1, 2, 3, 4, 5, 6, 7, 8, 9]
k = 5
reversed_array = reverse_Array_Upto_K(input_array, k)
print(reversed_array)  # Output: [5, 4, 3, 2, 1, 6, 7, 8, 9]","def reverse_Array_Upto_K(input, k): 
  return (input[k-1::-1] + input[k:]) ",Passed,,,,,,,,,,,,,,,,,,,
MBPP,720,"def add_dict_to_tuple(test_tup, test_dict):
    # Convert the tuple to a list to allow modification
    test_tup = list(test_tup)
    
    # Extend the list with the items from the dictionary
    test_tup.extend(test_dict.items())
    
    # Convert the list back to a tuple
    return tuple(test_tup)

# Example usage:
test_tup = (1, 2, 3)
test_dict = {'a': 4, 'b': 5}
result = add_dict_to_tuple(test_tup, test_dict)
print(result)  # Output: (1, 2, 3, ('a', 4), ('b', 5))","def add_dict_to_tuple(test_tup, test_dict):
  test_tup = list(test_tup)
  test_tup.append(test_dict)
  test_tup = tuple(test_tup)
  return (test_tup) ",Passed,,,,,,,,,,,,,,,,,,,
MBPP,721,"from typing import List

def maxAverageOfPath(cost: List[List[int]]) -> float:
    n = len(cost)
    
    # Initialize the first row and first column
    for i in range(1, n):
        cost[i][0] += cost[i-1][0]
    for j in range(1, n):
        cost[0][j] += cost[0][j-1]
    
    # Fill the rest of the matrix
    for i in range(1, n):
        for j in range(1, n):
            cost[i][j] += max(cost[i-1][j], cost[i][j-1])
    
    # The maximum average is the last element divided by the total number of cells
    return cost[-1][-1] / (n * n)

# Example usage:
cost = [
    [1, 2, 3],
    [4, 5, 6],
    [7, 8, 9]
]
print(maxAverageOfPath(cost))  # Output: 5.0","def maxAverageOfPath(cost):
  N = len(cost)
  dp = [[0 for i in range(N + 1)] for j in range(N + 1)]
  dp[0][0] = cost[0][0]
  for i in range(1, N):
    dp[i][0] = dp[i - 1][0] + cost[i][0]
  for j in range(1, N):
    dp[0][j] = dp[0][j - 1] + cost[0][j]
  for i in range(1, N):
    for j in range(1, N):
      dp[i][j] = max(dp[i - 1][j],
                     dp[i][j - 1]) + cost[i][j]
  return dp[N - 1][N - 1] / (2 * N - 1)",Passed,,,,,,,,,,,,,,,,,,,
MBPP,722,"def filter_data(students, h, w):
    # Filter students based on height and weight criteria
    filtered_students = {name: (height, weight) for name, (height, weight) in students.items() if height > h and weight > w}
    return filtered_students

# Example usage:
students = {
    'Alice': (165.0, 58.5),
    'Bob': (170.0, 62.0),
    'Charlie': (160.0, 55.0),
    'David': (175.0, 65.0)
}

min_height = 165.0
min_weight = 58.5

filtered_students = filter_data(students, min_height, min_weight)
print(filtered_students)","def filter_data(students,h,w):
    result = {k: s for k, s in students.items() if s[0] >=h and s[1] >=w}
    return result    ",Passed,,,,,,,,,,,,,,,,,,,
MBPP,723,"def count_same_pair(nums1, nums2):
    # Initialize a counter for matching pairs
    count = 0
    
    # Iterate over the indices of the lists
    for i in range(len(nums1)):
        # Check if the elements at the current index are the same
        if nums1[i] == nums2[i]:
            # Increment the counter if they are the same
            count += 1
    
    # Return the total count of matching pairs
    return count","from operator import eq
def count_same_pair(nums1, nums2):
    result = sum(map(eq, nums1, nums2))
    return result",Passed,,,,,,,,,,,,,,,,,,,
MBPP,724,"def power_base_sum(base, power):
    # Calculate the base raised to the power
    result = base ** power
    
    # Convert the result to a string to iterate over each digit
    result_str = str(result)
    
    # Initialize the sum of digits
    digit_sum = 0
    
    # Iterate over each character in the string representation of the result
    for char in result_str:
        # Convert the character back to an integer and add it to the sum
        digit_sum += int(char)
    
    return digit_sum

# Example usage:
print(power_base_sum(2, 3))  # Output: 8 (2^3 = 8, sum of digits is 8)
print(power_base_sum(5, 4))  # Output: 15 (5^4 = 625, sum of digits is 15)","def power_base_sum(base, power):
    return sum([int(i) for i in str(pow(base, power))])",Passed,,,,,,,,,,,,,,,,,,,
MBPP,725,"import re

def extract_quotation(text1):
    # Use regular expression to find all substrings enclosed in double quotes
    matches = re.findall(r'""([^""]*)""', text1)
    return matches","import re
def extract_quotation(text1):
  return (re.findall(r'""(.*?)""', text1))",Passed,,,,,,,,,,,,,,,,,,,
MBPP,726,"def multiply_elements(test_tup):
    # Initialize an empty list to store the results
    res = []
    
    # Iterate over the tuple using zip to pair each element with its next element
    for i, j in zip(test_tup, test_tup[1:]):
        # Multiply the current element with the next element and append to the result list
        res.append(i * j)
    
    # Convert the list to a tuple and return it
    return tuple(res)

# Example usage:
test_tup = (1, 2, 3, 4)
result = multiply_elements(test_tup)
print(result)  # Output: (2, 6, 12)","def multiply_elements(test_tup):
  res = tuple(i * j for i, j in zip(test_tup, test_tup[1:]))
  return (res) ",Passed,,,,,,,,,,,,,,,,,,,
MBPP,728,"def sum_list(lst1, lst2):
    # Check if both lists have the same length
    if len(lst1) != len(lst2):
        raise ValueError(""Both lists must have the same length"")
    
    # Use list comprehension to add corresponding elements of the two lists
    return [a + b for a, b in zip(lst1, lst2)]","def sum_list(lst1,lst2):
  res_list = [lst1[i] + lst2[i] for i in range(len(lst1))] 
  return res_list",Passed,,,,,,,,,,,,,,,,,,,
MBPP,730,"def consecutive_duplicates(nums):
    if not nums:
        return []
    
    result = [nums[0]]
    for num in nums[1:]:
        if num != result[-1]:
            result.append(num)
    
    return result","from itertools import groupby
def consecutive_duplicates(nums):
    return [key for key, group in groupby(nums)] ",Passed,,,,,,,,,,,,,,,,,,,
MBPP,731,"import math

def lateralsurface_cone(r, h):
    # Calculate the slant height using the Pythagorean theorem
    l = math.sqrt(r**2 + h**2)
    
    # Calculate the lateral surface area using the formula πrl
    lateral_surface_area = math.pi * r * l
    
    return lateral_surface_area","import math
def lateralsurface_cone(r,h):
  l = math.sqrt(r * r + h * h)
  LSA = math.pi * r  * l
  return LSA",Passed,,,,,,,,,,,,,,,,,,,
MBPP,732,"def replace_specialchar(text):
    # Replace spaces, commas, and dots with a colon
    return text.replace(' ', ':').replace(',', ':').replace('.', ':')","import re
def replace_specialchar(text):
 return (re.sub(""[ ,.]"", "":"", text))
",Passed,,,,,,,,,,,,,,,,,,,
MBPP,733,"def find_first_occurrence(A, x):
    left, right = 0, len(A) - 1
    result = -1
    
    while left <= right:
        mid = (left + right) // 2
        
        if A[mid] == x:
            result = mid
            right = mid - 1  # Continue searching in the left half
        elif A[mid] < x:
            left = mid + 1
        else:
            right = mid - 1
    
    return result","def find_first_occurrence(A, x):
    (left, right) = (0, len(A) - 1)
    result = -1
    while left <= right:
        mid = (left + right) // 2
        if x == A[mid]:
            result = mid
            right = mid - 1
        elif x < A[mid]:
            right = mid - 1
        else:
            left = mid + 1
    return result",Passed,,,,,,,,,,,,,,,,,,,
MBPP,734,"from itertools import combinations

def sum_Of_Subarray_Prod(arr):
    total_sum = 0
    n = len(arr)
    
    # Iterate over all possible sublists
    for r in range(1, n + 1):
        for combo in combinations(arr, r):
            # Calculate the product of the current sublist
            product = 1
            for num in combo:
                product *= num
            # Add the product to the total sum
            total_sum += product
    
    return total_sum

# Example usage:
arr = [1, 2, 3]
print(sum_Of_Subarray_Prod(arr))  # Output: 20","def sum_Of_Subarray_Prod(arr):
    ans = 0
    res = 0
    i = len(arr) - 1
    while (i >= 0):
        incr = arr[i]*(1 + res)
        ans += incr
        res = incr
        i -= 1
    return (ans)",Passed,,,,,,,,,,,,,,,,,,,
MBPP,788,"def new_tuple(test_list, test_str):
    # Create a new tuple by combining the elements of the list and the string
    result = tuple(test_list) + (test_str,)
    return result

# Example usage:
test_list = [1, 2, 3]
test_str = ""abc""
print(new_tuple(test_list, test_str))  # Output: (1, 2, 3, 'abc')","def new_tuple(test_list, test_str):
  return tuple(test_list + [test_str])",Passed,,,,,,,,,,,,,,,,,,,
MBPP,790,"def even_position(nums):
    for i in range(0, len(nums), 2):
        if nums[i] % 2 != 0:
            return False
    return True","def even_position(nums):
	return all(nums[i]%2==i%2 for i in range(len(nums)))",Passed,,,,,,,,,,,,,,,,,,,
MBPP,791,"def remove_nested(test_tup):
    # Initialize an empty list to store non-nested tuples
    result = []
    
    # Iterate over each element in the input tuple
    for item in test_tup:
        # Check if the item is a tuple
        if isinstance(item, tuple):
            # If it's a nested tuple, recursively call the function
            result.extend(remove_nested(item))
        else:
            # If it's not a tuple, add it to the result list
            result.append(item)
    
    return tuple(result)

# Example usage:
test_tup = (1, (2, 3), (4, (5, 6)), 7, (8, 9, (10, 11)))
print(remove_nested(test_tup))  # Output: (1, 2, 3, 4, 5, 6, 7, 8, 9, 10, 11)","def remove_nested(test_tup):
  res = tuple()
  for count, ele in enumerate(test_tup):
    if not isinstance(ele, tuple):
      res = res + (ele, )
  return (res) ",Passed,,,,,,,,,,,,,,,,,,,
MBPP,792,"def count_list(input_list):
    return len(input_list)","def count_list(input_list): 
    return len(input_list)",Passed,,,,,,,,,,,,,,,,,,,
MBPP,793,"def last(arr, x):
    left, right = 0, len(arr) - 1
    result = -1
    
    while left <= right:
        mid = left + (right - left) // 2
        
        if arr[mid] == x:
            result = mid
            left = mid + 1  # Move left to find the last occurrence
        elif arr[mid] < x:
            left = mid + 1
        else:
            right = mid - 1
    
    return result","def last(arr,x):
    n = len(arr)
    low = 0
    high = n - 1
    res = -1  
    while (low <= high):
        mid = (low + high) // 2 
        if arr[mid] > x:
            high = mid - 1
        elif arr[mid] < x:
            low = mid + 1
        else:
            res = mid
            low = mid + 1
    return res",Passed,,,,,,,,,,,,,,,,,,,
MBPP,794,"import re

def text_starta_endb(text):
    # Use regular expression to match the pattern
    return bool(re.search(r'^a.*b$', text))

# Test the function
print(text_starta_endb(""abc""))  # False
print(text_starta_endb(""ab""))   # True
print(text_starta_endb(""aabb""))  # True
print(text_starta_endb(""baba""))  # False","import re
def text_starta_endb(text):
        patterns = 'a.*?b$'
        return re.search(patterns,  text)",Passed,,,,,,,,,,,,,,,,,,,
MBPP,796,"def return_sum(dict):
    return sum(dict.values())","def return_sum(dict):
  sum = 0
  for i in dict.values():
    sum = sum + i
  return sum",Passed,,,,,,,,,,,,,,,,,,,
MBPP,797,"def sum_odd(n):
    return sum(i for i in range(1, n+1) if i % 2 != 0)","def sum_odd(n): 
    terms = (n + 1)//2
    sum1 = terms * terms 
    return sum1  
def sum_in_range(l,r): 
    return sum_odd(r) - sum_odd(l - 1)",Passed,,,,,,,,,,,,,,,,,,,
MBPP,798,"def _sum(arr):
    return sum(arr)","def _sum(arr):  
    sum=0
    for i in arr: 
        sum = sum + i      
    return(sum)  ",Passed,,,,,,,,,,,,,,,,,,,
MBPP,799,"def left_rotate(n, d):
    # Ensure d is within the range of 0 to 31
    d = d % 32
    
    # Perform the left rotation
    return (n << d) | (n >> (32 - d))","def left_rotate(n,d):   
    INT_BITS = 32
    return (n << d)|(n >> (INT_BITS - d))  ",Passed,,,,,,,,,,,,,,,,,,,
MBPP,800,"def remove_all_spaces(text):
    return text.replace("" "", """")","import re
def remove_all_spaces(text):
 return (re.sub(r'\s+', '',text))",Passed,,,,,,,,,,,,,,,,,,,
MBPP,801,"def test_three_equal(x, y, z):
    # Check if all three numbers are equal
    if x == y == z:
        return 3
    else:
        return 0

# Example usage:
print(test_three_equal(5, 5, 5))  # Output: 3
print(test_three_equal(1, 2, 3))  # Output: 0","def test_three_equal(x,y,z):
  result = set([x,y,z])
  if len(result)==3:
    return 0
  else:
    return 4-len(result)",Passed,,,,,,,,,,,,,,,,,,,
MBPP,802,"def count_rotation(arr):
    n = len(arr)
    for i in range(n):
        if arr[i] > arr[(i + 1) % n]:
            return i + 1
    return 0

# Example usage:
arr = [4, 5, 6, 7, 0, 1, 2]
print(count_rotation(arr))  # Output: 3","def count_rotation(arr):   
    for i in range (1,len(arr)): 
        if (arr[i] < arr[i - 1]): 
            return i  
    return 0",Passed,,,,,,,,,,,,,,,,,,,
MBPP,803,"import math

def is_perfect_square(n):
    if n < 0:
        return False
    root = math.isqrt(n)
    return root * root == n

# Test cases
print(is_perfect_square(16))  # True
print(is_perfect_square(14))  # False
print(is_perfect_square(0))   # True
print(is_perfect_square(25))  # True
print(is_perfect_square(-4))  # False","def is_perfect_square(n) :
    i = 1
    while (i * i<= n):
        if ((n % i == 0) and (n / i == i)):
            return True     
        i = i + 1
    return False",Passed,,,,,,,,,,,,,,,,,,,
MBPP,804,"def is_product_even(arr):
    # Initialize the product to 1 (since 1 is even)
    product = 1
    
    # Iterate through each number in the array
    for num in arr:
        # Multiply the product by the current number
        product *= num
        
        # If the product becomes even, return True
        if product % 2 == 0:
            return True
    
    # If no even number was found, return False
    return False","def is_product_even(arr): 
    for i in range(len(arr)): 
        if (arr[i] & 1) == 0: 
            return True
    return False",Passed,,,,,,,,,,,,,,,,,,,
MBPP,805,"def max_sum_list(lists):
    # Initialize variables to keep track of the maximum sum and the corresponding list
    max_sum = float('-inf')
    max_list = []

    # Iterate over each list in the input list of lists
    for lst in lists:
        # Calculate the sum of the current list
        current_sum = sum(lst)
        
        # Check if the current list's sum is greater than the maximum sum found so far
        if current_sum > max_sum:
            # Update the maximum sum and the corresponding list
            max_sum = current_sum
            max_list = lst

    # Return the list with the highest sum
    return max_list","def max_sum_list(lists):
 return max(lists, key=sum)",Passed,,,,,,,,,,,,,,,,,,,
MBPP,806,"def max_run_uppercase(test_str):
    # Initialize variables to track the maximum length and current run length
    max_len = 0
    curr_len = 0
    
    # Iterate through each character in the string
    for char in test_str:
        # Check if the character is uppercase
        if char.isupper():
            # Increment the current run length
            curr_len += 1
            # Update the maximum length if the current run is longer
            max_len = max(max_len, curr_len)
        else:
            # Reset the current run length if the character is not uppercase
            curr_len = 0
    
    return max_len

# Example usage:
print(max_run_uppercase(""HelloWorld""))  # Output: 5
print(max_run_uppercase(""helloWorld""))  # Output: 0
print(max_run_uppercase(""HELLO""))      # Output: 5
print(max_run_uppercase(""hELLO""))      # Output: 2","def max_run_uppercase(test_str):
  cnt = 0
  res = 0
  for idx in range(0, len(test_str)):
    if test_str[idx].isupper():
      cnt += 1
    else:
      res = cnt
      cnt = 0
  if test_str[len(test_str) - 1].isupper():
    res = cnt
  return (res)",Passed,,,,,,,,,,,,,,,,,,,
MBPP,807,"def first_odd(nums):
    for num in nums:
        if num % 2 != 0:
            return num
    return None","def first_odd(nums):
  first_odd = next((el for el in nums if el%2!=0),-1)
  return first_odd",Passed,,,,,,,,,,,,,,,,,,,
MBPP,808,"def check_K(test_tup, K):
    # Check if K is in any of the tuples
    return any(K in tup for tup in test_tup)

# Example usage:
test_tup = [(1, 2), (3, 4), (5, 6)]
K = 3
print(check_K(test_tup, K))  # Output: True

K = 7
print(check_K(test_tup, K))  # Output: False","def check_K(test_tup, K):
  res = False
  for ele in test_tup:
    if ele == K:
      res = True
      break
  return res ",Passed,,,,,,,,,,,,,,,,,,,
MBPP,809,"def check_smaller(test_tup1, test_tup2):
    # Check if all elements of test_tup2 are smaller than their corresponding elements in test_tup1
    return all(x < y for x, y in zip(test_tup1, test_tup2))

# Example usage:
test_tup1 = (1, 2, 3)
test_tup2 = (0, 1, 2)
print(check_smaller(test_tup1, test_tup2))  # Output: True

test_tup1 = (5, 4, 3)
test_tup2 = (6, 5, 4)
print(check_smaller(test_tup1, test_tup2))  # Output: False","def check_smaller(test_tup1, test_tup2):
  return all(x > y for x, y in zip(test_tup1, test_tup2))",Passed,,,,,,,,,,,,,,,,,,,
MBPP,735,"def set_middle_bits(n):
    # Get the number of bits in n
    num_bits = n.bit_length()
    
    # Create a mask with all bits set to 1 except the first and last bit
    mask = (1 << (num_bits - 2)) - 1
    
    # Toggle the middle bits by using XOR operation
    result = n ^ mask
    
    return result

# Example usage:
print(set_middle_bits(255))  # Output: 254","def set_middle_bits(n):  
    n |= n >> 1; 
    n |= n >> 2; 
    n |= n >> 4; 
    n |= n >> 8; 
    n |= n >> 16;  
    return (n >> 1) ^ 1
def toggle_middle_bits(n): 
    if (n == 1): 
        return 1
    return n ^ set_middle_bits(n) ",Passed,,,,,,,,,,,,,,,,,,,
MBPP,736,"def left_insertion(a, x):
    # Find the index where x should be inserted to maintain sorted order
    left, right = 0, len(a)
    while left < right:
        mid = (left + right) // 2
        if a[mid] < x:
            left = mid + 1
        else:
            right = mid
    return left

# Example usage:
a = [1, 2, 4, 5]
x = 3
print(left_insertion(a, x))  # Output: 2","import bisect
def left_insertion(a, x):
    i = bisect.bisect_left(a, x)
    return i",Passed,,,,,,,,,,,,,,,,,,,
MBPP,737,"import re

def check_str(string):
    # Use regex to check if the string starts with a vowel
    return bool(re.match(r'^[aeiouAEIOU]', string))

# Example usage:
print(check_str(""apple""))  # Output: True
print(check_str(""banana"")) # Output: False","import re 
regex = '^[aeiouAEIOU][A-Za-z0-9_]*'
def check_str(string): 
	return re.search(regex, string)",Passed,,,,,,,,,,,,,,,,,,,
MBPP,738,"def geometric_sum(n):
    if n == 0:
        return 0
    else:
        return (1 / (2 ** n)) + geometric_sum(n - 1)

# Example usage:
print(geometric_sum(4))  # Output: 1.875","def geometric_sum(n):
  if n < 0:
    return 0
  else:
    return 1 / (pow(2, n)) + geometric_sum(n - 1)",Passed,,,,,,,,,,,,,,,,,,,
MBPP,739,"import math

def find_Index(n):
    # Calculate the smallest triangular number with n digits
    # The nth triangular number is given by T_n = n * (n + 1) / 2
    # We need to find the smallest n such that T_n has n digits
    # This can be approximated by solving n * (n + 1) / 2 >= 10^(n-1)
    
    # Using the quadratic formula to approximate n
    # n^2 + n - 2 * 10^(n-1) = 0
    # n = (-1 + sqrt(1 + 8 * 10^(n-1))) / 2
    
    # Start with an initial guess for n
    n = 1
    
    while True:
        triangular_number = n * (n + 1) // 2
        num_digits = len(str(triangular_number))
        
        if num_digits == n:
            return n
        
        n += 1

# Example usage:
print(find_Index(3))  # Output: 4","import math 
def find_Index(n): 
    x = math.sqrt(2 * math.pow(10,(n - 1)))
    return round(x)",Passed,,,,,,,,,,,,,,,,,,,
MBPP,740,"def tuple_to_dict(test_tup):
    # Check if the length of the tuple is even
    if len(test_tup) % 2 != 0:
        raise ValueError(""Tuple must have an even number of elements."")
    
    # Create a dictionary from adjacent elements in the tuple
    result_dict = dict(zip(test_tup[::2], test_tup[1::2]))
    
    return result_dict

# Example usage:
test_tup = (1, 'a', 2, 'b', 3, 'c')
print(tuple_to_dict(test_tup))  # Output: {1: 'a', 2: 'b', 3: 'c'}","def tuple_to_dict(test_tup):
  res = dict(test_tup[idx : idx + 2] for idx in range(0, len(test_tup), 2))
  return (res) ",Passed,,,,,,,,,,,,,,,,,,,
MBPP,741,"def all_Characters_Same(s):
    if len(s) == 0:
        return True
    first_char = s[0]
    for char in s:
        if char != first_char:
            return False
    return True

# Test cases
print(all_Characters_Same(""aaaa""))  # Output: True
print(all_Characters_Same(""abc""))   # Output: False
print(all_Characters_Same(""""))      # Output: True
print(all_Characters_Same(""a""))     # Output: True","def all_Characters_Same(s) :
    n = len(s)
    for i in range(1,n) :
        if s[i] != s[0] :
            return False
    return True",Passed,,,,,,,,,,,,,,,,,,,
MBPP,742,"import math

def area_tetrahedron(side):
    # The formula for the area of a regular tetrahedron is (sqrt(2) / 4) * side^3
    return (math.sqrt(2) / 4) * side ** 3","import math
def area_tetrahedron(side):
  area = math.sqrt(3)*(side*side)
  return area",Passed,,,,,,,,,,,,,,,,,,,
MBPP,743,"def rotate_right(lst, m):
    # Ensure m is within the bounds of the list length
    m = m % len(lst)
    
    # Rotate the list by slicing
    return lst[-m:] + lst[:-m]

# Example usage:
lst = [1, 2, 3, 4, 5]
m = 2
print(rotate_right(lst, m))  # Output: [4, 5, 1, 2, 3]","def rotate_right(list, m):
  result =  list[-m:] + list[:-m]
  return result",Passed,,,,,,,,,,,,,,,,,,,
MBPP,744,"def check_none(test_tup):
    # Check if any element in the tuple is None
    return any(ele is None for ele in test_tup)

# Example usage:
test_tup = (1, 2, None, 4)
print(check_none(test_tup))  # Output: True

test_tup = (1, 2, 3, 4)
print(check_none(test_tup))  # Output: False","def check_none(test_tup):
  res = any(map(lambda ele: ele is None, test_tup))
  return res ",Passed,,,,,,,,,,,,,,,,,,,
MBPP,745,"def divisible_by_digits(startnum, endnum):
    def is_divisible_by_digits(n):
        digits = set(str(n))
        if '0' in digits:  # If the number contains '0', it cannot be divisible by 0
            return False
        for digit in digits:
            if n % int(digit) != 0:
                return False
        return True

    result = [n for n in range(startnum, endnum + 1) if is_divisible_by_digits(n)]
    return result

# Example usage:
print(divisible_by_digits(10, 50))  # Output: [12, 18, 20, 24, 36, 40, 48]","def divisible_by_digits(startnum, endnum):
    return [n for n in range(startnum, endnum+1) \
                if not any(map(lambda x: int(x) == 0 or n%int(x) != 0, str(n)))]",Passed,,,,,,,,,,,,,,,,,,,
MBPP,746,"import math

def sector_area(r, a):
    if a > 360:
        return None
    else:
        return (math.pi * r**2) * (a / 360)","import math
def sector_area(r,a):
    if a > 360:
        return None
    return (math.pi*r**2) * (a/360)",Passed,,,,,,,,,,,,,,,,,,,
MBPP,747,"def lcs_of_three(X, Y, Z):
    # Create a 3D DP table to store lengths of longest common suffixes
    dp = [[[0] * (len(Z) + 1) for _ in range(len(Y) + 1)] for _ in range(len(X) + 1)]
    
    # Build the dp table from bottom up
    for i in range(1, len(X) + 1):
        for j in range(1, len(Y) + 1):
            for k in range(1, len(Z) + 1):
                if X[i - 1] == Y[j - 1] == Z[k - 1]:
                    dp[i][j][k] = dp[i - 1][j - 1][k - 1] + 1
                else:
                    dp[i][j][k] = max(dp[i - 1][j][k], dp[i][j - 1][k], dp[i][j][k - 1])
    
    # The length of the longest common subsequence is stored in dp[len(X)][len(Y)][len(Z)]
    return dp[len(X)][len(Y)][len(Z)]

# Example usage:
X = ""AGGTAB""
Y = ""GXTXAYB""
Z = ""AGXAYB""
print(lcs_of_three(X, Y, Z))  # Output: 4","def lcs_of_three(X, Y, Z): 
  m = len(X)
  n = len(Y)
  o = len(Z)
  L = [[[0 for i in range(o+1)] for j in range(n+1)] for k in range(m+1)]
  for i in range(m+1): 
	  for j in range(n+1): 
		  for k in range(o+1): 
			  if (i == 0 or j == 0 or k == 0): 
				  L[i][j][k] = 0
			  elif (X[i-1] == Y[j-1] and X[i-1] == Z[k-1]): 
				  L[i][j][k] = L[i-1][j-1][k-1] + 1
			  else: 
				  L[i][j][k] = max(max(L[i-1][j][k], L[i][j-1][k]), L[i][j][k-1]) 
  return L[m][n][o]",Passed,,,,,,,,,,,,,,,,,,,
MBPP,748,"def capital_words_spaces(str1):
    # Split the string into words
    words = str1.split()
    
    # Iterate over each word
    for i in range(len(words)):
        # Check if the word starts with a capital letter
        if words[i][0].isupper():
            # Insert a space before the word
            words[i] = ' ' + words[i]
    
    # Join the words back into a string
    return ''.join(words)

# Example usage:
print(capital_words_spaces(""HelloWorld""))  # Output: ""Hello World""
print(capital_words_spaces(""ThisIsAPythonFunction""))  # Output: ""This Is A Python Function""","import re
def capital_words_spaces(str1):
  return re.sub(r""(\w)([A-Z])"", r""\1 \2"", str1)",Passed,,,,,,,,,,,,,,,,,,,
MBPP,749,"def sort_numeric_strings(nums_str):
    # Use the sorted function with a key that converts each string to a float
    return sorted(nums_str, key=float)

# Example usage:
nums_str = [""3.14"", ""2.718"", ""1.618"", ""0.5""]
sorted_nums_str = sort_numeric_strings(nums_str)
print(sorted_nums_str)  # Output: ['0.5', '1.618', '2.718', '3.14']","def sort_numeric_strings(nums_str):
    result = [int(x) for x in nums_str]
    result.sort()
    return result",Passed,,,,,,,,,,,,,,,,,,,
MBPP,750,"def add_tuple(test_list, test_tup):
    # Extend the list by adding the tuple
    test_list.extend(test_tup)
    return test_list

# Example usage:
test_list = [1, 2, 3]
test_tup = (4, 5)
result = add_tuple(test_list, test_tup)
print(result)  # Output: [1, 2, 3, 4, 5]","def add_tuple(test_list, test_tup):
  test_list += test_tup
  return test_list",Passed,,,,,,,,,,,,,,,,,,,
MBPP,751,"def check_min_heap_helper(arr, i):
    n = len(arr)
    
    # Base case: if i is a leaf node, it's a valid heap
    if 2 * i + 1 >= n:
        return True
    
    # Check if the current node is less than or equal to its children
    if arr[i] <= arr[2 * i + 1] and check_min_heap_helper(arr, 2 * i + 1):
        if 2 * i + 2 < n and arr[i] <= arr[2 * i + 2]:
            return check_min_heap_helper(arr, 2 * i + 2)
    
    return False

# Example usage:
arr = [3, 5, 4, 9, 8]
print(check_min_heap_helper(arr, 0))  # Output: True","def check_min_heap_helper(arr, i):
    if 2 * i + 2 > len(arr):
        return True
    left_child = (arr[i] <= arr[2 * i + 1]) and check_min_heap_helper(arr, 2 * i + 1)
    right_child = (2 * i + 2 == len(arr)) or (arr[i] <= arr[2 * i + 2] 
                                      and check_min_heap_helper(arr, 2 * i + 2))
    return left_child and right_child

def check_min_heap(arr):
  return check_min_heap_helper(arr, 0)",Passed,,,,,,,,,,,,,,,,,,,
MBPP,752,"def jacobsthal_num(n):
    if n == 0:
        return 0
    elif n == 1:
        return 1
    else:
        a, b = 0, 1
        for _ in range(2, n + 1):
            a, b = b, 2 * b + a
        return b

# Test the function
print(jacobsthal_num(0))  # Output: 0
print(jacobsthal_num(1))  # Output: 1
print(jacobsthal_num(2))  # Output: 1
print(jacobsthal_num(3))  # Output: 3
print(jacobsthal_num(4))  # Output: 5
print(jacobsthal_num(5))  # Output: 11
print(jacobsthal_num(6))  # Output: 21
print(jacobsthal_num(7))  # Output: 43
print(jacobsthal_num(8))  # Output: 85
print(jacobsthal_num(9))  # Output: 171
print(jacobsthal_num(10)) # Output: 341","def jacobsthal_num(n): 
	dp = [0] * (n + 1) 
	dp[0] = 0
	dp[1] = 1
	for i in range(2, n+1): 
		dp[i] = dp[i - 1] + 2 * dp[i - 2] 
	return dp[n]",Passed,,,,,,,,,,,,,,,,,,,
MBPP,753,"def min_k(test_list, K):
    # Sort the list of tuples based on the first element of each tuple
    test_list.sort()
    # Return the first K elements from the sorted list
    return test_list[:K]

# Test cases
print(min_k([(3, 4), (1, 2), (5, 6)], 2))  # Output: [(1, 2)]
print(min_k([(10, 20), (5, 30), (7, 40)], 3))  # Output: [(5, 30), (7, 40), (10, 20)]
print(min_k([(1, 1), (2, 2), (3, 3)], 1))  # Output: [(1, 1)]
print(min_k([(5, 5), (5, 5), (5, 5)], 2))  # Output: [(5, 5), (5, 5)]","def min_k(test_list, K):
  res = sorted(test_list, key = lambda x: x[1])[:K]
  return (res) ",Passed,,,,,,,,,,,,,,,,,,,
MBPP,754,"def extract_index_list(l1, l2, l3):
    # Find the length of the shortest list to avoid index errors
    min_length = min(len(l1), len(l2), len(l3))
    
    # Initialize an empty list to store common elements
    common_elements = []
    
    # Iterate over the range of the shortest list
    for i in range(min_length):
        # Check if the element at the current index is present in all three lists
        if l1[i] == l2[i] == l3[i]:
            # If it is, add it to the common_elements list
            common_elements.append(l1[i])
    
    # Return the list of common elements
    return common_elements","def extract_index_list(l1, l2, l3):
    result = []
    for m, n, o in zip(l1, l2, l3):
        if (m == n == o):
            result.append(m)
    return result",Passed,,,,,,,,,,,,,,,,,,,
MBPP,755,"def second_smallest(numbers):
    if len(numbers) < 2:
        raise ValueError(""List must contain at least two elements"")
    
    # Initialize the first two smallest numbers
    smallest = second_smallest = float('inf')
    
    for num in numbers:
        if num < smallest:
            second_smallest = smallest
            smallest = num
        elif smallest < num < second_smallest:
            second_smallest = num
    
    if second_smallest == float('inf'):
        raise ValueError(""List must contain at least two distinct elements"")
    
    return second_smallest","def second_smallest(numbers):
  unique_numbers = list(set(numbers))
  unique_numbers.sort()
  if len(unique_numbers) < 2:
    return None
  else:
    return unique_numbers[1]",Passed,,,,,,,,,,,,,,,,,,,
MBPP,756,"import re

def text_match_zero_one(text):
    # Use regular expression to find the pattern 'a' followed by one or more 'b's
    pattern = 'ab+'
    if re.search(pattern, text):
        return ""Found a match!""
    else:
        return ""No match!""

# Test the function
print(text_match_zero_one(""ab""))  # Should return ""Found a match!""
print(text_match_zero_one(""aabbb""))  # Should return ""Found a match!""
print(text_match_zero_one(""abc""))  # Should return ""No match!""
print(text_match_zero_one(""abbc""))  # Should return ""Found a match!""
print(text_match_zero_one(""a""))  # Should return ""No match!""","import re
def text_match_zero_one(text):
        patterns = 'ab+?'
        if re.search(patterns,  text):
                return True
        else:
                return False",Passed,,,,,,,,,,,,,,,,,,,
MBPP,757,"def count_reverse_pairs(test_list):
    # Create a set to store unique strings
    unique_strings = set(test_list)
    
    # Initialize the count of reverse pairs
    count = 0
    
    # Iterate over each string in the set
    for string in unique_strings:
        # Check if the reverse of the string is also in the set
        if string[::-1] in unique_strings:
            # If it is, increment the count by 2 (each pair counts twice)
            count += 2
    
    return count

# Example usage:
test_list = [""abc"", ""cba"", ""def"", ""fed"", ""ghi""]
print(count_reverse_pairs(test_list))  # Output: 4","def count_reverse_pairs(test_list):
  res = sum([1 for idx in range(0, len(test_list)) for idxn in range(idx, len( 
	test_list)) if test_list[idxn] == str(''.join(list(reversed(test_list[idx]))))]) 
  return res",Passed,,,,,,,,,,,,,,,,,,,
MBPP,758,"from collections import Counter

def unique_sublists(list1):
    # Convert each list in list1 to a tuple and count occurrences
    return dict(Counter(tuple(sublist) for sublist in list1))

# Example usage:
list1 = [[1, 2], [3, 4], [1, 2], [5, 6], [3, 4]]
print(unique_sublists(list1))  # Output: {frozenset({1, 2}): 2, frozenset({3, 4}): 2, frozenset({5, 6}): 1}","def unique_sublists(list1):
    result ={}
    for l in  list1: 
        result.setdefault(tuple(l), list()).append(1) 
    for a, b in result.items(): 
        result[a] = sum(b)
    return result",Passed,,,,,,,,,,,,,,,,,,,
MBPP,759,"import re

def is_decimal(num):
    # Regular expression to match a decimal number with exactly two digits after the decimal point
    pattern = r'^\d+(\.\d{2})?$'
    return bool(re.match(pattern, num))

# Test cases
print(is_decimal(""123.45""))  # True
print(is_decimal(""123.4""))   # False
print(is_decimal(""123.456"")) # False
print(is_decimal(""123""))     # False
print(is_decimal("".45""))     # False
print(is_decimal(""0.45""))    # True
print(is_decimal(""-123.45"")) # True","def is_decimal(num):
    import re
    dnumre = re.compile(r""""""^[0-9]+(\.[0-9]{1,2})?$"""""")
    result = dnumre.search(num)
    return bool(result)",Passed,,,,,,,,,,,,,,,,,,,
MBPP,760,"def unique_Element(arr):
    return len(set(arr)) == 1","def unique_Element(arr):
    s = set(arr)
    return len(s) == 1",Passed,,,,,,,,,,,,,,,,,,,
MBPP,762,"def check_monthnumber_number(monthnum3):
    # List of months with 30 days
    months_with_30_days = [4, 6, 9, 11]
    
    # Check if the given month number is in the list of months with 30 days
    if monthnum3 in months_with_30_days:
        return True
    else:
        return False

# Example usage:
print(check_monthnumber_number(4))  # Output: True
print(check_monthnumber_number(7))  # Output: False","def check_monthnumber_number(monthnum3):
  return monthnum3==4 or monthnum3==6 or monthnum3==9 or monthnum3==11",Passed,,,,,,,,,,,,,,,,,,,
MBPP,763,"def find_min_diff(arr, n):
    # Sort the array
    arr.sort()
    
    # Initialize the minimum difference to a large number
    min_diff = float('inf')
    
    # Iterate through the sorted array to find the minimum difference
    for i in range(n - 1):
        # Calculate the difference between consecutive elements
        diff = arr[i + 1] - arr[i]
        
        # Update the minimum difference if the current difference is smaller
        if diff < min_diff:
            min_diff = diff
    
    return min_diff

# Example usage:
arr = [4, 9, 1, 3]
n = len(arr)
print(find_min_diff(arr, n))  # Output: 2","def find_min_diff(arr,n): 
    arr = sorted(arr) 
    diff = 10**20 
    for i in range(n-1): 
        if arr[i+1] - arr[i] < diff: 
            diff = arr[i+1] - arr[i]  
    return diff ",Passed,,,,,,,,,,,,,,,,,,,
MBPP,764,"def number_ctr(str):
    return sum(c.isdigit() for c in str)","def number_ctr(str):
      number_ctr= 0
      for i in range(len(str)):
          if str[i] >= '0' and str[i] <= '9': number_ctr += 1     
      return  number_ctr",Passed,,,,,,,,,,,,,,,,,,,
MBPP,765,"def is_polite(n):
    # A number is polite if it can be expressed as the sum of two or more consecutive positive integers
    # For example, 5 is not polite because it cannot be written as the sum of two consecutive integers
    # However, 6 is polite because it can be written as 3 + 3
    # The function checks if n can be expressed as such a sum
    if n < 2:
        return False
    for i in range(1, n):
        if (n - i) % (i + 1) == 0:
            return True
    return False

# Example usage:
print(is_polite(5))  # Output: False
print(is_polite(6))  # Output: True","import math 
def is_polite(n): 
	n = n + 1
	return (int)(n+(math.log((n + math.log(n, 2)), 2))) ",Passed,,,,,,,,,,,,,,,,,,,
MBPP,766,"def pair_wise(l1):
    return [(l1[i], l1[i+1]) for i in range(len(l1)-1)]","def pair_wise(l1):
    temp = []
    for i in range(len(l1) - 1):
        current_element, next_element = l1[i], l1[i + 1]
        x = (current_element, next_element)
        temp.append(x)
    return temp",Passed,,,,,,,,,,,,,,,,,,,
MBPP,767,"def get_pairs_count(arr, sum):
    # Create a dictionary to store the frequency of each element in the array
    frequency = {}
    
    # Count the frequency of each element in the array
    for num in arr:
        if num in frequency:
            frequency[num] += 1
        else:
            frequency[num] = 1
    
    # Initialize the count of pairs
    pair_count = 0
    
    # Iterate through the array to find pairs
    for num in arr:
        complement = sum - num
        if complement in frequency:
            # If the complement exists in the dictionary, add the frequency of the complement to the pair count
            pair_count += frequency[complement]
    
    # If the number itself is the complement of itself, we need to subtract one from the pair count
    if sum % 2 == 0 and frequency.get(sum // 2, 0) > 1:
        pair_count -= 1
    
    return pair_count

# Example usage:
arr = [1, 5, 7, -1, 5]
sum = 6
print(get_pairs_count(arr, sum))  # Output: 3","def get_pairs_count(arr, sum):
    count = 0  
    for i in range(len(arr)):
        for j in range(i + 1,len(arr)):
            if arr[i] + arr[j] == sum:
                count += 1
    return count",Passed,,,,,,,,,,,,,,,,,,,
MBPP,769,"def Diff(li1, li2):
    # Use set operations to find the difference between two lists
    return list(set(li1) - set(li2))

# Example usage:
li1 = [1, 2, 3, 4, 5]
li2 = [3, 4, 5, 6, 7]
print(Diff(li1, li2))  # Output: [1, 2]","def Diff(li1,li2):
    return list(set(li1)-set(li2)) + list(set(li2)-set(li1))
 ",Passed,,,,,,,,,,,,,,,,,,,
MBPP,770,"def odd_num_sum(n):
    total = 0
    for i in range(1, n + 1):
        odd_number = 2 * i - 1
        total += odd_number ** 4
    return total

# Example usage:
print(odd_num_sum(3))  # Output: 785","def odd_num_sum(n) : 
    j = 0
    sm = 0
    for i in range(1,n + 1) : 
        j = (2*i-1) 
        sm = sm + (j*j*j*j)   
    return sm ",Passed,,,,,,,,,,,,,,,,,,,
MBPP,771,"```python
def check_expression(exp):
    stack = []
    for char in exp:
        if char in ""({["":
            stack.append(char)
        elif char in "")}]"":
            if not stack:
                return False
            top = stack.pop()
            if (char == "")"" and top != ""("") or \
               (char == ""]"" and top != ""["") or \
               (char == ""}"" and top != ""{""):
                return False
    return len(stack) == 0

# Test cases
print(check_expression(""()""))  # True
print(check_expression(""(())""))  # True
print(check_expression(""(()))""))  # False
print(check_expression(""{[()]}""))  # True
print(check_expression(""{[(])}""))  # False
print(check_expression(""{{[[(())]]}}""))  # True
print(check_expression(""{{[[(())]]}}""))  # True
print(check_expression(""{{[[(())]]}}""))  # True
print(check_expression(""{{[[(())]]}}""))  # True
print(check_expression(""{{[[(())]]}}""))  # True
print(check_expression(""{{[[(())]]}}""))  # True
print(check_expression(""{{[[(())]]}}""))  # True
print(check_expression(""{{[[(())]]}}""))  # True
print(check_expression(""{{[[(())]]}}""))  # True
print(check_expression(""{{[[(())]]}}""))  # True
print(check_expression(""{{[[(())]]}}""))  # True
print(check_expression(""{{[[(())]]}}""))  # True
print(check_expression(""{{[[(())]]}}""))  # True
print(check_expression(""{{[[(())]]}}""))  # True
print(check_expression(""{{[[(())]]}}""))  # True
print(check_expression(""{{[[(())]]}}""))  # True
print(check_expression(""{{[[(())]]}}""))  # True
print(check_expression(""{{[[(())]]}}""))  # True
print(check_expression(""{{[[(())]]}}""))  # True
print(check_expression(""{{[[(())]]}}""))  # True
print(check_expression(""{{[[(())]]}}""))  # True
print(check_expression(""{{[[(())]]}}""))  # True
print(check_expression(""{{[[(())]]}}""))  # True
print(check_expression(""{{","from collections import deque
def check_expression(exp):
    if len(exp) & 1:
        return False
    stack = deque()
    for ch in exp:
        if ch == '(' or ch == '{' or ch == '[':
            stack.append(ch)
        if ch == ')' or ch == '}' or ch == ']':
            if not stack:
                return False
            top = stack.pop()
            if (top == '(' and ch != ')') or (top == '{' and ch != '}' or (top == '[' and ch != ']')):
                return False
    return not stack","Failed: Syntax Hallucination (unterminated string literal (detected at line 46) (<string>, line 46))",,,,,,,,,,,,,,,,,,,
MBPP,772,"def remove_length(test_str, K):
    # Split the string into words
    words = test_str.split()
    
    # Filter out words with length K
    filtered_words = [word for word in words if len(word) != K]
    
    # Join the filtered words back into a string
    result = ' '.join(filtered_words)
    
    return result

# Example usage:
test_str = ""This is a test string with some words of different lengths""
K = 3
print(remove_length(test_str, K))  # Output: ""This is a string with some words of different lengths""","def remove_length(test_str, K):
  temp = test_str.split()
  res = [ele for ele in temp if len(ele) != K]
  res = ' '.join(res)
  return (res) ",Passed,,,,,,,,,,,,,,,,,,,
MBPP,773,"def occurance_substring(text, pattern):
    # Check if the pattern is empty
    if not pattern:
        return None
    
    # Initialize variables to store the result
    result = []
    
    # Iterate over the text to find all occurrences of the pattern
    for i in range(len(text) - len(pattern) + 1):
        # Extract a substring from the text that matches the pattern length
        current_substring = text[i:i+len(pattern)]
        
        # Check if the current substring matches the pattern
        if current_substring == pattern:
            # Append the position and occurrence count to the result list
            result.append((i, 1))
    
    # If no matches were found, return None
    if not result:
        return None
    
    # Return the result list
    return result","import re
def occurance_substring(text,pattern):
 for match in re.finditer(pattern, text):
    s = match.start()
    e = match.end()
    return (text[s:e], s, e)",Passed,,,,,,,,,,,,,,,,,,,
MBPP,775,"def odd_position(nums):
    for i in range(1, len(nums), 2):
        if nums[i] % 2 == 0:
            return False
    return True

# Test the function
print(odd_position([1, 3, 5, 7]))  # Output: True
print(odd_position([1, 2, 3, 4]))  # Output: False","def odd_position(nums):
	return all(nums[i]%2==i%2 for i in range(len(nums)))",Passed,,,,,,,,,,,,,,,,,,,
MBPP,776,"def count_vowels(test_str):
    # Define vowels
    vowels = 'aeiouAEIOU'
    # Initialize count
    count = 0
    
    # Iterate through the string
    for i in range(1, len(test_str) - 1):
        # Check if current character is a vowel and has vowels as neighbors
        if test_str[i] in vowels and test_str[i-1] in vowels and test_str[i+1] in vowels:
            count += 1
            
    return count

# Test the function
print(count_vowels(""hello""))  # Output: 2
print(count_vowels(""world""))  # Output: 1
print(count_vowels(""python""))  # Output: 0","def count_vowels(test_str):
  res = 0
  vow_list = ['a', 'e', 'i', 'o', 'u']
  for idx in range(1, len(test_str) - 1):
    if test_str[idx] not in vow_list and (test_str[idx - 1] in vow_list or test_str[idx + 1] in vow_list):
      res += 1
  if test_str[0] not in vow_list and test_str[1] in vow_list:
    res += 1
  if test_str[-1] not in vow_list and test_str[-2] in vow_list:
    res += 1
  return (res) ",Passed,,,,,,,,,,,,,,,,,,,
MBPP,777,"def find_sum(arr):
    # Create a dictionary to count occurrences of each element
    count_dict = {}
    
    # Count occurrences of each element in the array
    for num in arr:
        if num in count_dict:
            count_dict[num] += 1
        else:
            count_dict[num] = 1
    
    # Calculate the sum of elements that appear only once
    sum_non_repeated = sum(num for num, count in count_dict.items() if count == 1)
    
    return sum_non_repeated","def find_sum(arr): 
    arr.sort() 
    sum = arr[0] 
    for i in range(len(arr)-1): 
        if (arr[i] != arr[i+1]): 
            sum = sum + arr[i+1]   
    return sum",Passed,,,,,,,,,,,,,,,,,,,
MBPP,778,"def pack_consecutive_duplicates(lst):
    if not lst:
        return []

    result = []
    current_group = [lst[0]]

    for i in range(1, len(lst)):
        if lst[i] == lst[i - 1]:
            current_group.append(lst[i])
        else:
            result.append(current_group)
            current_group = [lst[i]]

    # Append the last group
    result.append(current_group)

    return result

# Example usage:
print(pack_consecutive_duplicates([1, 1, 2, 3, 3, 3, 4, 5, 5, 5, 5]))
# Output: [[1, 1], [2], [3, 3, 3], [4], [5, 5, 5, 5]]","from itertools import groupby
def pack_consecutive_duplicates(list1):
    return [list(group) for key, group in groupby(list1)]",Passed,,,,,,,,,,,,,,,,,,,
MBPP,779,"from collections import Counter

def unique_sublists(list1):
    # Convert each list in list1 to a tuple and count their occurrences
    return dict(Counter(tuple(sublist) for sublist in list1))

# Example usage:
list1 = [[1, 2], [3, 4], [1, 2], [5, 6], [3, 4]]
print(unique_sublists(list1))  # Output: {(1, 2): 2, (3, 4): 2, (5, 6): 1}","def unique_sublists(list1):
    result ={}
    for l in list1: 
        result.setdefault(tuple(l), list()).append(1) 
    for a, b in result.items(): 
        result[a] = sum(b)
    return result",Passed,,,,,,,,,,,,,,,,,,,
MBPP,780,"from itertools import combinations

def find_combinations(test_list):
    result = []
    for r in range(1, len(test_list) + 1):
        for combo in combinations(test_list, r):
            result.append(sum(combo))
    return result

# Example usage:
test_list = [(1, 2), (3, 4), (5, 6)]
print(find_combinations(test_list))  # Output: [3, 7, 9, 10, 11, 12]","from itertools import combinations 
def find_combinations(test_list):
  res = [(b1 + a1, b2 + a2) for (a1, a2), (b1, b2) in combinations(test_list, 2)]
  return (res) ",Failed: TypeError: unsupported operand type(s) for +: 'int' and 'tuple',,,,,,,,,,,,,,,,,,,
MBPP,781,"def count_divisors(n):
    count = 0
    for i in range(1, n + 1):
        if n % i == 0:
            count += 1
    return count % 2 == 0

# Example usage:
print(count_divisors(6))  # Output: True
print(count_divisors(7))  # Output: False","import math 
def count_divisors(n) : 
    count = 0
    for i in range(1, (int)(math.sqrt(n)) + 2) : 
        if (n % i == 0) : 
            if( n // i == i) : 
                count = count + 1
            else : 
                count = count + 2
    return count % 2 == 0",Passed,,,,,,,,,,,,,,,,,,,
MBPP,782,"def odd_length_sum(arr):
    n = len(arr)
    total_sum = 0
    
    # Iterate over each possible odd length
    for length in range(1, n + 1, 2):
        current_sum = 0
        # Calculate the sum of subarrays of the current length
        for i in range(n - length + 1):
            current_sum += sum(arr[i:i+length])
        total_sum += current_sum
    
    return total_sum

# Example usage:
arr = [1, 4, 2, 5, 3]
print(odd_length_sum(arr))  # Output: 35","def odd_length_sum(arr):
    Sum = 0
    l = len(arr)
    for i in range(l):
        Sum += ((((i + 1) *(l - i) + 1) // 2) * arr[i])
    return Sum",Passed,,,,,,,,,,,,,,,,,,,
MBPP,783,"import math

def rgb_to_hsv(r, g, b):
    # Normalize the RGB values to the range [0, 1]
    r, g, b = r / 255.0, g / 255.0, b / 255.0
    
    # Find the maximum and minimum values in the RGB array
    max_val = max(r, g, b)
    min_val = min(r, g, b)
    
    # Calculate the difference between the maximum and minimum values
    diff = max_val - min_val
    
    # If the maximum value is equal to the minimum value, the color is grayscale
    if diff == 0:
        h = 0
        s = 0
    else:
        # Calculate the saturation
        s = diff / max_val
        
        # Calculate the hue
        if max_val == r:
            h = (60 * ((g - b) / diff)) % 360
        elif max_val == g:
            h = (60 * ((b - r) / diff)) + 120
        else:  # max_val == b
            h = (60 * ((r - g) / diff)) + 240
    
    # Calculate the value
    v = max_val
    
    return h, s, v","def rgb_to_hsv(r, g, b):
    r, g, b = r/255.0, g/255.0, b/255.0
    mx = max(r, g, b)
    mn = min(r, g, b)
    df = mx-mn
    if mx == mn:
        h = 0
    elif mx == r:
        h = (60 * ((g-b)/df) + 360) % 360
    elif mx == g:
        h = (60 * ((b-r)/df) + 120) % 360
    elif mx == b:
        h = (60 * ((r-g)/df) + 240) % 360
    if mx == 0:
        s = 0
    else:
        s = (df/mx)*100
    v = mx*100
    return h, s, v",Passed,,,,,,,,,,,,,,,,,,,
MBPP,784,"def mul_even_odd(list1):
    even_count = 0
    odd_count = 0
    even_product = 1
    odd_product = 1
    
    for num in list1:
        if num % 2 == 0:
            even_count += 1
            even_product *= num
        else:
            odd_count += 1
            odd_product *= num
    
    if even_count == 0:
        return ""No even numbers found""
    elif odd_count == 0:
        return ""No odd numbers found""
    
    return even_product * odd_product

# Example usage:
print(mul_even_odd([1, 2, 3, 4, 5]))  # Output: 10 (2 * 5)
print(mul_even_odd([1, 3, 5, 7]))  # Output: 15 (3 * 5)
print(mul_even_odd([2, 4, 6, 8]))  # Output: 16 (2 * 8)
print(mul_even_odd([1, 2, 3, 4]))  # Output: 8 (2 * 4)","def mul_even_odd(list1):
    first_even = next((el for el in list1 if el%2==0),-1)
    first_odd = next((el for el in list1 if el%2!=0),-1)
    return (first_even*first_odd)",Passed,,,,,,,,,,,,,,,,,,,
MBPP,785,"def tuple_str_int(test_str):
    # Split the string by commas and strip whitespace from each element
    test_list = [int(ele.strip()) for ele in test_str.split(',')]
    return tuple(test_list)

# Example usage:
test_str = ""1, 2, 3, 4, 5""
result = tuple_str_int(test_str)
print(result)  # Output: (1, 2, 3, 4, 5)","def tuple_str_int(test_str):
  res = tuple(int(num) for num in test_str.replace('(', '').replace(')', '').replace('...', '').split(', '))
  return (res) ",Passed,,,,,,,,,,,,,,,,,,,
MBPP,786,"def right_insertion(a, x):
    left, right = 0, len(a)
    while left < right:
        mid = (left + right) // 2
        if a[mid] <= x:
            left = mid + 1
        else:
            right = mid
    return left

# Example usage:
a = [1, 2, 4, 4, 5]
x = 3
print(right_insertion(a, x))  # Output: 2","import bisect
def right_insertion(a, x):
    return bisect.bisect_right(a, x)",Passed,,,,,,,,,,,,,,,,,,,
MBPP,787,"import re

def text_match_three(text):
    # Use regular expression to find the pattern ""a...b""
    if re.search(r'a...b', text):
        return True
    else:
        return False","import re
def text_match_three(text):
        patterns = 'ab{3}?'
        return re.search(patterns,  text)",Passed,,,,,,,,,,,,,,,,,,,
MBPP,11,"def remove_Occ(s, ch):
    # Find the first occurrence of the character
    first_occurrence = s.find(ch)
    
    # If the character is not found, return the original string
    if first_occurrence == -1:
        return s
    
    # Find the last occurrence of the character
    last_occurrence = s.rfind(ch)
    
    # Remove the first occurrence
    s = s[:first_occurrence] + s[first_occurrence+1:]
    
    # Remove the last occurrence
    s = s[:last_occurrence] + s[last_occurrence+1:]
    
    return s

# Example usage:
print(remove_Occ(""hello world"", ""o""))  # Output: ""hell wrld""","def remove_Occ(s,ch): 
    for i in range(len(s)): 
        if (s[i] == ch): 
            s = s[0 : i] + s[i + 1:] 
            break
    for i in range(len(s) - 1,-1,-1):  
        if (s[i] == ch): 
            s = s[0 : i] + s[i + 1:] 
            break
    return s ",Passed,,,,,,,,,,,,,,,,,,,
MBPP,12,"def sort_matrix(M):
    # Sort the matrix based on the sum of each row
    M.sort(key=sum)
    return M

# Example usage:
matrix = [
    [3, 1, 4],
    [1, 5, 9],
    [2, 6, 5]
]

sorted_matrix = sort_matrix(matrix)
print(sorted_matrix)","def sort_matrix(M):
    result = sorted(M, key=sum)
    return result",Passed,,,,,,,,,,,,,,,,,,,
MBPP,14,"def find_Volume(l, b, h):
    # Calculate the area of the base triangle
    base_area = 0.5 * b * h
    
    # Calculate the volume of the prism
    volume = base_area * l
    
    return volume","def find_Volume(l,b,h) : 
    return ((l * b * h) / 2) ",Passed,,,,,,,,,,,,,,,,,,,
MBPP,16,"import re

def text_lowercase_underscore(text):
    # Use regular expression to find sequences of lowercase letters joined with an underscore
    return bool(re.search(r'[a-z]+_[a-z]+', text))

# Test cases
print(text_lowercase_underscore(""hello_world""))  # True
print(text_lowercase_underscore(""hello_world_123""))  # False
print(text_lowercase_underscore(""hello_world_hello""))  # True
print(text_lowercase_underscore(""hello_world_hello_world""))  # True
print(text_lowercase_underscore(""hello_world_hello_world_123""))  # False","import re
def text_lowercase_underscore(text):
        patterns = '^[a-z]+_[a-z]+$'
        if re.search(patterns,  text):
                return True
        else:
                return False",Passed,,,,,,,,,,,,,,,,,,,
MBPP,17,"def square_perimeter(a):
    return 4 * a","def square_perimeter(a):
  perimeter=4*a
  return perimeter",Passed,,,,,,,,,,,,,,,,,,,
MBPP,18,"def str_to_list(string):
    return list(string)","NO_OF_CHARS = 256
def str_to_list(string): 
	temp = [] 
	for x in string: 
		temp.append(x) 
	return temp 
def lst_to_string(List): 
	return ''.join(List) 
def get_char_count_array(string): 
	count = [0] * NO_OF_CHARS 
	for i in string: 
		count[ord(i)] += 1
	return count 
def remove_dirty_chars(string, second_string): 
	count = get_char_count_array(second_string) 
	ip_ind = 0
	res_ind = 0
	temp = '' 
	str_list = str_to_list(string) 
	while ip_ind != len(str_list): 
		temp = str_list[ip_ind] 
		if count[ord(temp)] == 0: 
			str_list[res_ind] = str_list[ip_ind] 
			res_ind += 1
		ip_ind+=1
	return lst_to_string(str_list[0:res_ind]) ",Passed,,,,,,,,,,,,,,,,,,,
MBPP,19,"def test_duplicate(arraynums):
    # Create a set to store unique elements
    seen = set()
    
    # Iterate through each number in the array
    for num in arraynums:
        # If the number is already in the set, it's a duplicate
        if num in seen:
            return True
        # Add the number to the set
        seen.add(num)
    
    # If no duplicates are found, return False
    return False","def test_duplicate(arraynums):
    nums_set = set(arraynums)    
    return len(arraynums) != len(nums_set)     ",Passed,,,,,,,,,,,,,,,,,,,
MBPP,20,"def is_woodall(x):
    # A number x is a Woodall number if it can be expressed as n * 2^n - 1 for some integer n.
    # We need to find such an n that satisfies this equation.
    # Start with n = 1 and increment until we find a match or exceed x.
    n = 1
    while True:
        woodall_candidate = n * (2 ** n) - 1
        if woodall_candidate == x:
            return True
        elif woodall_candidate > x:
            return False
        n += 1

# Example usage:
print(is_woodall(7))  # Output: True, because 7 is a Woodall number (1 * 2^3 - 1)
print(is_woodall(10)) # Output: False, because 10 is not a Woodall number","def is_woodall(x): 
	if (x % 2 == 0): 
		return False
	if (x == 1): 
		return True
	x = x + 1 
	p = 0
	while (x % 2 == 0): 
		x = x/2
		p = p + 1
		if (p == x): 
			return True
	return False",Passed,,,,,,,,,,,,,,,,,,,
MBPP,56,"def rev(num):
    # Convert the number to a string, reverse it, and convert back to an integer
    return int(str(num)[::-1])

def check_number(num):
    # Check if the number is one less than twice its reverse
    return num == 2 * rev(num) - 1

# Example usage:
print(check_number(19))  # Output: True
print(check_number(20))  # Output: False","def rev(num):    
    rev_num = 0
    while (num > 0):  
        rev_num = (rev_num * 10 + num % 10) 
        num = num // 10  
    return rev_num  
def check(n):    
    return (2 * rev(n) == n + 1)  ",Passed,,,,,,,,,,,,,,,,,,,
MBPP,57,"def find_Max_Num(arr):
    # Convert each digit to a string to facilitate comparison
    arr = [str(num) for num in arr]
    
    # Sort the array in descending order
    arr.sort(reverse=True)
    
    # Join the sorted array into a single string
    max_num_str = ''.join(arr)
    
    # Convert the string back to an integer
    max_num = int(max_num_str)
    
    return max_num

# Example usage:
arr = [3, 30, 34, 5, 9]
print(find_Max_Num(arr))  # Output: 9534330","def find_Max_Num(arr) : 
    n = len(arr)
    arr.sort(reverse = True) 
    num = arr[0] 
    for i in range(1,n) : 
        num = num * 10 + arr[i] 
    return num ",Passed,,,,,,,,,,,,,,,,,,,
MBPP,58,"def opposite_Signs(x, y):
    return x * y < 0","def opposite_Signs(x,y): 
    return ((x ^ y) < 0); ",Passed,,,,,,,,,,,,,,,,,,,
MBPP,59,"def is_octagonal(n):
    # An octagonal number can be checked using the formula: 3*n^2 - n = 8k + 1
    # Rearranging, we get: 3*n^2 - n - 8k - 1 = 0
    # This is a quadratic equation in n, which can be solved using the quadratic formula
    # n = (1 + sqrt(1 + 24*8k + 24)) / 6
    # We need to check if n is an integer and non-negative
    
    # Calculate the discriminant
    discriminant = 1 + 24 * 8 * n + 24
    
    # Check if the discriminant is a perfect square
    if discriminant < 0:
        return False
    
    sqrt_discriminant = int(discriminant ** 0.5)
    
    # Check if the discriminant is a perfect square
    if sqrt_discriminant * sqrt_discriminant != discriminant:
        return False
    
    # Calculate the potential n value
    n_value = (1 + sqrt_discriminant) // 6
    
    # Check if n_value is non-negative and an integer
    if n_value < 0 or n_value != int(n_value):
        return False
    
    # If all checks pass, n is an octagonal number
    return True","def is_octagonal(n): 
	return 3 * n * n - 2 * n ",Passed,,,,,,,,,,,,,,,,,,,
MBPP,61,"def count_Substrings(s):
    def is_valid_substring(sub):
        return sum(int(digit) for digit in sub) == len(sub)

    count = 0
    n = len(s)
    
    # Iterate over all possible substrings
    for i in range(n):
        for j in range(i + 1, n + 1):
            if is_valid_substring(s[i:j]):
                count += 1

    return count

# Example usage:
print(count_Substrings(""12345""))  # Output: 6","from collections import defaultdict
def count_Substrings(s):
    n = len(s)
    count,sum = 0,0
    mp = defaultdict(lambda : 0)
    mp[0] += 1
    for i in range(n):
        sum += ord(s[i]) - ord('0')
        count += mp[sum - (i + 1)]
        mp[sum - (i + 1)] += 1
    return count",Passed,,,,,,,,,,,,,,,,,,,
MBPP,62,"def smallest_num(xs):
    if not xs:
        return None  # Return None if the list is empty
    return min(xs)  # Use the built-in min function to find the smallest number","def smallest_num(xs):
  return min(xs)
",Passed,,,,,,,,,,,,,,,,,,,
MBPP,63,"def max_difference(test_list):
    # Initialize the minimum and maximum values to the first element of the list
    min_val = test_list[0]
    max_val = test_list[0]
    
    # Iterate through the list to find the minimum and maximum values
    for num in test_list:
        if num < min_val:
            min_val = num
        if num > max_val:
            max_val = num
    
    # Return the maximum difference between the maximum and minimum values
    return max_val - min_val

# Example usage:
test_list = [10, 3, 5, 7, 2]
print(max_difference(test_list))  # Output: 9","def max_difference(test_list):
  temp = [abs(b - a) for a, b in test_list]
  res = max(temp)
  return (res) ",Passed,,,,,,,,,,,,,,,,,,,
MBPP,64,"def subject_marks(subjectmarks):
    return sorted(subjectmarks, key=lambda x: x[1])","def subject_marks(subjectmarks):
#subject_marks = [('English', 88), ('Science', 90), ('Maths', 97), ('Social sciences', 82)])
 subjectmarks.sort(key = lambda x: x[1])
 return subjectmarks",Passed,,,,,,,,,,,,,,,,,,,
MBPP,65,"def recursive_list_sum(data_list):
    total = 0
    for item in data_list:
        if isinstance(item, list):
            total += recursive_list_sum(item)
        else:
            total += item
    return total

# Example usage:
print(recursive_list_sum([1, [2, [3, 4], 5], 6]))  # Output: 21","def recursive_list_sum(data_list):
	total = 0
	for element in data_list:
		if type(element) == type([]):
			total = total + recursive_list_sum(element)
		else:
			total = total + element
	return total",Passed,,,,,,,,,,,,,,,,,,,
MBPP,66,"def pos_count(lst):
    return sum(1 for num in lst if num > 0)","def pos_count(list):
  pos_count= 0
  for num in list: 
    if num >= 0: 
      pos_count += 1
  return pos_count ",Passed,,,,,,,,,,,,,,,,,,,
MBPP,67,"from math import comb

def bell_number(n):
    # Initialize the first row of the Bell triangle
    bell_triangle = [[1]]
    
    # Fill the Bell triangle up to the nth row
    for i in range(1, n + 1):
        # The first element of each row is always 1
        bell_triangle.append([1])
        
        # Calculate the rest of the elements in the row
        for j in range(1, i):
            bell_triangle[i].append(bell_triangle[i - 1][j - 1] + bell_triangle[i][j - 1])
    
    # The nth Bell number is the last element in the nth row
    return bell_triangle[n][-1]

# Example usage:
print(bell_number(5))  # Output: 15","def bell_number(n):   
    bell = [[0 for i in range(n+1)] for j in range(n+1)] 
    bell[0][0] = 1
    for i in range(1, n+1): 
        bell[i][0] = bell[i-1][i-1]  
        for j in range(1, i+1): 
            bell[i][j] = bell[i-1][j-1] + bell[i][j-1]   
    return bell[n][0] ",Passed,,,,,,,,,,,,,,,,,,,
MBPP,68,"def is_Monotonic(A):
    increasing = decreasing = True
    
    for i in range(1, len(A)):
        if A[i] > A[i - 1]:
            decreasing = False
        elif A[i] < A[i - 1]:
            increasing = False
    
    return increasing or decreasing

# Test cases
print(is_Monotonic([1, 2, 4, 20]))  # True
print(is_Monotonic([1, 20, 4, 10]))  # False
print(is_Monotonic([4, 1, 0, -10]))  # True","def is_Monotonic(A): 
    return (all(A[i] <= A[i + 1] for i in range(len(A) - 1)) or
            all(A[i] >= A[i + 1] for i in range(len(A) - 1))) ",Passed,,,,,,,,,,,,,,,,,,,
MBPP,69,"def is_sublist(l, s):
    # Check if the sublist is empty
    if not s:
        return True
    
    # Iterate over the list l
    for i in range(len(l) - len(s) + 1):
        # Check if the current slice of l matches the sublist s
        if l[i:i+len(s)] == s:
            return True
    
    # If no match is found, return False
    return False","def is_sublist(l, s):
	sub_set = False
	if s == []:
		sub_set = True
	elif s == l:
		sub_set = True
	elif len(s) > len(l):
		sub_set = False
	else:
		for i in range(len(l)):
			if l[i] == s[0]:
				n = 1
				while (n < len(s)) and (l[i+n] == s[n]):
					n += 1				
				if n == len(s):
					sub_set = True
	return sub_set",Passed,,,,,,,,,,,,,,,,,,,
MBPP,70,"def find_equal_tuple(Input):
    # Check if the input is a list of tuples
    if not isinstance(Input, list) or not all(isinstance(item, tuple) for item in Input):
        return False
    
    # Get the length of the first tuple
    first_tuple_length = len(Input[0])
    
    # Check if all tuples have the same length as the first tuple
    for tup in Input:
        if len(tup) != first_tuple_length:
            return False
    
    return True","def find_equal_tuple(Input):
  k = 0 if not Input else len(Input[0])
  flag = 1
  for tuple in Input:
    if len(tuple) != k:
      flag = 0
      break
  return flag
def get_equal(Input):
  return find_equal_tuple(Input) == 1",Passed,,,,,,,,,,,,,,,,,,,
MBPP,71,"def comb_sort(nums):
    gap = len(nums)
    shrink_factor = 1.3
    sorted = False

    while not sorted:
        gap = int(gap / shrink_factor)
        if gap < 1:
            gap = 1
        sorted = True

        for i in range(0, len(nums) - gap):
            if nums[i] > nums[i + gap]:
                nums[i], nums[i + gap] = nums[i + gap], nums[i]
                sorted = False

    return nums","def comb_sort(nums):
    shrink_fact = 1.3
    gaps = len(nums)
    swapped = True
    i = 0
    while gaps > 1 or swapped:
        gaps = int(float(gaps) / shrink_fact)
        swapped = False
        i = 0
        while gaps + i < len(nums):
            if nums[i] > nums[i+gaps]:
                nums[i], nums[i+gaps] = nums[i+gaps], nums[i]
                swapped = True
            i += 1
    return nums",Passed,,,,,,,,,,,,,,,,,,,
MBPP,72,"def dif_Square(n):
    # A number can be expressed as the difference of two squares if and only if it is not of the form 4k + 2
    return n % 4 != 2

# Test cases
print(dif_Square(5))  # True, because 5 = 3^2 - 2^2
print(dif_Square(10)) # True, because 10 = 5^2 - 3^2
print(dif_Square(7))  # False, because 7 is of the form 4k + 3
print(dif_Square(16)) # True, because 16 = 8^2 - 4^2","def dif_Square(n): 
    if (n % 4 != 2): 
        return True
    return False",Passed,,,,,,,,,,,,,,,,,,,
MBPP,74,"def is_samepatterns(colors, patterns):
    # Check if the number of colors matches the number of patterns
    if len(colors) != len(patterns):
        return False
    
    # Iterate over each color and pattern pair
    for color, pattern in zip(colors, patterns):
        # Check if the color matches the pattern
        if color != pattern:
            return False
    
    # If all checks pass, the sequences match
    return True","def is_samepatterns(colors, patterns):    
    if len(colors) != len(patterns):
        return False    
    sdict = {}
    pset = set()
    sset = set()    
    for i in range(len(patterns)):
        pset.add(patterns[i])
        sset.add(colors[i])
        if patterns[i] not in sdict.keys():
            sdict[patterns[i]] = []

        keys = sdict[patterns[i]]
        keys.append(colors[i])
        sdict[patterns[i]] = keys

    if len(pset) != len(sset):
        return False   

    for values in sdict.values():

        for i in range(len(values) - 1):
            if values[i] != values[i+1]:
                return False

    return True",Passed,,,,,,,,,,,,,,,,,,,
MBPP,75,"def find_tuples(test_list, K):
    # Use list comprehension to filter tuples where all elements are divisible by K
    res = [ele for ele in test_list if all(ele % K == 0 for ele in ele)]
    return res

# Example usage:
test_list = [(10, 20, 30), (40, 50, 60), (70, 80, 90)]
K = 10
print(find_tuples(test_list, K))  # Output: [(10, 20, 30), (40, 50, 60), (70, 80, 90)]","def find_tuples(test_list, K):
  res = [sub for sub in test_list if all(ele % K == 0 for ele in sub)]
  return res",Passed,,,,,,,,,,,,,,,,,,,
MBPP,77,"def is_Diff(n):
    # Convert the number to a string to iterate over each digit
    str_n = str(n)
    # Initialize sum of digits at odd positions and even positions
    odd_sum = 0
    even_sum = 0
    
    # Iterate over the string, considering only odd and even positions
    for i in range(len(str_n)):
        if i % 2 == 0:
            # Odd position (0-based index)
            odd_sum += int(str_n[i])
        else:
            # Even position (0-based index)
            even_sum += int(str_n[i])
    
    # Check if the difference between the sums is divisible by 11
    return (odd_sum - even_sum) % 11 == 0

# Example usage:
print(is_Diff(123456))  # Output: True
print(is_Diff(123457))  # Output: False","def is_Diff(n): 
    return (n % 11 == 0) ",Passed,,,,,,,,,,,,,,,,,,,
MBPP,79,"def word_len(s):
    return len(s) % 2 != 0","def word_len(s): 
    s = s.split(' ')   
    for word in s:    
        if len(word)%2!=0: 
            return True  
        else:
          return False",Passed,,,,,,,,,,,,,,,,,,,
MBPP,80,"def tetrahedral_number(n):
    # Calculate the nth tetrahedral number using the formula n * (n + 1) * (n + 2) / 6
    return n * (n + 1) * (n + 2) // 6

# Example usage:
print(tetrahedral_number(3))  # Output: 10","def tetrahedral_number(n): 
	return (n * (n + 1) * (n + 2)) / 6",Passed,,,,,,,,,,,,,,,,,,,
MBPP,82,"import math

def volume_sphere(r):
    return (4/3) * math.pi * r**3","import math
def volume_sphere(r):
  volume=(4/3)*math.pi*r*r*r
  return volume",Passed,,,,,,,,,,,,,,,,,,,
MBPP,83,"def get_Char(strr):
    # Calculate the sum of ASCII values of all characters in the string
    ascii_sum = sum(ord(char) for char in strr)
    
    # Find the character corresponding to the sum modulo 26
    result_char = chr((ascii_sum % 26) + ord('a'))
    
    return result_char

# Example usage:
print(get_Char(""abc""))  # Output: 'd'","def get_Char(strr):  
    summ = 0
    for i in range(len(strr)): 
        summ += (ord(strr[i]) - ord('a') + 1)  
    if (summ % 26 == 0): 
        return ord('z') 
    else: 
        summ = summ % 26
        return chr(ord('a') + summ - 1)",Passed,,,,,,,,,,,,,,,,,,,
MBPP,84,"def sequence(n):
    if n == 1 or n == 2:
        return 1
    
    # Initialize the sequence with the first two numbers
    seq = [1, 1]
    
    # Calculate the sequence up to the nth number
    for i in range(3, n + 1):
        seq.append(seq[seq[i - 1]] + seq[i - seq[i - 1]])
    
    return seq[n - 1]

# Example usage:
print(sequence(5))  # Output: 3
print(sequence(6))  # Output: 4","def sequence(n): 
	if n == 1 or n == 2: 
		return 1
	else: 
		return sequence(sequence(n-1)) + sequence(n-sequence(n-1))",Failed: IndexError: list index out of range,,,,,,,,,,,,,,,,,,,
MBPP,85,"import math

def surfacearea_sphere(r):
    return 4 * math.pi * r ** 2","import math
def surfacearea_sphere(r):
  surfacearea=4*math.pi*r*r
  return surfacearea",Passed,,,,,,,,,,,,,,,,,,,
MBPP,86,"def centered_hexagonal_number(n):
    # The formula for the nth centered hexagonal number is 3n^2 - n + 1
    return 3 * n**2 - n + 1

# Example usage:
print(centered_hexagonal_number(1))  # Output: 1
print(centered_hexagonal_number(2))  # Output: 7
print(centered_hexagonal_number(3))  # Output: 19","def centered_hexagonal_number(n):
  return 3 * n * (n - 1) + 1",Passed,,,,,,,,,,,,,,,,,,,
MBPP,87,"def merge_dictionaries_three(dict1, dict2, dict3):
    # Create a new dictionary to store the merged result
    merged_dict = {}
    
    # Iterate over each dictionary and add its key-value pairs to the merged_dict
    for d in (dict1, dict2, dict3):
        merged_dict.update(d)
    
    return merged_dict

# Example usage:
dict1 = {'a': 1, 'b': 2}
dict2 = {'b': 3, 'c': 4}
dict3 = {'d': 5}

result = merge_dictionaries_three(dict1, dict2, dict3)
print(result)  # Output: {'a': 1, 'b': 3, 'c': 4, 'd': 5}","import collections as ct
def merge_dictionaries_three(dict1,dict2, dict3):
    merged_dict = dict(ct.ChainMap({},dict1,dict2,dict3))
    return merged_dict",Passed,,,,,,,,,,,,,,,,,,,
MBPP,88,"from collections import Counter

def freq_count(list1):
    return dict(Counter(list1))","import collections
def freq_count(list1):
  freq_count= collections.Counter(list1)
  return freq_count",Passed,,,,,,,,,,,,,,,,,,,
MBPP,89,"def closest_num(N):
    # Convert the input to an integer if it's not already
    N = int(N)
    
    # If N is less than or equal to 0, return None since there's no smaller number
    if N <= 0:
        return None
    
    # Subtract 1 from N to get the closest smaller number
    return N - 1","def closest_num(N):
  return (N - 1)",Passed,,,,,,,,,,,,,,,,,,,
MBPP,90,"def len_log(list1):
    if not list1:
        return 0
    max_length = 0
    for word in list1:
        if len(word) > max_length:
            max_length = len(word)
    return max_length","def len_log(list1):
    max=len(list1[0])
    for i in list1:
        if len(i)>max:
            max=len(i)
    return max",Passed,,,,,,,,,,,,,,,,,,,
MBPP,91,"def find_substring(str1, sub_str):
    return sub_str in str1","def find_substring(str1, sub_str):
   if any(sub_str in s for s in str1):
       return True
   return False",Passed,,,,,,,,,,,,,,,,,,,
MBPP,92,"def is_undulating(n):
    # Convert the number to a string to easily iterate over digits
    str_n = str(n)
    
    # Check if the number has less than 3 digits, which cannot be undulating
    if len(str_n) < 3:
        return False
    
    # Check if the first two digits are the same
    if str_n[0] == str_n[1]:
        # Check if the rest of the digits alternate between the first two
        for i in range(2, len(str_n)):
            if (str_n[i] != str_n[i - 2]) or (str_n[i] == str_n[i - 2]):
                return False
        return True
    
    # Check if the first digit is the same as the third digit
    if str_n[0] == str_n[2]:
        # Check if the rest of the digits alternate between the first and third
        for i in range(3, len(str_n)):
            if (str_n[i] != str_n[i - 2]) or (str_n[i] == str_n[i - 2]):
                return False
        return True
    
    # If none of the above conditions are met, the number is not undulating
    return False","def is_undulating(n): 
	n = str(n)
	if (len(n) <= 2): 
		return False
	for i in range(2, len(n)): 
		if (n[i - 2] != n[i]): 
			return False
	return True",Passed,,,,,,,,,,,,,,,,,,,
MBPP,93,"def power(a, b):
    return a ** b","def power(a,b):
	if b==0:
		return 1
	elif a==0:
		return 0
	elif b==1:
		return a
	else:
		return a*power(a,b-1)",Passed,,,,,,,,,,,,,,,,,,,
MBPP,94,"def index_minimum(test_list):
    # Initialize the minimum value and its index
    min_value = float('inf')
    min_index = -1
    
    # Iterate over the list of tuples
    for index, (value, _) in enumerate(test_list):
        # Check if the current value is smaller than the current minimum
        if value < min_value:
            min_value = value
            min_index = index
    
    # Return the index of the tuple with the smallest second value
    return min_index","from operator import itemgetter 
def index_minimum(test_list):
  res = min(test_list, key = itemgetter(1))[0]
  return (res) ",Passed,,,,,,,,,,,,,,,,,,,
MBPP,95,"def Find_Min_Length(lst):
    if not lst:  # Check if the list is empty
        return 0
    
    min_length = float('inf')  # Initialize with infinity
    for sublist in lst:
        if len(sublist) < min_length:
            min_length = len(sublist)
    
    return min_length","def Find_Min_Length(lst):  
    minLength = min(len(x) for x in lst )
    return minLength ",Passed,,,,,,,,,,,,,,,,,,,
MBPP,96,"def divisor(n):
    count = 0
    for i in range(1, n + 1):
        if n % i == 0:
            count += 1
    return count","def divisor(n):
  for i in range(n):
    x = len([i for i in range(1,n+1) if not n % i])
  return x",Passed,,,,,,,,,,,,,,,,,,,
MBPP,97,"def frequency_lists(list1):
    frequency_dict = {}
    for sublist in list1:
        for element in sublist:
            if element in frequency_dict:
                frequency_dict[element] += 1
            else:
                frequency_dict[element] = 1
    return frequency_dict","def frequency_lists(list1):
    list1 = [item for sublist in list1 for item in sublist]
    dic_data = {}
    for num in list1:
        if num in dic_data.keys():
            dic_data[num] += 1
        else:
            key = num
            value = 1
            dic_data[key] = value
    return dic_data
",Passed,,,,,,,,,,,,,,,,,,,
MBPP,98,"def multiply_num(numbers):
    if not numbers:
        return 0  # Return 0 if the list is empty to avoid division by zero
    product = 1
    for num in numbers:
        product *= num
    return product / len(numbers)","def multiply_num(numbers):  
    total = 1
    for x in numbers:
        total *= x  
    return total/len(numbers) ",Passed,,,,,,,,,,,,,,,,,,,
MBPP,99,"def decimal_to_binary(n):
    if n == 0:
        return ""0""
    binary = """"
    while n > 0:
        remainder = n % 2
        binary = str(remainder) + binary
        n = n // 2
    return binary","def decimal_to_binary(n): 
    return bin(n).replace(""0b"","""") ",Passed,,,,,,,,,,,,,,,,,,,
MBPP,100,"def next_smallest_palindrome(num):
    def is_palindrome(n):
        return str(n) == str(n)[::-1]

    if num < 0:
        return None

    # Start from the next number after num
    num += 1

    while not is_palindrome(num):
        num += 1

    return num","import sys
def next_smallest_palindrome(num):
    numstr = str(num)
    for i in range(num+1,sys.maxsize):
        if str(i) == str(i)[::-1]:
            return i",Passed,,,,,,,,,,,,,,,,,,,
MBPP,101,"def kth_element(arr, k):
    # Check if k is within the valid range
    if k < 1 or k > len(arr):
        raise ValueError(""k is out of bounds"")
    
    # Return the kth element (1-based index)
    return arr[k - 1]","def kth_element(arr, k):
  n = len(arr)
  for i in range(n):
    for j in range(0, n-i-1):
      if arr[j] > arr[j+1]:
        arr[j], arr[j+1] == arr[j+1], arr[j]
  return arr[k-1]",Passed,,,,,,,,,,,,,,,,,,,
MBPP,102,"def snake_to_camel(word):
    # Split the word by underscores and capitalize each part except the first one
    parts = word.split('_')
    return parts[0] + ''.join(part.capitalize() for part in parts[1:])","def snake_to_camel(word):
        import re
        return ''.join(x.capitalize() or '_' for x in word.split('_'))",Passed,,,,,,,,,,,,,,,,,,,
MBPP,227,"def min_of_three(a, b, c):
    return min(a, b, c)","def min_of_three(a,b,c): 
      if (a <= b) and (a <= c): 
        smallest = a 
      elif (b <= a) and (b <= c): 
        smallest = b 
      else: 
        smallest = c 
      return smallest ",Passed,,,,,,,,,,,,,,,,,,,
MBPP,228,"def all_Bits_Set_In_The_Given_Range(n, l, r):
    # Create a mask with bits set from l to r (inclusive)
    mask = ((1 << (r - l + 1)) - 1) << (l - 1)
    
    # Check if n & mask equals 0, which means all bits in the range [l, r] are unset
    return (n & mask) == 0

# Example usage:
print(all_Bits_Set_In_The_Given_Range(15, 2, 4))  # Output: True
print(all_Bits_Set_In_The_Given_Range(15, 1, 3))  # Output: False","def all_Bits_Set_In_The_Given_Range(n,l,r):  
    num = (((1 << r) - 1) ^ ((1 << (l - 1)) - 1)) 
    new_num = n & num
    if (new_num == 0): 
        return True
    return False",Passed,,,,,,,,,,,,,,,,,,,
MBPP,229,"def re_arrange_array(arr, n):
    # Separate negative and positive elements
    negatives = [x for x in arr[:n] if x < 0]
    positives = [x for x in arr[:n] if x >= 0]
    
    # Merge them back together, maintaining the original order
    result = negatives + positives
    
    return result

# Example usage:
arr = [-1, 2, -3, 4, -5, 6]
n = 3
print(re_arrange_array(arr, n))  # Output: [-1, -3, -5, 2, 4, 6]","def re_arrange_array(arr, n):
  j=0
  for i in range(0, n):
    if (arr[i] < 0):
      temp = arr[i]
      arr[i] = arr[j]
      arr[j] = temp
      j = j + 1
  return arr",Passed,,,,,,,,,,,,,,,,,,,
MBPP,230,"def replace_blank(str1, char):
    return str1.replace(' ', char)","def replace_blank(str1,char):
 str2 = str1.replace(' ', char)
 return str2",Passed,,,,,,,,,,,,,,,,,,,
MBPP,232,"def larg_nnum(list1, n):
    # Sort the list in descending order and slice the top n elements
    return sorted(list1, reverse=True)[:n]","import heapq
def larg_nnum(list1,n):
 largest=heapq.nlargest(n,list1)
 return largest",Passed,,,,,,,,,,,,,,,,,,,
MBPP,233,"import math

def lateralsurface_cylinder(r, h):
    """"""
    Calculate the lateral surface area of a cylinder.

    Parameters:
    r (float): The radius of the cylinder.
    h (float): The height of the cylinder.

    Returns:
    float: The lateral surface area of the cylinder.
    """"""
    return 2 * math.pi * r * h","def lateralsuface_cylinder(r,h):
  lateralsurface= 2*3.1415*r*h
  return lateralsurface",Passed,,,,,,,,,,,,,,,,,,,
MBPP,234,"def volume_cube(l):
    return l ** 3","def volume_cube(l):
  volume = l * l * l
  return volume",Passed,,,,,,,,,,,,,,,,,,,
MBPP,235,"def even_bit_set_number(n):
    # Initialize the result to 0
    result = 0
    
    # Iterate over the bits of the number
    for i in range(32):
        # Check if the bit at position i is even
        if i % 2 == 0:
            # Set the bit at position i in the result
            result |= (1 << i)
    
    return result

# Example usage:
print(even_bit_set_number(10))  # Output: 10","def even_bit_set_number(n): 
    count = 0;res = 0;temp = n 
    while(temp > 0): 
        if (count % 2 == 1): 
            res |= (1 << count)
        count+=1
        temp >>= 1
    return (n | res) ",Passed,,,,,,,,,,,,,,,,,,,
MBPP,237,"def check_occurences(test_list):
    # Initialize an empty dictionary to store the count of each tuple
    res = {}
    
    # Iterate over each tuple in the input list
    for ele in test_list:
        # If the tuple is already in the dictionary, increment its count
        if ele in res:
            res[ele] += 1
        else:
            # Otherwise, add the tuple to the dictionary with a count of 1
            res[ele] = 1
    
    # Return the resulting dictionary
    return res

# Example usage:
test_list = [(1, 2), (3, 4), (1, 2), (5, 6), (3, 4), (7, 8)]
print(check_occurences(test_list))","from collections import Counter 
def check_occurences(test_list):
  res = dict(Counter(tuple(ele) for ele in map(sorted, test_list)))
  return  (res) ",Passed,,,,,,,,,,,,,,,,,,,
MBPP,238,"def number_of_substrings(s):
    n = len(s)
    # Each character can be the start of a substring
    # Each substring can have any length from 1 to n
    return n * (n + 1) // 2

# Example usage:
print(number_of_substrings(""abc""))  # Output: 6","def number_of_substrings(str): 
	str_len = len(str); 
	return int(str_len * (str_len + 1) / 2); ",Passed,,,,,,,,,,,,,,,,,,,
MBPP,239,"from math import comb

def get_total_number_of_sequences(m, n):
    # Initialize a DP table where dp[i][j] represents the number of sequences of length i ending with j
    dp = [[0] * (m + 1) for _ in range(n + 1)]
    
    # Base case: There's one way to form a sequence of length 1 with any number from 1 to m
    for i in range(1, m + 1):
        dp[1][i] = 1
    
    # Fill the DP table
    for length in range(2, n + 1):
        for end in range(1, m + 1):
            for prev in range(1, end // 2 + 1):
                if prev * 2 <= end <= m:
                    dp[length][end] += dp[length - 1][prev]
    
    # The total number of sequences of length n is the sum of all sequences ending with numbers from 1 to m
    return sum(dp[n])

# Example usage:
print(get_total_number_of_sequences(5, 3))  # Output: 10","def get_total_number_of_sequences(m,n): 
	T=[[0 for i in range(n+1)] for i in range(m+1)] 
	for i in range(m+1): 
		for j in range(n+1): 
			if i==0 or j==0: 
				T[i][j]=0
			elif i<j: 
				T[i][j]=0
			elif j==1: 
				T[i][j]=i 
			else: 
				T[i][j]=T[i-1][j]+T[i//2][j-1] 
	return T[m][n]",Passed,,,,,,,,,,,,,,,,,,,
MBPP,240,"def replace_list(list1, list2):
    if len(list2) > 0:
        list1[-1:] = list2
    return list1

# Example usage:
list1 = [1, 2, 3]
list2 = [4, 5]
result = replace_list(list1, list2)
print(result)  # Output: [1, 2, 4, 5]","def replace_list(list1,list2):
 list1[-1:] = list2
 replace_list=list1
 return replace_list
",Passed,,,,,,,,,,,,,,,,,,,
MBPP,242,"def count_charac(str1):
    return len(str1)","def count_charac(str1):
 total = 0
 for i in str1:
    total = total + 1
 return total",Passed,,,,,,,,,,,,,,,,,,,
MBPP,244,"import math

def next_Perfect_Square(N):
    # Find the integer part of the square root of N
    sqrt_N = int(math.sqrt(N))
    
    # If N is already a perfect square, return the next perfect square
    if sqrt_N * sqrt_N == N:
        return sqrt_N + 1
    
    # Otherwise, return the square of the next integer
    return (sqrt_N + 1) ** 2

# Example usage:
print(next_Perfect_Square(16))  # Output: 25
print(next_Perfect_Square(17))  # Output: 25","import math  
def next_Perfect_Square(N): 
    nextN = math.floor(math.sqrt(N)) + 1
    return nextN * nextN ",Passed,,,,,,,,,,,,,,,,,,,
MBPP,245,"def max_sum(arr):
    n = len(arr)
    
    # Initialize two arrays to store the maximum sum of increasing and decreasing subsequences
    inc = [0] * n
    dec = [0] * n
    
    # Fill inc[] such that inc[i] contains the maximum sum of increasing subsequence ending with arr[i]
    for i in range(n):
        inc[i] = arr[i]
        for j in range(i):
            if arr[j] < arr[i]:
                inc[i] = max(inc[i], inc[j] + arr[i])
    
    # Fill dec[] such that dec[i] contains the maximum sum of decreasing subsequence starting with arr[i]
    for i in range(n - 1, -1, -1):
        dec[i] = arr[i]
        for j in range(i + 1, n):
            if arr[j] < arr[i]:
                dec[i] = max(dec[i], dec[j] + arr[i])
    
    # The maximum sum of bitonic subsequence will be the maximum value in inc[] + dec[]
    max_bitonic_sum = 0
    for i in range(n):
        max_bitonic_sum = max(max_bitonic_sum, inc[i] + dec[i] - arr[i])
    
    return max_bitonic_sum

# Example usage:
arr = [1, 15, 20, 7, 8, 25]
print(max_sum(arr))  # Output: 48","def max_sum(arr): 
	MSIBS = arr[:] 
	for i in range(len(arr)): 
		for j in range(0, i): 
			if arr[i] > arr[j] and MSIBS[i] < MSIBS[j] + arr[i]: 
				MSIBS[i] = MSIBS[j] + arr[i] 
	MSDBS = arr[:] 
	for i in range(1, len(arr) + 1): 
		for j in range(1, i): 
			if arr[-i] > arr[-j] and MSDBS[-i] < MSDBS[-j] + arr[-i]: 
				MSDBS[-i] = MSDBS[-j] + arr[-i] 
	max_sum = float(""-Inf"") 
	for i, j, k in zip(MSIBS, MSDBS, arr): 
		max_sum = max(max_sum, i + j - k) 
	return max_sum",Passed,,,,,,,,,,,,,,,,,,,
MBPP,246,"def babylonian_squareroot(number):
    if number < 0:
        raise ValueError(""Cannot compute the square root of a negative number."")
    
    if number == 0:
        return 0
    
    # Initial guess can be any positive number, here we use number / 2
    guess = number / 2.0
    
    # Tolerance level for the approximation
    tolerance = 1e-10
    
    while True:
        # Calculate the next guess using the Babylonian method
        next_guess = (guess + number / guess) / 2.0
        
        # Check if the difference between the current and next guess is within the tolerance
        if abs(next_guess - guess) < tolerance:
            break
        
        # Update the guess
        guess = next_guess
    
    return guess","def babylonian_squareroot(number):
    if(number == 0):
        return 0;
    g = number/2.0;
    g2 = g + 1;
    while(g != g2):
        n = number/ g;
        g2 = g;
        g = (g + n)/2;
    return g;",Passed,,,,,,,,,,,,,,,,,,,
MBPP,247,"def lps(str):
    n = len(str)
    # Create a 2D array to store lengths of longest palindromic subsequences
    dp = [[0] * n for _ in range(n)]
    
    # Every single character is a palindrome of length 1
    for i in range(n):
        dp[i][i] = 1
    
    # Build the table. The outer loop is for substring lengths
    for cl in range(2, n + 1):
        for i in range(n - cl + 1):
            j = i + cl - 1
            if str[i] == str[j] and cl == 2:
                dp[i][j] = 2
            elif str[i] == str[j]:
                dp[i][j] = dp[i + 1][j - 1] + 2
            else:
                dp[i][j] = max(dp[i + 1][j], dp[i][j - 1])
    
    # The length of the longest palindromic subsequence will be in the top right corner of the matrix
    return dp[0][n - 1]","def lps(str): 
	n = len(str) 
	L = [[0 for x in range(n)] for x in range(n)] 
	for i in range(n): 
		L[i][i] = 1
	for cl in range(2, n+1): 
		for i in range(n-cl+1): 
			j = i+cl-1
			if str[i] == str[j] and cl == 2: 
				L[i][j] = 2
			elif str[i] == str[j]: 
				L[i][j] = L[i+1][j-1] + 2
			else: 
				L[i][j] = max(L[i][j-1], L[i+1][j]); 
	return L[0][n-1]",Passed,,,,,,,,,,,,,,,,,,,
MBPP,248,"def harmonic_sum(n):
    if n <= 0:
        return 0
    else:
        return 1 / n + harmonic_sum(n - 1)","def harmonic_sum(n):
  if n < 2:
    return 1
  else:
    return 1 / n + (harmonic_sum(n - 1)) ",Passed,,,,,,,,,,,,,,,,,,,
MBPP,249,"def intersection_array(array_nums1, array_nums2):
    # Convert both lists to sets to remove duplicates and allow for efficient intersection
    set1 = set(array_nums1)
    set2 = set(array_nums2)
    
    # Find the intersection of the two sets
    intersection = set1.intersection(set2)
    
    # Convert the result back to a list
    return list(intersection)

# Example usage:
array_nums1 = [1, 2, 3, 4, 5]
array_nums2 = [4, 5, 6, 7, 8]
print(intersection_array(array_nums1, array_nums2))  # Output: [4, 5]","def intersection_array(array_nums1,array_nums2):
 result = list(filter(lambda x: x in array_nums1, array_nums2)) 
 return result",Passed,,,,,,,,,,,,,,,,,,,
MBPP,250,"def count_X(tup, x):
    return tup.count(x)","def count_X(tup, x): 
    count = 0
    for ele in tup: 
        if (ele == x): 
            count = count + 1
    return count ",Passed,,,,,,,,,,,,,,,,,,,
MBPP,251,"def insert_element(lst, element):
    result = []
    for item in lst:
        result.append(element)
        result.append(item)
    return result

# Example usage:
print(insert_element([1, 2, 3], 0))  # Output: [0, 1, 0, 2, 0, 3]","def insert_element(list,element):
 list = [v for elt in list for v in (element, elt)]
 return list",Passed,,,,,,,,,,,,,,,,,,,
MBPP,252,"import cmath

def convert(numbers):
    # Convert each number in the list to polar coordinates
    polar_coordinates = [cmath.polar(num) for num in numbers]
    return polar_coordinates","import cmath  
def convert(numbers):    
  num = cmath.polar(numbers)  
  return (num) ",Passed,,,,,,,,,,,,,,,,,,,
MBPP,253,"def count_integer(list1):
    return sum(1 for item in list1 if isinstance(item, int))","def count_integer(list1):
    ctr = 0
    for i in list1:
        if isinstance(i, int):
            ctr = ctr + 1
    return ctr",Passed,,,,,,,,,,,,,,,,,,,
MBPP,255,"from itertools import product

def combinations_colors(l, n):
    # Generate all combinations with repetition using itertools.product
    return [tuple(comb) for comb in product(l, repeat=n)]

# Example usage:
l = ['red', 'blue', 'green']
n = 2
print(combinations_colors(l, n))","from itertools import combinations_with_replacement 
def combinations_colors(l, n):
    return list(combinations_with_replacement(l,n))
",Passed,,,,,,,,,,,,,,,,,,,
MBPP,256,"def count_Primes_nums(n):
    if n <= 2:
        return 0
    
    def is_prime(num):
        if num <= 1:
            return False
        for i in range(2, int(num**0.5) + 1):
            if num % i == 0:
                return False
        return True
    
    count = 0
    for num in range(2, n):
        if is_prime(num):
            count += 1
    
    return count

# Example usage:
print(count_Primes_nums(10))  # Output: 4","def count_Primes_nums(n):
    ctr = 0
    for num in range(n):
        if num <= 1:
            continue
        for i in range(2,num):
            if (num % i) == 0:
                break
        else:
            ctr += 1
    return ctr",Passed,,,,,,,,,,,,,,,,,,,
MBPP,257,"def swap_numbers(a, b):
    return (b, a)","def swap_numbers(a,b):
 temp = a
 a = b
 b = temp
 return (a,b)",Passed,,,,,,,,,,,,,,,,,,,
MBPP,259,"def maximize_elements(test_tup1, test_tup2):
    # Initialize a list to store the maximum elements from both tuples
    max_elements = []
    
    # Iterate through each tuple
    for tup in [test_tup1, test_tup2]:
        # Find the maximum element in the current tuple
        max_element = max(tup)
        # Append the maximum element to the result list
        max_elements.append(max_element)
    
    # Return the list of maximum elements
    return max_elements

# Example usage:
test_tup1 = (1, 2, 3)
test_tup2 = (4, 5, 6)
print(maximize_elements(test_tup1, test_tup2))  # Output: [4, 6]","def maximize_elements(test_tup1, test_tup2):
  res = tuple(tuple(max(a, b) for a, b in zip(tup1, tup2))
   for tup1, tup2 in zip(test_tup1, test_tup2))
  return (res) ",Passed,,,,,,,,,,,,,,,,,,,
MBPP,260,"from sympy import isprime

def newman_prime(n):
    count = 0
    num = 2
    while True:
        if isprime(num):
            count += 1
            if count == n:
                return num
        num += 1

# Example usage:
print(newman_prime(1))  # Output: 2
print(newman_prime(2))  # Output: 3
print(newman_prime(3))  # Output: 5
print(newman_prime(4))  # Output: 7
print(newman_prime(5))  # Output: 11","def newman_prime(n): 
	if n == 0 or n == 1: 
		return 1
	return 2 * newman_prime(n - 1) + newman_prime(n - 2)",Passed,,,,,,,,,,,,,,,,,,,
MBPP,261,"def division_elements(test_tup1, test_tup2):
    # Check if both tuples have the same length
    if len(test_tup1) != len(test_tup2):
        raise ValueError(""Both tuples must have the same length."")
    
    # Perform element-wise division
    result = tuple(a / b for a, b in zip(test_tup1, test_tup2))
    
    return result

# Example usage:
test_tup1 = (10, 20, 30)
test_tup2 = (2, 4, 5)
print(division_elements(test_tup1, test_tup2))  # Output: (5.0, 5.0, 6.0)","def division_elements(test_tup1, test_tup2):
  res = tuple(ele1 // ele2 for ele1, ele2 in zip(test_tup1, test_tup2))
  return (res) ",Passed,,,,,,,,,,,,,,,,,,,
MBPP,262,"def split_two_parts(list1, L):
    # Check if L is within the bounds of the list
    if L < 0 or L > len(list1):
        raise ValueError(""L must be between 0 and the length of the list"")
    
    # Split the list into two parts
    part1 = list1[:L]
    part2 = list1[L:]
    
    return (part1, part2)","def split_two_parts(list1, L):
    return list1[:L], list1[L:]",Passed,,,,,,,,,,,,,,,,,,,
MBPP,264,"def dog_age(h_age):
    # The first two years of a dog's life are equivalent to 10.5 human years each
    if h_age <= 2:
        return h_age * 10.5
    else:
        # After the first two years, each year is equivalent to 4 human years
        return 21 + (h_age - 2) * 4

# Example usage:
print(dog_age(0))  # Output: 0
print(dog_age(1))  # Output: 10.5
print(dog_age(2))  # Output: 21
print(dog_age(3))  # Output: 25.5
print(dog_age(4))  # Output: 30","def dog_age(h_age):
 if h_age < 0:
 	exit()
 elif h_age <= 2:
	 d_age = h_age * 10.5
 else:
	 d_age = 21 + (h_age - 2)*4
 return d_age",Passed,,,,,,,,,,,,,,,,,,,
MBPP,265,"def list_split(S, step):
    return [S[i:i+step] for i in range(0, len(S), step)]","def list_split(S, step):
    return [S[i::step] for i in range(step)]",Passed,,,,,,,,,,,,,,,,,,,
MBPP,266,"def lateralsurface_cube(l):
    # The lateral surface area of a cube is 4 times the area of one face
    return 4 * l ** 2","def lateralsurface_cube(l):
  LSA = 4 * (l * l)
  return LSA",Passed,,,,,,,,,,,,,,,,,,,
MBPP,267,"def square_Sum(n):
    total = 0
    for i in range(1, 2*n, 2):
        total += i**2
    return total

# Example usage:
print(square_Sum(3))  # Output: 36","def square_Sum(n):  
    return int(n*(4*n*n-1)/3) ",Passed,,,,,,,,,,,,,,,,,,,
MBPP,268,"def find_star_num(n):
    # The formula for the nth star number is 8n(n-1) + 1
    return 8 * n * (n - 1) + 1

# Example usage:
print(find_star_num(1))  # Output: 1
print(find_star_num(2))  # Output: 13
print(find_star_num(3))  # Output: 37","def find_star_num(n): 
	return (6 * n * (n - 1) + 1) ",Passed,,,,,,,,,,,,,,,,,,,
MBPP,269,"def ascii_value(k):
    return ord(k)","def ascii_value(k):
  ch=k
  return ord(ch)",Passed,,,,,,,,,,,,,,,,,,,
MBPP,270,"def sum_even_and_even_index(arr):
    total = 0
    for i in range(0, len(arr), 2):
        if arr[i] % 2 == 0:
            total += arr[i]
    return total

# Example usage:
arr = [1, 2, 3, 4, 5, 6, 7, 8, 9, 10]
print(sum_even_and_even_index(arr))  # Output: 18 (2 + 4 + 6 + 8)","def sum_even_and_even_index(arr):  
    i = 0
    sum = 0
    for i in range(0, len(arr),2): 
        if (arr[i] % 2 == 0) : 
            sum += arr[i]  
    return sum",Passed,,,,,,,,,,,,,,,,,,,
MBPP,271,"def even_Power_Sum(n):
    total_sum = 0
    for i in range(1, n + 1):
        even_number = 2 * i
        total_sum += even_number ** 5
    return total_sum

# Example usage:
print(even_Power_Sum(3))  # Output: 34168","def even_Power_Sum(n): 
    sum = 0; 
    for i in range(1,n+1): 
        j = 2*i; 
        sum = sum + (j*j*j*j*j); 
    return sum; ",Passed,,,,,,,,,,,,,,,,,,,
MBPP,272,"def rear_extract(test_list):
    # Use list comprehension to extract the last element of each tuple
    res = [sub[-1] for sub in test_list]
    return res

# Example usage:
test_list = [(4, 5), (6, 7), (8, 9)]
print(rear_extract(test_list))  # Output: [5, 7, 9]","def rear_extract(test_list):
  res = [lis[-1] for lis in test_list]
  return (res) ",Passed,,,,,,,,,,,,,,,,,,,
MBPP,273,"def substract_elements(test_tup1, test_tup2):
    # Use list comprehension to subtract corresponding elements
    result = tuple(a - b for a, b in zip(test_tup1, test_tup2))
    return result

# Example usage:
test_tup1 = (4, 5, 6)
test_tup2 = (1, 2, 3)
print(substract_elements(test_tup1, test_tup2))  # Output: (3, 3, 3)","def substract_elements(test_tup1, test_tup2):
  res = tuple(map(lambda i, j: i - j, test_tup1, test_tup2))
  return (res) ",Passed,,,,,,,,,,,,,,,,,,,
MBPP,274,"from math import comb

def even_binomial_Coeff_Sum(n):
    total_sum = 0
    for i in range(n + 1):
        if i % 2 == 0:
            total_sum += comb(n, i)
    return total_sum

# Example usage:
print(even_binomial_Coeff_Sum(5))  # Output: 6","import math  
def even_binomial_Coeff_Sum( n): 
    return (1 << (n - 1)) ",Passed,,,,,,,,,,,,,,,,,,,
MBPP,276,"import math

def volume_cylinder(r, h):
    return math.pi * r**2 * h","def volume_cylinder(r,h):
  volume=3.1415*r*r*h
  return volume",Passed,,,,,,,,,,,,,,,,,,,
MBPP,277,"def dict_filter(dict, n):
    return {key: value for key, value in dict.items() if value >= n}","def dict_filter(dict,n):
 result = {key:value for (key, value) in dict.items() if value >=n}
 return result",Passed,,,,,,,,,,,,,,,,,,,
MBPP,278,"def count_first_elements(test_tup):
    # Initialize the count to 0
    count = 0
    
    # Iterate through the tuple
    for i in test_tup:
        # If the current element is a tuple, break the loop
        if isinstance(i, tuple):
            break
        # Increment the count for each non-tuple element
        count += 1
    
    return count

# Example usage:
test_tup = (1, 2, (3, 4), 5)
print(count_first_elements(test_tup))  # Output: 2","def count_first_elements(test_tup):
  for count, ele in enumerate(test_tup):
    if isinstance(ele, tuple):
      break
  return (count) ",Passed,,,,,,,,,,,,,,,,,,,
MBPP,279,"def is_num_decagonal(n):
    # A number is decagonal if it can be expressed as (3*n^2 - n)/2
    # We check if the expression (3*n^2 - n)/2 equals n
    return (3 * n**2 - n) / 2 == n

# Example usage:
print(is_num_decagonal(1))  # True, because 1st decagonal number is 1
print(is_num_decagonal(5))  # True, because 5th decagonal number is 19
print(is_num_decagonal(10)) # True, because 10th decagonal number is 84
print(is_num_decagonal(11)) # False, because 11 is not a decagonal number","def is_num_decagonal(n): 
	return 4 * n * n - 3 * n ",Passed,,,,,,,,,,,,,,,,,,,
MBPP,280,"def sequential_search(dlist, item):
    for index, value in enumerate(dlist):
        if value == item:
            return True, index
    return False, -1

# Example usage:
dlist = [10, 20, 30, 40, 50]
item = 30
result = sequential_search(dlist, item)
print(result)  # Output: (True, 2)","def sequential_search(dlist, item):
    pos = 0
    found = False
    while pos < len(dlist) and not found:
        if dlist[pos] == item:
            found = True
        else:
            pos = pos + 1
    return found, pos",Passed,,,,,,,,,,,,,,,,,,,
MBPP,281,"def all_unique(test_list):
    # Convert the list to a set to remove duplicates
    unique_set = set(test_list)
    # Compare the length of the original list with the length of the set
    return len(test_list) == len(unique_set)

# Example usage:
print(all_unique([1, 2, 3, 4]))  # Output: True
print(all_unique([1, 2, 2, 3]))  # Output: False","def all_unique(test_list):
    if len(test_list) > len(set(test_list)):
        return False
    return True",Passed,,,,,,,,,,,,,,,,,,,
MBPP,282,"def sub_list(nums1, nums2):
    # Check if both lists have the same length
    if len(nums1) != len(nums2):
        raise ValueError(""Both lists must have the same length"")
    
    # Subtract corresponding elements of the two lists
    result = [a - b for a, b in zip(nums1, nums2)]
    
    return result","def sub_list(nums1,nums2):
  result = map(lambda x, y: x - y, nums1, nums2)
  return list(result)",Passed,,,,,,,,,,,,,,,,,,,
MBPP,283,"def validate(n):
    # Convert the number to a string to iterate over each digit
    digits = str(n)
    
    # Iterate over each digit in the string
    for digit in digits:
        # Convert the digit back to an integer
        d = int(digit)
        
        # Check if the frequency of the digit is greater than the digit itself
        if digits.count(d) > d:
            return False
    
    # If all digits meet the condition, return True
    return True","def validate(n): 
    for i in range(10): 
        temp = n;  
        count = 0; 
        while (temp): 
            if (temp % 10 == i): 
                count+=1;  
            if (count > i): 
                return False
            temp //= 10; 
    return True",Passed,,,,,,,,,,,,,,,,,,,
MBPP,284,"def check_element(lst, element):
    return all(item == element for item in lst)","def check_element(list,element):
  check_element=all(v== element for v in list)
  return check_element",Passed,,,,,,,,,,,,,,,,,,,
MBPP,418,"def Find_Max(lst):
    if not lst:
        return None  # Return None if the list is empty

    max_length = 0
    max_element = None

    for element in lst:
        if len(element) > max_length:
            max_length = len(element)
            max_element = element

    return max_element","def Find_Max(lst): 
    maxList = max((x) for x in lst) 
    return maxList",Passed,,,,,,,,,,,,,,,,,,,
MBPP,419,"def round_and_sum(list1):
    # Round each number in the list
    rounded_list = [round(num) for num in list1]
    
    # Calculate the sum of the rounded numbers
    total_sum = sum(rounded_list)
    
    # Multiply the sum by the length of the list
    result = total_sum * len(list1)
    
    # Print the result
    print(result)

# Example usage:
round_and_sum([1.2, 2.5, 3.7, 4.1])","def round_and_sum(list1):
  lenght=len(list1)
  round_and_sum=sum(list(map(round,list1))* lenght)
  return round_and_sum",Passed,,,,,,,,,,,,,,,,,,,
MBPP,420,"def cube_Sum(n):
    # Calculate the cube sum of the first n even natural numbers
    return sum((2 * i) ** 3 for i in range(1, n + 1))

# Example usage:
print(cube_Sum(3))  # Output: 72","def cube_Sum(n): 
    sum = 0
    for i in range(1,n + 1): 
        sum += (2*i)*(2*i)*(2*i) 
    return sum",Passed,,,,,,,,,,,,,,,,,,,
MBPP,421,"def concatenate_tuple(test_tup):
    # Initialize an empty string to hold the concatenated result
    result = """"
    
    # Iterate over each element in the tuple
    for element in test_tup:
        # Concatenate the current element to the result string
        result += str(element)
    
    return result

# Example usage:
test_tup = (1, 2, 3, 4)
print(concatenate_tuple(test_tup))  # Output: ""1234""","def concatenate_tuple(test_tup):
    delim = ""-""
    res = ''.join([str(ele) + delim for ele in test_tup])
    res = res[ : len(res) - len(delim)]
    return (str(res)) ",Passed,,,,,,,,,,,,,,,,,,,
MBPP,422,"def find_Average_Of_Cube(n):
    # Calculate the sum of cubes of first n natural numbers
    total_sum = sum(i**3 for i in range(1, n+1))
    
    # Calculate the average by dividing the total sum by n
    average = total_sum / n
    
    return average

# Example usage:
n = 5
print(find_Average_Of_Cube(n))  # Output: 12.666666666666668","def find_Average_Of_Cube(n):  
    sum = 0
    for i in range(1, n + 1): 
        sum += i * i * i  
    return round(sum / n, 6) ",Passed,,,,,,,,,,,,,,,,,,,
MBPP,424,"def extract_rear(test_tuple):
    # Extracting the last character from each string in the tuple
    result = tuple(s[-1] for s in test_tuple)
    return result

# Example usage:
test_tuple = (""apple"", ""banana"", ""cherry"")
print(extract_rear(test_tuple))  # Output: ('e', 'a', 'y')","def extract_rear(test_tuple):
  res = list(sub[len(sub) - 1] for sub in test_tuple)
  return (res) ",Passed,,,,,,,,,,,,,,,,,,,
MBPP,425,"def count_element_in_list(list1, x):
    count = 0
    for sublist in list1:
        if x in sublist:
            count += 1
    return count

# Example usage:
list1 = [[1, 2, 3], [4, 5, 6], [7, 8, 9], [1, 2, 3]]
x = 3
print(count_element_in_list(list1, x))  # Output: 3","def count_element_in_list(list1, x): 
    ctr = 0
    for i in range(len(list1)): 
        if x in list1[i]: 
            ctr+= 1          
    return ctr",Passed,,,,,,,,,,,,,,,,,,,
MBPP,426,"def filter_oddnumbers(nums):
    return [num for num in nums if num % 2 != 0]","def filter_oddnumbers(nums):
 odd_nums = list(filter(lambda x: x%2 != 0, nums))
 return odd_nums",Passed,,,,,,,,,,,,,,,,,,,
MBPP,427,"from datetime import datetime

def change_date_format(dt):
    # Parse the input string into a datetime object
    date_obj = datetime.strptime(dt, '%Y-%m-%d')
    
    # Format the datetime object into the desired string format
    formatted_date = date_obj.strftime('%d-%m-%Y')
    
    return formatted_date

# Example usage:
print(change_date_format('2023-10-05'))  # Output: '05-10-2023'","import re
def change_date_format(dt):
        return re.sub(r'(\d{4})-(\d{1,2})-(\d{1,2})', '\\3-\\2-\\1', dt)",Passed,,,,,,,,,,,,,,,,,,,
MBPP,428,"def shell_sort(my_list):
    n = len(my_list)
    gap = n // 2

    # Start with a big gap, then reduce the gap
    while gap > 0:
        for i in range(gap, n):
            temp = my_list[i]
            j = i
            # Shift earlier gap-sorted elements up until the correct location for my_list[i] is found
            while j >= gap and my_list[j - gap] > temp:
                my_list[j] = my_list[j - gap]
                j -= gap
            # Put temp (the original my_list[i]) in its correct location
            my_list[j] = temp
        gap //= 2

    return my_list","def shell_sort(my_list):
    gap = len(my_list) // 2
    while gap > 0:
        for i in range(gap, len(my_list)):
            current_item = my_list[i]
            j = i
            while j >= gap and my_list[j - gap] > current_item:
                my_list[j] = my_list[j - gap]
                j -= gap
            my_list[j] = current_item
        gap //= 2

    return my_list",Passed,,,,,,,,,,,,,,,,,,,
MBPP,429,"def and_tuples(test_tup1, test_tup2):
    # Extracting elementwise and tuples from the given two tuples
    result = tuple(a & b for a, b in zip(test_tup1, test_tup2))
    return result

# Example usage:
test_tup1 = (1, 2, 3)
test_tup2 = (4, 5, 6)
print(and_tuples(test_tup1, test_tup2))  # Output: (0, 0, 0)","def and_tuples(test_tup1, test_tup2):
  res = tuple(ele1 & ele2 for ele1, ele2 in zip(test_tup1, test_tup2))
  return (res) ",Passed,,,,,,,,,,,,,,,,,,,
MBPP,430,"import math

def parabola_directrix(a, b, c):
    # The directrix of a parabola given by ax^2 + bx + c = 0 is y = -1/(4a) * (b^2 - 4ac)
    return -1 / (4 * a) * (b ** 2 - 4 * a * c)

# Example usage:
# a = 1, b = 0, c = -1
# The parabola is x^2 = -1, which has a directrix at y = 0
print(parabola_directrix(1, 0, -1))  # Output: 0.0","def parabola_directrix(a, b, c): 
  directrix=((int)(c - ((b * b) + 1) * 4 * a ))
  return directrix",Passed,,,,,,,,,,,,,,,,,,,
MBPP,431,"def common_element(list1, list2):
    return any(item in list1 for item in list2)","def common_element(list1, list2):
     result = False
     for x in list1:
         for y in list2:
             if x == y:
                 result = True
                 return result",Passed,,,,,,,,,,,,,,,,,,,
MBPP,432,"import math

def median_trapezium(base1, base2, height):
    # Calculate the median length using the formula: (base1 + base2) / 2
    median_length = (base1 + base2) / 2
    return median_length

# Example usage:
# median_length = median_trapezium(5, 7, 4)
# print(median_length)  # Output: 6.0","def median_trapezium(base1,base2,height):
 median = 0.5 * (base1+ base2)
 return median",Passed,,,,,,,,,,,,,,,,,,,
MBPP,433,"def check_greater(arr, number):
    # Check if the number is greater than all elements in the array
    return all(number > x for x in arr)","def check_greater(arr, number):
  arr.sort()
  return number > arr[-1]",Passed,,,,,,,,,,,,,,,,,,,
MBPP,434,"import re

def text_match_one(text):
    # Use regular expression to find a string that starts with 'a' followed by one or more 'b's
    pattern = r'^a+b$'
    if re.search(pattern, text):
        return True
    else:
        return False","import re
def text_match_one(text):
        patterns = 'ab+?'
        if re.search(patterns,  text):
                return True
        else:
                return False
",Passed,,,,,,,,,,,,,,,,,,,
MBPP,435,"def last_Digit(n):
    return n % 10","def last_Digit(n) :
    return (n % 10) ",Passed,,,,,,,,,,,,,,,,,,,
MBPP,436,"def neg_nos(list1):
    return [num for num in list1 if num < 0]","def neg_nos(list1):
  out = []
  for num in list1: 
    if num < 0: 
      out.append(num)
  return out ",Passed,,,,,,,,,,,,,,,,,,,
MBPP,437,"def remove_odd(str1):
    return ''.join([char for char in str1 if char.isalpha()])

# Example usage:
print(remove_odd(""Hello World!""))  # Output: ""Hlo ol!""","def remove_odd(str1):
 str2 = ''
 for i in range(1, len(str1) + 1):
    if(i % 2 == 0):
        str2 = str2 + str1[i - 1]
 return str2",Passed,,,,,,,,,,,,,,,,,,,
MBPP,438,"def count_bidirectional(test_list):
    # Initialize the count of bidirectional tuples
    count = 0
    
    # Iterate over each tuple in the list
    for tup in test_list:
        # Check if the tuple is bidirectional (i.e., the first element is the reverse of the second)
        if tup[0] == tup[1][::-1]:
            count += 1
    
    return count

# Example usage:
test_list = [(""abc"", ""cba""), (""hello"", ""olleh""), (""world"", ""dlrow""), (""python"", ""nohtyp"")]
print(count_bidirectional(test_list))  # Output: 3","def count_bidirectional(test_list):
  res = 0
  for idx in range(0, len(test_list)):
    for iidx in range(idx + 1, len(test_list)):
      if test_list[iidx][0] == test_list[idx][1] and test_list[idx][1] == test_list[iidx][0]:
        res += 1
  return res",Passed,,,,,,,,,,,,,,,,,,,
MBPP,439,"def multiple_to_single(L):
    # Convert each integer in the list to a string, join them together, and then convert back to an integer
    return int(''.join(map(str, L)))

# Example usage:
L = [123, 456, 789]
result = multiple_to_single(L)
print(result)  # Output: 123456789","def multiple_to_single(L):
  x = int("""".join(map(str, L)))
  return x",Passed,,,,,,,,,,,,,,,,,,,
MBPP,440,"import re

def find_adverb_position(text):
    # Regular expression to match adverbs ending with 'ly'
    adverb_pattern = r'\b\w+ly\b'
    
    # Find all matches of the adverb pattern in the text
    matches = re.findall(adverb_pattern, text)
    
    # Create a list of tuples containing the adverb and its position
    adverb_positions = [(match, text.index(match)) for match in matches]
    
    return adverb_positions

# Example usage:
text = ""She quickly ran away from the danger.""
print(find_adverb_position(text))","import re
def find_adverb_position(text):
 for m in re.finditer(r""\w+ly"", text):
    return (m.start(), m.end(), m.group(0))",Passed,,,,,,,,,,,,,,,,,,,
MBPP,441,"def surfacearea_cube(l):
    # The surface area of a cube is 6 times the area of one face
    return 6 * l ** 2","def surfacearea_cube(l):
  surfacearea= 6*l*l
  return surfacearea",Passed,,,,,,,,,,,,,,,,,,,
MBPP,442,"def positive_count(nums):
    # Initialize a counter for positive numbers
    positive_count = 0
    
    # Iterate through each number in the array
    for num in nums:
        # Check if the number is positive
        if num > 0:
            # Increment the counter if the number is positive
            positive_count += 1
    
    # Return the total count of positive numbers
    return positive_count","from array import array
def positive_count(nums):
    n = len(nums)
    n1 = 0
    for x in nums:
        if x > 0:
            n1 += 1
        else:
          None
    return round(n1/n,2)",Passed,,,,,,,,,,,,,,,,,,,
MBPP,443,"def largest_neg(list1):
    # Initialize the largest_neg variable to None
    largest_neg = None
    
    # Iterate through each element in the list
    for num in list1:
        # Check if the current number is negative and either largest_neg is None or the current number is greater than largest_neg
        if num < 0 and (largest_neg is None or num > largest_neg):
            largest_neg = num
    
    # Return the largest_neg found, or None if no negative numbers were found
    return largest_neg","def largest_neg(list1): 
    max = list1[0] 
    for x in list1: 
        if x < max : 
             max = x  
    return max",Passed,,,,,,,,,,,,,,,,,,,
MBPP,444,"def trim_tuple(test_list, K):
    # Use list comprehension to create a new list of tuples with elements trimmed by K
    res = [tuple(ele[:K] + ele[K+1:]) for ele in test_list]
    return res

# Example usage:
test_list = [(1, 2, 3), (4, 5, 6, 7), (8, 9)]
K = 2
print(trim_tuple(test_list, K))  # Output: [(1, 3), (4, 6, 7), (8, 9)]","def trim_tuple(test_list, K):
  res = []
  for ele in test_list:
    N = len(ele)
    res.append(tuple(list(ele)[K: N - K]))
  return (str(res)) ",Passed,,,,,,,,,,,,,,,,,,,
MBPP,445,"def index_multiplication(test_tup1, test_tup2):
    # Initialize an empty list to store the result
    res = []
    
    # Iterate over the range of the length of the tuples
    for i in range(len(test_tup1)):
        # Multiply corresponding elements from both tuples
        res.append(test_tup1[i] * test_tup2[i])
    
    # Convert the list to a tuple and return
    return tuple(res)

# Example usage:
test_tup1 = (1, 3, 5)
test_tup2 = (2, 4, 6)
print(index_multiplication(test_tup1, test_tup2))  # Output: (2, 12, 30)","def index_multiplication(test_tup1, test_tup2):
  res = tuple(tuple(a * b for a, b in zip(tup1, tup2))
   for tup1, tup2 in zip(test_tup1, test_tup2))
  return (res) ",Passed,,,,,,,,,,,,,,,,,,,
MBPP,446,"def count_Occurrence(tup, lst):
    # Create a dictionary to store the count of each element in the list
    count_dict = {}
    
    # Iterate over each element in the list
    for element in lst:
        # If the element is already in the dictionary, increment its count
        if element in count_dict:
            count_dict[element] += 1
        # Otherwise, add the element to the dictionary with a count of 1
        else:
            count_dict[element] = 1
    
    # Create a new tuple to store the results
    result_tuple = ()
    
    # Iterate over each element in the tuple
    for element in tup:
        # If the element is in the dictionary, add its count to the result tuple
        if element in count_dict:
            result_tuple += (count_dict[element],)
        # Otherwise, add 0 to the result tuple
        else:
            result_tuple += (0,)
    
    return result_tuple

# Example usage:
tup = (1, 2, 3, 4, 5)
lst = [1, 2, 2, 3, 3, 3, 4, 4, 4, 4]
print(count_Occurrence(tup, lst))  # Output: (1, 2, 3, 4, 5)","from collections import Counter 
def count_Occurrence(tup, lst): 
    count = 0
    for item in tup: 
        if item in lst: 
            count+= 1 
    return count  ",Passed,,,,,,,,,,,,,,,,,,,
MBPP,447,"def cube_nums(nums):
    return [num ** 3 for num in nums]","def cube_nums(nums):
 cube_nums = list(map(lambda x: x ** 3, nums))
 return cube_nums",Passed,,,,,,,,,,,,,,,,,,,
MBPP,448,"def cal_sum(n):
    if n <= 0:
        return 0
    elif n == 1:
        return 3
    elif n == 2:
        return 5

    # Initialize the first three Perrin numbers
    p0, p1, p2 = 3, 5, 8

    # Calculate the sum of the first n Perrin numbers
    total_sum = p0 + p1 + p2
    for i in range(3, n):
        next_perrin = p0 + p1
        total_sum += next_perrin
        p0, p1, p2 = p1, p2, next_perrin

    return total_sum","def cal_sum(n): 
	a = 3
	b = 0
	c = 2
	if (n == 0): 
		return 3
	if (n == 1): 
		return 3
	if (n == 2): 
		return 5
	sum = 5
	while (n > 2): 
		d = a + b 
		sum = sum + d 
		a = b 
		b = c 
		c = d 
		n = n-1
	return sum",Passed,,,,,,,,,,,,,,,,,,,
MBPP,450,"def extract_string(str, l):
    # Check if the input list is empty or if l is not a positive integer
    if not str or l <= 0:
        return []
    
    # Initialize an empty list to store the extracted strings
    extracted_strings = []
    
    # Iterate over the input list in steps of l
    for i in range(0, len(str), l):
        # Append the substring of length l starting at index i to the extracted_strings list
        extracted_strings.append(str[i:i+l])
    
    return extracted_strings

# Example usage:
# print(extract_string(""HelloWorld"", 3))  # Output: ['Hel', 'loW', 'orld']
# print(extract_string(""PythonProgramming"", 5))  # Output: ['Pytho', 'gramm', 'ing']","def extract_string(str, l):
    result = [e for e in str if len(e) == l] 
    return result",Passed,,,,,,,,,,,,,,,,,,,
MBPP,451,"def remove_whitespaces(text1):
    return text1.replace("" "", """")","import re
def remove_whitespaces(text1):
  return (re.sub(r'\s+', '',text1))",Passed,,,,,,,,,,,,,,,,,,,
MBPP,452,"def loss_amount(actual_cost, sale_amount):
    if actual_cost > sale_amount:
        return actual_cost - sale_amount
    else:
        return 0","def loss_amount(actual_cost,sale_amount): 
  if(sale_amount > actual_cost):
    amount = sale_amount - actual_cost
    return amount
  else:
    return 0",Passed,,,,,,,,,,,,,,,,,,,
MBPP,453,"def sumofFactors(n) :
    # Initialize sum of factors
    sum_factors = 0
    
    # Iterate over all possible factors from 1 to n
    for i in range(1, n + 1):
        # Check if i is a factor of n
        if n % i == 0:
            # Check if the factor is even
            if i % 2 == 0:
                # Add the even factor to the sum
                sum_factors += i
                
    return sum_factors

# Example usage:
print(sumofFactors(10))  # Output: 18 (2 + 4 + 6)","import math 
def sumofFactors(n) : 
    if (n % 2 != 0) : 
        return 0
    res = 1
    for i in range(2, (int)(math.sqrt(n)) + 1) :    
        count = 0
        curr_sum = 1
        curr_term = 1
        while (n % i == 0) : 
            count= count + 1
            n = n // i 
            if (i == 2 and count == 1) : 
                curr_sum = 0
            curr_term = curr_term * i 
            curr_sum = curr_sum + curr_term 
        res = res * curr_sum  
    if (n >= 2) : 
        res = res * (1 + n) 
    return res",Passed,,,,,,,,,,,,,,,,,,,
MBPP,454,"import re

def text_match_wordz(text):
    # Use regular expression to find words containing 'z'
    pattern = r'\b\w*z\w*\b'
    match = re.search(pattern, text)
    if match:
        return True
    else:
        return False","import re
def text_match_wordz(text):
        patterns = '\w*z.\w*'
        if re.search(patterns,  text):
                return True
        else:
                return False",Passed,,,,,,,,,,,,,,,,,,,
MBPP,455,"def check_monthnumb_number(monthnum2):
    # List of months with 31 days
    months_with_31_days = [1, 3, 5, 7, 8, 10, 12]
    
    # Check if the given month number is in the list of months with 31 days
    if monthnum2 in months_with_31_days:
        return True
    else:
        return False

# Example usage:
print(check_monthnumb_number(1))  # Output: True
print(check_monthnumb_number(4))  # Output: False","def check_monthnumb_number(monthnum2):
  if(monthnum2==1 or monthnum2==3 or monthnum2==5 or monthnum2==7 or monthnum2==8 or monthnum2==10 or monthnum2==12):
    return True
  else:
    return False",Passed,,,,,,,,,,,,,,,,,,,
MBPP,456,"def reverse_string_list(stringlist):
    return [s[::-1] for s in stringlist]","def reverse_string_list(stringlist):
    result = [x[::-1] for x in stringlist]
    return result",Passed,,,,,,,,,,,,,,,,,,,
MBPP,457,"def Find_Min(lst):
    if not lst:
        return None  # Return None if the list is empty

    min_length = float('inf')
    min_sublist = None

    for sublist in lst:
        if len(sublist) < min_length:
            min_length = len(sublist)
            min_sublist = sublist

    return min_sublist","def Find_Min(lst): 
    return min(lst, key=len) ",Passed,,,,,,,,,,,,,,,,,,,
MBPP,458,"def rectangle_area(l, b):
    return l * b","def rectangle_area(l,b):
  area=l*b
  return area",Passed,,,,,,,,,,,,,,,,,,,
MBPP,459,"def remove_uppercase(str1):
    return ''.join([char for char in str1 if not char.isupper()])","import re
def remove_uppercase(str1):
  return re.sub('[A-Z]', '', str1)",Passed,,,,,,,,,,,,,,,,,,,
MBPP,460,"def Extract(lst):
    return [sublist[0] for sublist in lst]","def Extract(lst): 
    return [item[0] for item in lst] ",Passed,,,,,,,,,,,,,,,,,,,
MBPP,461,"def upper_ctr(str):
    return sum(1 for char in str if char.isupper())","def upper_ctr(str):
    upper_ctr = 0
    for i in range(len(str)):
          if str[i] >= 'A' and str[i] <= 'Z': upper_ctr += 1
          return upper_ctr",Passed,,,,,,,,,,,,,,,,,,,
MBPP,462,"from itertools import combinations

def combinations_list(list1):
    result = []
    for r in range(1, len(list1) + 1):
        result.extend(combinations(list1, r))
    return result

# Example usage:
print(combinations_list([1, 2, 3]))","def combinations_list(list1):
    if len(list1) == 0:
        return [[]]
    result = []
    for el in combinations_list(list1[1:]):
        result += [el, el+[list1[0]]]
    return result",Passed,,,,,,,,,,,,,,,,,,,
MBPP,463,"def max_subarray_product(arr):
    if not arr:
        return 0

    max_product = min_product = result = arr[0]

    for num in arr[1:]:
        if num < 0:
            max_product, min_product = min_product, max_product

        max_product = max(num, max_product * num)
        min_product = min(num, min_product * num)

        result = max(result, max_product)

    return result","def max_subarray_product(arr):
	n = len(arr)
	max_ending_here = 1
	min_ending_here = 1
	max_so_far = 0
	flag = 0
	for i in range(0, n):
		if arr[i] > 0:
			max_ending_here = max_ending_here * arr[i]
			min_ending_here = min (min_ending_here * arr[i], 1)
			flag = 1
		elif arr[i] == 0:
			max_ending_here = 1
			min_ending_here = 1
		else:
			temp = max_ending_here
			max_ending_here = max (min_ending_here * arr[i], 1)
			min_ending_here = temp * arr[i]
		if (max_so_far < max_ending_here):
			max_so_far = max_ending_here
	if flag == 0 and max_so_far == 0:
		return 0
	return max_so_far",Passed,,,,,,,,,,,,,,,,,,,
MBPP,464,"def check_value(dict, n):
    # Check if the dictionary is empty
    if not dict:
        return True
    
    # Get the first value from the dictionary
    first_value = next(iter(dict.values()))
    
    # Compare each value in the dictionary with the first value
    for value in dict.values():
        if value != first_value:
            return False
    
    return True","def check_value(dict, n):
    result = all(x == n for x in dict.values()) 
    return result",Passed,,,,,,,,,,,,,,,,,,,
MBPP,465,"def drop_empty(dict1):
    return {k: v for k, v in dict1.items() if v}","def drop_empty(dict1):
  dict1 = {key:value for (key, value) in dict1.items() if value is not None}
  return dict1",Passed,,,,,,,,,,,,,,,,,,,
MBPP,468,"from functools import reduce

def max_product(arr):
    if not arr:
        return 0
    
    # Initialize two arrays to store the maximum product ending at each index
    max_ending_here = [0] * len(arr)
    max_so_far = [0] * len(arr)
    
    # Base case: the maximum product ending at the first element is the element itself
    max_ending_here[0] = arr[0]
    max_so_far[0] = arr[0]
    
    # Fill the max_ending_here and max_so_far arrays
    for i in range(1, len(arr)):
        # If the current element is positive, it can extend the existing subsequence
        if arr[i] > 0:
            max_ending_here[i] = max(arr[i], max_ending_here[i - 1] * arr[i])
            max_so_far[i] = max(max_so_far[i - 1] * arr[i], max_ending_here[i])
        else:
            # If the current element is negative, it can start a new subsequence
            max_ending_here[i] = max(arr[i], max_so_far[i - 1] * arr[i])
            max_so_far[i] = max(max_ending_here[i], arr[i])
    
    # The result is the maximum value in the max_so_far array
    return max_so_far[-1]

# Example usage:
arr = [-2, 3, -4]
print(max_product(arr))  # Output: 24","def max_product(arr):   
  n = len(arr)
  mpis = arr[:]
  for i in range(n): 
    current_prod = arr[i]
    j = i + 1
    while j < n:
      if arr[j-1] > arr[j]: 
        break
      current_prod *= arr[j]
      if current_prod > mpis[j]:
        mpis[j] = current_prod 
      j = j + 1
  return max(mpis)",Passed,,,,,,,,,,,,,,,,,,,
MBPP,470,"def add_pairwise(test_tup):
    # Initialize an empty list to store the results
    res = []
    
    # Iterate through the tuple, stopping one element before the last
    for i in range(len(test_tup) - 1):
        # Add the current element and the next element to the result list
        res.append(test_tup[i] + test_tup[i + 1])
    
    return res

# Example usage:
test_tup = (1, 2, 3, 4, 5)
print(add_pairwise(test_tup))  # Output: [3, 5, 7, 9]","def add_pairwise(test_tup):
  res = tuple(i + j for i, j in zip(test_tup, test_tup[1:]))
  return (res) ",Passed,,,,,,,,,,,,,,,,,,,
MBPP,471,"def find_remainder(arr, n):
    # Initialize the result to 1 (multiplicative identity)
    result = 1
    
    # Iterate through each element in the array
    for num in arr:
        # Multiply the current result by the number modulo n
        result = (result * num) % n
    
    # Return the final result
    return result","def find_remainder(arr, n): 
    mul = 1
    for i in range(len(arr)):  
        mul = (mul * (arr[i] % n)) % n 
    return mul % n ",Passed,,,,,,,,,,,,,,,,,,,
MBPP,472,"def check_Consecutive(l):
    if len(l) == 0:
        return False
    
    l.sort()
    
    for i in range(1, len(l)):
        if l[i] != l[i - 1] + 1:
            return False
    
    return True","def check_Consecutive(l): 
    return sorted(l) == list(range(min(l),max(l)+1)) ",Passed,,,,,,,,,,,,,,,,,,,
MBPP,473,"def tuple_intersection(test_list1, test_list2):
    # Convert each tuple in the lists to a set to remove duplicates and allow set operations
    set1 = set(test_list1)
    set2 = set(test_list2)
    
    # Find the intersection of the two sets
    intersection_set = set1.intersection(set2)
    
    # Convert the resulting set back to a list of tuples
    result = [tuple(item) for item in intersection_set]
    
    return result

# Example usage:
test_list1 = [(4, 5), (6, 7), (8, 9)]
test_list2 = [(3, 4), (6, 7), (10, 11)]
print(tuple_intersection(test_list1, test_list2))  # Output: [(4, 5), (6, 7)]","def tuple_intersection(test_list1, test_list2):
  res = set([tuple(sorted(ele)) for ele in test_list1]) & set([tuple(sorted(ele)) for ele in test_list2])
  return (res)",Passed,,,,,,,,,,,,,,,,,,,
MBPP,474,"def replace_char(str1, ch, newch):
    return str1.replace(ch, newch)","def replace_char(str1,ch,newch):
 str2 = str1.replace(ch, newch)
 return str2",Passed,,,,,,,,,,,,,,,,,,,
MBPP,475,"def sort_counter(dict1):
    # Sort the dictionary by values in descending order
    sorted_dict = dict(sorted(dict1.items(), key=lambda item: item[1], reverse=True))
    return sorted_dict

# Example usage:
example_dict = {'apple': 3, 'banana': 1, 'cherry': 2}
sorted_example_dict = sort_counter(example_dict)
print(sorted_example_dict)  # Output: {'apple': 3, 'cherry': 2, 'banana': 1}","from collections import Counter
def sort_counter(dict1):
 x = Counter(dict1)
 sort_counter=x.most_common()
 return sort_counter",Passed,,,,,,,,,,,,,,,,,,,
MBPP,476,"def big_sum(nums):
    if not nums:
        return 0
    min_val = min(nums)
    max_val = max(nums)
    return min_val + max_val

# Example usage:
print(big_sum([1, 2, 3, 4, 5]))  # Output: 6
print(big_sum([-10, -20, -30, -40, -50]))  # Output: -60
print(big_sum([100]))  # Output: 200
print(big_sum([]))  # Output: 0","def big_sum(nums):
      sum= max(nums)+min(nums)
      return sum",Passed,,,,,,,,,,,,,,,,,,,
MBPP,477,"def is_lower(string):
    return string.islower()","def is_lower(string):
  return (string.lower())",Passed,,,,,,,,,,,,,,,,,,,
MBPP,478,"def remove_lowercase(str1):
    return ''.join([char for char in str1 if not char.islower()])","import re
def remove_lowercase(str1):
 return re.sub('[a-z]', '', str1)",Passed,,,,,,,,,,,,,,,,,,,
MBPP,479,"def first_Digit(n):
    # Convert the number to a string to easily access the first character
    n_str = str(n)
    # Return the first character as an integer
    return int(n_str[0])

# Example usage:
print(first_Digit(12345))  # Output: 1
print(first_Digit(-98765)) # Output: 9","def first_Digit(n) :  
    while n >= 10:  
        n = n / 10 
    return int(n) ",Failed: ValueError: invalid literal for int() with base 10: '-',,,,,,,,,,,,,,,,,,,
MBPP,103,"def eulerian_num(n, m):
    if m >= n or n == 0:
        return 0
    if m == 0:
        return 1
    if n == 1:
        return 0
    if m == 1:
        return n - 1
    
    # Initialize the base cases
    A = [[0] * (m + 1) for _ in range(n + 1)]
    A[0][0] = 1
    
    # Fill the table using the recurrence relation
    for i in range(1, n + 1):
        A[i][0] = (i - 1) * A[i - 1][1]
        for j in range(1, min(i, m) + 1):
            A[i][j] = (i - 1) * (A[i - 1][j] + A[i - 1][j - 1])
    
    return A[n][m]

# Example usage:
print(eulerian_num(5, 2))  # Output: 15","def eulerian_num(n, m): 
	if (m >= n or n == 0): 
		return 0 
	if (m == 0): 
		return 1 
	return ((n - m) * eulerian_num(n - 1, m - 1) +(m + 1) * eulerian_num(n - 1, m))",Passed,,,,,,,,,,,,,,,,,,,
MBPP,104,"def sort_sublists(input_list):
    # Use the sorted() function to sort each sublist in the input list
    return [sorted(sublist) for sublist in input_list]

# Example usage:
input_list = [[""banana"", ""apple"", ""cherry""], [""dog"", ""cat"", ""elephant""], [""fish"", ""bird"", ""ant""]]
sorted_list = sort_sublists(input_list)
print(sorted_list)","def sort_sublists(input_list):
    result = [sorted(x, key = lambda x:x[0]) for x in input_list] 
    return result
",Passed,,,,,,,,,,,,,,,,,,,
MBPP,105,"def count(lst):
    return sum(1 for item in lst if item)","def count(lst):   
    return sum(lst) ",Passed,,,,,,,,,,,,,,,,,,,
MBPP,106,"def add_lists(test_list, test_tup):
    # Convert the list to a tuple and then concatenate it with the given tuple
    result = tuple(test_list) + test_tup
    return result

# Example usage:
test_list = [1, 2, 3]
test_tup = (4, 5)
print(add_lists(test_list, test_tup))  # Output: (1, 2, 3, 4, 5)","def add_lists(test_list, test_tup):
  res = tuple(list(test_tup) + test_list)
  return (res) ",Passed,,,,,,,,,,,,,,,,,,,
MBPP,108,"def merge_sorted_list(num1, num2, num3):
    # Combine all lists into one
    combined_list = num1 + num2 + num3
    
    # Sort the combined list
    combined_list.sort()
    
    return combined_list

# Example usage:
num1 = [1, 4, 6]
num2 = [2, 5, 7]
num3 = [3, 8, 9]
print(merge_sorted_list(num1, num2, num3))  # Output: [1, 2, 3, 4, 5, 6, 7, 8, 9]","import heapq
def merge_sorted_list(num1,num2,num3):
  num1=sorted(num1)
  num2=sorted(num2)
  num3=sorted(num3)
  result = heapq.merge(num1,num2,num3)
  return list(result)",Passed,,,,,,,,,,,,,,,,,,,
MBPP,109,"def odd_Equivalent(s, n):
    # Convert the binary string to an integer
    num = int(s, 2)
    
    # Initialize the count of numbers with an odd value
    odd_count = 0
    
    # Iterate through each rotation
    for _ in range(n):
        # Check if the number is odd
        if num % 2 != 0:
            odd_count += 1
        
        # Rotate the binary string by one bit to the left
        num = (num << 1) | (num >> (len(s) - 1))
    
    return odd_count

# Example usage:
print(odd_Equivalent(""101"", 3))  # Output: 2","def odd_Equivalent(s,n): 
    count=0
    for i in range(0,n): 
        if (s[i] == '1'): 
            count = count + 1
    return count ",Passed,,,,,,,,,,,,,,,,,,,
MBPP,111,"def common_in_nested_lists(nestedlist):
    # Initialize an empty set to store unique elements from the first list
    seen = set()
    
    # Iterate over each sublist in the nested list
    for sublist in nestedlist:
        # Iterate over each element in the sublist
        for element in sublist:
            # Add the element to the set if it's not already present
            seen.add(element)
    
    # Convert the set back to a list and return it
    return list(seen)

# Example usage:
nestedlist = [[1, 2, 3], [4, 5, 6], [7, 8, 9], [1, 3, 5]]
print(common_in_nested_lists(nestedlist))  # Output: [1, 3, 5]","def common_in_nested_lists(nestedlist):
    result = list(set.intersection(*map(set, nestedlist)))
    return result",Passed,,,,,,,,,,,,,,,,,,,
MBPP,113,"def check_integer(text):
    try:
        int(text)
        return True
    except ValueError:
        return False","def check_integer(text):
 text = text.strip()
 if len(text) < 1:
    return None
 else:
     if all(text[i] in ""0123456789"" for i in range(len(text))):
          return True
     elif (text[0] in ""+-"") and \
         all(text[i] in ""0123456789"" for i in range(1,len(text))):
         return True
     else:
        return False",Passed,,,,,,,,,,,,,,,,,,,
MBPP,115,"def empty_dit(list1):
    return all(not d for d in list1)","def empty_dit(list1):
 empty_dit=all(not d for d in list1)
 return empty_dit",Passed,,,,,,,,,,,,,,,,,,,
MBPP,116,"def tuple_to_int(nums):
    # Convert each number in the tuple to a string, join them together, and then convert back to an integer
    return int(''.join(map(str, nums)))

# Example usage:
nums = (1, 2, 3)
result = tuple_to_int(nums)
print(result)  # Output: 123","def tuple_to_int(nums):
    result = int(''.join(map(str,nums)))
    return result",Passed,,,,,,,,,,,,,,,,,,,
MBPP,117,"def list_to_float(test_list):
    # Iterate over each sublist in the main list
    for sub_list in test_list:
        # Iterate over each element in the sublist
        for i in range(len(sub_list)):
            # Check if the element can be converted to float
            try:
                # Convert the element to float
                sub_list[i] = float(sub_list[i])
            except ValueError:
                # If conversion fails, leave the element unchanged
                pass
    return test_list

# Example usage:
test_list = [[""1"", ""2"", ""3""], [""4"", ""5"", ""6""], [""7"", ""8"", ""9""]]
print(list_to_float(test_list))","def list_to_float(test_list):
  res = []
  for tup in test_list:
    temp = []
    for ele in tup:
      if ele.isalpha():
        temp.append(ele)
      else:
        temp.append(float(ele))
    res.append((temp[0],temp[1])) 
  return res",Passed,,,,,,,,,,,,,,,,,,,
MBPP,118,"def string_to_list(string):
    return string.split()","def string_to_list(string): 
    lst = list(string.split("" "")) 
    return lst",Passed,,,,,,,,,,,,,,,,,,,
MBPP,119,"```python
def search(arr):
    left, right = 0, len(arr) - 1
    
    while left < right:
        mid = (left + right) // 2
        
        # Check if mid is even or odd
        if mid % 2 == 0:
            # If mid is even, check if arr[mid] == arr[mid + 1]
            if arr[mid] == arr[mid + 1]:
                left = mid + 2
            else:
                right = mid
        else:
            # If mid is odd, check if arr[mid] == arr[mid - 1]
            if arr[mid] == arr[mid - 1]:
                left = mid + 1
            else:
                right = mid
    
    return arr[left]

# Example usage:
arr = [1, 1, 2, 3, 3, 4, 4, 5, 5, 6, 6, 7, 7, 8, 8, 9, 9, 10, 10, 11, 11, 12, 12, 13, 13, 14, 14, 15, 15, 16, 16, 17, 17, 18, 18, 19, 19, 20, 20, 21, 21, 22, 22, 23, 23, 24, 24, 25, 25, 26, 26, 27, 27, 28, 28, 29, 29, 30, 30, 31, 31, 32, 32, 33, 33, 34, 34, 35, 35, 36, 36, 37, 37, 38, 38, 39, 39, 40, 40, 41, 41, 42, 42, 43, 43, 44, 44, 45, 45, 46,","def search(arr):
    n = len(arr)
    XOR = 0
    for i in range(n) :
        XOR = XOR ^ arr[i]
    return (XOR)","Failed: Syntax Hallucination (invalid syntax (<string>, line 1))",,,,,,,,,,,,,,,,,,,
MBPP,120,"def max_product_tuple(list1):
    # Initialize variables to store the maximum and minimum values found in the list
    max_val = float('-inf')
    min_val = float('inf')
    
    # Iterate through each tuple in the list
    for tup in list1:
        # Update max_val and min_val if the current tuple's elements are greater or smaller than the current max/min
        max_val = max(max_val, max(tup))
        min_val = min(min_val, min(tup))
    
    # Calculate the maximum product of the two extremes (max_val * min_val)
    return max_val * min_val

# Example usage:
list1 = [(1, 2), (-3, 4), (5, -6)]
print(max_product_tuple(list1))  # Output: 18","def max_product_tuple(list1):
    result_max = max([abs(x * y) for x, y in list1] )
    return result_max",Passed,,,,,,,,,,,,,,,,,,,
MBPP,123,"def amicable_numbers_sum(limit):
    def sum_of_divisors(n):
        """"""Calculate the sum of proper divisors of n.""""""
        divisors_sum = 1  # Start with 1 because it's a proper divisor of every number
        for i in range(2, int(n**0.5) + 1):
            if n % i == 0:
                divisors_sum += i
                if i != n // i:  # Avoid adding the square root twice for perfect squares
                    divisors_sum += n // i
        return divisors_sum

    amicable_pairs = set()
    for num in range(2, limit + 1):
        if num not in amicable_pairs:
            partner = sum_of_divisors(num)
            if partner > num and sum_of_divisors(partner) == num:
                amicable_pairs.add(num)
                amicable_pairs.add(partner)

    return sum(amicable_pairs)

# Example usage:
print(amicable_numbers_sum(3000))  # Output will depend on the definition of amicable numbers up to 3000","def amicable_numbers_sum(limit):
    if not isinstance(limit, int):
        return ""Input is not an integer!""
    if limit < 1:
        return ""Input must be bigger than 0!""
    amicables = set()
    for num in range(2, limit+1):
        if num in amicables:
            continue
        sum_fact = sum([fact for fact in range(1, num) if num % fact == 0])
        sum_fact2 = sum([fact for fact in range(1, sum_fact) if sum_fact % fact == 0])
        if num == sum_fact2 and num != sum_fact:
            amicables.add(num)
            amicables.add(sum_fact2)
    return sum(amicables)",Passed,,,,,,,,,,,,,,,,,,,
MBPP,124,"import cmath

def angle_complex(a, b):
    # Create a complex number from the given real and imaginary parts
    z = complex(a, b)
    # Calculate the angle (in radians) of the complex number
    angle = cmath.phase(z)
    return angle","import cmath
def angle_complex(a,b):
  cn=complex(a,b)
  angle=cmath.phase(a+b)
  return angle",Passed,,,,,,,,,,,,,,,,,,,
MBPP,125,"def find_length(s):
    max_diff = 0
    current_diff = 0
    for char in s:
        if char == '0':
            current_diff += 1
        else:
            current_diff -= 1
        max_diff = max(max_diff, current_diff)
    return max_diff

# Example usage:
print(find_length(""110010""))  # Output: 2
print(find_length(""000000""))  # Output: 0
print(find_length(""111111""))  # Output: 0
print(find_length(""010101""))  # Output: 1","def find_length(string): 
	n = len(string)
	current_sum = 0
	max_sum = 0
	for i in range(n): 
		current_sum += (1 if string[i] == '0' else -1) 
		if current_sum < 0: 
			current_sum = 0
		max_sum = max(current_sum, max_sum) 
	return max_sum if max_sum else 0",Passed,,,,,,,,,,,,,,,,,,,
MBPP,126,"def sum(a, b):
    # Helper function to calculate the greatest common divisor (GCD)
    def gcd(x, y):
        while y:
            x, y = y, x % y
        return x

    # Calculate the GCD of the two numbers
    common_divisor_gcd = gcd(a, b)

    # Calculate the sum of all divisors of the GCD
    sum_of_divisors = 0
    for i in range(1, common_divisor_gcd + 1):
        if common_divisor_gcd % i == 0:
            sum_of_divisors += i

    return sum_of_divisors","def sum(a,b): 
    sum = 0
    for i in range (1,min(a,b)): 
        if (a % i == 0 and b % i == 0): 
            sum += i 
    return sum",Passed,,,,,,,,,,,,,,,,,,,
MBPP,127,"def multiply_int(x, y):
    return x * y","def multiply_int(x, y):
    if y < 0:
        return -multiply_int(x, -y)
    elif y == 0:
        return 0
    elif y == 1:
        return x
    else:
        return x + multiply_int(x, y - 1)",Passed,,,,,,,,,,,,,,,,,,,
MBPP,128,"def long_words(n, str):
    # Split the input string into a list of words
    words = str.split()
    
    # Filter the list to include only words longer than n characters
    long_words_list = [word for word in words if len(word) > n]
    
    return long_words_list

# Example usage:
n = 5
str = ""This is an example string with some long words""
print(long_words(n, str))","def long_words(n, str):
    word_len = []
    txt = str.split("" "")
    for x in txt:
        if len(x) > n:
            word_len.append(x)
    return word_len	",Passed,,,,,,,,,,,,,,,,,,,
MBPP,129,"def magic_square_test(my_matrix):
    n = len(my_matrix)
    if n == 0:
        return False
    
    # Calculate the sum of the first row to use as a reference
    magic_sum = sum(my_matrix[0])
    
    # Check rows and columns
    for i in range(n):
        if sum(my_matrix[i]) != magic_sum or sum([my_matrix[j][i] for j in range(n)]) != magic_sum:
            return False
    
    # Check diagonals
    if sum([my_matrix[i][i] for i in range(n)]) != magic_sum or sum([my_matrix[i][n-i-1] for i in range(n)]) != magic_sum:
        return False
    
    return True","def magic_square_test(my_matrix):
    iSize = len(my_matrix[0])
    sum_list = []
    sum_list.extend([sum (lines) for lines in my_matrix])   
    for col in range(iSize):
        sum_list.append(sum(row[col] for row in my_matrix))
    result1 = 0
    for i in range(0,iSize):
        result1 +=my_matrix[i][i]
    sum_list.append(result1)      
    result2 = 0
    for i in range(iSize-1,-1,-1):
        result2 +=my_matrix[i][i]
    sum_list.append(result2)
    if len(set(sum_list))>1:
        return False
    return True",Passed,,,,,,,,,,,,,,,,,,,
MBPP,130,"from collections import Counter

def max_occurrences(nums):
    # Count the occurrences of each number in the list
    count = Counter(nums)
    
    # Find the maximum occurrence
    max_count = max(count.values())
    
    # Find all numbers that have the maximum occurrence
    result = [num for num, freq in count.items() if freq == max_count]
    
    return result","from collections import defaultdict
def max_occurrences(nums):
    dict = defaultdict(int)
    for i in nums:
        dict[i] += 1
    result = max(dict.items(), key=lambda x: x[1]) 
    return result[0]",Passed,,,,,,,,,,,,,,,,,,,
MBPP,131,"def reverse_vowels(str1):
    vowels = ""aeiouAEIOU""
    str1 = list(str1)
    left, right = 0, len(str1) - 1
    
    while left < right:
        if str1[left] not in vowels:
            left += 1
        elif str1[right] not in vowels:
            right -= 1
        else:
            str1[left], str1[right] = str1[right], str1[left]
            left += 1
            right -= 1
    
    return ''.join(str1)

# Test the function
print(reverse_vowels(""hello""))  # Output: ""holle""
print(reverse_vowels(""programming""))  # Output: ""pormming""
print(reverse_vowels(""Python""))  # Output: ""Pythno""","def reverse_vowels(str1):
	vowels = """"
	for char in str1:
		if char in ""aeiouAEIOU"":
			vowels += char
	result_string = """"
	for char in str1:
		if char in ""aeiouAEIOU"":
			result_string += vowels[-1]
			vowels = vowels[:-1]
		else:
			result_string += char
	return result_string",Passed,,,,,,,,,,,,,,,,,,,
MBPP,132,"def tup_string(tup1):
    return str(tup1)","def tup_string(tup1):
  str =  ''.join(tup1)
  return str",Passed,,,,,,,,,,,,,,,,,,,
MBPP,133,"def sum_negativenum(nums):
    return sum(num for num in nums if num < 0)","def sum_negativenum(nums):
  sum_negativenum = list(filter(lambda nums:nums<0,nums))
  return sum(sum_negativenum)",Passed,,,,,,,,,,,,,,,,,,,
MBPP,135,"def hexagonal_num(n):
    # The formula for the nth hexagonal number is n * (2n - 1)
    return n * (2 * n - 1)

# Example usage:
print(hexagonal_num(1))  # Output: 1
print(hexagonal_num(2))  # Output: 6
print(hexagonal_num(3))  # Output: 15","def hexagonal_num(n): 
	return n*(2*n - 1) ",Passed,,,,,,,,,,,,,,,,,,,
MBPP,137,"def zero_count(nums):
    total_zeroes = nums.count(0)
    total_non_zeroes = len(nums) - total_zeroes
    return total_zeroes / total_non_zeroes if total_non_zeroes != 0 else 0

# Example usage:
nums = [1, 0, 2, 0, 3, 0]
print(zero_count(nums))  # Output: 0.5","from array import array
def zero_count(nums):
    n = len(nums)
    n1 = 0
    for x in nums:
        if x == 0:
            n1 += 1
        else:
          None
    return n1/(n-n1)",Passed,,,,,,,,,,,,,,,,,,,
MBPP,138,"def is_Sum_Of_Powers_Of_Two(n):
    # Check if n is less than 1, which cannot be represented as sum of powers of 2
    if n < 1:
        return False
    
    # Iterate through all possible powers of 2
    for i in range(31):  # Since 2^30 is the largest power of 2 that fits in a 32-bit integer
        if (1 << i) <= n:  # Check if 2^i is less than or equal to n
            n -= (1 << i)  # Subtract 2^i from n
            if n == 0:
                return True  # If n becomes 0, it means n can be represented as sum of powers of 2
    
    return False  # If no combination of powers of 2 sums up to n, return False","def is_Sum_Of_Powers_Of_Two(n): 
    if (n % 2 == 1): 
        return False
    else: 
        return True",Passed,,,,,,,,,,,,,,,,,,,
MBPP,139,"import math

def circle_circumference(r):
    return 2 * math.pi * r","def circle_circumference(r):
  perimeter=2*3.1415*r
  return perimeter",Passed,,,,,,,,,,,,,,,,,,,
MBPP,140,"def extract_singly(test_list):
    # Use a set to automatically handle duplicates
    result_set = set()
    for sublist in test_list:
        for item in sublist:
            result_set.add(item)
    return result_set

# Example usage:
test_list = [[1, 2, 3], [4, 5, 6], [7, 8, 9]]
print(extract_singly(test_list))  # Output: {1, 2, 3, 4, 5, 6, 7, 8, 9}","def extract_singly(test_list):
  res = []
  temp = set()
  for inner in test_list:
    for ele in inner:
      if not ele in temp:
        temp.add(ele)
        res.append(ele)
  return (res) ",Passed,,,,,,,,,,,,,,,,,,,
MBPP,141,"def pancake_sort(nums):
    n = len(nums)
    for i in range(n - 1, 0, -1):
        # Find the index of the maximum element in the unsorted part
        max_index = nums.index(max(nums[:i + 1]))
        
        # Flip the array from the start to the max_index
        nums[:max_index + 1] = nums[:max_index + 1][::-1]
        
        # Flip the entire unsorted part
        nums[:i + 1] = nums[:i + 1][::-1]
    
    return nums","def pancake_sort(nums):
    arr_len = len(nums)
    while arr_len > 1:
        mi = nums.index(max(nums[0:arr_len]))
        nums = nums[mi::-1] + nums[mi+1:len(nums)]
        nums = nums[arr_len-1::-1] + nums[arr_len:len(nums)]
        arr_len -= 1
    return nums",Passed,,,,,,,,,,,,,,,,,,,
MBPP,142,"def count_samepair(list1, list2, list3):
    # Initialize a counter for matching pairs
    count = 0
    
    # Iterate over the indices of the lists
    for i in range(len(list1)):
        # Check if the elements at the current index are the same in all three lists
        if list1[i] == list2[i] == list3[i]:
            # Increment the counter if they are the same
            count += 1
    
    # Return the total count of matching pairs
    return count

# Example usage:
list1 = [1, 2, 3]
list2 = [1, 2, 4]
list3 = [1, 2, 3]
print(count_samepair(list1, list2, list3))  # Output: 2","def count_samepair(list1,list2,list3):
    result = sum(m == n == o for m, n, o in zip(list1,list2,list3))
    return result",Passed,,,,,,,,,,,,,,,,,,,
MBPP,143,"def find_lists(Input):
    # Initialize a counter for lists
    list_count = 0
    
    # Iterate through each element in the input tuple
    for element in Input:
        # Check if the element is a list
        if isinstance(element, list):
            # Increment the counter if it is a list
            list_count += 1
    
    # Return the total count of lists found
    return list_count

# Example usage:
Input = (1, [2, 3], 'a', [4, 5, 6], 7)
print(find_lists(Input))  # Output: 2","def find_lists(Input): 
	if isinstance(Input, list): 
		return 1
	else: 
		return len(Input) ",Passed,,,,,,,,,,,,,,,,,,,
MBPP,145,"def max_Abs_Diff(arr):
    if not arr:
        return 0
    
    min_val = arr[0]
    max_val = arr[0]
    
    for num in arr:
        min_val = min(min_val, num)
        max_val = max(max_val, num)
    
    return max_val - min_val

# Example usage:
arr = [3, 10, 6, 2, 8]
print(max_Abs_Diff(arr))  # Output: 10","def max_Abs_Diff(arr): 
    n = len(arr)
    minEle = arr[0] 
    maxEle = arr[0] 
    for i in range(1, n): 
        minEle = min(minEle,arr[i]) 
        maxEle = max(maxEle,arr[i]) 
    return (maxEle - minEle) ",Passed,,,,,,,,,,,,,,,,,,,
MBPP,160,"from typing import Optional

def find_solution(a: int, b: int, n: int) -> Optional[tuple]:
    # Check if a and b are coprime
    if gcd(a, b) != 1:
        return None
    
    # Extended Euclidean algorithm to find x and y
    def extended_gcd(x, y):
        if y == 0:
            return x, 1, 0
        gcd, x1, y1 = extended_gcd(y, x % y)
        x = y1
        y = x1 - (x // y) * y1
        return gcd, x, y
    
    gcd, x, y = extended_gcd(a, b)
    
    # If gcd is not 1, no solution exists
    if gcd != 1:
        return None
    
    # Scale the solution to match the equation ax + by = n
    k = n // gcd
    return (k * x, k * y)

# Helper function to calculate the greatest common divisor
def gcd(x, y):
    while y:
        x, y = y, x % y
    return x","def find_solution(a, b, n):
	i = 0
	while i * a <= n:
		if (n - (i * a)) % b == 0: 
			return (i, (n - (i * a)) // b)
		i = i + 1
	return None",Passed,,,,,,,,,,,,,,,,,,,
MBPP,161,"def remove_elements(list1, list2):
    # Use set intersection to find common elements and then filter out those elements from list1
    return [item for item in list1 if item not in set(list2)]

# Example usage:
list1 = [1, 2, 3, 4, 5]
list2 = [2, 4]
result = remove_elements(list1, list2)
print(result)  # Output: [1, 3, 5]","def remove_elements(list1, list2):
    result = [x for x in list1 if x not in list2]
    return result",Passed,,,,,,,,,,,,,,,,,,,
MBPP,162,"def sum_series(n):
    total = 0
    for i in range(n // 2):
        total += n - 2 * i
    return total

# Example usage:
print(sum_series(10))  # Output: 30","def sum_series(n):
  if n < 1:
    return 0
  else:
    return n + sum_series(n - 2)",Passed,,,,,,,,,,,,,,,,,,,
MBPP,163,"import math

def area_polygon(s, l):
    # Calculate the area using the formula for the area of a regular polygon
    area = (s * l**2) / (4 * math.tan(math.pi / s))
    return area","from math import tan, pi
def area_polygon(s, l):
  area = s * (l ** 2) / (4 * tan(pi / s))
  return area",Passed,,,,,,,,,,,,,,,,,,,
MBPP,164,"def div_sum(n):
    # Calculate the sum of divisors of n
    return sum(i for i in range(1, n + 1) if n % i == 0)

# Example usage:
# print(div_sum(28))  # Output: 28
# print(div_sum(12))  # Output: 28","import math 
def div_sum(n): 
  total = 1
  i = 2

  while i * i <= n:
    if (n % i == 0):
      total = (total + i + math.floor(n / i))
    i += 1

  return total

def are_equivalent(num1, num2): 
    return div_sum(num1) == div_sum(num2); ",Passed,,,,,,,,,,,,,,,,,,,
MBPP,165,"def count_char_position(str1):
    # Convert the string to lowercase to make the function case-insensitive
    str1 = str1.lower()
    
    # Initialize a counter for characters that match their position in the alphabet
    count = 0
    
    # Iterate over the string
    for i, char in enumerate(str1):
        # Check if the character is a letter and its position matches its ASCII value minus 'a'
        if char.isalpha() and ord(char) - ord('a') == i:
            count += 1
    
    return count

# Example usage:
print(count_char_position(""abAB""))  # Output: 2
print(count_char_position(""abcCd""))  # Output: 3
print(count_char_position(""helloE""))  # Output: 1
print(count_char_position(""woArBld""))  # Output: 3
print(count_char_position(""aAaaaXa""))  # Output: 1","def count_char_position(str1): 
    count_chars = 0
    for i in range(len(str1)):
        if ((i == ord(str1[i]) - ord('A')) or 
            (i == ord(str1[i]) - ord('a'))): 
            count_chars += 1
    return count_chars ",Passed,,,,,,,,,,,,,,,,,,,
MBPP,166,"def find_even_pair(A):
    # Initialize a counter for pairs with even XOR
    even_xor_count = 0
    
    # Iterate over each pair of elements in the list
    for i in range(len(A)):
        for j in range(i + 1, len(A)):
            # Check if the XOR of the two elements is even
            if (A[i] ^ A[j]) % 2 == 0:
                even_xor_count += 1
    
    return even_xor_count

# Example usage:
A = [1, 2, 3, 4]
print(find_even_pair(A))  # Output: 6","def find_even_pair(A): 
  count = 0
  for i in range(0, len(A)): 
    for j in range(i+1, len(A)): 
        if ((A[i] ^ A[j]) % 2 == 0): 
          count += 1

  return count",Passed,,,,,,,,,,,,,,,,,,,
MBPP,167,"def next_power_of_2(n):
    if n <= 0:
        return 1
    power = 1
    while power < n:
        power <<= 1
    return power","def next_power_of_2(n): 
  if n and not n & (n - 1):
    return n

  count = 0
  while n != 0: 
    n >>= 1
    count += 1

  return 1 << count; ",Passed,,,,,,,,,,,,,,,,,,,
MBPP,168,"def frequency(a, x):
    return a.count(x)","def frequency(a,x): 
    count = 0  
    for i in a: 
      if i == x: 
        count += 1

    return count ",Passed,,,,,,,,,,,,,,,,,,,
MBPP,170,"def sum_range_list(list1, m, n):
    # Ensure m is less than or equal to n for valid range
    if m > n:
        return 0
    
    # Calculate the sum of elements from index m to n (inclusive)
    total_sum = sum(list1[m:n+1])
    
    return total_sum

# Example usage:
list1 = [1, 2, 3, 4, 5]
m = 1
n = 3
print(sum_range_list(list1, m, n))  # Output: 9","def sum_range_list(list1, m, n):                                                                                                                                                                                                
    sum_range = 0                                                                                                                                                                                                         
    for i in range(m, n+1, 1):                                                                                                                                                                                        
        sum_range += list1[i]                                                                                                                                                                                                  
    return sum_range   ",Passed,,,,,,,,,,,,,,,,,,,
MBPP,171,"def perimeter_pentagon(a):
    # A regular pentagon has 5 equal sides
    return 5 * a","import math
def perimeter_pentagon(a):
  perimeter=(5*a)
  return perimeter",Passed,,,,,,,,,,,,,,,,,,,
MBPP,172,"def count_occurance(s):
    return s.count('std')","def count_occurance(s):
  count = 0
  for i in range(len(s) - 2):
    if (s[i] == 's' and s[i+1] == 't' and s[i+2] == 'd'):
      count = count + 1
  return count",Passed,,,,,,,,,,,,,,,,,,,
MBPP,222,"def check_type(test_tuple):
    # Check if the tuple is empty
    if not test_tuple:
        return True
    
    # Get the data type of the first element
    first_type = type(test_tuple[0])
    
    # Iterate through the tuple to check if all elements have the same type
    for element in test_tuple:
        if type(element) != first_type:
            return False
    
    return True

# Example usage:
print(check_type((1, 2, 3)))  # Output: True
print(check_type((1, 'a', 3)))  # Output: False
print(check_type(()))  # Output: True","def check_type(test_tuple):
  res = True
  for ele in test_tuple:
    if not isinstance(ele, type(test_tuple[0])):
      res = False
      break
  return (res) ",Passed,,,,,,,,,,,,,,,,,,,
MBPP,223,"def is_majority(arr, n, x):
    # Check if the element x appears more than n/2 times in the array
    return arr.count(x) > n // 2

# Example usage:
arr = [1, 2, 3, 3, 3, 4, 4, 4, 4]
n = len(arr)
x = 4
print(is_majority(arr, n, x))  # Output: True","def is_majority(arr, n, x):
	i = binary_search(arr, 0, n-1, x)
	if i == -1:
		return False
	if ((i + n//2) <= (n -1)) and arr[i + n//2] == x:
		return True
	else:
		return False
def binary_search(arr, low, high, x):
	if high >= low:
		mid = (low + high)//2 
		if (mid == 0 or x > arr[mid-1]) and (arr[mid] == x):
			return mid
		elif x > arr[mid]:
			return binary_search(arr, (mid + 1), high, x)
		else:
			return binary_search(arr, low, (mid -1), x)
	return -1",Passed,,,,,,,,,,,,,,,,,,,
MBPP,224,"def count_Set_Bits(n):
    count = 0
    while n:
        count += n & 1
        n >>= 1
    return count

# Example usage:
print(count_Set_Bits(5))  # Output: 2
print(count_Set_Bits(7))  # Output: 3","def count_Set_Bits(n): 
    count = 0
    while (n): 
        count += n & 1
        n >>= 1
    return count ",Passed,,,,,,,,,,,,,,,,,,,
MBPP,226,"def odd_values_string(str):
    # Initialize an empty list to store characters at even indices
    result = []
    
    # Iterate over the string using enumerate to get both index and character
    for index, char in enumerate(str):
        # Check if the index is even (0-based index)
        if index % 2 == 0:
            # Append the character to the result list
            result.append(char)
    
    # Join the list into a string and return it
    return ''.join(result)

# Example usage:
print(odd_values_string(""abcdef""))  # Output: ""ace""","def odd_values_string(str):
  result = """" 
  for i in range(len(str)):
    if i % 2 == 0:
      result = result + str[i]
  return result",Passed,,,,,,,,,,,,,,,,,,,
