dataset,status,task_id,ast_info,cfg_info,lib_info,dynamic_info,generated_code,patched_code,error_sources,error_types,error_lines
MBPP,hallucinated,103,,"[{'type': 'missing_return', 'function': 'eulerian_num', 'start_line': 1, 'end_line': 21}]",,"{""error_type"": ""SyntaxError"", ""error_message"": ""invalid decimal literal (<string>, line 1)"", ""line_no"": ""1.0"", ""test_case"": ""[[\""(5, 3)\"", \""26\"", \""0\""]]""}","def eulerian_num(n, m):
    if m >= n or n == 0:
        return 0
    if m == 0:
        return 1
    if n == 1:
        return 0
    if m == 1:
        return n - 1
    
    # Initialize the base cases
    A = [[0] * (m + 1) for _ in range(n + 1)]
    A[0][0] = 1
    
    # Fill the table using the recurrence relation
    for i in range(1, n + 1):
        A[i][0] = (i - 1) * A[i - 1][1]
        for j in range(1, min(i, m) + 1):
            A[i][j] = (i - 1) * (A[i - 1][j] + A[i - 1][j - 1])
    
    return A[n][m]

# Example usage:
print(eulerian_num(5, 2))  # Output: 15","<<<< [ERROR START] (dynamic: SyntaxError)
def eulerian_num(n, m):
[ERROR FINISH] (dynamic: SyntaxError) >>>>
    if m >= n or n == 0:
        return 0
    if m == 0:
        return 1
    if n == 1:
        return 0
    if m == 1:
        return n - 1
    
    # Initialize the base cases
    A = [[0] * (m + 1) for _ in range(n + 1)]
    A[0][0] = 1
    
    # Fill the table using the recurrence relation
    for i in range(1, n + 1):
        A[i][0] = (i - 1) * A[i - 1][1]
        for j in range(1, min(i, m) + 1):
            A[i][j] = (i - 1) * (A[i - 1][j] + A[i - 1][j - 1])
    
    return A[n][m]

# Example usage:
print(eulerian_num(5, 2))  # Output: 15",dynamic,dynamic: SyntaxError,1-1
MBPP,hallucinated,105,,,,"{""error_type"": ""SyntaxError"", ""error_message"": ""invalid decimal literal (<string>, line 1)"", ""line_no"": ""1.0"", ""test_case"": ""[[\""[True, True, True]\"", \""3\"", \""3\""]]""}","def count(lst):
    return sum(1 for item in lst if item)","<<<< [ERROR START] (dynamic: SyntaxError)
def count(lst):
[ERROR FINISH] (dynamic: SyntaxError) >>>>
    return sum(1 for item in lst if item)",dynamic,dynamic: SyntaxError,1-1
MBPP,hallucinated,113,,"[{'type': 'missing_return', 'function': 'check_integer', 'start_line': 1, 'end_line': 6}]",,"{""error_type"": ""SyntaxError"", ""error_message"": ""invalid syntax (<string>, line 1)"", ""line_no"": ""1.0"", ""test_case"": ""[[\""12345\"", \""True\"", \""True\""]]""}","def check_integer(text):
    try:
        int(text)
        return True
    except ValueError:
        return False","<<<< [ERROR START] (dynamic: SyntaxError)
def check_integer(text):
[ERROR FINISH] (dynamic: SyntaxError) >>>>
    try:
        int(text)
        return True
    except ValueError:
        return False",dynamic,dynamic: SyntaxError,1-1
MBPP,hallucinated,115,,,,"{""error_type"": ""SyntaxError"", ""error_message"": ""invalid syntax (<string>, line 1)"", ""line_no"": ""1.0"", ""test_case"": ""[[\""[{}, {}, {}]\"", \""True\"", \""True\""]]""}","def empty_dit(list1):
    return all(not d for d in list1)","<<<< [ERROR START] (dynamic: SyntaxError)
def empty_dit(list1):
[ERROR FINISH] (dynamic: SyntaxError) >>>>
    return all(not d for d in list1)",dynamic,dynamic: SyntaxError,1-1
MBPP,hallucinated,116,,,,"{""error_type"": ""SyntaxError"", ""error_message"": ""invalid decimal literal (<string>, line 1)"", ""line_no"": ""1.0"", ""test_case"": ""[[\""(5, 6, 7)\"", \""567\"", \""567\""]]""}","def tuple_to_int(nums):
    # Convert each number in the tuple to a string, join them together, and then convert back to an integer
    return int(''.join(map(str, nums)))

# Example usage:
nums = (1, 2, 3)
result = tuple_to_int(nums)
print(result)  # Output: 123","<<<< [ERROR START] (dynamic: SyntaxError)
def tuple_to_int(nums):
[ERROR FINISH] (dynamic: SyntaxError) >>>>
    # Convert each number in the tuple to a string, join them together, and then convert back to an integer
    return int(''.join(map(str, nums)))

# Example usage:
nums = (1, 2, 3)
result = tuple_to_int(nums)
print(result)  # Output: 123",dynamic,dynamic: SyntaxError,1-1
MBPP,hallucinated,117,,,,"{""error_type"": ""TypeError"", ""error_message"": ""'tuple' object does not support item assignment"", ""line_no"": ""1.0"", ""test_case"": ""[[\""[('3', '4'), ('1', '26.45'), ('7.32', '8'), ('4', '8')]\"", \""[(3.0, 4.0), (1.0, 26.45), (7.32, 8.0), (4.0, 8.0)]\"", \""<Error: 'tuple' object does not support item assignment>\""], [\""[('4', '4'), ('2', '27'), ('4.12', '9'), ('7', '11')]\"", \""[(4.0, 4.0), (2.0, 27.0), (4.12, 9.0), (7.0, 11.0)]\"", \""<Error: 'tuple' object does not support item assignment>\""], [\""[('6', '78'), ('5', '26.45'), ('1.33', '4'), ('82', '13')]\"", \""[(6.0, 78.0), (5.0, 26.45), (1.33, 4.0), (82.0, 13.0)]\"", \""<Error: 'tuple' object does not support item assignment>\""]]""}","def list_to_float(test_list):
    # Iterate over each sublist in the main list
    for sub_list in test_list:
        # Iterate over each element in the sublist
        for i in range(len(sub_list)):
            # Check if the element can be converted to float
            try:
                # Convert the element to float
                sub_list[i] = float(sub_list[i])
            except ValueError:
                # If conversion fails, leave the element unchanged
                pass
    return test_list

# Example usage:
test_list = [[""1"", ""2"", ""3""], [""4"", ""5"", ""6""], [""7"", ""8"", ""9""]]
print(list_to_float(test_list))","<<<< [ERROR START] (dynamic: TypeError)
def list_to_float(test_list):
[ERROR FINISH] (dynamic: TypeError) >>>>
    # Iterate over each sublist in the main list
    for sub_list in test_list:
        # Iterate over each element in the sublist
        for i in range(len(sub_list)):
            # Check if the element can be converted to float
            try:
                # Convert the element to float
                sub_list[i] = float(sub_list[i])
            except ValueError:
                # If conversion fails, leave the element unchanged
                pass
    return test_list

# Example usage:
test_list = [[""1"", ""2"", ""3""], [""4"", ""5"", ""6""], [""7"", ""8"", ""9""]]
print(list_to_float(test_list))",dynamic,dynamic: TypeError,1-1
MBPP,hallucinated,119,"{""type"": ""SyntaxError"", ""value"": 1, ""message"": ""invalid syntax (<unknown>, line 1)""}",,,"{""error_type"": ""SyntaxError"", ""error_message"": ""invalid syntax (<string>, line 1)"", ""line_no"": ""1.0"", ""test_case"": """"}","```python
def search(arr):
    left, right = 0, len(arr) - 1
    
    while left < right:
        mid = (left + right) // 2
        
        # Check if mid is even or odd
        if mid % 2 == 0:
            # If mid is even, check if arr[mid] == arr[mid + 1]
            if arr[mid] == arr[mid + 1]:
                left = mid + 2
            else:
                right = mid
        else:
            # If mid is odd, check if arr[mid] == arr[mid - 1]
            if arr[mid] == arr[mid - 1]:
                left = mid + 1
            else:
                right = mid
    
    return arr[left]

# Example usage:
arr = [1, 1, 2, 3, 3, 4, 4, 5, 5, 6, 6, 7, 7, 8, 8, 9, 9, 10, 10, 11, 11, 12, 12, 13, 13, 14, 14, 15, 15, 16, 16, 17, 17, 18, 18, 19, 19, 20, 20, 21, 21, 22, 22, 23, 23, 24, 24, 25, 25, 26, 26, 27, 27, 28, 28, 29, 29, 30, 30, 31, 31, 32, 32, 33, 33, 34, 34, 35, 35, 36, 36, 37, 37, 38, 38, 39, 39, 40, 40, 41, 41, 42, 42, 43, 43, 44, 44, 45, 45, 46,","<<<< [ERROR START] (ast: SyntaxError)
<<<< [ERROR START] (dynamic: SyntaxError)
```python
[ERROR FINISH] (ast: SyntaxError) >>>>
[ERROR FINISH] (dynamic: SyntaxError) >>>>
def search(arr):
    left, right = 0, len(arr) - 1
    
    while left < right:
        mid = (left + right) // 2
        
        # Check if mid is even or odd
        if mid % 2 == 0:
            # If mid is even, check if arr[mid] == arr[mid + 1]
            if arr[mid] == arr[mid + 1]:
                left = mid + 2
            else:
                right = mid
        else:
            # If mid is odd, check if arr[mid] == arr[mid - 1]
            if arr[mid] == arr[mid - 1]:
                left = mid + 1
            else:
                right = mid
    
    return arr[left]

# Example usage:
arr = [1, 1, 2, 3, 3, 4, 4, 5, 5, 6, 6, 7, 7, 8, 8, 9, 9, 10, 10, 11, 11, 12, 12, 13, 13, 14, 14, 15, 15, 16, 16, 17, 17, 18, 18, 19, 19, 20, 20, 21, 21, 22, 22, 23, 23, 24, 24, 25, 25, 26, 26, 27, 27, 28, 28, 29, 29, 30, 30, 31, 31, 32, 32, 33, 33, 34, 34, 35, 35, 36, 36, 37, 37, 38, 38, 39, 39, 40, 40, 41, 41, 42, 42, 43, 43, 44, 44, 45, 45, 46,","ast,dynamic","ast: SyntaxError,dynamic: SyntaxError","1-1,1-1"
MBPP,hallucinated,126,,,,"{""error_type"": ""SyntaxError"", ""error_message"": ""invalid decimal literal (<string>, line 1)"", ""line_no"": ""1.0"", ""test_case"": ""[[\""(4, 6)\"", \""3\"", \""3\""]]""}","def sum(a, b):
    # Helper function to calculate the greatest common divisor (GCD)
    def gcd(x, y):
        while y:
            x, y = y, x % y
        return x

    # Calculate the GCD of the two numbers
    common_divisor_gcd = gcd(a, b)

    # Calculate the sum of all divisors of the GCD
    sum_of_divisors = 0
    for i in range(1, common_divisor_gcd + 1):
        if common_divisor_gcd % i == 0:
            sum_of_divisors += i

    return sum_of_divisors","<<<< [ERROR START] (dynamic: SyntaxError)
def sum(a, b):
[ERROR FINISH] (dynamic: SyntaxError) >>>>
    # Helper function to calculate the greatest common divisor (GCD)
    def gcd(x, y):
        while y:
            x, y = y, x % y
        return x

    # Calculate the GCD of the two numbers
    common_divisor_gcd = gcd(a, b)

    # Calculate the sum of all divisors of the GCD
    sum_of_divisors = 0
    for i in range(1, common_divisor_gcd + 1):
        if common_divisor_gcd % i == 0:
            sum_of_divisors += i

    return sum_of_divisors",dynamic,dynamic: SyntaxError,1-1
MBPP,hallucinated,127,,,,"{""error_type"": ""SyntaxError"", ""error_message"": ""invalid decimal literal (<string>, line 1)"", ""line_no"": ""1.0"", ""test_case"": ""[[\""(4, 8)\"", \""32\"", \""32\""]]""}","def multiply_int(x, y):
    return x * y","<<<< [ERROR START] (dynamic: SyntaxError)
def multiply_int(x, y):
[ERROR FINISH] (dynamic: SyntaxError) >>>>
    return x * y",dynamic,dynamic: SyntaxError,1-1
MBPP,hallucinated,135,,,,"{""error_type"": ""SyntaxError"", ""error_message"": ""invalid decimal literal (<string>, line 1)"", ""line_no"": ""1.0"", ""test_case"": ""[[\""7\"", \""91\"", \""91\""]]""}","def hexagonal_num(n):
    # The formula for the nth hexagonal number is n * (2n - 1)
    return n * (2 * n - 1)

# Example usage:
print(hexagonal_num(1))  # Output: 1
print(hexagonal_num(2))  # Output: 6
print(hexagonal_num(3))  # Output: 15","<<<< [ERROR START] (dynamic: SyntaxError)
def hexagonal_num(n):
[ERROR FINISH] (dynamic: SyntaxError) >>>>
    # The formula for the nth hexagonal number is n * (2n - 1)
    return n * (2 * n - 1)

# Example usage:
print(hexagonal_num(1))  # Output: 1
print(hexagonal_num(2))  # Output: 6
print(hexagonal_num(3))  # Output: 15",dynamic,dynamic: SyntaxError,1-1
MBPP,hallucinated,14,,,,"{""error_type"": ""SyntaxError"", ""error_message"": ""invalid decimal literal (<string>, line 1)"", ""line_no"": ""1.0"", ""test_case"": ""[[\""(1, 2, 1)\"", \""1\"", \""1.0\""]]""}","def find_Volume(l, b, h):
    # Calculate the area of the base triangle
    base_area = 0.5 * b * h
    
    # Calculate the volume of the prism
    volume = base_area * l
    
    return volume","<<<< [ERROR START] (dynamic: SyntaxError)
def find_Volume(l, b, h):
[ERROR FINISH] (dynamic: SyntaxError) >>>>
    # Calculate the area of the base triangle
    base_area = 0.5 * b * h
    
    # Calculate the volume of the prism
    volume = base_area * l
    
    return volume",dynamic,dynamic: SyntaxError,1-1
MBPP,hallucinated,160,,"[{'type': 'missing_return', 'function': 'find_solution', 'start_line': 3, 'end_line': 25}, {'type': 'missing_return', 'function': 'extended_gcd', 'start_line': 9, 'end_line': 15}]",,"{""error_type"": ""UnboundLocalError"", ""error_message"": ""cannot access local variable 'gcd' where it is not associated with a value"", ""line_no"": ""1.0"", ""test_case"": ""[[\""(2, 3, 7)\"", \""(2, 1)\"", \""<Error: cannot access local variable 'gcd' where it is not associated with a value>\""], [\""(4, 2, 7)\"", \""None\"", \""<Error: cannot access local variable 'gcd' where it is not associated with a value>\""], [\""(1, 13, 17)\"", \""(4, 1)\"", \""<Error: cannot access local variable 'gcd' where it is not associated with a value>\""]]""}","from typing import Optional

def find_solution(a: int, b: int, n: int) -> Optional[tuple]:
    # Check if a and b are coprime
    if gcd(a, b) != 1:
        return None
    
    # Extended Euclidean algorithm to find x and y
    def extended_gcd(x, y):
        if y == 0:
            return x, 1, 0
        gcd, x1, y1 = extended_gcd(y, x % y)
        x = y1
        y = x1 - (x // y) * y1
        return gcd, x, y
    
    gcd, x, y = extended_gcd(a, b)
    
    # If gcd is not 1, no solution exists
    if gcd != 1:
        return None
    
    # Scale the solution to match the equation ax + by = n
    k = n // gcd
    return (k * x, k * y)

# Helper function to calculate the greatest common divisor
def gcd(x, y):
    while y:
        x, y = y, x % y
    return x","<<<< [ERROR START] (dynamic: UnboundLocalError)
from typing import Optional
[ERROR FINISH] (dynamic: UnboundLocalError) >>>>

def find_solution(a: int, b: int, n: int) -> Optional[tuple]:
    # Check if a and b are coprime
    if gcd(a, b) != 1:
        return None
    
    # Extended Euclidean algorithm to find x and y
    def extended_gcd(x, y):
        if y == 0:
            return x, 1, 0
        gcd, x1, y1 = extended_gcd(y, x % y)
        x = y1
        y = x1 - (x // y) * y1
        return gcd, x, y
    
    gcd, x, y = extended_gcd(a, b)
    
    # If gcd is not 1, no solution exists
    if gcd != 1:
        return None
    
    # Scale the solution to match the equation ax + by = n
    k = n // gcd
    return (k * x, k * y)

# Helper function to calculate the greatest common divisor
def gcd(x, y):
    while y:
        x, y = y, x % y
    return x",dynamic,dynamic: UnboundLocalError,1-1
MBPP,hallucinated,162,,,,"{""error_type"": ""SyntaxError"", ""error_message"": ""invalid decimal literal (<string>, line 1)"", ""line_no"": ""1.0"", ""test_case"": ""[[\""9\"", \""25\"", \""24\""]]""}","def sum_series(n):
    total = 0
    for i in range(n // 2):
        total += n - 2 * i
    return total

# Example usage:
print(sum_series(10))  # Output: 30","<<<< [ERROR START] (dynamic: SyntaxError)
def sum_series(n):
[ERROR FINISH] (dynamic: SyntaxError) >>>>
    total = 0
    for i in range(n // 2):
        total += n - 2 * i
    return total

# Example usage:
print(sum_series(10))  # Output: 30",dynamic,dynamic: SyntaxError,1-1
MBPP,hallucinated,164,,,,"{""error_type"": ""NameError"", ""error_message"": ""name 'are_equivalent' is not defined"", ""line_no"": ""1.0"", ""test_case"": """"}","def div_sum(n):
    # Calculate the sum of divisors of n
    return sum(i for i in range(1, n + 1) if n % i == 0)

# Example usage:
# print(div_sum(28))  # Output: 28
# print(div_sum(12))  # Output: 28","<<<< [ERROR START] (dynamic: NameError)
def div_sum(n):
[ERROR FINISH] (dynamic: NameError) >>>>
    # Calculate the sum of divisors of n
    return sum(i for i in range(1, n + 1) if n % i == 0)

# Example usage:
# print(div_sum(28))  # Output: 28
# print(div_sum(12))  # Output: 28",dynamic,dynamic: NameError,1-1
MBPP,hallucinated,167,,"[{'type': 'missing_return', 'function': 'next_power_of_2', 'start_line': 1, 'end_line': 7}]",,"{""error_type"": ""SyntaxError"", ""error_message"": ""invalid decimal literal (<string>, line 1)"", ""line_no"": ""1.0"", ""test_case"": ""[[\""17\"", \""32\"", \""32\""]]""}","def next_power_of_2(n):
    if n <= 0:
        return 1
    power = 1
    while power < n:
        power <<= 1
    return power","<<<< [ERROR START] (dynamic: SyntaxError)
def next_power_of_2(n):
[ERROR FINISH] (dynamic: SyntaxError) >>>>
    if n <= 0:
        return 1
    power = 1
    while power < n:
        power <<= 1
    return power",dynamic,dynamic: SyntaxError,1-1
MBPP,hallucinated,17,,,,"{""error_type"": ""SyntaxError"", ""error_message"": ""invalid decimal literal (<string>, line 1)"", ""line_no"": ""1.0"", ""test_case"": ""[[\""4\"", \""16\"", \""16\""]]""}","def square_perimeter(a):
    return 4 * a","<<<< [ERROR START] (dynamic: SyntaxError)
def square_perimeter(a):
[ERROR FINISH] (dynamic: SyntaxError) >>>>
    return 4 * a",dynamic,dynamic: SyntaxError,1-1
MBPP,hallucinated,172,,,,"{""error_type"": ""SyntaxError"", ""error_message"": ""invalid decimal literal (<string>, line 1)"", ""line_no"": ""1.0"", ""test_case"": ""[[\""letstdlenstdporstd\"", \""3\"", \""3\""], [\""truststdsolensporsd\"", \""1\"", \""1\""], [\""makestdsostdworthit\"", \""2\"", \""2\""]]""}","def count_occurance(s):
    return s.count('std')","<<<< [ERROR START] (dynamic: SyntaxError)
def count_occurance(s):
[ERROR FINISH] (dynamic: SyntaxError) >>>>
    return s.count('std')",dynamic,dynamic: SyntaxError,1-1
MBPP,hallucinated,18,,,,"{""error_type"": ""NameError"", ""error_message"": ""name 'remove_dirty_chars' is not defined"", ""line_no"": ""1.0"", ""test_case"": """"}","def str_to_list(string):
    return list(string)","<<<< [ERROR START] (dynamic: NameError)
def str_to_list(string):
[ERROR FINISH] (dynamic: NameError) >>>>
    return list(string)",dynamic,dynamic: NameError,1-1
MBPP,hallucinated,20,,"[{'type': 'missing_return', 'function': 'is_woodall', 'start_line': 1, 'end_line': 12}]",,"{""error_type"": ""SyntaxError"", ""error_message"": ""invalid syntax (<string>, line 1)"", ""line_no"": ""1.0"", ""test_case"": ""[[\""200\"", \""False\"", \""False\""]]""}","def is_woodall(x):
    # A number x is a Woodall number if it can be expressed as n * 2^n - 1 for some integer n.
    # We need to find such an n that satisfies this equation.
    # Start with n = 1 and increment until we find a match or exceed x.
    n = 1
    while True:
        woodall_candidate = n * (2 ** n) - 1
        if woodall_candidate == x:
            return True
        elif woodall_candidate > x:
            return False
        n += 1

# Example usage:
print(is_woodall(7))  # Output: True, because 7 is a Woodall number (1 * 2^3 - 1)
print(is_woodall(10)) # Output: False, because 10 is not a Woodall number","<<<< [ERROR START] (dynamic: SyntaxError)
def is_woodall(x):
[ERROR FINISH] (dynamic: SyntaxError) >>>>
    # A number x is a Woodall number if it can be expressed as n * 2^n - 1 for some integer n.
    # We need to find such an n that satisfies this equation.
    # Start with n = 1 and increment until we find a match or exceed x.
    n = 1
    while True:
        woodall_candidate = n * (2 ** n) - 1
        if woodall_candidate == x:
            return True
        elif woodall_candidate > x:
            return False
        n += 1

# Example usage:
print(is_woodall(7))  # Output: True, because 7 is a Woodall number (1 * 2^3 - 1)
print(is_woodall(10)) # Output: False, because 10 is not a Woodall number",dynamic,dynamic: SyntaxError,1-1
MBPP,hallucinated,224,,,,"{""error_type"": ""SyntaxError"", ""error_message"": ""invalid decimal literal (<string>, line 1)"", ""line_no"": ""1.0"", ""test_case"": ""[[\""6\"", \""2\"", \""2\""]]""}","def count_Set_Bits(n):
    count = 0
    while n:
        count += n & 1
        n >>= 1
    return count

# Example usage:
print(count_Set_Bits(5))  # Output: 2
print(count_Set_Bits(7))  # Output: 3","<<<< [ERROR START] (dynamic: SyntaxError)
def count_Set_Bits(n):
[ERROR FINISH] (dynamic: SyntaxError) >>>>
    count = 0
    while n:
        count += n & 1
        n >>= 1
    return count

# Example usage:
print(count_Set_Bits(5))  # Output: 2
print(count_Set_Bits(7))  # Output: 3",dynamic,dynamic: SyntaxError,1-1
MBPP,hallucinated,227,,,,"{""error_type"": ""SyntaxError"", ""error_message"": ""invalid decimal literal (<string>, line 1)"", ""line_no"": ""1.0"", ""test_case"": ""[[\""(-10, -20, -30)\"", \""-30\"", \""-30\""]]""}","def min_of_three(a, b, c):
    return min(a, b, c)","<<<< [ERROR START] (dynamic: SyntaxError)
def min_of_three(a, b, c):
[ERROR FINISH] (dynamic: SyntaxError) >>>>
    return min(a, b, c)",dynamic,dynamic: SyntaxError,1-1
MBPP,hallucinated,233,,,,"{""error_type"": ""NameError"", ""error_message"": ""name 'lateralsuface_cylinder' is not defined"", ""line_no"": ""1.0"", ""test_case"": """"}","import math

def lateralsurface_cylinder(r, h):
    """"""
    Calculate the lateral surface area of a cylinder.

    Parameters:
    r (float): The radius of the cylinder.
    h (float): The height of the cylinder.

    Returns:
    float: The lateral surface area of the cylinder.
    """"""
    return 2 * math.pi * r * h","<<<< [ERROR START] (dynamic: NameError)
import math
[ERROR FINISH] (dynamic: NameError) >>>>

def lateralsurface_cylinder(r, h):
    """"""
    Calculate the lateral surface area of a cylinder.

    Parameters:
    r (float): The radius of the cylinder.
    h (float): The height of the cylinder.

    Returns:
    float: The lateral surface area of the cylinder.
    """"""
    return 2 * math.pi * r * h",dynamic,dynamic: NameError,1-1
MBPP,hallucinated,234,,,,"{""error_type"": ""SyntaxError"", ""error_message"": ""invalid decimal literal (<string>, line 1)"", ""line_no"": ""1.0"", ""test_case"": ""[[\""5\"", \""125\"", \""125\""]]""}","def volume_cube(l):
    return l ** 3","<<<< [ERROR START] (dynamic: SyntaxError)
def volume_cube(l):
[ERROR FINISH] (dynamic: SyntaxError) >>>>
    return l ** 3",dynamic,dynamic: SyntaxError,1-1
MBPP,hallucinated,242,,,,"{""error_type"": ""SyntaxError"", ""error_message"": ""invalid decimal literal (<string>, line 1)"", ""line_no"": ""1.0"", ""test_case"": ""[[\""python programming\"", \""18\"", \""18\""]]""}","def count_charac(str1):
    return len(str1)","<<<< [ERROR START] (dynamic: SyntaxError)
def count_charac(str1):
[ERROR FINISH] (dynamic: SyntaxError) >>>>
    return len(str1)",dynamic,dynamic: SyntaxError,1-1
MBPP,hallucinated,247,,,,"{""error_type"": ""SyntaxError"", ""error_message"": ""invalid decimal literal (<string>, line 1)"", ""line_no"": ""1.0"", ""test_case"": ""[[\""PART OF THE JOURNEY IS PART\"", \""9\"", \""9\""]]""}","def lps(str):
    n = len(str)
    # Create a 2D array to store lengths of longest palindromic subsequences
    dp = [[0] * n for _ in range(n)]
    
    # Every single character is a palindrome of length 1
    for i in range(n):
        dp[i][i] = 1
    
    # Build the table. The outer loop is for substring lengths
    for cl in range(2, n + 1):
        for i in range(n - cl + 1):
            j = i + cl - 1
            if str[i] == str[j] and cl == 2:
                dp[i][j] = 2
            elif str[i] == str[j]:
                dp[i][j] = dp[i + 1][j - 1] + 2
            else:
                dp[i][j] = max(dp[i + 1][j], dp[i][j - 1])
    
    # The length of the longest palindromic subsequence will be in the top right corner of the matrix
    return dp[0][n - 1]","<<<< [ERROR START] (dynamic: SyntaxError)
def lps(str):
[ERROR FINISH] (dynamic: SyntaxError) >>>>
    n = len(str)
    # Create a 2D array to store lengths of longest palindromic subsequences
    dp = [[0] * n for _ in range(n)]
    
    # Every single character is a palindrome of length 1
    for i in range(n):
        dp[i][i] = 1
    
    # Build the table. The outer loop is for substring lengths
    for cl in range(2, n + 1):
        for i in range(n - cl + 1):
            j = i + cl - 1
            if str[i] == str[j] and cl == 2:
                dp[i][j] = 2
            elif str[i] == str[j]:
                dp[i][j] = dp[i + 1][j - 1] + 2
            else:
                dp[i][j] = max(dp[i + 1][j], dp[i][j - 1])
    
    # The length of the longest palindromic subsequence will be in the top right corner of the matrix
    return dp[0][n - 1]",dynamic,dynamic: SyntaxError,1-1
MBPP,hallucinated,252,,,,"{""error_type"": ""SyntaxError"", ""error_message"": ""invalid syntax (<string>, line 1)"", ""line_no"": ""1.0"", ""test_case"": ""[[\""5\"", \""(5.0, 0.0)\"", \""<Error: 'int' object is not iterable>\""]]""}","import cmath

def convert(numbers):
    # Convert each number in the list to polar coordinates
    polar_coordinates = [cmath.polar(num) for num in numbers]
    return polar_coordinates","<<<< [ERROR START] (dynamic: SyntaxError)
import cmath
[ERROR FINISH] (dynamic: SyntaxError) >>>>

def convert(numbers):
    # Convert each number in the list to polar coordinates
    polar_coordinates = [cmath.polar(num) for num in numbers]
    return polar_coordinates",dynamic,dynamic: SyntaxError,1-1
MBPP,hallucinated,253,,,,"{""error_type"": ""SyntaxError"", ""error_message"": ""invalid decimal literal (<string>, line 1)"", ""line_no"": ""1.0"", ""test_case"": ""[[\""[1, 1.2, 4, 5.1]\"", \""2\"", \""2\""]]""}","def count_integer(list1):
    return sum(1 for item in list1 if isinstance(item, int))","<<<< [ERROR START] (dynamic: SyntaxError)
def count_integer(list1):
[ERROR FINISH] (dynamic: SyntaxError) >>>>
    return sum(1 for item in list1 if isinstance(item, int))",dynamic,dynamic: SyntaxError,1-1
MBPP,hallucinated,256,,"[{'type': 'missing_return', 'function': 'count_Primes_nums', 'start_line': 1, 'end_line': 18}, {'type': 'missing_return', 'function': 'is_prime', 'start_line': 5, 'end_line': 11}]",,"{""error_type"": ""SyntaxError"", ""error_message"": ""invalid decimal literal (<string>, line 1)"", ""line_no"": ""1.0"", ""test_case"": ""[[\""100\"", \""25\"", \""25\""]]""}","def count_Primes_nums(n):
    if n <= 2:
        return 0
    
    def is_prime(num):
        if num <= 1:
            return False
        for i in range(2, int(num**0.5) + 1):
            if num % i == 0:
                return False
        return True
    
    count = 0
    for num in range(2, n):
        if is_prime(num):
            count += 1
    
    return count

# Example usage:
print(count_Primes_nums(10))  # Output: 4","<<<< [ERROR START] (dynamic: SyntaxError)
def count_Primes_nums(n):
[ERROR FINISH] (dynamic: SyntaxError) >>>>
    if n <= 2:
        return 0
    
    def is_prime(num):
        if num <= 1:
            return False
        for i in range(2, int(num**0.5) + 1):
            if num % i == 0:
                return False
        return True
    
    count = 0
    for num in range(2, n):
        if is_prime(num):
            count += 1
    
    return count

# Example usage:
print(count_Primes_nums(10))  # Output: 4",dynamic,dynamic: SyntaxError,1-1
MBPP,hallucinated,260,,"[{'type': 'missing_return', 'function': 'newman_prime', 'start_line': 3, 'end_line': 11}]",,"{""error_type"": ""ModuleNotFoundError"", ""error_message"": ""No module named 'sympy'"", ""line_no"": ""1.0"", ""test_case"": """"}","from sympy import isprime

def newman_prime(n):
    count = 0
    num = 2
    while True:
        if isprime(num):
            count += 1
            if count == n:
                return num
        num += 1

# Example usage:
print(newman_prime(1))  # Output: 2
print(newman_prime(2))  # Output: 3
print(newman_prime(3))  # Output: 5
print(newman_prime(4))  # Output: 7
print(newman_prime(5))  # Output: 11","<<<< [ERROR START] (dynamic: ModuleNotFoundError)
from sympy import isprime
[ERROR FINISH] (dynamic: ModuleNotFoundError) >>>>

def newman_prime(n):
    count = 0
    num = 2
    while True:
        if isprime(num):
            count += 1
            if count == n:
                return num
        num += 1

# Example usage:
print(newman_prime(1))  # Output: 2
print(newman_prime(2))  # Output: 3
print(newman_prime(3))  # Output: 5
print(newman_prime(4))  # Output: 7
print(newman_prime(5))  # Output: 11",dynamic,dynamic: ModuleNotFoundError,1-1
MBPP,hallucinated,262,,"[{'type': 'missing_return', 'function': 'split_two_parts', 'start_line': 1, 'end_line': 10}]",,"{""error_type"": ""SyntaxError"", ""error_message"": ""invalid syntax (<string>, line 1)"", ""line_no"": ""1.0"", ""test_case"": ""[[\""(['p', 'y', 't', 'h', 'o', 'n'], 4)\"", \""(['p', 'y', 't', 'h'], ['o', 'n'])\"", \""(['p', 'y', 't', 'h'], ['o', 'n'])\""]]""}","def split_two_parts(list1, L):
    # Check if L is within the bounds of the list
    if L < 0 or L > len(list1):
        raise ValueError(""L must be between 0 and the length of the list"")
    
    # Split the list into two parts
    part1 = list1[:L]
    part2 = list1[L:]
    
    return (part1, part2)","<<<< [ERROR START] (dynamic: SyntaxError)
def split_two_parts(list1, L):
[ERROR FINISH] (dynamic: SyntaxError) >>>>
    # Check if L is within the bounds of the list
    if L < 0 or L > len(list1):
        raise ValueError(""L must be between 0 and the length of the list"")
    
    # Split the list into two parts
    part1 = list1[:L]
    part2 = list1[L:]
    
    return (part1, part2)",dynamic,dynamic: SyntaxError,1-1
MBPP,hallucinated,264,,,,"{""error_type"": ""SyntaxError"", ""error_message"": ""invalid decimal literal (<string>, line 1)"", ""line_no"": ""1.0"", ""test_case"": ""[[\""24\"", \""109\"", \""109\""]]""}","def dog_age(h_age):
    # The first two years of a dog's life are equivalent to 10.5 human years each
    if h_age <= 2:
        return h_age * 10.5
    else:
        # After the first two years, each year is equivalent to 4 human years
        return 21 + (h_age - 2) * 4

# Example usage:
print(dog_age(0))  # Output: 0
print(dog_age(1))  # Output: 10.5
print(dog_age(2))  # Output: 21
print(dog_age(3))  # Output: 25.5
print(dog_age(4))  # Output: 30","<<<< [ERROR START] (dynamic: SyntaxError)
def dog_age(h_age):
[ERROR FINISH] (dynamic: SyntaxError) >>>>
    # The first two years of a dog's life are equivalent to 10.5 human years each
    if h_age <= 2:
        return h_age * 10.5
    else:
        # After the first two years, each year is equivalent to 4 human years
        return 21 + (h_age - 2) * 4

# Example usage:
print(dog_age(0))  # Output: 0
print(dog_age(1))  # Output: 10.5
print(dog_age(2))  # Output: 21
print(dog_age(3))  # Output: 25.5
print(dog_age(4))  # Output: 30",dynamic,dynamic: SyntaxError,1-1
MBPP,hallucinated,265,,,,"{""error_type"": ""SyntaxError"", ""error_message"": ""invalid syntax (<string>, line 1)"", ""line_no"": ""1.0"", ""test_case"": """"}","def list_split(S, step):
    return [S[i:i+step] for i in range(0, len(S), step)]","<<<< [ERROR START] (dynamic: SyntaxError)
def list_split(S, step):
[ERROR FINISH] (dynamic: SyntaxError) >>>>
    return [S[i:i+step] for i in range(0, len(S), step)]",dynamic,dynamic: SyntaxError,1-1
MBPP,hallucinated,266,,,,"{""error_type"": ""SyntaxError"", ""error_message"": ""invalid decimal literal (<string>, line 1)"", ""line_no"": ""1.0"", ""test_case"": ""[[\""10\"", \""400\"", \""400\""]]""}","def lateralsurface_cube(l):
    # The lateral surface area of a cube is 4 times the area of one face
    return 4 * l ** 2","<<<< [ERROR START] (dynamic: SyntaxError)
def lateralsurface_cube(l):
[ERROR FINISH] (dynamic: SyntaxError) >>>>
    # The lateral surface area of a cube is 4 times the area of one face
    return 4 * l ** 2",dynamic,dynamic: SyntaxError,1-1
MBPP,hallucinated,267,,,,"{""error_type"": ""SyntaxError"", ""error_message"": ""invalid decimal literal (<string>, line 1)"", ""line_no"": ""1.0"", ""test_case"": ""[[\""4\"", \""84\"", \""84\""]]""}","def square_Sum(n):
    total = 0
    for i in range(1, 2*n, 2):
        total += i**2
    return total

# Example usage:
print(square_Sum(3))  # Output: 36","<<<< [ERROR START] (dynamic: SyntaxError)
def square_Sum(n):
[ERROR FINISH] (dynamic: SyntaxError) >>>>
    total = 0
    for i in range(1, 2*n, 2):
        total += i**2
    return total

# Example usage:
print(square_Sum(3))  # Output: 36",dynamic,dynamic: SyntaxError,1-1
MBPP,hallucinated,268,,,,"{""error_type"": ""SyntaxError"", ""error_message"": ""invalid decimal literal (<string>, line 1)"", ""line_no"": ""1.0"", ""test_case"": ""[[\""5\"", \""121\"", \""161\""]]""}","def find_star_num(n):
    # The formula for the nth star number is 8n(n-1) + 1
    return 8 * n * (n - 1) + 1

# Example usage:
print(find_star_num(1))  # Output: 1
print(find_star_num(2))  # Output: 13
print(find_star_num(3))  # Output: 37","<<<< [ERROR START] (dynamic: SyntaxError)
def find_star_num(n):
[ERROR FINISH] (dynamic: SyntaxError) >>>>
    # The formula for the nth star number is 8n(n-1) + 1
    return 8 * n * (n - 1) + 1

# Example usage:
print(find_star_num(1))  # Output: 1
print(find_star_num(2))  # Output: 13
print(find_star_num(3))  # Output: 37",dynamic,dynamic: SyntaxError,1-1
MBPP,hallucinated,269,,,,"{""error_type"": ""SyntaxError"", ""error_message"": ""invalid decimal literal (<string>, line 1)"", ""line_no"": ""1.0"", ""test_case"": ""[[\""S\"", \""83\"", \""83\""]]""}","def ascii_value(k):
    return ord(k)","<<<< [ERROR START] (dynamic: SyntaxError)
def ascii_value(k):
[ERROR FINISH] (dynamic: SyntaxError) >>>>
    return ord(k)",dynamic,dynamic: SyntaxError,1-1
MBPP,hallucinated,271,,,,"{""error_type"": ""SyntaxError"", ""error_message"": ""invalid decimal literal (<string>, line 1)"", ""line_no"": ""1.0"", ""test_case"": ""[[\""1\"", \""32\"", \""32\""]]""}","def even_Power_Sum(n):
    total_sum = 0
    for i in range(1, n + 1):
        even_number = 2 * i
        total_sum += even_number ** 5
    return total_sum

# Example usage:
print(even_Power_Sum(3))  # Output: 34168","<<<< [ERROR START] (dynamic: SyntaxError)
def even_Power_Sum(n):
[ERROR FINISH] (dynamic: SyntaxError) >>>>
    total_sum = 0
    for i in range(1, n + 1):
        even_number = 2 * i
        total_sum += even_number ** 5
    return total_sum

# Example usage:
print(even_Power_Sum(3))  # Output: 34168",dynamic,dynamic: SyntaxError,1-1
MBPP,hallucinated,279,,,,"{""error_type"": ""SyntaxError"", ""error_message"": ""invalid decimal literal (<string>, line 1)"", ""line_no"": ""1.0"", ""test_case"": ""[[\""10\"", \""370\"", \""False\""]]""}","def is_num_decagonal(n):
    # A number is decagonal if it can be expressed as (3*n^2 - n)/2
    # We check if the expression (3*n^2 - n)/2 equals n
    return (3 * n**2 - n) / 2 == n

# Example usage:
print(is_num_decagonal(1))  # True, because 1st decagonal number is 1
print(is_num_decagonal(5))  # True, because 5th decagonal number is 19
print(is_num_decagonal(10)) # True, because 10th decagonal number is 84
print(is_num_decagonal(11)) # False, because 11 is not a decagonal number","<<<< [ERROR START] (dynamic: SyntaxError)
def is_num_decagonal(n):
[ERROR FINISH] (dynamic: SyntaxError) >>>>
    # A number is decagonal if it can be expressed as (3*n^2 - n)/2
    # We check if the expression (3*n^2 - n)/2 equals n
    return (3 * n**2 - n) / 2 == n

# Example usage:
print(is_num_decagonal(1))  # True, because 1st decagonal number is 1
print(is_num_decagonal(5))  # True, because 5th decagonal number is 19
print(is_num_decagonal(10)) # True, because 10th decagonal number is 84
print(is_num_decagonal(11)) # False, because 11 is not a decagonal number",dynamic,dynamic: SyntaxError,1-1
MBPP,hallucinated,283,,,,"{""error_type"": ""SyntaxError"", ""error_message"": ""invalid syntax (<string>, line 1)"", ""line_no"": ""1.0"", ""test_case"": ""[[\""321\"", \""True\"", \""<Error: count() argument 1 must be str, not int>\""]]""}","def validate(n):
    # Convert the number to a string to iterate over each digit
    digits = str(n)
    
    # Iterate over each digit in the string
    for digit in digits:
        # Convert the digit back to an integer
        d = int(digit)
        
        # Check if the frequency of the digit is greater than the digit itself
        if digits.count(d) > d:
            return False
    
    # If all digits meet the condition, return True
    return True","<<<< [ERROR START] (dynamic: SyntaxError)
def validate(n):
[ERROR FINISH] (dynamic: SyntaxError) >>>>
    # Convert the number to a string to iterate over each digit
    digits = str(n)
    
    # Iterate over each digit in the string
    for digit in digits:
        # Convert the digit back to an integer
        d = int(digit)
        
        # Check if the frequency of the digit is greater than the digit itself
        if digits.count(d) > d:
            return False
    
    # If all digits meet the condition, return True
    return True",dynamic,dynamic: SyntaxError,1-1
MBPP,hallucinated,418,,"[{'type': 'missing_return', 'function': 'Find_Max', 'start_line': 1, 'end_line': 13}]",,"{""error_type"": ""SyntaxError"", ""error_message"": ""invalid syntax (<string>, line 1)"", ""line_no"": ""1.0"", ""test_case"": ""[[\""[[1, 1], [1, 2, 3], [1, 5, 6, 1]]\"", \""[1, 5, 6, 1]\"", \""[1, 5, 6, 1]\""]]""}","def Find_Max(lst):
    if not lst:
        return None  # Return None if the list is empty

    max_length = 0
    max_element = None

    for element in lst:
        if len(element) > max_length:
            max_length = len(element)
            max_element = element

    return max_element","<<<< [ERROR START] (dynamic: SyntaxError)
def Find_Max(lst):
[ERROR FINISH] (dynamic: SyntaxError) >>>>
    if not lst:
        return None  # Return None if the list is empty

    max_length = 0
    max_element = None

    for element in lst:
        if len(element) > max_length:
            max_length = len(element)
            max_element = element

    return max_element",dynamic,dynamic: SyntaxError,1-1
MBPP,hallucinated,420,,,,"{""error_type"": ""SyntaxError"", ""error_message"": ""invalid decimal literal (<string>, line 1)"", ""line_no"": ""1.0"", ""test_case"": ""[[\""4\"", \""800\"", \""800\""]]""}","def cube_Sum(n):
    # Calculate the cube sum of the first n even natural numbers
    return sum((2 * i) ** 3 for i in range(1, n + 1))

# Example usage:
print(cube_Sum(3))  # Output: 72","<<<< [ERROR START] (dynamic: SyntaxError)
def cube_Sum(n):
[ERROR FINISH] (dynamic: SyntaxError) >>>>
    # Calculate the cube sum of the first n even natural numbers
    return sum((2 * i) ** 3 for i in range(1, n + 1))

# Example usage:
print(cube_Sum(3))  # Output: 72",dynamic,dynamic: SyntaxError,1-1
MBPP,hallucinated,425,,,,"{""error_type"": ""SyntaxError"", ""error_message"": ""invalid decimal literal (<string>, line 1)"", ""line_no"": ""1.0"", ""test_case"": ""[[\""([['A', 'B'], ['A', 'C'], ['A', 'D', 'E'], ['B', 'C', 'D']], 'E')\"", \""1\"", \""1\""]]""}","def count_element_in_list(list1, x):
    count = 0
    for sublist in list1:
        if x in sublist:
            count += 1
    return count

# Example usage:
list1 = [[1, 2, 3], [4, 5, 6], [7, 8, 9], [1, 2, 3]]
x = 3
print(count_element_in_list(list1, x))  # Output: 3","<<<< [ERROR START] (dynamic: SyntaxError)
def count_element_in_list(list1, x):
[ERROR FINISH] (dynamic: SyntaxError) >>>>
    count = 0
    for sublist in list1:
        if x in sublist:
            count += 1
    return count

# Example usage:
list1 = [[1, 2, 3], [4, 5, 6], [7, 8, 9], [1, 2, 3]]
x = 3
print(count_element_in_list(list1, x))  # Output: 3",dynamic,dynamic: SyntaxError,1-1
MBPP,hallucinated,431,,,,"{""error_type"": ""SyntaxError"", ""error_message"": ""invalid syntax (<string>, line 1)"", ""line_no"": ""1.0"", ""test_case"": ""[[\""([1, 2, 3, 4, 5], [5, 6, 7, 8, 9])\"", \""True\"", \""True\""]]""}","def common_element(list1, list2):
    return any(item in list1 for item in list2)","<<<< [ERROR START] (dynamic: SyntaxError)
def common_element(list1, list2):
[ERROR FINISH] (dynamic: SyntaxError) >>>>
    return any(item in list1 for item in list2)",dynamic,dynamic: SyntaxError,1-1
MBPP,hallucinated,434,,,,"{""error_type"": ""SyntaxError"", ""error_message"": ""invalid syntax (<string>, line 1)"", ""line_no"": ""1.0"", ""test_case"": ""[[\""abba\"", \""True\"", \""False\""]]""}","import re

def text_match_one(text):
    # Use regular expression to find a string that starts with 'a' followed by one or more 'b's
    pattern = r'^a+b$'
    if re.search(pattern, text):
        return True
    else:
        return False","<<<< [ERROR START] (dynamic: SyntaxError)
import re
[ERROR FINISH] (dynamic: SyntaxError) >>>>

def text_match_one(text):
    # Use regular expression to find a string that starts with 'a' followed by one or more 'b's
    pattern = r'^a+b$'
    if re.search(pattern, text):
        return True
    else:
        return False",dynamic,dynamic: SyntaxError,1-1
MBPP,hallucinated,435,,,,"{""error_type"": ""SyntaxError"", ""error_message"": ""invalid decimal literal (<string>, line 1)"", ""line_no"": ""1.0"", ""test_case"": ""[[\""30\"", \""0\"", \""0\""]]""}","def last_Digit(n):
    return n % 10","<<<< [ERROR START] (dynamic: SyntaxError)
def last_Digit(n):
[ERROR FINISH] (dynamic: SyntaxError) >>>>
    return n % 10",dynamic,dynamic: SyntaxError,1-1
MBPP,hallucinated,438,,,,"{""error_type"": ""TypeError"", ""error_message"": ""'int' object is not subscriptable"", ""line_no"": ""1.0"", ""test_case"": ""[[\""[(5, 6), (1, 2), (6, 5), (9, 1), (6, 5), (2, 1)]\"", \""3\"", \""<Error: 'int' object is not subscriptable>\""], [\""[(5, 6), (1, 3), (6, 5), (9, 1), (6, 5), (2, 1)]\"", \""2\"", \""<Error: 'int' object is not subscriptable>\""], [\""[(5, 6), (1, 2), (6, 5), (9, 2), (6, 5), (2, 1)]\"", \""4\"", \""<Error: 'int' object is not subscriptable>\""]]""}","def count_bidirectional(test_list):
    # Initialize the count of bidirectional tuples
    count = 0
    
    # Iterate over each tuple in the list
    for tup in test_list:
        # Check if the tuple is bidirectional (i.e., the first element is the reverse of the second)
        if tup[0] == tup[1][::-1]:
            count += 1
    
    return count

# Example usage:
test_list = [(""abc"", ""cba""), (""hello"", ""olleh""), (""world"", ""dlrow""), (""python"", ""nohtyp"")]
print(count_bidirectional(test_list))  # Output: 3","<<<< [ERROR START] (dynamic: TypeError)
def count_bidirectional(test_list):
[ERROR FINISH] (dynamic: TypeError) >>>>
    # Initialize the count of bidirectional tuples
    count = 0
    
    # Iterate over each tuple in the list
    for tup in test_list:
        # Check if the tuple is bidirectional (i.e., the first element is the reverse of the second)
        if tup[0] == tup[1][::-1]:
            count += 1
    
    return count

# Example usage:
test_list = [(""abc"", ""cba""), (""hello"", ""olleh""), (""world"", ""dlrow""), (""python"", ""nohtyp"")]
print(count_bidirectional(test_list))  # Output: 3",dynamic,dynamic: TypeError,1-1
MBPP,hallucinated,441,,,,"{""error_type"": ""SyntaxError"", ""error_message"": ""invalid decimal literal (<string>, line 1)"", ""line_no"": ""1.0"", ""test_case"": ""[[\""10\"", \""600\"", \""600\""]]""}","def surfacearea_cube(l):
    # The surface area of a cube is 6 times the area of one face
    return 6 * l ** 2","<<<< [ERROR START] (dynamic: SyntaxError)
def surfacearea_cube(l):
[ERROR FINISH] (dynamic: SyntaxError) >>>>
    # The surface area of a cube is 6 times the area of one face
    return 6 * l ** 2",dynamic,dynamic: SyntaxError,1-1
MBPP,hallucinated,445,,,,"{""error_type"": ""TypeError"", ""error_message"": ""can't multiply sequence by non-int of type 'tuple'"", ""line_no"": ""1.0"", ""test_case"": ""[[\""(((1, 3), (4, 5), (2, 9), (1, 10)), ((6, 7), (3, 9), (1, 1), (7, 3)))\"", \""((6, 21), (12, 45), (2, 9), (7, 30))\"", \""<Error: can't multiply sequence by non-int of type 'tuple'>\""], [\""(((2, 4), (5, 6), (3, 10), (2, 11)), ((7, 8), (4, 10), (2, 2), (8, 4)))\"", \""((14, 32), (20, 60), (6, 20), (16, 44))\"", \""<Error: can't multiply sequence by non-int of type 'tuple'>\""], [\""(((3, 5), (6, 7), (4, 11), (3, 12)), ((8, 9), (5, 11), (3, 3), (9, 5)))\"", \""((24, 45), (30, 77), (12, 33), (27, 60))\"", \""<Error: can't multiply sequence by non-int of type 'tuple'>\""]]""}","def index_multiplication(test_tup1, test_tup2):
    # Initialize an empty list to store the result
    res = []
    
    # Iterate over the range of the length of the tuples
    for i in range(len(test_tup1)):
        # Multiply corresponding elements from both tuples
        res.append(test_tup1[i] * test_tup2[i])
    
    # Convert the list to a tuple and return
    return tuple(res)

# Example usage:
test_tup1 = (1, 3, 5)
test_tup2 = (2, 4, 6)
print(index_multiplication(test_tup1, test_tup2))  # Output: (2, 12, 30)","<<<< [ERROR START] (dynamic: TypeError)
def index_multiplication(test_tup1, test_tup2):
[ERROR FINISH] (dynamic: TypeError) >>>>
    # Initialize an empty list to store the result
    res = []
    
    # Iterate over the range of the length of the tuples
    for i in range(len(test_tup1)):
        # Multiply corresponding elements from both tuples
        res.append(test_tup1[i] * test_tup2[i])
    
    # Convert the list to a tuple and return
    return tuple(res)

# Example usage:
test_tup1 = (1, 3, 5)
test_tup2 = (2, 4, 6)
print(index_multiplication(test_tup1, test_tup2))  # Output: (2, 12, 30)",dynamic,dynamic: TypeError,1-1
MBPP,hallucinated,446,,,,"{""error_type"": ""SyntaxError"", ""error_message"": ""invalid decimal literal (<string>, line 1)"", ""line_no"": ""1.0"", ""test_case"": ""[[\""((1, 2, 3, 4, 5, 6), [1, 2])\"", \""2\"", \""(1, 1, 0, 0, 0, 0)\""]]""}","def count_Occurrence(tup, lst):
    # Create a dictionary to store the count of each element in the list
    count_dict = {}
    
    # Iterate over each element in the list
    for element in lst:
        # If the element is already in the dictionary, increment its count
        if element in count_dict:
            count_dict[element] += 1
        # Otherwise, add the element to the dictionary with a count of 1
        else:
            count_dict[element] = 1
    
    # Create a new tuple to store the results
    result_tuple = ()
    
    # Iterate over each element in the tuple
    for element in tup:
        # If the element is in the dictionary, add its count to the result tuple
        if element in count_dict:
            result_tuple += (count_dict[element],)
        # Otherwise, add 0 to the result tuple
        else:
            result_tuple += (0,)
    
    return result_tuple

# Example usage:
tup = (1, 2, 3, 4, 5)
lst = [1, 2, 2, 3, 3, 3, 4, 4, 4, 4]
print(count_Occurrence(tup, lst))  # Output: (1, 2, 3, 4, 5)","<<<< [ERROR START] (dynamic: SyntaxError)
def count_Occurrence(tup, lst):
[ERROR FINISH] (dynamic: SyntaxError) >>>>
    # Create a dictionary to store the count of each element in the list
    count_dict = {}
    
    # Iterate over each element in the list
    for element in lst:
        # If the element is already in the dictionary, increment its count
        if element in count_dict:
            count_dict[element] += 1
        # Otherwise, add the element to the dictionary with a count of 1
        else:
            count_dict[element] = 1
    
    # Create a new tuple to store the results
    result_tuple = ()
    
    # Iterate over each element in the tuple
    for element in tup:
        # If the element is in the dictionary, add its count to the result tuple
        if element in count_dict:
            result_tuple += (count_dict[element],)
        # Otherwise, add 0 to the result tuple
        else:
            result_tuple += (0,)
    
    return result_tuple

# Example usage:
tup = (1, 2, 3, 4, 5)
lst = [1, 2, 2, 3, 3, 3, 4, 4, 4, 4]
print(count_Occurrence(tup, lst))  # Output: (1, 2, 3, 4, 5)",dynamic,dynamic: SyntaxError,1-1
MBPP,hallucinated,448,,,,"{""error_type"": ""SyntaxError"", ""error_message"": ""invalid decimal literal (<string>, line 1)"", ""line_no"": ""1.0"", ""test_case"": ""[[\""11\"", \""88\"", \""256\""]]""}","def cal_sum(n):
    if n <= 0:
        return 0
    elif n == 1:
        return 3
    elif n == 2:
        return 5

    # Initialize the first three Perrin numbers
    p0, p1, p2 = 3, 5, 8

    # Calculate the sum of the first n Perrin numbers
    total_sum = p0 + p1 + p2
    for i in range(3, n):
        next_perrin = p0 + p1
        total_sum += next_perrin
        p0, p1, p2 = p1, p2, next_perrin

    return total_sum","<<<< [ERROR START] (dynamic: SyntaxError)
def cal_sum(n):
[ERROR FINISH] (dynamic: SyntaxError) >>>>
    if n <= 0:
        return 0
    elif n == 1:
        return 3
    elif n == 2:
        return 5

    # Initialize the first three Perrin numbers
    p0, p1, p2 = 3, 5, 8

    # Calculate the sum of the first n Perrin numbers
    total_sum = p0 + p1 + p2
    for i in range(3, n):
        next_perrin = p0 + p1
        total_sum += next_perrin
        p0, p1, p2 = p1, p2, next_perrin

    return total_sum",dynamic,dynamic: SyntaxError,1-1
MBPP,hallucinated,452,,,,"{""error_type"": ""SyntaxError"", ""error_message"": ""invalid decimal literal (<string>, line 1)"", ""line_no"": ""1.0"", ""test_case"": ""[[\""(2000, 5000)\"", \""3000\"", \""0\""]]""}","def loss_amount(actual_cost, sale_amount):
    if actual_cost > sale_amount:
        return actual_cost - sale_amount
    else:
        return 0","<<<< [ERROR START] (dynamic: SyntaxError)
def loss_amount(actual_cost, sale_amount):
[ERROR FINISH] (dynamic: SyntaxError) >>>>
    if actual_cost > sale_amount:
        return actual_cost - sale_amount
    else:
        return 0",dynamic,dynamic: SyntaxError,1-1
MBPP,hallucinated,453,,,,"{""error_type"": ""SyntaxError"", ""error_message"": ""invalid decimal literal (<string>, line 1)"", ""line_no"": ""1.0"", ""test_case"": ""[[\""6\"", \""8\"", \""8\""]]""}","def sumofFactors(n) :
    # Initialize sum of factors
    sum_factors = 0
    
    # Iterate over all possible factors from 1 to n
    for i in range(1, n + 1):
        # Check if i is a factor of n
        if n % i == 0:
            # Check if the factor is even
            if i % 2 == 0:
                # Add the even factor to the sum
                sum_factors += i
                
    return sum_factors

# Example usage:
print(sumofFactors(10))  # Output: 18 (2 + 4 + 6)","<<<< [ERROR START] (dynamic: SyntaxError)
def sumofFactors(n) :
[ERROR FINISH] (dynamic: SyntaxError) >>>>
    # Initialize sum of factors
    sum_factors = 0
    
    # Iterate over all possible factors from 1 to n
    for i in range(1, n + 1):
        # Check if i is a factor of n
        if n % i == 0:
            # Check if the factor is even
            if i % 2 == 0:
                # Add the even factor to the sum
                sum_factors += i
                
    return sum_factors

# Example usage:
print(sumofFactors(10))  # Output: 18 (2 + 4 + 6)",dynamic,dynamic: SyntaxError,1-1
MBPP,hallucinated,457,,"[{'type': 'missing_return', 'function': 'Find_Min', 'start_line': 1, 'end_line': 13}]",,"{""error_type"": ""SyntaxError"", ""error_message"": ""invalid syntax (<string>, line 1)"", ""line_no"": ""1.0"", ""test_case"": ""[[\""[[1], [1, 2], [1, 2, 3]]\"", \""[1]\"", \""[1]\""]]""}","def Find_Min(lst):
    if not lst:
        return None  # Return None if the list is empty

    min_length = float('inf')
    min_sublist = None

    for sublist in lst:
        if len(sublist) < min_length:
            min_length = len(sublist)
            min_sublist = sublist

    return min_sublist","<<<< [ERROR START] (dynamic: SyntaxError)
def Find_Min(lst):
[ERROR FINISH] (dynamic: SyntaxError) >>>>
    if not lst:
        return None  # Return None if the list is empty

    min_length = float('inf')
    min_sublist = None

    for sublist in lst:
        if len(sublist) < min_length:
            min_length = len(sublist)
            min_sublist = sublist

    return min_sublist",dynamic,dynamic: SyntaxError,1-1
MBPP,hallucinated,458,,,,"{""error_type"": ""SyntaxError"", ""error_message"": ""invalid decimal literal (<string>, line 1)"", ""line_no"": ""1.0"", ""test_case"": ""[[\""(4, 2)\"", \""8\"", \""8\""]]""}","def rectangle_area(l, b):
    return l * b","<<<< [ERROR START] (dynamic: SyntaxError)
def rectangle_area(l, b):
[ERROR FINISH] (dynamic: SyntaxError) >>>>
    return l * b",dynamic,dynamic: SyntaxError,1-1
MBPP,hallucinated,461,,,,"{""error_type"": ""SyntaxError"", ""error_message"": ""invalid decimal literal (<string>, line 1)"", ""line_no"": ""1.0"", ""test_case"": ""[[\""program\"", \""0\"", \""0\""]]""}","def upper_ctr(str):
    return sum(1 for char in str if char.isupper())","<<<< [ERROR START] (dynamic: SyntaxError)
def upper_ctr(str):
[ERROR FINISH] (dynamic: SyntaxError) >>>>
    return sum(1 for char in str if char.isupper())",dynamic,dynamic: SyntaxError,1-1
MBPP,hallucinated,476,,"[{'type': 'missing_return', 'function': 'big_sum', 'start_line': 1, 'end_line': 6}]",,"{""error_type"": ""SyntaxError"", ""error_message"": ""invalid decimal literal (<string>, line 1)"", ""line_no"": ""1.0"", ""test_case"": ""[[\""[2, 3, 6]\"", \""8\"", \""8\""]]""}","def big_sum(nums):
    if not nums:
        return 0
    min_val = min(nums)
    max_val = max(nums)
    return min_val + max_val

# Example usage:
print(big_sum([1, 2, 3, 4, 5]))  # Output: 6
print(big_sum([-10, -20, -30, -40, -50]))  # Output: -60
print(big_sum([100]))  # Output: 200
print(big_sum([]))  # Output: 0","<<<< [ERROR START] (dynamic: SyntaxError)
def big_sum(nums):
[ERROR FINISH] (dynamic: SyntaxError) >>>>
    if not nums:
        return 0
    min_val = min(nums)
    max_val = max(nums)
    return min_val + max_val

# Example usage:
print(big_sum([1, 2, 3, 4, 5]))  # Output: 6
print(big_sum([-10, -20, -30, -40, -50]))  # Output: -60
print(big_sum([100]))  # Output: 200
print(big_sum([]))  # Output: 0",dynamic,dynamic: SyntaxError,1-1
MBPP,hallucinated,479,,,,"{""error_type"": ""ValueError"", ""error_message"": ""invalid literal for int() with base 10: '-'"", ""line_no"": ""5.0"", ""test_case"": """"}","def first_Digit(n):
    # Convert the number to a string to easily access the first character
    n_str = str(n)
    # Return the first character as an integer
    return int(n_str[0])

# Example usage:
print(first_Digit(12345))  # Output: 1
print(first_Digit(-98765)) # Output: 9","def first_Digit(n):
    # Convert the number to a string to easily access the first character
    n_str = str(n)
    # Return the first character as an integer
<<<< [ERROR START] (dynamic: ValueError)
    return int(n_str[0])
[ERROR FINISH] (dynamic: ValueError) >>>>

# Example usage:
print(first_Digit(12345))  # Output: 1
print(first_Digit(-98765)) # Output: 9",dynamic,dynamic: ValueError,5-5
MBPP,hallucinated,56,,,,"{""error_type"": ""SyntaxError"", ""error_message"": ""invalid syntax (<string>, line 1)"", ""line_no"": ""1.0"", ""test_case"": """"}","def rev(num):
    # Convert the number to a string, reverse it, and convert back to an integer
    return int(str(num)[::-1])

def check_number(num):
    # Check if the number is one less than twice its reverse
    return num == 2 * rev(num) - 1

# Example usage:
print(check_number(19))  # Output: True
print(check_number(20))  # Output: False","<<<< [ERROR START] (dynamic: SyntaxError)
def rev(num):
[ERROR FINISH] (dynamic: SyntaxError) >>>>
    # Convert the number to a string, reverse it, and convert back to an integer
    return int(str(num)[::-1])

def check_number(num):
    # Check if the number is one less than twice its reverse
    return num == 2 * rev(num) - 1

# Example usage:
print(check_number(19))  # Output: True
print(check_number(20))  # Output: False",dynamic,dynamic: SyntaxError,1-1
MBPP,hallucinated,59,,"[{'type': 'missing_return', 'function': 'is_octagonal', 'start_line': 1, 'end_line': 29}]",,"{""error_type"": ""SyntaxError"", ""error_message"": ""invalid decimal literal (<string>, line 1)"", ""line_no"": ""1.0"", ""test_case"": ""[[\""15\"", \""645\"", \""False\""]]""}","def is_octagonal(n):
    # An octagonal number can be checked using the formula: 3*n^2 - n = 8k + 1
    # Rearranging, we get: 3*n^2 - n - 8k - 1 = 0
    # This is a quadratic equation in n, which can be solved using the quadratic formula
    # n = (1 + sqrt(1 + 24*8k + 24)) / 6
    # We need to check if n is an integer and non-negative
    
    # Calculate the discriminant
    discriminant = 1 + 24 * 8 * n + 24
    
    # Check if the discriminant is a perfect square
    if discriminant < 0:
        return False
    
    sqrt_discriminant = int(discriminant ** 0.5)
    
    # Check if the discriminant is a perfect square
    if sqrt_discriminant * sqrt_discriminant != discriminant:
        return False
    
    # Calculate the potential n value
    n_value = (1 + sqrt_discriminant) // 6
    
    # Check if n_value is non-negative and an integer
    if n_value < 0 or n_value != int(n_value):
        return False
    
    # If all checks pass, n is an octagonal number
    return True","<<<< [ERROR START] (dynamic: SyntaxError)
def is_octagonal(n):
[ERROR FINISH] (dynamic: SyntaxError) >>>>
    # An octagonal number can be checked using the formula: 3*n^2 - n = 8k + 1
    # Rearranging, we get: 3*n^2 - n - 8k - 1 = 0
    # This is a quadratic equation in n, which can be solved using the quadratic formula
    # n = (1 + sqrt(1 + 24*8k + 24)) / 6
    # We need to check if n is an integer and non-negative
    
    # Calculate the discriminant
    discriminant = 1 + 24 * 8 * n + 24
    
    # Check if the discriminant is a perfect square
    if discriminant < 0:
        return False
    
    sqrt_discriminant = int(discriminant ** 0.5)
    
    # Check if the discriminant is a perfect square
    if sqrt_discriminant * sqrt_discriminant != discriminant:
        return False
    
    # Calculate the potential n value
    n_value = (1 + sqrt_discriminant) // 6
    
    # Check if n_value is non-negative and an integer
    if n_value < 0 or n_value != int(n_value):
        return False
    
    # If all checks pass, n is an octagonal number
    return True",dynamic,dynamic: SyntaxError,1-1
MBPP,hallucinated,605,,"[{'type': 'missing_return', 'function': 'prime_num', 'start_line': 1, 'end_line': 13}]",,"{""error_type"": ""SyntaxError"", ""error_message"": ""invalid syntax (<string>, line 1)"", ""line_no"": ""1.0"", ""test_case"": ""[[\""-1010\"", \""False\"", \""False\""]]""}","def prime_num(num):
    if num <= 1:
        return False
    if num <= 3:
        return True
    if num % 2 == 0 or num % 3 == 0:
        return False
    i = 5
    while i * i <= num:
        if num % i == 0 or num % (i + 2) == 0:
            return False
        i += 6
    return True","<<<< [ERROR START] (dynamic: SyntaxError)
def prime_num(num):
[ERROR FINISH] (dynamic: SyntaxError) >>>>
    if num <= 1:
        return False
    if num <= 3:
        return True
    if num % 2 == 0 or num % 3 == 0:
        return False
    i = 5
    while i * i <= num:
        if num % i == 0 or num % (i + 2) == 0:
            return False
        i += 6
    return True",dynamic,dynamic: SyntaxError,1-1
MBPP,hallucinated,608,,"[{'type': 'missing_return', 'function': 'bell_Number', 'start_line': 1, 'end_line': 17}]",,"{""error_type"": ""SyntaxError"", ""error_message"": ""invalid decimal literal (<string>, line 1)"", ""line_no"": ""1.0"", ""test_case"": ""[[\""4\"", \""15\"", \""52\""]]""}","def bell_Number(n):
    # Base case: the first Bell number is 1
    if n == 0:
        return 1
    
    # Initialize the Bell triangle
    bell_triangle = [[0] * (n + 1) for _ in range(n + 1)]
    bell_triangle[0][0] = 1
    
    # Fill the Bell triangle
    for i in range(1, n + 1):
        bell_triangle[i][0] = bell_triangle[i - 1][i - 1]
        for j in range(1, i + 1):
            bell_triangle[i][j] = bell_triangle[i - 1][j - 1] + bell_triangle[i][j - 1]
    
    # The nth Bell number is the last element in the last row of the Bell triangle
    return bell_triangle[n][n]

# Example usage:
print(bell_Number(5))  # Output: 153","<<<< [ERROR START] (dynamic: SyntaxError)
def bell_Number(n):
[ERROR FINISH] (dynamic: SyntaxError) >>>>
    # Base case: the first Bell number is 1
    if n == 0:
        return 1
    
    # Initialize the Bell triangle
    bell_triangle = [[0] * (n + 1) for _ in range(n + 1)]
    bell_triangle[0][0] = 1
    
    # Fill the Bell triangle
    for i in range(1, n + 1):
        bell_triangle[i][0] = bell_triangle[i - 1][i - 1]
        for j in range(1, i + 1):
            bell_triangle[i][j] = bell_triangle[i - 1][j - 1] + bell_triangle[i][j - 1]
    
    # The nth Bell number is the last element in the last row of the Bell triangle
    return bell_triangle[n][n]

# Example usage:
print(bell_Number(5))  # Output: 153",dynamic,dynamic: SyntaxError,1-1
MBPP,hallucinated,612,,,,"{""error_type"": ""SyntaxError"", ""error_message"": ""invalid syntax (<string>, line 1)"", ""line_no"": ""1.0"", ""test_case"": """"}","def merge(lst):
    return [list(i) for i in zip(*lst)]","<<<< [ERROR START] (dynamic: SyntaxError)
def merge(lst):
[ERROR FINISH] (dynamic: SyntaxError) >>>>
    return [list(i) for i in zip(*lst)]",dynamic,dynamic: SyntaxError,1-1
MBPP,hallucinated,617,,,,"{""error_type"": ""SyntaxError"", ""error_message"": ""invalid decimal literal (<string>, line 1)"", ""line_no"": ""1.0"", ""test_case"": ""[[\""((11, 14), 11)\"", \""1\"", \""<Error: unsupported operand type(s) for +: 'int' and 'tuple'>\""]]""}","def min_Jumps(steps, d):
    # Calculate the minimum number of jumps required
    return (d + steps - 1) // steps

# Example usage:
print(min_Jumps(3, 5))  # Output: 2
print(min_Jumps(4, 6))  # Output: 2
print(min_Jumps(5, 7))  # Output: 3","<<<< [ERROR START] (dynamic: SyntaxError)
def min_Jumps(steps, d):
[ERROR FINISH] (dynamic: SyntaxError) >>>>
    # Calculate the minimum number of jumps required
    return (d + steps - 1) // steps

# Example usage:
print(min_Jumps(3, 5))  # Output: 2
print(min_Jumps(4, 6))  # Output: 2
print(min_Jumps(5, 7))  # Output: 3",dynamic,dynamic: SyntaxError,1-1
MBPP,hallucinated,619,,,,"{""error_type"": ""TypeError"", ""error_message"": ""'str' object does not support item assignment"", ""line_no"": ""10.0"", ""test_case"": """"}","def move_num(test_str):
    # Initialize two pointers, one for numbers and one for non-numbers
    num_ptr = 0
    non_num_ptr = 0
    
    # Iterate through the string
    while non_num_ptr < len(test_str):
        # If the current character is not a number, swap it with the number pointer
        if not test_str[non_num_ptr].isdigit():
            test_str[num_ptr], test_str[non_num_ptr] = test_str[non_num_ptr], test_str[num_ptr]
            num_ptr += 1
        non_num_ptr += 1
    
    return test_str

# Example usage:
print(move_num(""a1b2c3""))  # Output: ""abc123""","def move_num(test_str):
    # Initialize two pointers, one for numbers and one for non-numbers
    num_ptr = 0
    non_num_ptr = 0
    
    # Iterate through the string
    while non_num_ptr < len(test_str):
        # If the current character is not a number, swap it with the number pointer
        if not test_str[non_num_ptr].isdigit():
<<<< [ERROR START] (dynamic: TypeError)
            test_str[num_ptr], test_str[non_num_ptr] = test_str[non_num_ptr], test_str[num_ptr]
[ERROR FINISH] (dynamic: TypeError) >>>>
            num_ptr += 1
        non_num_ptr += 1
    
    return test_str

# Example usage:
print(move_num(""a1b2c3""))  # Output: ""abc123""",dynamic,dynamic: TypeError,10-10
MBPP,hallucinated,626,,,,"{""error_type"": ""SyntaxError"", ""error_message"": ""invalid syntax (<string>, line 1)"", ""line_no"": ""1.0"", ""test_case"": ""[[\""2\"", \""4\"", \""4.0\""]]""}","import math

def triangle_area(r):
    # The largest triangle inscribed in a semicircle has its base equal to the diameter of the semicircle
    # and its height equal to the radius of the semicircle.
    base = 2 * r
    height = r
    
    # The area of a triangle is given by (1/2) * base * height
    area = 0.5 * base * height
    
    return area","<<<< [ERROR START] (dynamic: SyntaxError)
import math
[ERROR FINISH] (dynamic: SyntaxError) >>>>

def triangle_area(r):
    # The largest triangle inscribed in a semicircle has its base equal to the diameter of the semicircle
    # and its height equal to the radius of the semicircle.
    base = 2 * r
    height = r
    
    # The area of a triangle is given by (1/2) * base * height
    area = 0.5 * base * height
    
    return area",dynamic,dynamic: SyntaxError,1-1
MBPP,hallucinated,63,,,,"{""error_type"": ""TypeError"", ""error_message"": ""unsupported operand type(s) for -: 'tuple' and 'tuple'"", ""line_no"": ""1.0"", ""test_case"": ""[[\""[(3, 5), (1, 7), (10, 3), (1, 2)]\"", \""7\"", \""<Error: unsupported operand type(s) for -: 'tuple' and 'tuple'>\""], [\""[(4, 6), (2, 17), (9, 13), (11, 12)]\"", \""15\"", \""<Error: unsupported operand type(s) for -: 'tuple' and 'tuple'>\""], [\""[(12, 35), (21, 27), (13, 23), (41, 22)]\"", \""23\"", \""<Error: unsupported operand type(s) for -: 'tuple' and 'tuple'>\""]]""}","def max_difference(test_list):
    # Initialize the minimum and maximum values to the first element of the list
    min_val = test_list[0]
    max_val = test_list[0]
    
    # Iterate through the list to find the minimum and maximum values
    for num in test_list:
        if num < min_val:
            min_val = num
        if num > max_val:
            max_val = num
    
    # Return the maximum difference between the maximum and minimum values
    return max_val - min_val

# Example usage:
test_list = [10, 3, 5, 7, 2]
print(max_difference(test_list))  # Output: 9","<<<< [ERROR START] (dynamic: TypeError)
def max_difference(test_list):
[ERROR FINISH] (dynamic: TypeError) >>>>
    # Initialize the minimum and maximum values to the first element of the list
    min_val = test_list[0]
    max_val = test_list[0]
    
    # Iterate through the list to find the minimum and maximum values
    for num in test_list:
        if num < min_val:
            min_val = num
        if num > max_val:
            max_val = num
    
    # Return the maximum difference between the maximum and minimum values
    return max_val - min_val

# Example usage:
test_list = [10, 3, 5, 7, 2]
print(max_difference(test_list))  # Output: 9",dynamic,dynamic: TypeError,1-1
MBPP,hallucinated,630,,,,"{""error_type"": ""NameError"", ""error_message"": ""name 'get_coordinates' is not defined"", ""line_no"": ""1.0"", ""test_case"": """"}","def adjac(ele, sub=[]):
    x, y = ele
    # Generate all possible adjacent coordinates
    adjacent_coords = [
        (x + 1, y),  # Right
        (x - 1, y),  # Left
        (x, y + 1),  # Down
        (x, y - 1)   # Up
    ]
    
    # Add the current element to the list of adjacent elements
    adjacent_coords.append(ele)
    
    # Return the list of adjacent elements
    return adjacent_coords

# Example usage:
print(adjac((1, 2)))  # Output: [(1, 2), (1, 2), (1, 3), (1, 1)]
print(adjac((0, 0)))  # Output: [(0, 0), (0, 0), (1, 0), (0, 1)]","<<<< [ERROR START] (dynamic: NameError)
def adjac(ele, sub=[]):
[ERROR FINISH] (dynamic: NameError) >>>>
    x, y = ele
    # Generate all possible adjacent coordinates
    adjacent_coords = [
        (x + 1, y),  # Right
        (x - 1, y),  # Left
        (x, y + 1),  # Down
        (x, y - 1)   # Up
    ]
    
    # Add the current element to the list of adjacent elements
    adjacent_coords.append(ele)
    
    # Return the list of adjacent elements
    return adjacent_coords

# Example usage:
print(adjac((1, 2)))  # Output: [(1, 2), (1, 2), (1, 3), (1, 1)]
print(adjac((0, 0)))  # Output: [(0, 0), (0, 0), (1, 0), (0, 1)]",dynamic,dynamic: NameError,1-1
MBPP,hallucinated,638,,,,"{""error_type"": ""SyntaxError"", ""error_message"": ""invalid decimal literal (<string>, line 1)"", ""line_no"": ""1.0"", ""test_case"": ""[[\""(10, 8)\"", \""6\"", \""6.242284759424885\""]]""}","import math

def wind_chill(v, t):
    if v < 4.8 or t > 15:
        return t
    else:
        return 13.12 + 0.6215 * t - 11.37 * math.pow(v, 0.16) + 0.3965 * t * math.pow(v, 0.16)

# Example usage:
print(wind_chill(10, 5))  # Output: 5
print(wind_chill(20, 10)) # Output: 10","<<<< [ERROR START] (dynamic: SyntaxError)
import math
[ERROR FINISH] (dynamic: SyntaxError) >>>>

def wind_chill(v, t):
    if v < 4.8 or t > 15:
        return t
    else:
        return 13.12 + 0.6215 * t - 11.37 * math.pow(v, 0.16) + 0.3965 * t * math.pow(v, 0.16)

# Example usage:
print(wind_chill(10, 5))  # Output: 5
print(wind_chill(20, 10)) # Output: 10",dynamic,dynamic: SyntaxError,1-1
MBPP,hallucinated,639,,,,"{""error_type"": ""SyntaxError"", ""error_message"": ""invalid decimal literal (<string>, line 1)"", ""line_no"": ""1.0"", ""test_case"": ""[[\""['abcd', 'Python', 'abba', 'aba']\"", \""6\"", \""6\""]]""}","def sample_nam(sample_names):
    # Filter out names that start with a lowercase letter
    filtered_names = [name for name in sample_names if not name[0].islower()]
    
    # Sum the lengths of the remaining names
    total_length = sum(len(name) for name in filtered_names)
    
    return total_length","<<<< [ERROR START] (dynamic: SyntaxError)
def sample_nam(sample_names):
[ERROR FINISH] (dynamic: SyntaxError) >>>>
    # Filter out names that start with a lowercase letter
    filtered_names = [name for name in sample_names if not name[0].islower()]
    
    # Sum the lengths of the remaining names
    total_length = sum(len(name) for name in filtered_names)
    
    return total_length",dynamic,dynamic: SyntaxError,1-1
MBPP,hallucinated,641,,,,"{""error_type"": ""SyntaxError"", ""error_message"": ""invalid decimal literal (<string>, line 1)"", ""line_no"": ""1.0"", ""test_case"": ""[[\""18\"", \""1089\"", \""False\""]]""}","def is_nonagonal(n):
    # A number is nonagonal if it can be expressed as n * (7*n - 5) / 2
    return n * (7 * n - 5) // 2 == n

# Example usage:
print(is_nonagonal(1))  # True, because 1st nonagonal number is 1
print(is_nonagonal(5))  # True, because 5th nonagonal number is 19
print(is_nonagonal(10)) # True, because 10th nonagonal number is 84
print(is_nonagonal(11)) # False, because 11 is not a nonagonal number","<<<< [ERROR START] (dynamic: SyntaxError)
def is_nonagonal(n):
[ERROR FINISH] (dynamic: SyntaxError) >>>>
    # A number is nonagonal if it can be expressed as n * (7*n - 5) / 2
    return n * (7 * n - 5) // 2 == n

# Example usage:
print(is_nonagonal(1))  # True, because 1st nonagonal number is 1
print(is_nonagonal(5))  # True, because 5th nonagonal number is 19
print(is_nonagonal(10)) # True, because 10th nonagonal number is 84
print(is_nonagonal(11)) # False, because 11 is not a nonagonal number",dynamic,dynamic: SyntaxError,1-1
MBPP,hallucinated,643,"{""type"": ""SyntaxError"", ""value"": 31, ""message"": ""unterminated string literal (detected at line 31) (<unknown>, line 31)""}",,,"{""error_type"": ""SyntaxError"", ""error_message"": ""unterminated string literal (detected at line 31) (<string>, line 31)"", ""line_no"": ""31.0"", ""test_case"": """"}","```python
import re

def text_match_wordz_middle(text):
    # Use regex to find all occurrences of 'z' not at the start or end of words
    pattern = r'\b[^z]*z[^z]*\b'
    return bool(re.search(pattern, text))

# Test cases
print(text_match_wordz_middle(""abcz""))  # True
print(text_match_wordz_middle(""zabc""))  # True
print(text_match_wordz_middle(""abz""))   # False
print(text_match_wordz_middle(""zab""))   # False
print(text_match_wordz_middle(""abczabc"")) # True
print(text_match_wordz_middle(""abczabcz""))# True
print(text_match_wordz_middle(""abczabczabc""))# True
print(text_match_wordz_middle(""abczabczabcz""))# True
print(text_match_wordz_middle(""abczabczabczabc""))# True
print(text_match_wordz_middle(""abczabczabczabcz""))# True
print(text_match_wordz_middle(""abczabczabczabczabc""))# True
print(text_match_wordz_middle(""abczabczabczabczabcz""))# True
print(text_match_wordz_middle(""abczabczabczabczabczabc""))# True
print(text_match_wordz_middle(""abczabczabczabczabczabcabc""))# True
print(text_match_wordz_middle(""abczabczabczabczabczabcabcabc""))# True
print(text_match_wordz_middle(""abczabczabczabczabczabcabcabcabc""))# True
print(text_match_wordz_middle(""abczabczabczabczabczabcabcabcabcabc""))# True
print(text_match_wordz_middle(""abczabczabczabczabczabcabcabcabcabcabc""))# True
print(text_match_wordz_middle(""abczabczabczabczabczabcabcabcabcabcabcabc""))# True
print(text_match_wordz_middle(""abczabczabczabczabczabcabcabcabcabcabcabcabc""))# True
print(text_match_wordz_middle(""abczabczabczabczabczabcabcabcabcabcabcabcabcabc""))# True
print(text_match_wordz_middle(""abczabczabczabczabczabc","```python
import re

def text_match_wordz_middle(text):
    # Use regex to find all occurrences of 'z' not at the start or end of words
    pattern = r'\b[^z]*z[^z]*\b'
    return bool(re.search(pattern, text))

# Test cases
print(text_match_wordz_middle(""abcz""))  # True
print(text_match_wordz_middle(""zabc""))  # True
print(text_match_wordz_middle(""abz""))   # False
print(text_match_wordz_middle(""zab""))   # False
print(text_match_wordz_middle(""abczabc"")) # True
print(text_match_wordz_middle(""abczabcz""))# True
print(text_match_wordz_middle(""abczabczabc""))# True
print(text_match_wordz_middle(""abczabczabcz""))# True
print(text_match_wordz_middle(""abczabczabczabc""))# True
print(text_match_wordz_middle(""abczabczabczabcz""))# True
print(text_match_wordz_middle(""abczabczabczabczabc""))# True
print(text_match_wordz_middle(""abczabczabczabczabcz""))# True
print(text_match_wordz_middle(""abczabczabczabczabczabc""))# True
print(text_match_wordz_middle(""abczabczabczabczabczabcabc""))# True
print(text_match_wordz_middle(""abczabczabczabczabczabcabcabc""))# True
print(text_match_wordz_middle(""abczabczabczabczabczabcabcabcabc""))# True
print(text_match_wordz_middle(""abczabczabczabczabczabcabcabcabcabc""))# True
print(text_match_wordz_middle(""abczabczabczabczabczabcabcabcabcabcabc""))# True
print(text_match_wordz_middle(""abczabczabczabczabczabcabcabcabcabcabcabc""))# True
print(text_match_wordz_middle(""abczabczabczabczabczabcabcabcabcabcabcabcabc""))# True
print(text_match_wordz_middle(""abczabczabczabczabczabcabcabcabcabcabcabcabcabc""))# True
<<<< [ERROR START] (ast: SyntaxError)
<<<< [ERROR START] (dynamic: SyntaxError)
print(text_match_wordz_middle(""abczabczabczabczabczabc
[ERROR FINISH] (ast: SyntaxError) >>>>
[ERROR FINISH] (dynamic: SyntaxError) >>>>","ast,dynamic","ast: SyntaxError,dynamic: SyntaxError","31-31,31-31"
MBPP,hallucinated,66,,,,"{""error_type"": ""SyntaxError"", ""error_message"": ""invalid decimal literal (<string>, line 1)"", ""line_no"": ""1.0"", ""test_case"": ""[[\""[1, 2, 3, 4]\"", \""4\"", \""4\""]]""}","def pos_count(lst):
    return sum(1 for num in lst if num > 0)","<<<< [ERROR START] (dynamic: SyntaxError)
def pos_count(lst):
[ERROR FINISH] (dynamic: SyntaxError) >>>>
    return sum(1 for num in lst if num > 0)",dynamic,dynamic: SyntaxError,1-1
MBPP,hallucinated,67,,,,"{""error_type"": ""SyntaxError"", ""error_message"": ""invalid decimal literal (<string>, line 1)"", ""line_no"": ""1.0"", ""test_case"": ""[[\""56\"", \""6775685320645824322581483068371419745979053216268760300\"", \""36028797018963968\""]]""}","from math import comb

def bell_number(n):
    # Initialize the first row of the Bell triangle
    bell_triangle = [[1]]
    
    # Fill the Bell triangle up to the nth row
    for i in range(1, n + 1):
        # The first element of each row is always 1
        bell_triangle.append([1])
        
        # Calculate the rest of the elements in the row
        for j in range(1, i):
            bell_triangle[i].append(bell_triangle[i - 1][j - 1] + bell_triangle[i][j - 1])
    
    # The nth Bell number is the last element in the nth row
    return bell_triangle[n][-1]

# Example usage:
print(bell_number(5))  # Output: 15","<<<< [ERROR START] (dynamic: SyntaxError)
from math import comb
[ERROR FINISH] (dynamic: SyntaxError) >>>>

def bell_number(n):
    # Initialize the first row of the Bell triangle
    bell_triangle = [[1]]
    
    # Fill the Bell triangle up to the nth row
    for i in range(1, n + 1):
        # The first element of each row is always 1
        bell_triangle.append([1])
        
        # Calculate the rest of the elements in the row
        for j in range(1, i):
            bell_triangle[i].append(bell_triangle[i - 1][j - 1] + bell_triangle[i][j - 1])
    
    # The nth Bell number is the last element in the nth row
    return bell_triangle[n][-1]

# Example usage:
print(bell_number(5))  # Output: 15",dynamic,dynamic: SyntaxError,1-1
MBPP,hallucinated,70,,"[{'type': 'missing_return', 'function': 'find_equal_tuple', 'start_line': 1, 'end_line': 14}]",,"{""error_type"": ""NameError"", ""error_message"": ""name 'get_equal' is not defined"", ""line_no"": ""1.0"", ""test_case"": """"}","def find_equal_tuple(Input):
    # Check if the input is a list of tuples
    if not isinstance(Input, list) or not all(isinstance(item, tuple) for item in Input):
        return False
    
    # Get the length of the first tuple
    first_tuple_length = len(Input[0])
    
    # Check if all tuples have the same length as the first tuple
    for tup in Input:
        if len(tup) != first_tuple_length:
            return False
    
    return True","<<<< [ERROR START] (dynamic: NameError)
def find_equal_tuple(Input):
[ERROR FINISH] (dynamic: NameError) >>>>
    # Check if the input is a list of tuples
    if not isinstance(Input, list) or not all(isinstance(item, tuple) for item in Input):
        return False
    
    # Get the length of the first tuple
    first_tuple_length = len(Input[0])
    
    # Check if all tuples have the same length as the first tuple
    for tup in Input:
        if len(tup) != first_tuple_length:
            return False
    
    return True",dynamic,dynamic: NameError,1-1
MBPP,hallucinated,72,,,,"{""error_type"": ""SyntaxError"", ""error_message"": ""invalid syntax (<string>, line 1)"", ""line_no"": ""1.0"", ""test_case"": ""[[\""15\"", \""True\"", \""True\""]]""}","def dif_Square(n):
    # A number can be expressed as the difference of two squares if and only if it is not of the form 4k + 2
    return n % 4 != 2

# Test cases
print(dif_Square(5))  # True, because 5 = 3^2 - 2^2
print(dif_Square(10)) # True, because 10 = 5^2 - 3^2
print(dif_Square(7))  # False, because 7 is of the form 4k + 3
print(dif_Square(16)) # True, because 16 = 8^2 - 4^2","<<<< [ERROR START] (dynamic: SyntaxError)
def dif_Square(n):
[ERROR FINISH] (dynamic: SyntaxError) >>>>
    # A number can be expressed as the difference of two squares if and only if it is not of the form 4k + 2
    return n % 4 != 2

# Test cases
print(dif_Square(5))  # True, because 5 = 3^2 - 2^2
print(dif_Square(10)) # True, because 10 = 5^2 - 3^2
print(dif_Square(7))  # False, because 7 is of the form 4k + 3
print(dif_Square(16)) # True, because 16 = 8^2 - 4^2",dynamic,dynamic: SyntaxError,1-1
MBPP,hallucinated,724,,,,"{""error_type"": ""SyntaxError"", ""error_message"": ""invalid decimal literal (<string>, line 1)"", ""line_no"": ""1.0"", ""test_case"": """"}","def power_base_sum(base, power):
    # Calculate the base raised to the power
    result = base ** power
    
    # Convert the result to a string to iterate over each digit
    result_str = str(result)
    
    # Initialize the sum of digits
    digit_sum = 0
    
    # Iterate over each character in the string representation of the result
    for char in result_str:
        # Convert the character back to an integer and add it to the sum
        digit_sum += int(char)
    
    return digit_sum

# Example usage:
print(power_base_sum(2, 3))  # Output: 8 (2^3 = 8, sum of digits is 8)
print(power_base_sum(5, 4))  # Output: 15 (5^4 = 625, sum of digits is 15)","<<<< [ERROR START] (dynamic: SyntaxError)
def power_base_sum(base, power):
[ERROR FINISH] (dynamic: SyntaxError) >>>>
    # Calculate the base raised to the power
    result = base ** power
    
    # Convert the result to a string to iterate over each digit
    result_str = str(result)
    
    # Initialize the sum of digits
    digit_sum = 0
    
    # Iterate over each character in the string representation of the result
    for char in result_str:
        # Convert the character back to an integer and add it to the sum
        digit_sum += int(char)
    
    return digit_sum

# Example usage:
print(power_base_sum(2, 3))  # Output: 8 (2^3 = 8, sum of digits is 8)
print(power_base_sum(5, 4))  # Output: 15 (5^4 = 625, sum of digits is 15)",dynamic,dynamic: SyntaxError,1-1
MBPP,hallucinated,730,,"[{'type': 'missing_return', 'function': 'consecutive_duplicates', 'start_line': 1, 'end_line': 10}]",,"{""error_type"": ""SyntaxError"", ""error_message"": ""invalid syntax (<string>, line 1)"", ""line_no"": ""1.0"", ""test_case"": ""[[\""[0, 0, 1, 2, 3, 4, 4, 5, 6, 6, 6, 7, 8, 9, 4, 4]\"", \""[0, 1, 2, 3, 4, 5, 6, 7, 8, 9, 4]\"", \""[0, 1, 2, 3, 4, 5, 6, 7, 8, 9, 4]\""], [\""['a', 'a', 'b', 'c', 'd', 'd', 'a', 'a']\"", \""['a', 'b', 'c', 'd', 'a']\"", \""['a', 'b', 'c', 'd', 'a']\""]]""}","def consecutive_duplicates(nums):
    if not nums:
        return []
    
    result = [nums[0]]
    for num in nums[1:]:
        if num != result[-1]:
            result.append(num)
    
    return result","<<<< [ERROR START] (dynamic: SyntaxError)
def consecutive_duplicates(nums):
[ERROR FINISH] (dynamic: SyntaxError) >>>>
    if not nums:
        return []
    
    result = [nums[0]]
    for num in nums[1:]:
        if num != result[-1]:
            result.append(num)
    
    return result",dynamic,dynamic: SyntaxError,1-1
MBPP,hallucinated,735,,,,"{""error_type"": ""NameError"", ""error_message"": ""name 'toggle_middle_bits' is not defined"", ""line_no"": ""1.0"", ""test_case"": """"}","def set_middle_bits(n):
    # Get the number of bits in n
    num_bits = n.bit_length()
    
    # Create a mask with all bits set to 1 except the first and last bit
    mask = (1 << (num_bits - 2)) - 1
    
    # Toggle the middle bits by using XOR operation
    result = n ^ mask
    
    return result

# Example usage:
print(set_middle_bits(255))  # Output: 254","<<<< [ERROR START] (dynamic: NameError)
def set_middle_bits(n):
[ERROR FINISH] (dynamic: NameError) >>>>
    # Get the number of bits in n
    num_bits = n.bit_length()
    
    # Create a mask with all bits set to 1 except the first and last bit
    mask = (1 << (num_bits - 2)) - 1
    
    # Toggle the middle bits by using XOR operation
    result = n ^ mask
    
    return result

# Example usage:
print(set_middle_bits(255))  # Output: 254",dynamic,dynamic: NameError,1-1
MBPP,hallucinated,737,,,,"{""error_type"": ""SyntaxError"", ""error_message"": ""invalid syntax (<string>, line 1)"", ""line_no"": ""1.0"", ""test_case"": """"}","import re

def check_str(string):
    # Use regex to check if the string starts with a vowel
    return bool(re.match(r'^[aeiouAEIOU]', string))

# Example usage:
print(check_str(""apple""))  # Output: True
print(check_str(""banana"")) # Output: False","<<<< [ERROR START] (dynamic: SyntaxError)
import re
[ERROR FINISH] (dynamic: SyntaxError) >>>>

def check_str(string):
    # Use regex to check if the string starts with a vowel
    return bool(re.match(r'^[aeiouAEIOU]', string))

# Example usage:
print(check_str(""apple""))  # Output: True
print(check_str(""banana"")) # Output: False",dynamic,dynamic: SyntaxError,1-1
MBPP,hallucinated,739,,"[{'type': 'missing_return', 'function': 'find_Index', 'start_line': 3, 'end_line': 23}]",,"{""error_type"": ""SyntaxError"", ""error_message"": ""invalid decimal literal (<string>, line 1)"", ""line_no"": ""1.0"", ""test_case"": ""[[\""4\"", \""45\"", \""1\""]]""}","import math

def find_Index(n):
    # Calculate the smallest triangular number with n digits
    # The nth triangular number is given by T_n = n * (n + 1) / 2
    # We need to find the smallest n such that T_n has n digits
    # This can be approximated by solving n * (n + 1) / 2 >= 10^(n-1)
    
    # Using the quadratic formula to approximate n
    # n^2 + n - 2 * 10^(n-1) = 0
    # n = (-1 + sqrt(1 + 8 * 10^(n-1))) / 2
    
    # Start with an initial guess for n
    n = 1
    
    while True:
        triangular_number = n * (n + 1) // 2
        num_digits = len(str(triangular_number))
        
        if num_digits == n:
            return n
        
        n += 1

# Example usage:
print(find_Index(3))  # Output: 4","<<<< [ERROR START] (dynamic: SyntaxError)
import math
[ERROR FINISH] (dynamic: SyntaxError) >>>>

def find_Index(n):
    # Calculate the smallest triangular number with n digits
    # The nth triangular number is given by T_n = n * (n + 1) / 2
    # We need to find the smallest n such that T_n has n digits
    # This can be approximated by solving n * (n + 1) / 2 >= 10^(n-1)
    
    # Using the quadratic formula to approximate n
    # n^2 + n - 2 * 10^(n-1) = 0
    # n = (-1 + sqrt(1 + 8 * 10^(n-1))) / 2
    
    # Start with an initial guess for n
    n = 1
    
    while True:
        triangular_number = n * (n + 1) // 2
        num_digits = len(str(triangular_number))
        
        if num_digits == n:
            return n
        
        n += 1

# Example usage:
print(find_Index(3))  # Output: 4",dynamic,dynamic: SyntaxError,1-1
MBPP,hallucinated,751,,"[{'type': 'missing_return', 'function': 'check_min_heap_helper', 'start_line': 1, 'end_line': 13}]",,"{""error_type"": ""NameError"", ""error_message"": ""name 'check_min_heap' is not defined"", ""line_no"": ""1.0"", ""test_case"": """"}","def check_min_heap_helper(arr, i):
    n = len(arr)
    
    # Base case: if i is a leaf node, it's a valid heap
    if 2 * i + 1 >= n:
        return True
    
    # Check if the current node is less than or equal to its children
    if arr[i] <= arr[2 * i + 1] and check_min_heap_helper(arr, 2 * i + 1):
        if 2 * i + 2 < n and arr[i] <= arr[2 * i + 2]:
            return check_min_heap_helper(arr, 2 * i + 2)
    
    return False

# Example usage:
arr = [3, 5, 4, 9, 8]
print(check_min_heap_helper(arr, 0))  # Output: True","<<<< [ERROR START] (dynamic: NameError)
def check_min_heap_helper(arr, i):
[ERROR FINISH] (dynamic: NameError) >>>>
    n = len(arr)
    
    # Base case: if i is a leaf node, it's a valid heap
    if 2 * i + 1 >= n:
        return True
    
    # Check if the current node is less than or equal to its children
    if arr[i] <= arr[2 * i + 1] and check_min_heap_helper(arr, 2 * i + 1):
        if 2 * i + 2 < n and arr[i] <= arr[2 * i + 2]:
            return check_min_heap_helper(arr, 2 * i + 2)
    
    return False

# Example usage:
arr = [3, 5, 4, 9, 8]
print(check_min_heap_helper(arr, 0))  # Output: True",dynamic,dynamic: NameError,1-1
MBPP,hallucinated,752,,,,"{""error_type"": ""SyntaxError"", ""error_message"": ""invalid decimal literal (<string>, line 1)"", ""line_no"": ""1.0"", ""test_case"": """"}","def jacobsthal_num(n):
    if n == 0:
        return 0
    elif n == 1:
        return 1
    else:
        a, b = 0, 1
        for _ in range(2, n + 1):
            a, b = b, 2 * b + a
        return b

# Test the function
print(jacobsthal_num(0))  # Output: 0
print(jacobsthal_num(1))  # Output: 1
print(jacobsthal_num(2))  # Output: 1
print(jacobsthal_num(3))  # Output: 3
print(jacobsthal_num(4))  # Output: 5
print(jacobsthal_num(5))  # Output: 11
print(jacobsthal_num(6))  # Output: 21
print(jacobsthal_num(7))  # Output: 43
print(jacobsthal_num(8))  # Output: 85
print(jacobsthal_num(9))  # Output: 171
print(jacobsthal_num(10)) # Output: 341","<<<< [ERROR START] (dynamic: SyntaxError)
def jacobsthal_num(n):
[ERROR FINISH] (dynamic: SyntaxError) >>>>
    if n == 0:
        return 0
    elif n == 1:
        return 1
    else:
        a, b = 0, 1
        for _ in range(2, n + 1):
            a, b = b, 2 * b + a
        return b

# Test the function
print(jacobsthal_num(0))  # Output: 0
print(jacobsthal_num(1))  # Output: 1
print(jacobsthal_num(2))  # Output: 1
print(jacobsthal_num(3))  # Output: 3
print(jacobsthal_num(4))  # Output: 5
print(jacobsthal_num(5))  # Output: 11
print(jacobsthal_num(6))  # Output: 21
print(jacobsthal_num(7))  # Output: 43
print(jacobsthal_num(8))  # Output: 85
print(jacobsthal_num(9))  # Output: 171
print(jacobsthal_num(10)) # Output: 341",dynamic,dynamic: SyntaxError,1-1
MBPP,hallucinated,755,,"[{'type': 'missing_return', 'function': 'second_smallest', 'start_line': 1, 'end_line': 18}]",,"{""error_type"": ""ValueError"", ""error_message"": ""List must contain at least two distinct elements"", ""line_no"": ""1.0"", ""test_case"": ""[[\""[1, 2, -8, -2, 0, -2]\"", \""-2\"", \""-2\""], [\""[1, 1, -0.5, 0, 2, -2, -2]\"", \""-0.5\"", \""-0.5\""], [\""[2, 2]\"", \""None\"", \""<Error: List must contain at least two distinct elements>\""], [\""[2, 2, 2]\"", \""None\"", \""<Error: List must contain at least two distinct elements>\""]]""}","def second_smallest(numbers):
    if len(numbers) < 2:
        raise ValueError(""List must contain at least two elements"")
    
    # Initialize the first two smallest numbers
    smallest = second_smallest = float('inf')
    
    for num in numbers:
        if num < smallest:
            second_smallest = smallest
            smallest = num
        elif smallest < num < second_smallest:
            second_smallest = num
    
    if second_smallest == float('inf'):
        raise ValueError(""List must contain at least two distinct elements"")
    
    return second_smallest","<<<< [ERROR START] (dynamic: ValueError)
def second_smallest(numbers):
[ERROR FINISH] (dynamic: ValueError) >>>>
    if len(numbers) < 2:
        raise ValueError(""List must contain at least two elements"")
    
    # Initialize the first two smallest numbers
    smallest = second_smallest = float('inf')
    
    for num in numbers:
        if num < smallest:
            second_smallest = smallest
            smallest = num
        elif smallest < num < second_smallest:
            second_smallest = num
    
    if second_smallest == float('inf'):
        raise ValueError(""List must contain at least two distinct elements"")
    
    return second_smallest",dynamic,dynamic: ValueError,1-1
MBPP,hallucinated,758,,,,"{""error_type"": ""SyntaxError"", ""error_message"": ""invalid syntax (<string>, line 1)"", ""line_no"": ""1.0"", ""test_case"": """"}","from collections import Counter

def unique_sublists(list1):
    # Convert each list in list1 to a tuple and count occurrences
    return dict(Counter(tuple(sublist) for sublist in list1))

# Example usage:
list1 = [[1, 2], [3, 4], [1, 2], [5, 6], [3, 4]]
print(unique_sublists(list1))  # Output: {frozenset({1, 2}): 2, frozenset({3, 4}): 2, frozenset({5, 6}): 1}","<<<< [ERROR START] (dynamic: SyntaxError)
from collections import Counter
[ERROR FINISH] (dynamic: SyntaxError) >>>>

def unique_sublists(list1):
    # Convert each list in list1 to a tuple and count occurrences
    return dict(Counter(tuple(sublist) for sublist in list1))

# Example usage:
list1 = [[1, 2], [3, 4], [1, 2], [5, 6], [3, 4]]
print(unique_sublists(list1))  # Output: {frozenset({1, 2}): 2, frozenset({3, 4}): 2, frozenset({5, 6}): 1}",dynamic,dynamic: SyntaxError,1-1
MBPP,hallucinated,759,,,,"{""error_type"": ""SyntaxError"", ""error_message"": ""invalid syntax (<string>, line 1)"", ""line_no"": ""1.0"", ""test_case"": ""[[\""1.1.11\"", \""False\"", \""False\""]]""}","import re

def is_decimal(num):
    # Regular expression to match a decimal number with exactly two digits after the decimal point
    pattern = r'^\d+(\.\d{2})?$'
    return bool(re.match(pattern, num))

# Test cases
print(is_decimal(""123.45""))  # True
print(is_decimal(""123.4""))   # False
print(is_decimal(""123.456"")) # False
print(is_decimal(""123""))     # False
print(is_decimal("".45""))     # False
print(is_decimal(""0.45""))    # True
print(is_decimal(""-123.45"")) # True","<<<< [ERROR START] (dynamic: SyntaxError)
import re
[ERROR FINISH] (dynamic: SyntaxError) >>>>

def is_decimal(num):
    # Regular expression to match a decimal number with exactly two digits after the decimal point
    pattern = r'^\d+(\.\d{2})?$'
    return bool(re.match(pattern, num))

# Test cases
print(is_decimal(""123.45""))  # True
print(is_decimal(""123.4""))   # False
print(is_decimal(""123.456"")) # False
print(is_decimal(""123""))     # False
print(is_decimal("".45""))     # False
print(is_decimal(""0.45""))    # True
print(is_decimal(""-123.45"")) # True",dynamic,dynamic: SyntaxError,1-1
MBPP,hallucinated,763,,,,"{""error_type"": ""AttributeError"", ""error_message"": ""'tuple' object has no attribute 'sort'"", ""line_no"": ""1.0"", ""test_case"": ""[[\""((1, 5, 3, 19, 18, 25), 6)\"", \""1\"", \""<Error: 'tuple' object has no attribute 'sort'>\""], [\""((4, 3, 2, 6), 4)\"", \""1\"", \""<Error: 'tuple' object has no attribute 'sort'>\""], [\""((30, 5, 20, 9), 4)\"", \""4\"", \""<Error: 'tuple' object has no attribute 'sort'>\""]]""}","def find_min_diff(arr, n):
    # Sort the array
    arr.sort()
    
    # Initialize the minimum difference to a large number
    min_diff = float('inf')
    
    # Iterate through the sorted array to find the minimum difference
    for i in range(n - 1):
        # Calculate the difference between consecutive elements
        diff = arr[i + 1] - arr[i]
        
        # Update the minimum difference if the current difference is smaller
        if diff < min_diff:
            min_diff = diff
    
    return min_diff

# Example usage:
arr = [4, 9, 1, 3]
n = len(arr)
print(find_min_diff(arr, n))  # Output: 2","<<<< [ERROR START] (dynamic: AttributeError)
def find_min_diff(arr, n):
[ERROR FINISH] (dynamic: AttributeError) >>>>
    # Sort the array
    arr.sort()
    
    # Initialize the minimum difference to a large number
    min_diff = float('inf')
    
    # Iterate through the sorted array to find the minimum difference
    for i in range(n - 1):
        # Calculate the difference between consecutive elements
        diff = arr[i + 1] - arr[i]
        
        # Update the minimum difference if the current difference is smaller
        if diff < min_diff:
            min_diff = diff
    
    return min_diff

# Example usage:
arr = [4, 9, 1, 3]
n = len(arr)
print(find_min_diff(arr, n))  # Output: 2",dynamic,dynamic: AttributeError,1-1
MBPP,hallucinated,764,,,,"{""error_type"": ""SyntaxError"", ""error_message"": ""invalid decimal literal (<string>, line 1)"", ""line_no"": ""1.0"", ""test_case"": ""[[\""program2bedone\"", \""1\"", \""1\""], [\""3wond-1ers2\"", \""3\"", \""3\""]]""}","def number_ctr(str):
    return sum(c.isdigit() for c in str)","<<<< [ERROR START] (dynamic: SyntaxError)
def number_ctr(str):
[ERROR FINISH] (dynamic: SyntaxError) >>>>
    return sum(c.isdigit() for c in str)",dynamic,dynamic: SyntaxError,1-1
MBPP,hallucinated,765,,"[{'type': 'missing_return', 'function': 'is_polite', 'start_line': 1, 'end_line': 11}]",,"{""error_type"": ""SyntaxError"", ""error_message"": ""invalid decimal literal (<string>, line 1)"", ""line_no"": ""1.0"", ""test_case"": ""[[\""9\"", \""13\"", \""True\""]]""}","def is_polite(n):
    # A number is polite if it can be expressed as the sum of two or more consecutive positive integers
    # For example, 5 is not polite because it cannot be written as the sum of two consecutive integers
    # However, 6 is polite because it can be written as 3 + 3
    # The function checks if n can be expressed as such a sum
    if n < 2:
        return False
    for i in range(1, n):
        if (n - i) % (i + 1) == 0:
            return True
    return False

# Example usage:
print(is_polite(5))  # Output: False
print(is_polite(6))  # Output: True","<<<< [ERROR START] (dynamic: SyntaxError)
def is_polite(n):
[ERROR FINISH] (dynamic: SyntaxError) >>>>
    # A number is polite if it can be expressed as the sum of two or more consecutive positive integers
    # For example, 5 is not polite because it cannot be written as the sum of two consecutive integers
    # However, 6 is polite because it can be written as 3 + 3
    # The function checks if n can be expressed as such a sum
    if n < 2:
        return False
    for i in range(1, n):
        if (n - i) % (i + 1) == 0:
            return True
    return False

# Example usage:
print(is_polite(5))  # Output: False
print(is_polite(6))  # Output: True",dynamic,dynamic: SyntaxError,1-1
MBPP,hallucinated,77,,,,"{""error_type"": ""SyntaxError"", ""error_message"": ""invalid syntax (<string>, line 1)"", ""line_no"": ""1.0"", ""test_case"": ""[[\""1212\"", \""False\"", \""False\""]]""}","def is_Diff(n):
    # Convert the number to a string to iterate over each digit
    str_n = str(n)
    # Initialize sum of digits at odd positions and even positions
    odd_sum = 0
    even_sum = 0
    
    # Iterate over the string, considering only odd and even positions
    for i in range(len(str_n)):
        if i % 2 == 0:
            # Odd position (0-based index)
            odd_sum += int(str_n[i])
        else:
            # Even position (0-based index)
            even_sum += int(str_n[i])
    
    # Check if the difference between the sums is divisible by 11
    return (odd_sum - even_sum) % 11 == 0

# Example usage:
print(is_Diff(123456))  # Output: True
print(is_Diff(123457))  # Output: False","<<<< [ERROR START] (dynamic: SyntaxError)
def is_Diff(n):
[ERROR FINISH] (dynamic: SyntaxError) >>>>
    # Convert the number to a string to iterate over each digit
    str_n = str(n)
    # Initialize sum of digits at odd positions and even positions
    odd_sum = 0
    even_sum = 0
    
    # Iterate over the string, considering only odd and even positions
    for i in range(len(str_n)):
        if i % 2 == 0:
            # Odd position (0-based index)
            odd_sum += int(str_n[i])
        else:
            # Even position (0-based index)
            even_sum += int(str_n[i])
    
    # Check if the difference between the sums is divisible by 11
    return (odd_sum - even_sum) % 11 == 0

# Example usage:
print(is_Diff(123456))  # Output: True
print(is_Diff(123457))  # Output: False",dynamic,dynamic: SyntaxError,1-1
MBPP,hallucinated,770,,,,"{""error_type"": ""SyntaxError"", ""error_message"": ""invalid decimal literal (<string>, line 1)"", ""line_no"": ""1.0"", ""test_case"": ""[[\""4\"", \""3108\"", \""3108\""]]""}","def odd_num_sum(n):
    total = 0
    for i in range(1, n + 1):
        odd_number = 2 * i - 1
        total += odd_number ** 4
    return total

# Example usage:
print(odd_num_sum(3))  # Output: 785","<<<< [ERROR START] (dynamic: SyntaxError)
def odd_num_sum(n):
[ERROR FINISH] (dynamic: SyntaxError) >>>>
    total = 0
    for i in range(1, n + 1):
        odd_number = 2 * i - 1
        total += odd_number ** 4
    return total

# Example usage:
print(odd_num_sum(3))  # Output: 785",dynamic,dynamic: SyntaxError,1-1
MBPP,hallucinated,771,"{""type"": ""SyntaxError"", ""value"": 46, ""message"": ""unterminated string literal (detected at line 46) (<unknown>, line 46)""}",,,"{""error_type"": ""SyntaxError"", ""error_message"": ""unterminated string literal (detected at line 46) (<string>, line 46)"", ""line_no"": ""46.0"", ""test_case"": """"}","```python
def check_expression(exp):
    stack = []
    for char in exp:
        if char in ""({["":
            stack.append(char)
        elif char in "")}]"":
            if not stack:
                return False
            top = stack.pop()
            if (char == "")"" and top != ""("") or \
               (char == ""]"" and top != ""["") or \
               (char == ""}"" and top != ""{""):
                return False
    return len(stack) == 0

# Test cases
print(check_expression(""()""))  # True
print(check_expression(""(())""))  # True
print(check_expression(""(()))""))  # False
print(check_expression(""{[()]}""))  # True
print(check_expression(""{[(])}""))  # False
print(check_expression(""{{[[(())]]}}""))  # True
print(check_expression(""{{[[(())]]}}""))  # True
print(check_expression(""{{[[(())]]}}""))  # True
print(check_expression(""{{[[(())]]}}""))  # True
print(check_expression(""{{[[(())]]}}""))  # True
print(check_expression(""{{[[(())]]}}""))  # True
print(check_expression(""{{[[(())]]}}""))  # True
print(check_expression(""{{[[(())]]}}""))  # True
print(check_expression(""{{[[(())]]}}""))  # True
print(check_expression(""{{[[(())]]}}""))  # True
print(check_expression(""{{[[(())]]}}""))  # True
print(check_expression(""{{[[(())]]}}""))  # True
print(check_expression(""{{[[(())]]}}""))  # True
print(check_expression(""{{[[(())]]}}""))  # True
print(check_expression(""{{[[(())]]}}""))  # True
print(check_expression(""{{[[(())]]}}""))  # True
print(check_expression(""{{[[(())]]}}""))  # True
print(check_expression(""{{[[(())]]}}""))  # True
print(check_expression(""{{[[(())]]}}""))  # True
print(check_expression(""{{[[(())]]}}""))  # True
print(check_expression(""{{[[(())]]}}""))  # True
print(check_expression(""{{[[(())]]}}""))  # True
print(check_expression(""{{[[(())]]}}""))  # True
print(check_expression(""{{","```python
def check_expression(exp):
    stack = []
    for char in exp:
        if char in ""({["":
            stack.append(char)
        elif char in "")}]"":
            if not stack:
                return False
            top = stack.pop()
            if (char == "")"" and top != ""("") or \
               (char == ""]"" and top != ""["") or \
               (char == ""}"" and top != ""{""):
                return False
    return len(stack) == 0

# Test cases
print(check_expression(""()""))  # True
print(check_expression(""(())""))  # True
print(check_expression(""(()))""))  # False
print(check_expression(""{[()]}""))  # True
print(check_expression(""{[(])}""))  # False
print(check_expression(""{{[[(())]]}}""))  # True
print(check_expression(""{{[[(())]]}}""))  # True
print(check_expression(""{{[[(())]]}}""))  # True
print(check_expression(""{{[[(())]]}}""))  # True
print(check_expression(""{{[[(())]]}}""))  # True
print(check_expression(""{{[[(())]]}}""))  # True
print(check_expression(""{{[[(())]]}}""))  # True
print(check_expression(""{{[[(())]]}}""))  # True
print(check_expression(""{{[[(())]]}}""))  # True
print(check_expression(""{{[[(())]]}}""))  # True
print(check_expression(""{{[[(())]]}}""))  # True
print(check_expression(""{{[[(())]]}}""))  # True
print(check_expression(""{{[[(())]]}}""))  # True
print(check_expression(""{{[[(())]]}}""))  # True
print(check_expression(""{{[[(())]]}}""))  # True
print(check_expression(""{{[[(())]]}}""))  # True
print(check_expression(""{{[[(())]]}}""))  # True
print(check_expression(""{{[[(())]]}}""))  # True
print(check_expression(""{{[[(())]]}}""))  # True
print(check_expression(""{{[[(())]]}}""))  # True
print(check_expression(""{{[[(())]]}}""))  # True
print(check_expression(""{{[[(())]]}}""))  # True
print(check_expression(""{{[[(())]]}}""))  # True
<<<< [ERROR START] (ast: SyntaxError)
<<<< [ERROR START] (dynamic: SyntaxError)
print(check_expression(""{{
[ERROR FINISH] (ast: SyntaxError) >>>>
[ERROR FINISH] (dynamic: SyntaxError) >>>>","ast,dynamic","ast: SyntaxError,dynamic: SyntaxError","46-46,46-46"
MBPP,hallucinated,778,,"[{'type': 'missing_return', 'function': 'pack_consecutive_duplicates', 'start_line': 1, 'end_line': 18}]",,"{""error_type"": ""SyntaxError"", ""error_message"": ""invalid syntax (<string>, line 1)"", ""line_no"": ""1.0"", ""test_case"": ""[[\""[0, 0, 1, 2, 3, 4, 4, 5, 6, 6, 6, 7, 8, 9, 4, 4]\"", \""[[0, 0], [1], [2], [3], [4, 4], [5], [6, 6, 6], [7], [8], [9], [4, 4]]\"", \""[[0, 0], [1], [2], [3], [4, 4], [5], [6, 6, 6], [7], [8], [9], [4, 4]]\""]]""}","def pack_consecutive_duplicates(lst):
    if not lst:
        return []

    result = []
    current_group = [lst[0]]

    for i in range(1, len(lst)):
        if lst[i] == lst[i - 1]:
            current_group.append(lst[i])
        else:
            result.append(current_group)
            current_group = [lst[i]]

    # Append the last group
    result.append(current_group)

    return result

# Example usage:
print(pack_consecutive_duplicates([1, 1, 2, 3, 3, 3, 4, 5, 5, 5, 5]))
# Output: [[1, 1], [2], [3, 3, 3], [4], [5, 5, 5, 5]]","<<<< [ERROR START] (dynamic: SyntaxError)
def pack_consecutive_duplicates(lst):
[ERROR FINISH] (dynamic: SyntaxError) >>>>
    if not lst:
        return []

    result = []
    current_group = [lst[0]]

    for i in range(1, len(lst)):
        if lst[i] == lst[i - 1]:
            current_group.append(lst[i])
        else:
            result.append(current_group)
            current_group = [lst[i]]

    # Append the last group
    result.append(current_group)

    return result

# Example usage:
print(pack_consecutive_duplicates([1, 1, 2, 3, 3, 3, 4, 5, 5, 5, 5]))
# Output: [[1, 1], [2], [3, 3, 3], [4], [5, 5, 5, 5]]",dynamic,dynamic: SyntaxError,1-1
MBPP,hallucinated,779,,,,"{""error_type"": ""SyntaxError"", ""error_message"": ""invalid syntax (<string>, line 1)"", ""line_no"": ""1.0"", ""test_case"": """"}","from collections import Counter

def unique_sublists(list1):
    # Convert each list in list1 to a tuple and count their occurrences
    return dict(Counter(tuple(sublist) for sublist in list1))

# Example usage:
list1 = [[1, 2], [3, 4], [1, 2], [5, 6], [3, 4]]
print(unique_sublists(list1))  # Output: {(1, 2): 2, (3, 4): 2, (5, 6): 1}","<<<< [ERROR START] (dynamic: SyntaxError)
from collections import Counter
[ERROR FINISH] (dynamic: SyntaxError) >>>>

def unique_sublists(list1):
    # Convert each list in list1 to a tuple and count their occurrences
    return dict(Counter(tuple(sublist) for sublist in list1))

# Example usage:
list1 = [[1, 2], [3, 4], [1, 2], [5, 6], [3, 4]]
print(unique_sublists(list1))  # Output: {(1, 2): 2, (3, 4): 2, (5, 6): 1}",dynamic,dynamic: SyntaxError,1-1
MBPP,hallucinated,780,,,,"{""error_type"": ""TypeError"", ""error_message"": ""unsupported operand type(s) for +: 'int' and 'tuple'"", ""line_no"": ""7.0"", ""test_case"": """"}","from itertools import combinations

def find_combinations(test_list):
    result = []
    for r in range(1, len(test_list) + 1):
        for combo in combinations(test_list, r):
            result.append(sum(combo))
    return result

# Example usage:
test_list = [(1, 2), (3, 4), (5, 6)]
print(find_combinations(test_list))  # Output: [3, 7, 9, 10, 11, 12]","from itertools import combinations

def find_combinations(test_list):
    result = []
    for r in range(1, len(test_list) + 1):
        for combo in combinations(test_list, r):
<<<< [ERROR START] (dynamic: TypeError)
            result.append(sum(combo))
[ERROR FINISH] (dynamic: TypeError) >>>>
    return result

# Example usage:
test_list = [(1, 2), (3, 4), (5, 6)]
print(find_combinations(test_list))  # Output: [3, 7, 9, 10, 11, 12]",dynamic,dynamic: TypeError,7-7
MBPP,hallucinated,781,,,,"{""error_type"": ""SyntaxError"", ""error_message"": ""invalid syntax (<string>, line 1)"", ""line_no"": ""1.0"", ""test_case"": """"}","def count_divisors(n):
    count = 0
    for i in range(1, n + 1):
        if n % i == 0:
            count += 1
    return count % 2 == 0

# Example usage:
print(count_divisors(6))  # Output: True
print(count_divisors(7))  # Output: False","<<<< [ERROR START] (dynamic: SyntaxError)
def count_divisors(n):
[ERROR FINISH] (dynamic: SyntaxError) >>>>
    count = 0
    for i in range(1, n + 1):
        if n % i == 0:
            count += 1
    return count % 2 == 0

# Example usage:
print(count_divisors(6))  # Output: True
print(count_divisors(7))  # Output: False",dynamic,dynamic: SyntaxError,1-1
MBPP,hallucinated,785,,,,"{""error_type"": ""ValueError"", ""error_message"": ""invalid literal for int() with base 10: '(7'"", ""line_no"": ""1.0"", ""test_case"": ""[[\""(7, 8, 9)\"", \""(7, 8, 9)\"", \""<Error: invalid literal for int() with base 10: '(7'>\""], [\""(1, 2, 3)\"", \""(1, 2, 3)\"", \""<Error: invalid literal for int() with base 10: '(1'>\""], [\""(4, 5, 6)\"", \""(4, 5, 6)\"", \""<Error: invalid literal for int() with base 10: '(4'>\""], [\""(7, 81, 19)\"", \""(7, 81, 19)\"", \""<Error: invalid literal for int() with base 10: '(7'>\""]]""}","def tuple_str_int(test_str):
    # Split the string by commas and strip whitespace from each element
    test_list = [int(ele.strip()) for ele in test_str.split(',')]
    return tuple(test_list)

# Example usage:
test_str = ""1, 2, 3, 4, 5""
result = tuple_str_int(test_str)
print(result)  # Output: (1, 2, 3, 4, 5)","<<<< [ERROR START] (dynamic: ValueError)
def tuple_str_int(test_str):
[ERROR FINISH] (dynamic: ValueError) >>>>
    # Split the string by commas and strip whitespace from each element
    test_list = [int(ele.strip()) for ele in test_str.split(',')]
    return tuple(test_list)

# Example usage:
test_str = ""1, 2, 3, 4, 5""
result = tuple_str_int(test_str)
print(result)  # Output: (1, 2, 3, 4, 5)",dynamic,dynamic: ValueError,1-1
MBPP,hallucinated,787,,,,"{""error_type"": ""SyntaxError"", ""error_message"": ""invalid syntax (<string>, line 1)"", ""line_no"": ""1.0"", ""test_case"": """"}","import re

def text_match_three(text):
    # Use regular expression to find the pattern ""a...b""
    if re.search(r'a...b', text):
        return True
    else:
        return False","<<<< [ERROR START] (dynamic: SyntaxError)
import re
[ERROR FINISH] (dynamic: SyntaxError) >>>>

def text_match_three(text):
    # Use regular expression to find the pattern ""a...b""
    if re.search(r'a...b', text):
        return True
    else:
        return False",dynamic,dynamic: SyntaxError,1-1
MBPP,hallucinated,79,,,,"{""error_type"": ""SyntaxError"", ""error_message"": ""invalid syntax (<string>, line 1)"", ""line_no"": ""1.0"", ""test_case"": ""[[\""structure\"", \""True\"", \""True\""]]""}","def word_len(s):
    return len(s) % 2 != 0","<<<< [ERROR START] (dynamic: SyntaxError)
def word_len(s):
[ERROR FINISH] (dynamic: SyntaxError) >>>>
    return len(s) % 2 != 0",dynamic,dynamic: SyntaxError,1-1
MBPP,hallucinated,793,,,,"{""error_type"": ""SyntaxError"", ""error_message"": ""invalid decimal literal (<string>, line 1)"", ""line_no"": ""1.0"", ""test_case"": ""[[\""([2, 3, 2, 3, 6, 8, 9], 3)\"", \""3\"", \""3\""]]""}","def last(arr, x):
    left, right = 0, len(arr) - 1
    result = -1
    
    while left <= right:
        mid = left + (right - left) // 2
        
        if arr[mid] == x:
            result = mid
            left = mid + 1  # Move left to find the last occurrence
        elif arr[mid] < x:
            left = mid + 1
        else:
            right = mid - 1
    
    return result","<<<< [ERROR START] (dynamic: SyntaxError)
def last(arr, x):
[ERROR FINISH] (dynamic: SyntaxError) >>>>
    left, right = 0, len(arr) - 1
    result = -1
    
    while left <= right:
        mid = left + (right - left) // 2
        
        if arr[mid] == x:
            result = mid
            left = mid + 1  # Move left to find the last occurrence
        elif arr[mid] < x:
            left = mid + 1
        else:
            right = mid - 1
    
    return result",dynamic,dynamic: SyntaxError,1-1
MBPP,hallucinated,797,,,,"{""error_type"": ""SyntaxError"", ""error_message"": ""invalid decimal literal (<string>, line 1)"", ""line_no"": ""1.0"", ""test_case"": """"}","def sum_odd(n):
    return sum(i for i in range(1, n+1) if i % 2 != 0)","<<<< [ERROR START] (dynamic: SyntaxError)
def sum_odd(n):
[ERROR FINISH] (dynamic: SyntaxError) >>>>
    return sum(i for i in range(1, n+1) if i % 2 != 0)",dynamic,dynamic: SyntaxError,1-1
MBPP,hallucinated,798,,,,"{""error_type"": ""SyntaxError"", ""error_message"": ""invalid decimal literal (<string>, line 1)"", ""line_no"": ""1.0"", ""test_case"": ""[[\""[0, 1, 2]\"", \""3\"", \""3\""]]""}","def _sum(arr):
    return sum(arr)","<<<< [ERROR START] (dynamic: SyntaxError)
def _sum(arr):
[ERROR FINISH] (dynamic: SyntaxError) >>>>
    return sum(arr)",dynamic,dynamic: SyntaxError,1-1
MBPP,hallucinated,799,,,,"{""error_type"": ""SyntaxError"", ""error_message"": ""invalid decimal literal (<string>, line 1)"", ""line_no"": ""1.0"", ""test_case"": ""[[\""(1, 3)\"", \""8\"", \""8\""], [\""(5, 3)\"", \""40\"", \""40\""], [\""(29, 3)\"", \""232\"", \""232\""]]""}","def left_rotate(n, d):
    # Ensure d is within the range of 0 to 31
    d = d % 32
    
    # Perform the left rotation
    return (n << d) | (n >> (32 - d))","<<<< [ERROR START] (dynamic: SyntaxError)
def left_rotate(n, d):
[ERROR FINISH] (dynamic: SyntaxError) >>>>
    # Ensure d is within the range of 0 to 31
    d = d % 32
    
    # Perform the left rotation
    return (n << d) | (n >> (32 - d))",dynamic,dynamic: SyntaxError,1-1
MBPP,hallucinated,80,,,,"{""error_type"": ""SyntaxError"", ""error_message"": ""invalid decimal literal (<string>, line 1)"", ""line_no"": ""1.0"", ""test_case"": ""[[\""7\"", \""84\"", \""84\""]]""}","def tetrahedral_number(n):
    # Calculate the nth tetrahedral number using the formula n * (n + 1) * (n + 2) / 6
    return n * (n + 1) * (n + 2) // 6

# Example usage:
print(tetrahedral_number(3))  # Output: 10","<<<< [ERROR START] (dynamic: SyntaxError)
def tetrahedral_number(n):
[ERROR FINISH] (dynamic: SyntaxError) >>>>
    # Calculate the nth tetrahedral number using the formula n * (n + 1) * (n + 2) / 6
    return n * (n + 1) * (n + 2) // 6

# Example usage:
print(tetrahedral_number(3))  # Output: 10",dynamic,dynamic: SyntaxError,1-1
MBPP,hallucinated,803,,"[{'type': 'missing_return', 'function': 'is_perfect_square', 'start_line': 3, 'end_line': 7}]",,"{""error_type"": ""SyntaxError"", ""error_message"": ""invalid syntax (<string>, line 1)"", ""line_no"": ""1.0"", ""test_case"": """"}","import math

def is_perfect_square(n):
    if n < 0:
        return False
    root = math.isqrt(n)
    return root * root == n

# Test cases
print(is_perfect_square(16))  # True
print(is_perfect_square(14))  # False
print(is_perfect_square(0))   # True
print(is_perfect_square(25))  # True
print(is_perfect_square(-4))  # False","<<<< [ERROR START] (dynamic: SyntaxError)
import math
[ERROR FINISH] (dynamic: SyntaxError) >>>>

def is_perfect_square(n):
    if n < 0:
        return False
    root = math.isqrt(n)
    return root * root == n

# Test cases
print(is_perfect_square(16))  # True
print(is_perfect_square(14))  # False
print(is_perfect_square(0))   # True
print(is_perfect_square(25))  # True
print(is_perfect_square(-4))  # False",dynamic,dynamic: SyntaxError,1-1
MBPP,hallucinated,804,,,,"{""error_type"": ""SyntaxError"", ""error_message"": ""invalid syntax (<string>, line 1)"", ""line_no"": ""1.0"", ""test_case"": """"}","def is_product_even(arr):
    # Initialize the product to 1 (since 1 is even)
    product = 1
    
    # Iterate through each number in the array
    for num in arr:
        # Multiply the product by the current number
        product *= num
        
        # If the product becomes even, return True
        if product % 2 == 0:
            return True
    
    # If no even number was found, return False
    return False","<<<< [ERROR START] (dynamic: SyntaxError)
def is_product_even(arr):
[ERROR FINISH] (dynamic: SyntaxError) >>>>
    # Initialize the product to 1 (since 1 is even)
    product = 1
    
    # Iterate through each number in the array
    for num in arr:
        # Multiply the product by the current number
        product *= num
        
        # If the product becomes even, return True
        if product % 2 == 0:
            return True
    
    # If no even number was found, return False
    return False",dynamic,dynamic: SyntaxError,1-1
MBPP,hallucinated,807,,,,"{""error_type"": ""SyntaxError"", ""error_message"": ""invalid decimal literal (<string>, line 1)"", ""line_no"": ""1.0"", ""test_case"": ""[[\""[8, 9, 1]\"", \""9\"", \""9\""]]""}","def first_odd(nums):
    for num in nums:
        if num % 2 != 0:
            return num
    return None","<<<< [ERROR START] (dynamic: SyntaxError)
def first_odd(nums):
[ERROR FINISH] (dynamic: SyntaxError) >>>>
    for num in nums:
        if num % 2 != 0:
            return num
    return None",dynamic,dynamic: SyntaxError,1-1
MBPP,hallucinated,808,,,,"{""error_type"": ""TypeError"", ""error_message"": ""argument of type 'int' is not a container or iterable"", ""line_no"": ""1.0"", ""test_case"": ""[[\""((10, 4, 5, 6, 8), 6)\"", \""True\"", \""<Error: argument of type 'int' is not a container or iterable>\""], [\""((1, 2, 3, 4, 5, 6), 7)\"", \""False\"", \""<Error: argument of type 'int' is not a container or iterable>\""], [\""((7, 8, 9, 44, 11, 12), 11)\"", \""True\"", \""<Error: argument of type 'int' is not a container or iterable>\""]]""}","def check_K(test_tup, K):
    # Check if K is in any of the tuples
    return any(K in tup for tup in test_tup)

# Example usage:
test_tup = [(1, 2), (3, 4), (5, 6)]
K = 3
print(check_K(test_tup, K))  # Output: True

K = 7
print(check_K(test_tup, K))  # Output: False","<<<< [ERROR START] (dynamic: TypeError)
def check_K(test_tup, K):
[ERROR FINISH] (dynamic: TypeError) >>>>
    # Check if K is in any of the tuples
    return any(K in tup for tup in test_tup)

# Example usage:
test_tup = [(1, 2), (3, 4), (5, 6)]
K = 3
print(check_K(test_tup, K))  # Output: True

K = 7
print(check_K(test_tup, K))  # Output: False",dynamic,dynamic: TypeError,1-1
MBPP,hallucinated,83,,,,"{""error_type"": ""SyntaxError"", ""error_message"": ""invalid syntax (<string>, line 1)"", ""line_no"": ""1.0"", ""test_case"": ""[[\""ab\"", \""c\"", \""n\""]]""}","def get_Char(strr):
    # Calculate the sum of ASCII values of all characters in the string
    ascii_sum = sum(ord(char) for char in strr)
    
    # Find the character corresponding to the sum modulo 26
    result_char = chr((ascii_sum % 26) + ord('a'))
    
    return result_char

# Example usage:
print(get_Char(""abc""))  # Output: 'd'","<<<< [ERROR START] (dynamic: SyntaxError)
def get_Char(strr):
[ERROR FINISH] (dynamic: SyntaxError) >>>>
    # Calculate the sum of ASCII values of all characters in the string
    ascii_sum = sum(ord(char) for char in strr)
    
    # Find the character corresponding to the sum modulo 26
    result_char = chr((ascii_sum % 26) + ord('a'))
    
    return result_char

# Example usage:
print(get_Char(""abc""))  # Output: 'd'",dynamic,dynamic: SyntaxError,1-1
MBPP,hallucinated,84,,"[{'type': 'missing_return', 'function': 'sequence', 'start_line': 1, 'end_line': 12}]",,"{""error_type"": ""IndexError"", ""error_message"": ""list index out of range"", ""line_no"": ""10.0"", ""test_case"": """"}","def sequence(n):
    if n == 1 or n == 2:
        return 1
    
    # Initialize the sequence with the first two numbers
    seq = [1, 1]
    
    # Calculate the sequence up to the nth number
    for i in range(3, n + 1):
        seq.append(seq[seq[i - 1]] + seq[i - seq[i - 1]])
    
    return seq[n - 1]

# Example usage:
print(sequence(5))  # Output: 3
print(sequence(6))  # Output: 4","def sequence(n):
    if n == 1 or n == 2:
        return 1
    
    # Initialize the sequence with the first two numbers
    seq = [1, 1]
    
    # Calculate the sequence up to the nth number
    for i in range(3, n + 1):
<<<< [ERROR START] (dynamic: IndexError)
        seq.append(seq[seq[i - 1]] + seq[i - seq[i - 1]])
[ERROR FINISH] (dynamic: IndexError) >>>>
    
    return seq[n - 1]

# Example usage:
print(sequence(5))  # Output: 3
print(sequence(6))  # Output: 4",dynamic,dynamic: IndexError,10-10
MBPP,hallucinated,89,,"[{'type': 'missing_return', 'function': 'closest_num', 'start_line': 1, 'end_line': 10}]",,"{""error_type"": ""SyntaxError"", ""error_message"": ""invalid decimal literal (<string>, line 1)"", ""line_no"": ""1.0"", ""test_case"": ""[[\""12\"", \""11\"", \""11\""]]""}","def closest_num(N):
    # Convert the input to an integer if it's not already
    N = int(N)
    
    # If N is less than or equal to 0, return None since there's no smaller number
    if N <= 0:
        return None
    
    # Subtract 1 from N to get the closest smaller number
    return N - 1","<<<< [ERROR START] (dynamic: SyntaxError)
def closest_num(N):
[ERROR FINISH] (dynamic: SyntaxError) >>>>
    # Convert the input to an integer if it's not already
    N = int(N)
    
    # If N is less than or equal to 0, return None since there's no smaller number
    if N <= 0:
        return None
    
    # Subtract 1 from N to get the closest smaller number
    return N - 1",dynamic,dynamic: SyntaxError,1-1
MBPP,hallucinated,93,,,,"{""error_type"": ""SyntaxError"", ""error_message"": ""invalid decimal literal (<string>, line 1)"", ""line_no"": ""1.0"", ""test_case"": ""[[\""(5, 5)\"", \""3125\"", \""3125\""]]""}","def power(a, b):
    return a ** b","<<<< [ERROR START] (dynamic: SyntaxError)
def power(a, b):
[ERROR FINISH] (dynamic: SyntaxError) >>>>
    return a ** b",dynamic,dynamic: SyntaxError,1-1
MBPP,hallucinated,94,,,,"{""error_type"": ""TypeError"", ""error_message"": ""'<' not supported between instances of 'str' and 'float'"", ""line_no"": ""1.0"", ""test_case"": ""[[\""[('Rash', 143), ('Manjeet', 200), ('Varsha', 100)]\"", \""Varsha\"", \""<Error: '<' not supported between instances of 'str' and 'float'>\""], [\""[('Yash', 185), ('Dawood', 125), ('Sanya', 175)]\"", \""Dawood\"", \""<Error: '<' not supported between instances of 'str' and 'float'>\""], [\""[('Sai', 345), ('Salman', 145), ('Ayesha', 96)]\"", \""Ayesha\"", \""<Error: '<' not supported between instances of 'str' and 'float'>\""]]""}","def index_minimum(test_list):
    # Initialize the minimum value and its index
    min_value = float('inf')
    min_index = -1
    
    # Iterate over the list of tuples
    for index, (value, _) in enumerate(test_list):
        # Check if the current value is smaller than the current minimum
        if value < min_value:
            min_value = value
            min_index = index
    
    # Return the index of the tuple with the smallest second value
    return min_index","<<<< [ERROR START] (dynamic: TypeError)
def index_minimum(test_list):
[ERROR FINISH] (dynamic: TypeError) >>>>
    # Initialize the minimum value and its index
    min_value = float('inf')
    min_index = -1
    
    # Iterate over the list of tuples
    for index, (value, _) in enumerate(test_list):
        # Check if the current value is smaller than the current minimum
        if value < min_value:
            min_value = value
            min_index = index
    
    # Return the index of the tuple with the smallest second value
    return min_index",dynamic,dynamic: TypeError,1-1
MBPP,hallucinated,96,,,,"{""error_type"": ""SyntaxError"", ""error_message"": ""invalid decimal literal (<string>, line 1)"", ""line_no"": ""1.0"", ""test_case"": ""[[\""9\"", \""3\"", \""3\""]]""}","def divisor(n):
    count = 0
    for i in range(1, n + 1):
        if n % i == 0:
            count += 1
    return count","<<<< [ERROR START] (dynamic: SyntaxError)
def divisor(n):
[ERROR FINISH] (dynamic: SyntaxError) >>>>
    count = 0
    for i in range(1, n + 1):
        if n % i == 0:
            count += 1
    return count",dynamic,dynamic: SyntaxError,1-1
DS1000,hallucinated,DS0002,,,,"{""error_type"": ""ValueError"", ""error_message"": ""The truth value of a Series is ambiguous. Use a.empty, a.bool(), a.item(), a.any() or a.all()."", ""line_no"": ""5.0"", ""test_case"": ""[[\""DataFrame({'Qu1': ['apple', 'potato', 'cheese', 'banana', 'cheese', 'banana', 'cheese', 'potato', 'egg'], 'Qu2': ['sausage', 'banana', 'apple', 'apple', 'apple', 'sausage', 'banana', 'banana', 'banana'], 'Qu3': ['apple', 'potato', 'sausage', 'cheese', 'cheese', 'potato', 'cheese', 'potato', 'egg']})\"", \""DataFrame({'Qu1': ['other', 'potato', 'cheese', 'banana', 'cheese', 'banana', 'cheese', 'potato', 'other'], 'Qu2': ['sausage', 'banana', 'apple', 'apple', 'apple', 'sausage', 'banana', 'banana', 'banana'], 'Qu3': ['other', 'potato', 'other', 'cheese', 'cheese', 'potato', 'cheese', 'potato', 'other']})\"", \""<Execution Error: The truth value of a Series is ambiguous. Use a.empty, a.bool(), a.item(), a.any() or a.all().>\""], [\""DataFrame({'Qu1': ['sausage', 'banana', 'apple', 'apple', 'apple', 'sausage', 'banana', 'banana', 'banana'], 'Qu2': ['apple', 'potato', 'sausage', 'cheese', 'cheese', 'potato', 'cheese', 'potato', 'egg'], 'Qu3': ['apple', 'potato', 'cheese', 'banana', 'cheese', 'banana', 'cheese', 'potato', 'egg']})\"", \""DataFrame({'Qu1': ['sausage', 'banana', 'apple', 'apple', 'apple', 'sausage', 'banana', 'banana', 'banana'], 'Qu2': ['other', 'potato', 'other', 'cheese', 'cheese', 'potato', 'cheese', 'potato', 'other'], 'Qu3': ['other', 'potato', 'cheese', 'banana', 'cheese', 'banana', 'cheese', 'potato', 'other']})\"", \""<Execution Error: The truth value of a Series is ambiguous. Use a.empty, a.bool(), a.item(), a.any() or a.all().>\""]]""}","
import pandas as pd
import numpy as np
df = test_input
result = df.apply(lambda x: 'other' if x.isin(['apple', 'egg']) else x)
","
import pandas as pd
import numpy as np
df = test_input
<<<< [ERROR START] (dynamic: ValueError)
result = df.apply(lambda x: 'other' if x.isin(['apple', 'egg']) else x)
[ERROR FINISH] (dynamic: ValueError) >>>>
",dynamic,dynamic: ValueError,5-5
DS1000,hallucinated,DS0003,,,,"{""error_type"": ""ValueError"", ""error_message"": ""The truth value of a Series is ambiguous. Use a.empty, a.bool(), a.item(), a.any() or a.all()."", ""line_no"": ""5.0"", ""test_case"": ""[[\""DataFrame({'Qu1': ['apple', 'potato', 'cheese', 'banana', 'cheese', 'banana', 'cheese', 'potato', 'egg'], 'Qu2': ['sausage', 'banana', 'apple', 'apple', 'apple', 'sausage', 'banana', 'banana', 'banana'], 'Qu3': ['apple', 'potato', 'sausage', 'cheese', 'cheese', 'potato', 'cheese', 'potato', 'egg']})\"", \""DataFrame({'Qu1': ['other', 'other', 'cheese', 'other', 'cheese', 'other', 'cheese', 'other', 'other'], 'Qu2': ['other', 'banana', 'apple', 'apple', 'apple', 'other', 'banana', 'banana', 'banana'], 'Qu3': ['other', 'potato', 'other', 'cheese', 'cheese', 'potato', 'cheese', 'potato', 'other']})\"", \""<Execution Error: The truth value of a Series is ambiguous. Use a.empty, a.bool(), a.item(), a.any() or a.all().>\""], [\""DataFrame({'Qu1': ['sausage', 'banana', 'apple', 'apple', 'apple', 'sausage', 'banana', 'banana', 'banana'], 'Qu2': ['apple', 'potato', 'sausage', 'cheese', 'cheese', 'potato', 'cheese', 'potato', 'egg'], 'Qu3': ['apple', 'potato', 'cheese', 'banana', 'cheese', 'banana', 'cheese', 'potato', 'egg']})\"", \""DataFrame({'Qu1': ['other', 'banana', 'apple', 'apple', 'apple', 'other', 'banana', 'banana', 'banana'], 'Qu2': ['other', 'potato', 'other', 'cheese', 'cheese', 'potato', 'cheese', 'potato', 'other'], 'Qu3': ['other', 'other', 'cheese', 'other', 'cheese', 'other', 'cheese', 'other', 'other']})\"", \""<Execution Error: The truth value of a Series is ambiguous. Use a.empty, a.bool(), a.item(), a.any() or a.all().>\""]]""}","
import pandas as pd
import numpy as np
df = test_input
result = df.apply(lambda x: 'other' if x.value_counts() >= 3 else x)
","
import pandas as pd
import numpy as np
df = test_input
<<<< [ERROR START] (dynamic: ValueError)
result = df.apply(lambda x: 'other' if x.value_counts() >= 3 else x)
[ERROR FINISH] (dynamic: ValueError) >>>>
",dynamic,dynamic: ValueError,5-5
DS1000,hallucinated,DS0004,"{""type"": ""IndentationError"", ""value"": 5, ""message"": ""expected an indented block after function definition on line 4 (<unknown>, line 5)""}",,,"{""error_type"": ""IndentationError"", ""error_message"": ""expected an indented block after function definition on line 4 (<string>, line 6)"", ""line_no"": ""2.0"", ""test_case"": ""[[\""DataFrame({'Qu1': ['apple', 'potato', 'cheese', 'banana', 'cheese', 'banana', 'cheese', 'potato', 'egg'], 'Qu2': ['sausage', 'banana', 'apple', 'apple', 'apple', 'sausage', 'banana', 'banana', 'banana'], 'Qu3': ['apple', 'potato', 'sausage', 'cheese', 'cheese', 'potato', 'cheese', 'potato', 'egg']})\"", \""DataFrame({'Qu1': ['other', 'potato', 'cheese', 'banana', 'cheese', 'banana', 'cheese', 'potato', 'other'], 'Qu2': ['sausage', 'banana', 'apple', 'apple', 'apple', 'sausage', 'banana', 'banana', 'banana'], 'Qu3': ['other', 'potato', 'other', 'cheese', 'cheese', 'potato', 'cheese', 'potato', 'other']})\"", \""<Execution Error: expected an indented block after function definition on line 4 (<string>, line 5)>\""], [\""DataFrame({'Qu1': ['sausage', 'banana', 'apple', 'apple', 'apple', 'sausage', 'banana', 'banana', 'banana'], 'Qu2': ['apple', 'potato', 'sausage', 'cheese', 'cheese', 'potato', 'cheese', 'potato', 'egg'], 'Qu3': ['apple', 'potato', 'cheese', 'banana', 'cheese', 'banana', 'cheese', 'potato', 'egg']})\"", \""DataFrame({'Qu1': ['sausage', 'banana', 'apple', 'apple', 'apple', 'sausage', 'banana', 'banana', 'banana'], 'Qu2': ['other', 'potato', 'other', 'cheese', 'cheese', 'potato', 'cheese', 'potato', 'other'], 'Qu3': ['other', 'potato', 'cheese', 'banana', 'cheese', 'banana', 'cheese', 'potato', 'other']})\"", \""<Execution Error: expected an indented block after function definition on line 4 (<string>, line 5)>\""]]""}","
import pandas as pd
import numpy as np
def f(df):
df['Qu1'] = df['Qu1'].map(lambda x: 'other' if pd.value_counts(df['Qu1']) < 2 else x)
df['Qu3'] = df['Qu3'].map(lambda x: 'other' if pd.value_counts(df['Qu3']) < 2 else x)
df = test_input
result = f(df)
","
<<<< [ERROR START] (dynamic: IndentationError)
import pandas as pd
[ERROR FINISH] (dynamic: IndentationError) >>>>
import numpy as np
def f(df):
<<<< [ERROR START] (ast: IndentationError)
df['Qu1'] = df['Qu1'].map(lambda x: 'other' if pd.value_counts(df['Qu1']) < 2 else x)
[ERROR FINISH] (ast: IndentationError) >>>>
df['Qu3'] = df['Qu3'].map(lambda x: 'other' if pd.value_counts(df['Qu3']) < 2 else x)
df = test_input
result = f(df)
","ast,dynamic","ast: IndentationError,dynamic: IndentationError","5-5,2-2"
DS1000,hallucinated,DS0006,,,,"{""error_type"": ""AttributeError"", ""error_message"": ""module 'pandas' has no attribute 'value_counts'"", ""line_no"": ""7.0"", ""test_case"": ""[[\""DataFrame({'Qu1': ['apple', 'potato', 'cheese', 'banana', 'cheese', 'banana', 'cheese', 'potato', 'egg'], 'Qu2': ['sausage', 'banana', 'apple', 'apple', 'apple', 'sausage', 'banana', 'banana', 'banana'], 'Qu3': ['apple', 'potato', 'sausage', 'cheese', 'cheese', 'potato', 'cheese', 'potato', 'egg']})\"", \""DataFrame({'Qu1': ['apple', 'other', 'cheese', 'other', 'cheese', 'other', 'cheese', 'other', 'other'], 'Qu2': ['sausage', 'banana', 'apple', 'apple', 'apple', 'sausage', 'banana', 'banana', 'banana'], 'Qu3': ['apple', 'potato', 'other', 'cheese', 'cheese', 'potato', 'cheese', 'potato', 'other']})\"", \""<Execution Error: module 'pandas' has no attribute 'value_counts'>\""], [\""DataFrame({'Qu1': ['sausage', 'banana', 'apple', 'apple', 'apple', 'sausage', 'banana', 'banana', 'banana'], 'Qu2': ['apple', 'potato', 'sausage', 'cheese', 'cheese', 'potato', 'cheese', 'potato', 'egg'], 'Qu3': ['apple', 'potato', 'cheese', 'banana', 'cheese', 'banana', 'cheese', 'potato', 'egg']})\"", \""DataFrame({'Qu1': ['other', 'banana', 'apple', 'apple', 'apple', 'other', 'banana', 'banana', 'banana'], 'Qu2': ['apple', 'potato', 'other', 'cheese', 'cheese', 'potato', 'cheese', 'potato', 'other'], 'Qu3': ['apple', 'potato', 'cheese', 'banana', 'cheese', 'banana', 'cheese', 'potato', 'other']})\"", \""<Execution Error: module 'pandas' has no attribute 'value_counts'>\""]]""}","
import pandas as pd
import numpy as np
df = test_input
result = df.copy()
result['Qu1'] = df['Qu1'].apply(lambda x: 'other' if x != 'apple' else x)
result['Qu2'] = df['Qu2'].apply(lambda x: 'other' if pd.value_counts(df['Qu2']) >= 2 else x)
result['Qu3'] = df['Qu3'].apply(lambda x: 'other' if pd.value_counts(df['Qu3']) >= 2 else x)
","
import pandas as pd
import numpy as np
df = test_input
result = df.copy()
result['Qu1'] = df['Qu1'].apply(lambda x: 'other' if x != 'apple' else x)
<<<< [ERROR START] (dynamic: AttributeError)
result['Qu2'] = df['Qu2'].apply(lambda x: 'other' if pd.value_counts(df['Qu2']) >= 2 else x)
[ERROR FINISH] (dynamic: AttributeError) >>>>
result['Qu3'] = df['Qu3'].apply(lambda x: 'other' if pd.value_counts(df['Qu3']) >= 2 else x)
",dynamic,dynamic: AttributeError,7-7
DS1000,hallucinated,DS0010,,,,"{""error_type"": ""ValueError"", ""error_message"": ""DataFrame index must be unique for orient='index'."", ""line_no"": ""5.0"", ""test_case"": ""[[\""DataFrame({'name': ['A', 'A', 'B', 'C', 'B', 'A'], 'v1': ['A1', 'A2', 'B1', 'C1', 'B2', 'A2'], 'v2': ['A11', 'A12', 'B12', 'C11', 'B21', 'A21'], 'v3': [1, 2, 3, 4, 5, 6]})\"", \""{'A': {'A1': {'A11': np.int64(1)}, 'A2': {'A12': np.int64(2), 'A21': np.int64(6)}}, 'B': {'B1': {'B12': np.int64(3)}, 'B2': {'B21': np.int64(5)}}, 'C': {'C1': {'C11': np.int64(4)}}}\"", \""<Execution Error: DataFrame index must be unique for orient='index'.>\""]]""}","
import pandas as pd
import numpy as np
df = test_input
result = df.set_index('name').to_dict(orient='index')
","
import pandas as pd
import numpy as np
df = test_input
<<<< [ERROR START] (dynamic: ValueError)
result = df.set_index('name').to_dict(orient='index')
[ERROR FINISH] (dynamic: ValueError) >>>>
",dynamic,dynamic: ValueError,5-5
DS1000,hallucinated,DS0011,,,,"{""error_type"": ""KeyError"", ""error_message"": ""'datetime_column'"", ""line_no"": ""5.0"", ""test_case"": ""[[\""DataFrame({'datetime': [Timestamp('2015-12-01 00:00:00-0600', tz='UTC-06:00'), Timestamp('2015-12-02 00:01:00-0600', tz='UTC-06:00'), Timestamp('2015-12-03 00:00:00-0600', tz='UTC-06:00')]})\"", \""DataFrame({'datetime': [Timestamp('2015-12-01 00:00:00'), Timestamp('2015-12-02 00:01:00'), Timestamp('2015-12-03 00:00:00')]})\"", \""<Execution Error: 'datetime_column'>\""], [\""DataFrame({'datetime': [Timestamp('2016-12-02 00:01:00-0600', tz='UTC-06:00'), Timestamp('2016-12-01 00:00:00-0600', tz='UTC-06:00'), Timestamp('2016-12-03 00:00:00-0600', tz='UTC-06:00')]})\"", \""DataFrame({'datetime': [Timestamp('2016-12-02 00:01:00'), Timestamp('2016-12-01 00:00:00'), Timestamp('2016-12-03 00:00:00')]})\"", \""<Execution Error: 'datetime_column'>\""]]""}","
import pandas as pd
import numpy as np
df = test_input
df['datetime_column'] = df['datetime_column'].dt.tz_localize(None)
result = df
","
import pandas as pd
import numpy as np
df = test_input
<<<< [ERROR START] (dynamic: KeyError)
df['datetime_column'] = df['datetime_column'].dt.tz_localize(None)
[ERROR FINISH] (dynamic: KeyError) >>>>
result = df
",dynamic,dynamic: KeyError,5-5
DS1000,hallucinated,DS0012,"{""type"": ""IndentationError"", ""value"": 5, ""message"": ""expected an indented block after function definition on line 4 (<unknown>, line 5)""}",,,"{""error_type"": ""IndentationError"", ""error_message"": ""expected an indented block after function definition on line 4 (<string>, line 6)"", ""line_no"": ""2.0"", ""test_case"": ""[[\""DataFrame({'datetime': [Timestamp('2015-12-01 00:00:00-0600', tz='UTC-06:00'), Timestamp('2015-12-02 00:01:00-0600', tz='UTC-06:00'), Timestamp('2015-12-03 00:00:00-0600', tz='UTC-06:00')]})\"", \""DataFrame({'datetime': [Timestamp('2015-12-01 00:00:00'), Timestamp('2015-12-02 00:01:00'), Timestamp('2015-12-03 00:00:00')]})\"", \""<Execution Error: expected an indented block after function definition on line 4 (<string>, line 5)>\""], [\""DataFrame({'datetime': [Timestamp('2016-12-02 00:01:00-0600', tz='UTC-06:00'), Timestamp('2016-12-01 00:00:00-0600', tz='UTC-06:00'), Timestamp('2016-12-03 00:00:00-0600', tz='UTC-06:00')]})\"", \""DataFrame({'datetime': [Timestamp('2016-12-02 00:01:00'), Timestamp('2016-12-01 00:00:00'), Timestamp('2016-12-03 00:00:00')]})\"", \""<Execution Error: expected an indented block after function definition on line 4 (<string>, line 5)>\""]]""}","
import pandas as pd
import numpy as np
def f(df):
df['datetime_column'] = df['datetime_column'].dt.tz_localize(None)
df = test_input
result = f(df)
","
<<<< [ERROR START] (dynamic: IndentationError)
import pandas as pd
[ERROR FINISH] (dynamic: IndentationError) >>>>
import numpy as np
def f(df):
<<<< [ERROR START] (ast: IndentationError)
df['datetime_column'] = df['datetime_column'].dt.tz_localize(None)
[ERROR FINISH] (ast: IndentationError) >>>>
df = test_input
result = f(df)
","ast,dynamic","ast: IndentationError,dynamic: IndentationError","5-5,2-2"
DS1000,hallucinated,DS0015,,,,"{""error_type"": ""IndexError"", ""error_message"": ""Too many levels: Index has only 1 level, not 2"", ""line_no"": ""5.0"", ""test_case"": ""[[\""DataFrame({'name': ['matt', 'james', 'adam'], 'status': ['active', 'active', 'inactive'], 'number': [12345, 23456, 34567], 'message': ['[job:  , money: none, wife: none]', '[group: band, wife: yes, money: 10000]', '[job: none, money: none, wife:  , kids: one, group: jail]']})\"", \""DataFrame({'name': ['matt', 'james', 'adam'], 'status': ['active', 'active', 'inactive'], 'number': [12345, 23456, 34567], 'job': ['none', 'none', 'none'], 'money': ['none', 10000, 'none'], 'wife': ['none', True, 'none'], 'group': ['none', 'band', 'jail'], 'kids': ['none', 'none', 'one']})\"", \""<Execution Error: Too many levels: Index has only 1 level, not 2>\""], [\""DataFrame({'name': ['matt', 'james', 'adam'], 'status': ['active', 'active', 'inactive'], 'number': [12345, 23456, 34567], 'message': ['[job:  , money: 114514, wife: none, kids: one, group: jail]', '[group: band, wife: yes, money: 10000]', '[job: none, money: none, wife:  , kids: one, group: jail]']})\"", \""DataFrame({'name': ['matt', 'james', 'adam'], 'status': ['active', 'active', 'inactive'], 'number': [12345, 23456, 34567], 'job': ['none', 'none', 'none'], 'money': [114514, 10000, 'none'], 'wife': ['none', True, 'none'], 'kids': ['one', 'none', 'one'], 'group': ['jail', 'band', 'jail']})\"", \""<Execution Error: Too many levels: Index has only 1 level, not 2>\""]]""}","
import pandas as pd
import numpy as np
df = test_input
result = df['message'].str.extractall(r'(\w+): (\w+)').unstack().reset_index(level=1, drop=True).rename(columns={0: 'key', 1: 'value'})
","
import pandas as pd
import numpy as np
df = test_input
<<<< [ERROR START] (dynamic: IndexError)
result = df['message'].str.extractall(r'(\w+): (\w+)').unstack().reset_index(level=1, drop=True).rename(columns={0: 'key', 1: 'value'})
[ERROR FINISH] (dynamic: IndexError) >>>>
",dynamic,dynamic: IndexError,5-5
DS1000,hallucinated,DS0020,,,,"{""error_type"": ""NameError"", ""error_message"": ""name 'result' is not defined"", ""line_no"": ""5.0"", ""test_case"": ""[[\""DataFrame({'A': [1, 0, 0, 0, 1, 0], 'B': [0, 1, 0, 0, 0, 1], 'C': [0, 0, 1, 0, 0, 0], 'D': [0, 0, 0, 1, 0, 0]})\"", \""DataFrame({'A': [1, 0, 0, 0, 1, 0], 'B': [0, 1, 0, 0, 0, 1], 'C': [0, 0, 1, 0, 0, 0], 'D': [0, 0, 0, 1, 0, 0], 'category': ['A', 'B', 'C', 'D', 'A', 'B']})\"", \""<Execution Error: name 'result' is not defined>\""], [\""DataFrame({'A': [0, 0, 0, 1, 0, 0], 'B': [0, 0, 1, 0, 0, 0], 'C': [0, 1, 0, 0, 0, 1], 'D': [1, 0, 0, 0, 1, 0]})\"", \""DataFrame({'A': [0, 0, 0, 1, 0, 0], 'B': [0, 0, 1, 0, 0, 0], 'C': [0, 1, 0, 0, 0, 1], 'D': [1, 0, 0, 0, 1, 0], 'category': ['D', 'C', 'B', 'A', 'D', 'C']})\"", \""<Execution Error: name 'result' is not defined>\""]]""}","
import pandas as pd
import numpy as np
df = test_input
result['category'] = df.apply(lambda row: next((col for col in df.columns if row[col] == 1), None), axis=1)
result = df
","
import pandas as pd
import numpy as np
df = test_input
<<<< [ERROR START] (dynamic: NameError)
result['category'] = df.apply(lambda row: next((col for col in df.columns if row[col] == 1), None), axis=1)
[ERROR FINISH] (dynamic: NameError) >>>>
result = df
",dynamic,dynamic: NameError,5-5
DS1000,hallucinated,DS0021,,,,"{""error_type"": ""NameError"", ""error_message"": ""name 'result' is not defined"", ""line_no"": ""5.0"", ""test_case"": ""[[\""DataFrame({'A': [0, 1, 1, 1, 0, 1], 'B': [1, 0, 1, 1, 1, 0], 'C': [1, 1, 0, 1, 1, 1], 'D': [1, 1, 1, 0, 1, 1]})\"", \""DataFrame({'A': [0, 1, 1, 1, 0, 1], 'B': [1, 0, 1, 1, 1, 0], 'C': [1, 1, 0, 1, 1, 1], 'D': [1, 1, 1, 0, 1, 1], 'category': ['A', 'B', 'C', 'D', 'A', 'B']})\"", \""<Execution Error: name 'result' is not defined>\""], [\""DataFrame({'A': [1, 1, 1, 0, 1, 1], 'B': [1, 1, 0, 1, 1, 1], 'C': [1, 0, 1, 1, 1, 0], 'D': [0, 1, 1, 1, 0, 1]})\"", \""DataFrame({'A': [1, 1, 1, 0, 1, 1], 'B': [1, 1, 0, 1, 1, 1], 'C': [1, 0, 1, 1, 1, 0], 'D': [0, 1, 1, 1, 0, 1], 'category': ['D', 'C', 'B', 'A', 'D', 'C']})\"", \""<Execution Error: name 'result' is not defined>\""]]""}","
import pandas as pd
import numpy as np
df = test_input
result['category'] = df.apply(lambda row: next((col for col in df.columns if row[col] == 1), None), axis=1)
result = df
","
import pandas as pd
import numpy as np
df = test_input
<<<< [ERROR START] (dynamic: NameError)
result['category'] = df.apply(lambda row: next((col for col in df.columns if row[col] == 1), None), axis=1)
[ERROR FINISH] (dynamic: NameError) >>>>
result = df
",dynamic,dynamic: NameError,5-5
DS1000,hallucinated,DS0022,,,,"{""error_type"": ""NameError"", ""error_message"": ""name 'result' is not defined"", ""line_no"": ""5.0"", ""test_case"": ""[[\""DataFrame({'A': [1, 0, 0, 0, 1, 0], 'B': [0, 1, 0, 0, 1, 1], 'C': [1, 1, 1, 0, 1, 0], 'D': [0, 0, 0, 1, 1, 0]})\"", \""DataFrame({'A': [1, 0, 0, 0, 1, 0], 'B': [0, 1, 0, 0, 1, 1], 'C': [1, 1, 1, 0, 1, 0], 'D': [0, 0, 0, 1, 1, 0], 'category': [['A', 'C'], ['B', 'C'], ['C'], ['D'], ['A', 'B', 'C', 'D'], ['B']]})\"", \""<Execution Error: name 'result' is not defined>\""], [\""DataFrame({'A': [0, 1, 1, 1, 0, 0], 'B': [1, 0, 1, 1, 0, 1], 'C': [0, 0, 0, 1, 1, 0], 'D': [1, 1, 1, 0, 1, 0]})\"", \""DataFrame({'A': [0, 1, 1, 1, 0, 0], 'B': [1, 0, 1, 1, 0, 1], 'C': [0, 0, 0, 1, 1, 0], 'D': [1, 1, 1, 0, 1, 0], 'category': [['B', 'D'], ['A', 'D'], ['A', 'B', 'D'], ['A', 'B', 'C'], ['C', 'D'], ['B']]})\"", \""<Execution Error: name 'result' is not defined>\""]]""}","
import pandas as pd
import numpy as np
df = test_input
result['category'] = df.apply(lambda row: list(row.index[row == 1]), axis=1)
result = df
","
import pandas as pd
import numpy as np
df = test_input
<<<< [ERROR START] (dynamic: NameError)
result['category'] = df.apply(lambda row: list(row.index[row == 1]), axis=1)
[ERROR FINISH] (dynamic: NameError) >>>>
result = df
",dynamic,dynamic: NameError,5-5
DS1000,hallucinated,DS0023,,,,"{""error_type"": ""NameError"", ""error_message"": ""name 'result' is not defined"", ""line_no"": ""5.0"", ""test_case"": ""[[\""DataFrame({'Date': [Timestamp('2019-01-01 00:00:00'), Timestamp('2019-02-08 00:00:00'), Timestamp('2019-02-08 00:00:00'), Timestamp('2019-03-08 00:00:00')]})\"", \""DataFrame({'Date': ['Jan-2019', 'Feb-2019', 'Feb-2019', 'Mar-2019']})\"", \""<Execution Error: name 'result' is not defined>\""]]""}","
import pandas as pd
import numpy as np
df = test_input
result['Date'] = df['Date'].dt.strftime('%b-%Y')
result = df
","
import pandas as pd
import numpy as np
df = test_input
<<<< [ERROR START] (dynamic: NameError)
result['Date'] = df['Date'].dt.strftime('%b-%Y')
[ERROR FINISH] (dynamic: NameError) >>>>
result = df
",dynamic,dynamic: NameError,5-5
DS1000,hallucinated,DS0024,,,,"{""error_type"": ""NameError"", ""error_message"": ""name 'result' is not defined"", ""line_no"": ""5.0"", ""test_case"": ""[[\""DataFrame({'Date': [Timestamp('2019-01-01 00:00:00'), Timestamp('2019-02-08 00:00:00'), Timestamp('2019-02-08 00:00:00'), Timestamp('2019-03-08 00:00:00')]})\"", \""DataFrame({'Date': ['01-Jan-2019', '08-Feb-2019', '08-Feb-2019', '08-Mar-2019']})\"", \""<Execution Error: name 'result' is not defined>\""]]""}","
import pandas as pd
import numpy as np
df = test_input
result['Date'] = df['Date'].dt.strftime('%d-%b-%Y')
result = df
","
import pandas as pd
import numpy as np
df = test_input
<<<< [ERROR START] (dynamic: NameError)
result['Date'] = df['Date'].dt.strftime('%d-%b-%Y')
[ERROR FINISH] (dynamic: NameError) >>>>
result = df
",dynamic,dynamic: NameError,5-5
DS1000,hallucinated,DS0025,,,,"{""error_type"": ""NameError"", ""error_message"": ""name 'result' is not defined"", ""line_no"": ""5.0"", ""test_case"": ""[[\""(        Date\\n0 2019-01-01\\n1 2019-02-08\\n2 2019-02-08\\n3 2019-03-08, ['2019-01-17', '2019-02-20'])\"", \""DataFrame({'Date': ['08-Feb-2019 Friday', '08-Feb-2019 Friday']})\"", \""<Execution Error: name 'result' is not defined>\""]]""}","
import pandas as pd
import numpy as np
df,List = test_input
result['Date'] = df['Date'].dt.to_period(""M"").dt.strftime('%d-%b-%Y %A')
result = df
","
import pandas as pd
import numpy as np
df,List = test_input
<<<< [ERROR START] (dynamic: NameError)
result['Date'] = df['Date'].dt.to_period(""M"").dt.strftime('%d-%b-%Y %A')
[ERROR FINISH] (dynamic: NameError) >>>>
result = df
",dynamic,dynamic: NameError,5-5
DS1000,hallucinated,DS0033,,,,"{""error_type"": ""TypeError"", ""error_message"": ""Cannot perform reduction 'mean' with string dtype"", ""line_no"": ""6.0"", ""test_case"": """"}","
import pandas as pd
import numpy as np
df = test_input
result = df.groupby('group').agg({col: ""mean"" for col in df.columns if col.startswith(""val"")})
","
import pandas as pd
import numpy as np
df = test_input
result = df.groupby('group').agg({col: ""mean"" for col in df.columns if col.startswith(""val"")})
<<<< [ERROR START] (dynamic: TypeError)

[ERROR FINISH] (dynamic: TypeError) >>>>",dynamic,dynamic: TypeError,6-6
DS1000,hallucinated,DS0039,,,,"{""error_type"": ""TypeError"", ""error_message"": ""'<' not supported between instances of 'str' and 'int'"", ""line_no"": ""5.0"", ""test_case"": """"}","
import pandas as pd
import numpy as np
df = test_input
result = df.apply(lambda x: x.value_counts()).T
","
import pandas as pd
import numpy as np
df = test_input
<<<< [ERROR START] (dynamic: TypeError)
result = df.apply(lambda x: x.value_counts()).T
[ERROR FINISH] (dynamic: TypeError) >>>>
",dynamic,dynamic: TypeError,5-5
DS1000,hallucinated,DS0040,,,,"{""error_type"": ""TypeError"", ""error_message"": ""'<' not supported between instances of 'str' and 'int'"", ""line_no"": ""5.0"", ""test_case"": """"}","
import pandas as pd
import numpy as np
df = test_input
result = df.isnull().sum()
","
import pandas as pd
import numpy as np
df = test_input
<<<< [ERROR START] (dynamic: TypeError)
result = df.isnull().sum()
[ERROR FINISH] (dynamic: TypeError) >>>>
",dynamic,dynamic: TypeError,5-5
DS1000,hallucinated,DS0042,,,,"{""error_type"": ""AttributeError"", ""error_message"": ""'DataFrame' object has no attribute 'append'"", ""line_no"": ""6.0"", ""test_case"": ""[[\""DataFrame({'Nanonose': ['Sample type', 'Water', 'Water', 'Water', 'Water'], 'Unnamed: 1': ['Concentration', 9200, 9200, 9200, 4600], 'A': [nan, 95.5, 94.5, 92.0, 53.0], 'B': [nan, 21.0, 17.0, 16.0, 7.5], 'C': [nan, 6.0, 5.0, 3.0, 2.5], 'D': [nan, 11.942308, 5.484615, 11.057692, 3.538462], 'E': [nan, 64.134615, 63.205769, 62.586538, 35.163462], 'F': [nan, 21.49856, 19.65856, 19.81312, 6.876207], 'G': [nan, 5.56784, 4.968, 5.19248, 1.641724], 'H': [nan, 1.174135, 1.883444, 0.564835, 0.144654]})\"", \""DataFrame({'Sample type': ['Water', 'Water', 'Water', 'Water'], 'Concentration': [9200, 9200, 9200, 4600], 'A': [95.5, 94.5, 92.0, 53.0], 'B': [21.0, 17.0, 16.0, 7.5], 'C': [6.0, 5.0, 3.0, 2.5], 'D': [11.942308, 5.484615, 11.057692, 3.538462], 'E': [64.134615, 63.205769, 62.586538, 35.163462], 'F': [21.49856, 19.65856, 19.81312, 6.876207], 'G': [5.56784, 4.968, 5.19248, 1.641724], 'H': [1.174135, 1.883444, 0.564835, 0.144654]})\"", \""<Execution Error: 'DataFrame' object has no attribute 'append'>\""], [\""DataFrame({'Nanonose': ['type of Sample', 'Water', 'Water', 'Water', 'Water'], 'Unnamed: 1': ['concentration', 9200, 9200, 9200, 4600], 'A': [nan, 95.5, 94.5, 92.0, 53.0], 'B': [nan, 21.0, 17.0, 16.0, 7.5], 'C': [nan, 6.0, 5.0, 3.0, 2.5], 'D': [nan, 11.942308, 5.484615, 11.057692, 3.538462], 'E': [nan, 64.134615, 63.205769, 62.586538, 35.163462], 'F': [nan, 21.49856, 19.65856, 19.81312, 6.876207], 'G': [nan, 5.56784, 4.968, 5.19248, 1.641724], 'H': [nan, 1.174135, 1.883444, 0.564835, 0.144654]})\"", \""DataFrame({'type of Sample': ['Water', 'Water', 'Water', 'Water'], 'concentration': [9200, 9200, 9200, 4600], 'A': [95.5, 94.5, 92.0, 53.0], 'B': [21.0, 17.0, 16.0, 7.5], 'C': [6.0, 5.0, 3.0, 2.5], 'D': [11.942308, 5.484615, 11.057692, 3.538462], 'E': [64.134615, 63.205769, 62.586538, 35.163462], 'F': [21.49856, 19.65856, 19.81312, 6.876207], 'G': [5.56784, 4.968, 5.19248, 1.641724], 'H': [1.174135, 1.883444, 0.564835, 0.144654]})\"", \""<Execution Error: 'DataFrame' object has no attribute 'append'>\""]]""}","
import pandas as pd
import numpy as np
df = test_input
result = df.iloc[1:].reset_index(drop=True).add_prefix('A_')
result = result.append(df.iloc[0].rename(columns=lambda x: f'B_{x}'))
","
import pandas as pd
import numpy as np
df = test_input
result = df.iloc[1:].reset_index(drop=True).add_prefix('A_')
<<<< [ERROR START] (dynamic: AttributeError)
result = result.append(df.iloc[0].rename(columns=lambda x: f'B_{x}'))
[ERROR FINISH] (dynamic: AttributeError) >>>>
",dynamic,dynamic: AttributeError,6-6
DS1000,hallucinated,DS0045,,,,"{""error_type"": ""TypeError"", ""error_message"": ""NDFrame.fillna() got an unexpected keyword argument 'method'"", ""line_no"": ""5.0"", ""test_case"": ""[[\""DataFrame({'0': [3, 1, 2], '1': [1.0, 2.0, nan], '2': [2.0, nan, nan]})\"", \""DataFrame({0: [3.0, nan, nan], 1: [1.0, 1.0, nan], 2: [2.0, 2.0, 2.0]})\"", \""<Execution Error: NDFrame.fillna() got an unexpected keyword argument 'method'>\""]]""}","
import pandas as pd
import numpy as np
df = test_input
result = df.apply(lambda x: x.fillna(method='ffill'), axis=1)
","
import pandas as pd
import numpy as np
df = test_input
<<<< [ERROR START] (dynamic: TypeError)
result = df.apply(lambda x: x.fillna(method='ffill'), axis=1)
[ERROR FINISH] (dynamic: TypeError) >>>>
",dynamic,dynamic: TypeError,5-5
DS1000,hallucinated,DS0046,,,,"{""error_type"": ""TypeError"", ""error_message"": ""NDFrame.fillna() got an unexpected keyword argument 'method'"", ""line_no"": ""5.0"", ""test_case"": ""[[\""DataFrame({'0': [3.0, nan, nan], '1': [1.0, 1.0, nan], '2': [2, 2, 2]})\"", \""DataFrame({0: [nan, nan, 3.0], 1: [nan, 1.0, 1.0], 2: [2.0, 2.0, 2.0]})\"", \""<Execution Error: NDFrame.fillna() got an unexpected keyword argument 'method'>\""]]""}","
import pandas as pd
import numpy as np
df = test_input
result = df.apply(lambda x: x.fillna(method='ffill'), axis=1)
","
import pandas as pd
import numpy as np
df = test_input
<<<< [ERROR START] (dynamic: TypeError)
result = df.apply(lambda x: x.fillna(method='ffill'), axis=1)
[ERROR FINISH] (dynamic: TypeError) >>>>
",dynamic,dynamic: TypeError,5-5
DS1000,hallucinated,DS0047,,,,"{""error_type"": ""AttributeError"", ""error_message"": ""'DataFrame' object has no attribute 'append'"", ""line_no"": ""6.0"", ""test_case"": """"}","
import pandas as pd
import numpy as np
df, thresh = test_input
result = df.groupby(df['value'] >= thresh).agg({'value': 'sum'}).reset_index(drop=True)
","
import pandas as pd
import numpy as np
df, thresh = test_input
result = df.groupby(df['value'] >= thresh).agg({'value': 'sum'}).reset_index(drop=True)
<<<< [ERROR START] (dynamic: AttributeError)

[ERROR FINISH] (dynamic: AttributeError) >>>>",dynamic,dynamic: AttributeError,6-6
DS1000,hallucinated,DS0048,,,,"{""error_type"": ""AttributeError"", ""error_message"": ""'DataFrame' object has no attribute 'append'"", ""line_no"": ""6.0"", ""test_case"": """"}","
import pandas as pd
import numpy as np
df, thresh = test_input
result = df.loc[df['value'] >= thresh].groupby(level=0).mean().reset_index(name='value')
","
import pandas as pd
import numpy as np
df, thresh = test_input
result = df.loc[df['value'] >= thresh].groupby(level=0).mean().reset_index(name='value')
<<<< [ERROR START] (dynamic: AttributeError)

[ERROR FINISH] (dynamic: AttributeError) >>>>",dynamic,dynamic: AttributeError,6-6
DS1000,hallucinated,DS0049,,,,"{""error_type"": ""AttributeError"", ""error_message"": ""'DataFrame' object has no attribute 'append'"", ""line_no"": ""6.0"", ""test_case"": """"}","
import pandas as pd
import numpy as np
df, section_left, section_right = test_input
result = df.loc[~df['value'].isin([4, 38])]
result.loc['X'] = df.loc[df['value'].isin([4, 38])]['value'].mean()
","
import pandas as pd
import numpy as np
df, section_left, section_right = test_input
result = df.loc[~df['value'].isin([4, 38])]
<<<< [ERROR START] (dynamic: AttributeError)
result.loc['X'] = df.loc[df['value'].isin([4, 38])]['value'].mean()
[ERROR FINISH] (dynamic: AttributeError) >>>>
",dynamic,dynamic: AttributeError,6-6
DS1000,hallucinated,DS0053,,,,"{""error_type"": ""TypeError"", ""error_message"": ""bad operand type for unary -: 'str'"", ""line_no"": ""5.0"", ""test_case"": ""[[\""DataFrame({'A': [1, 2, 3], 'B': [4, 5, 6]})\"", \""DataFrame({'A': [1, 2, 3], 'B': [4, 5, 6], 'sigmoid_A': [0.7310585786300049, 0.8807970779778823, 0.9525741268224331], 'sigmoid_B': [0.9820137900379085, 0.9933071490757153, 0.9975273768433653]})\"", \""<Execution Error: bad operand type for unary -: 'str'>\""], [\""DataFrame({'A': [1, 2, 3], 'B': [4, 5, 6], 'C': [7, 8, 9]})\"", \""DataFrame({'A': [1, 2, 3], 'B': [4, 5, 6], 'C': [7, 8, 9], 'sigmoid_A': [0.7310585786300049, 0.8807970779778823, 0.9525741268224331], 'sigmoid_B': [0.9820137900379085, 0.9933071490757153, 0.9975273768433653], 'sigmoid_C': [0.9990889488055994, 0.9996646498695336, 0.9998766054240137]})\"", \""<Execution Error: bad operand type for unary -: 'str'>\""]]""}","
import pandas as pd
import numpy as np
df = test_input
result = df.assign(**{f'sigmoid_{col}': np.exp(-col) / (1 + np.exp(-col)) for col in df.columns})
","
import pandas as pd
import numpy as np
df = test_input
<<<< [ERROR START] (dynamic: TypeError)
result = df.assign(**{f'sigmoid_{col}': np.exp(-col) / (1 + np.exp(-col)) for col in df.columns})
[ERROR FINISH] (dynamic: TypeError) >>>>
",dynamic,dynamic: TypeError,5-5
DS1000,hallucinated,DS0054,,,,"{""error_type"": ""InvalidIndexError"", ""error_message"": ""a   2017-01-08\nb   2017-01-05\nc   2017-01-05\ndtype: datetime64[us]"", ""line_no"": ""5.0"", ""test_case"": ""[[\""DataFrame({'a': [1.0, 0.9, 0.8, 1.0, 1.0, 0.9, 1.0, 0.6, 1.0, 1.0], 'b': [0.9, 0.9, 1.0, 0.3, 0.2, 1.0, 0.9, 0.9, 0.9, 0.8], 'c': [1.0, 1.0, 0.5, 0.2, 0.1, 1.0, 1.0, 0.7, 0.8, 0.9]})\"", \""Series({'a': Timestamp('2017-01-07 00:00:00'), 'b': Timestamp('2017-01-03 00:00:00'), 'c': Timestamp('2017-01-02 00:00:00')})\"", \""<Execution Error: a   2017-01-08\\nb   2017-01-05\\nc   2017-01-05\\ndtype: datetime64[us]>\""], [\""DataFrame({'a': [1.0, 0.9, 0.8, 1.0, 1.0, 0.9, 0.9, 0.6, 1.0, 1.0], 'b': [0.9, 0.9, 1.0, 0.3, 0.2, 1.0, 0.9, 0.9, 0.9, 0.8], 'c': [1.0, 1.0, 0.5, 0.2, 0.1, 1.0, 1.0, 0.7, 0.8, 0.9]})\"", \""Series({'a': Timestamp('2022-01-05 00:00:00'), 'b': Timestamp('2022-01-03 00:00:00'), 'c': Timestamp('2022-01-02 00:00:00')})\"", \""<Execution Error: a   2022-01-08\\nb   2022-01-05\\nc   2022-01-05\\ndtype: datetime64[us]>\""]]""}","
import pandas as pd
import numpy as np
df = test_input
result = df.idxmax()[df.idxmin():]
","
import pandas as pd
import numpy as np
df = test_input
<<<< [ERROR START] (dynamic: InvalidIndexError)
result = df.idxmax()[df.idxmin():]
[ERROR FINISH] (dynamic: InvalidIndexError) >>>>
",dynamic,dynamic: InvalidIndexError,5-5
DS1000,hallucinated,DS0057,,,,"{""error_type"": ""ValueError"", ""error_message"": ""cannot include dtype 'M' in a buffer"", ""line_no"": ""5.0"", ""test_case"": ""[[\""DataFrame({'user': ['abc', 'abc', 'efg', 'efg'], 'dt': [Timestamp('2022-01-01 00:00:00'), Timestamp('2022-01-02 00:00:00'), Timestamp('2022-01-05 00:00:00'), Timestamp('2022-01-06 00:00:00')], 'val': [1, 14, 51, 4]})\"", \""DataFrame({'dt': [Timestamp('2022-01-01 00:00:00'), Timestamp('2022-01-02 00:00:00'), Timestamp('2022-01-03 00:00:00'), Timestamp('2022-01-04 00:00:00'), Timestamp('2022-01-05 00:00:00'), Timestamp('2022-01-06 00:00:00'), Timestamp('2022-01-01 00:00:00'), Timestamp('2022-01-02 00:00:00'), Timestamp('2022-01-03 00:00:00'), Timestamp('2022-01-04 00:00:00'), Timestamp('2022-01-05 00:00:00'), Timestamp('2022-01-06 00:00:00')], 'user': ['abc', 'abc', 'abc', 'abc', 'abc', 'abc', 'efg', 'efg', 'efg', '...[truncated]\"", \""<Execution Error: cannot include dtype 'M' in a buffer>\""], [\""DataFrame({'user': ['c', 'c', 'd', 'd'], 'dt': [Timestamp('2016-02-01 00:00:00'), Timestamp('2016-02-02 00:00:00'), Timestamp('2016-02-05 00:00:00'), Timestamp('2016-02-06 00:00:00')], 'val': [1, 33, 2, 1]})\"", \""DataFrame({'dt': [Timestamp('2016-02-01 00:00:00'), Timestamp('2016-02-02 00:00:00'), Timestamp('2016-02-03 00:00:00'), Timestamp('2016-02-04 00:00:00'), Timestamp('2016-02-05 00:00:00'), Timestamp('2016-02-06 00:00:00'), Timestamp('2016-02-01 00:00:00'), Timestamp('2016-02-02 00:00:00'), Timestamp('2016-02-03 00:00:00'), Timestamp('2016-02-04 00:00:00'), Timestamp('2016-02-05 00:00:00'), Timestamp('2016-02-06 00:00:00')], 'user': ['c', 'c', 'c', 'c', 'c', 'c', 'd', 'd', 'd', 'd', 'd', 'd'], 'va...[truncated]\"", \""<Execution Error: cannot include dtype 'M' in a buffer>\""]]""}","
import pandas as pd
import numpy as np
df = test_input
result = df.set_index(['user', 'dt']).reindex(pd.date_range(df['dt'].min(), df['dt'].max())).reset_index().fillna(0)
","
import pandas as pd
import numpy as np
df = test_input
<<<< [ERROR START] (dynamic: ValueError)
result = df.set_index(['user', 'dt']).reindex(pd.date_range(df['dt'].min(), df['dt'].max())).reset_index().fillna(0)
[ERROR FINISH] (dynamic: ValueError) >>>>
",dynamic,dynamic: ValueError,5-5
DS1000,hallucinated,DS0059,,,,"{""error_type"": ""ValueError"", ""error_message"": ""Length of values (1) does not match length of index (2)"", ""line_no"": ""5.0"", ""test_case"": ""[[\""DataFrame({'user': ['a', 'a', 'b', 'b'], 'dt': [Timestamp('2016-01-01 00:00:00'), Timestamp('2016-01-02 00:00:00'), Timestamp('2016-01-05 00:00:00'), Timestamp('2016-01-06 00:00:00')], 'val': [1, 33, 2, 1]})\"", \""DataFrame({'dt': [Timestamp('2016-01-01 00:00:00'), Timestamp('2016-01-02 00:00:00'), Timestamp('2016-01-03 00:00:00'), Timestamp('2016-01-04 00:00:00'), Timestamp('2016-01-05 00:00:00'), Timestamp('2016-01-06 00:00:00'), Timestamp('2016-01-01 00:00:00'), Timestamp('2016-01-02 00:00:00'), Timestamp('2016-01-03 00:00:00'), Timestamp('2016-01-04 00:00:00'), Timestamp('2016-01-05 00:00:00'), Timestamp('2016-01-06 00:00:00')], 'user': ['a', 'a', 'a', 'a', 'a', 'a', 'b', 'b', 'b', 'b', 'b', 'b'], 'va...[truncated]\"", \""<Execution Error: Length of values (1) does not match length of index (2)>\""], [\""DataFrame({'user': ['c', 'c', 'd', 'd'], 'dt': [Timestamp('2016-02-01 00:00:00'), Timestamp('2016-02-02 00:00:00'), Timestamp('2016-02-05 00:00:00'), Timestamp('2016-02-06 00:00:00')], 'val': [1, 33, 2, 1]})\"", \""DataFrame({'dt': [Timestamp('2016-02-01 00:00:00'), Timestamp('2016-02-02 00:00:00'), Timestamp('2016-02-03 00:00:00'), Timestamp('2016-02-04 00:00:00'), Timestamp('2016-02-05 00:00:00'), Timestamp('2016-02-06 00:00:00'), Timestamp('2016-02-01 00:00:00'), Timestamp('2016-02-02 00:00:00'), Timestamp('2016-02-03 00:00:00'), Timestamp('2016-02-04 00:00:00'), Timestamp('2016-02-05 00:00:00'), Timestamp('2016-02-06 00:00:00')], 'user': ['c', 'c', 'c', 'c', 'c', 'c', 'd', 'd', 'd', 'd', 'd', 'd'], 'va...[truncated]\"", \""<Execution Error: Length of values (1) does not match length of index (2)>\""]]""}","
import pandas as pd
import numpy as np
df = test_input
result = df.set_index('dt').groupby('user')['val'].transform(lambda x: pd.date_range(x.min(), x.max())).reset_index(name='dt')
result['val'] = result.groupby('user')['val'].transform('max')
","
import pandas as pd
import numpy as np
df = test_input
<<<< [ERROR START] (dynamic: ValueError)
result = df.set_index('dt').groupby('user')['val'].transform(lambda x: pd.date_range(x.min(), x.max())).reset_index(name='dt')
[ERROR FINISH] (dynamic: ValueError) >>>>
result['val'] = result.groupby('user')['val'].transform('max')
",dynamic,dynamic: ValueError,5-5
DS1000,hallucinated,DS0060,,,,"{""error_type"": ""KeyError"", ""error_message"": ""'dt'"", ""line_no"": ""5.0"", ""test_case"": ""[[\""DataFrame({'user': ['a', 'a', 'b', 'b'], 'dt': [Timestamp('2016-01-01 00:00:00'), Timestamp('2016-01-02 00:00:00'), Timestamp('2016-01-05 00:00:00'), Timestamp('2016-01-06 00:00:00')], 'val': [1, 33, 2, 1]})\"", \""DataFrame({'dt': ['01-Jan-2016', '02-Jan-2016', '03-Jan-2016', '04-Jan-2016', '05-Jan-2016', '06-Jan-2016', '01-Jan-2016', '02-Jan-2016', '03-Jan-2016', '04-Jan-2016', '05-Jan-2016', '06-Jan-2016'], 'user': ['a', 'a', 'a', 'a', 'a', 'a', 'b', 'b', 'b', 'b', 'b', 'b'], 'val': [1, 33, 33, 33, 33, 33, 2, 2, 2, 2, 2, 1]})\"", \""<Execution Error: 'dt'>\""], [\""DataFrame({'user': ['c', 'c', 'd', 'd'], 'dt': [Timestamp('2016-02-01 00:00:00'), Timestamp('2016-02-02 00:00:00'), Timestamp('2016-02-05 00:00:00'), Timestamp('2016-02-06 00:00:00')], 'val': [1, 33, 2, 1]})\"", \""DataFrame({'dt': ['01-Feb-2016', '02-Feb-2016', '03-Feb-2016', '04-Feb-2016', '05-Feb-2016', '06-Feb-2016', '01-Feb-2016', '02-Feb-2016', '03-Feb-2016', '04-Feb-2016', '05-Feb-2016', '06-Feb-2016'], 'user': ['c', 'c', 'c', 'c', 'c', 'c', 'd', 'd', 'd', 'd', 'd', 'd'], 'val': [1, 33, 33, 33, 33, 33, 2, 2, 2, 2, 2, 1]})\"", \""<Execution Error: 'dt'>\""]]""}","
import pandas as pd
import numpy as np
df = test_input
result = df.set_index('dt').groupby('user')['val'].max().reset_index(name='val').sort_values('dt').reindex(pd.date_range(start=df['dt'].min(), end=df['dt'].max())).fillna(method='ffill')
","
import pandas as pd
import numpy as np
df = test_input
<<<< [ERROR START] (dynamic: KeyError)
result = df.set_index('dt').groupby('user')['val'].max().reset_index(name='val').sort_values('dt').reindex(pd.date_range(start=df['dt'].min(), end=df['dt'].max())).fillna(method='ffill')
[ERROR FINISH] (dynamic: KeyError) >>>>
",dynamic,dynamic: KeyError,5-5
DS1000,hallucinated,DS0063,"{""type"": ""IndentationError"", ""value"": 5, ""message"": ""expected an indented block after function definition on line 4 (<unknown>, line 5)""}",,,"{""error_type"": ""TypeError"", ""error_message"": ""Invalid value '1' for dtype 'str'. Value should be a string or missing value, got 'int' instead."", ""line_no"": ""11.0"", ""test_case"": """"}","
import pandas as pd
import numpy as np
def f(df):
df['name'] = df.groupby('name')['name'].rank(method='first').astype(int)
df = test_input
result = f(df)
","
import pandas as pd
import numpy as np
def f(df):
<<<< [ERROR START] (ast: IndentationError)
df['name'] = df.groupby('name')['name'].rank(method='first').astype(int)
[ERROR FINISH] (ast: IndentationError) >>>>
df = test_input
result = f(df)
","ast,dynamic","ast: IndentationError,dynamic: TypeError","5-5,11-11"
DS1000,hallucinated,DS0068,,,,"{""error_type"": ""ValueError"", ""error_message"": ""operands could not be broadcast together with shapes (4,) (5,) "", ""line_no"": ""5.0"", ""test_case"": ""[[\""(          a         b         c         d         e\\n0  0.435995  0.025926  0.549662  0.435322  0.420368\\n1  0.330335  0.204649  0.619271  0.299655  0.266827\\n2  0.621134  0.529142  0.134580  0.513578  0.184440\\n3  0.785335  0.853975  0.494237  0.846561  0.079645, ['b', 'e'])\"", \""DataFrame({'b': [0.025926231827891333, 0.2046486340378425], 'e': [0.42036780208748903, 0.26682727510286663]})\"", \""<Execution Error: operands could not be broadcast together with shapes (4,) (5,) >\""]]""}","
import pandas as pd
import numpy as np
df, columns = test_input
result = df[(df['c'] > 0.5) & (df.columns.isin(['b', 'e']))].values
","
import pandas as pd
import numpy as np
df, columns = test_input
<<<< [ERROR START] (dynamic: ValueError)
result = df[(df['c'] > 0.5) & (df.columns.isin(['b', 'e']))].values
[ERROR FINISH] (dynamic: ValueError) >>>>
",dynamic,dynamic: ValueError,5-5
DS1000,hallucinated,DS0069,,,,"{""error_type"": ""ValueError"", ""error_message"": ""operands could not be broadcast together with shapes (4,) (5,) "", ""line_no"": ""5.0"", ""test_case"": ""[[\""(          a         b         c         d         e\\n0  0.435995  0.025926  0.549662  0.435322  0.420368\\n1  0.330335  0.204649  0.619271  0.299655  0.266827\\n2  0.621134  0.529142  0.134580  0.513578  0.184440\\n3  0.785335  0.853975  0.494237  0.846561  0.079645, ['a', 'b', 'e'])\"", \""DataFrame({'a': [0.43599490214200376, 0.3303348210038741, 0.7853351478166735], 'b': [0.025926231827891333, 0.2046486340378425, 0.8539752926394888], 'e': [0.42036780208748903, 0.26682727510286663, 0.079645477009061]})\"", \""<Execution Error: operands could not be broadcast together with shapes (4,) (5,) >\""], [\""(          a         b         c         d         e\\n0  0.374540  0.950714  0.731994  0.598658  0.156019\\n1  0.155995  0.058084  0.866176  0.601115  0.708073\\n2  0.020584  0.969910  0.832443  0.212339  0.181825\\n3  0.183405  0.304242  0.524756  0.431945  0.291229, ['a', 'b', 'e'])\"", \""DataFrame({'a': [0.3745401188473625, 0.15599452033620265, 0.020584494295802447, 0.18340450985343382], 'b': [0.9507143064099162, 0.05808361216819946, 0.9699098521619943, 0.3042422429595377], 'e': [0.15601864044243652, 0.7080725777960455, 0.18182496720710062, 0.2912291401980419]})\"", \""<Execution Error: operands could not be broadcast together with shapes (4,) (5,) >\""]]""}","
import pandas as pd
import numpy as np
df, columns = test_input
result = df[(df['c'] > 0.45) & (df.columns.isin(['a', 'b', 'e']))]
","
import pandas as pd
import numpy as np
df, columns = test_input
<<<< [ERROR START] (dynamic: ValueError)
result = df[(df['c'] > 0.45) & (df.columns.isin(['a', 'b', 'e']))]
[ERROR FINISH] (dynamic: ValueError) >>>>
",dynamic,dynamic: ValueError,5-5
DS1000,hallucinated,DS0070,"{""type"": ""IndentationError"", ""value"": 5, ""message"": ""expected an indented block after function definition on line 4 (<unknown>, line 5)""}",,,"{""error_type"": ""IndentationError"", ""error_message"": ""expected an indented block after function definition on line 4 (<string>, line 6)"", ""line_no"": ""2.0"", ""test_case"": ""[[\""(          a         b         c         d         e\\n0  0.435995  0.025926  0.549662  0.435322  0.420368\\n1  0.330335  0.204649  0.619271  0.299655  0.266827\\n2  0.621134  0.529142  0.134580  0.513578  0.184440\\n3  0.785335  0.853975  0.494237  0.846561  0.079645, ['b', 'e'])\"", \""array([[0.025926231827891333, 0.42036780208748903], [0.2046486340378425, 0.26682727510286663]])\"", \""<Execution Error: expected an indented block after function definition on line 4 (<string>, line 5)>\""]]""}","
import pandas as pd
import numpy as np
def f(df, columns):
result = df[df['c'] > 0.5][['b', 'e']]
df, columns = test_input
result = f(df, columns)
","
<<<< [ERROR START] (dynamic: IndentationError)
import pandas as pd
[ERROR FINISH] (dynamic: IndentationError) >>>>
import numpy as np
def f(df, columns):
<<<< [ERROR START] (ast: IndentationError)
result = df[df['c'] > 0.5][['b', 'e']]
[ERROR FINISH] (ast: IndentationError) >>>>
df, columns = test_input
result = f(df, columns)
","ast,dynamic","ast: IndentationError,dynamic: IndentationError","5-5,2-2"
DS1000,hallucinated,DS0071,"{""type"": ""IndentationError"", ""value"": 5, ""message"": ""expected an indented block after function definition on line 4 (<unknown>, line 5)""}",,,"{""error_type"": ""IndentationError"", ""error_message"": ""expected an indented block after function definition on line 4 (<string>, line 6)"", ""line_no"": ""2.0"", ""test_case"": ""[[\""(          a         b         c         d         e\\n0  0.374540  0.950714  0.731994  0.598658  0.156019\\n1  0.155995  0.058084  0.866176  0.601115  0.708073\\n2  0.020584  0.969910  0.832443  0.212339  0.181825\\n3  0.183405  0.304242  0.524756  0.431945  0.291229, ['b', 'e'])\"", \""DataFrame({'b': [0.9507143064099162, 0.05808361216819946, 0.9699098521619943, 0.3042422429595377], 'e': [0.15601864044243652, 0.7080725777960455, 0.18182496720710062, 0.2912291401980419], 'sum': [1.1067329468523526, 0.766156189964245, 1.151734819369095, 0.5954713831575796]})\"", \""<Execution Error: expected an indented block after function definition on line 4 (<string>, line 5)>\""]]""}","
import pandas as pd
import numpy as np
def f(df, columns):
result = df[df['c'] > 0.5][['b', 'e']].assign(sum=df['b'] + df['e'])
df, columns = test_input
result = f(df, columns)
","
<<<< [ERROR START] (dynamic: IndentationError)
import pandas as pd
[ERROR FINISH] (dynamic: IndentationError) >>>>
import numpy as np
def f(df, columns):
<<<< [ERROR START] (ast: IndentationError)
result = df[df['c'] > 0.5][['b', 'e']].assign(sum=df['b'] + df['e'])
[ERROR FINISH] (ast: IndentationError) >>>>
df, columns = test_input
result = f(df, columns)
","ast,dynamic","ast: IndentationError,dynamic: IndentationError","5-5,2-2"
DS1000,hallucinated,DS0072,"{""type"": ""IndentationError"", ""value"": 5, ""message"": ""expected an indented block after function definition on line 4 (<unknown>, line 5)""}",,,"{""error_type"": ""IndentationError"", ""error_message"": ""expected an indented block after function definition on line 4 (<string>, line 6)"", ""line_no"": ""2.0"", ""test_case"": ""[[\""(          a         b         c         d         e\\n0  0.374540  0.950714  0.731994  0.598658  0.156019\\n1  0.155995  0.058084  0.866176  0.601115  0.708073\\n2  0.020584  0.969910  0.832443  0.212339  0.181825\\n3  0.183405  0.304242  0.524756  0.431945  0.291229, ['b', 'e'])\"", \""DataFrame({'b': [0.9507143064099162, 0.05808361216819946, 0.9699098521619943, 0.3042422429595377], 'e': [0.15601864044243652, 0.7080725777960455, 0.18182496720710062, 0.2912291401980419]})\"", \""<Execution Error: expected an indented block after function definition on line 4 (<string>, line 5)>\""]]""}","
import pandas as pd
import numpy as np
def f(df, columns):
result = df[df['c'] > 0.5][['b', 'e']]
df, columns = test_input
result = f(df, columns)
","
<<<< [ERROR START] (dynamic: IndentationError)
import pandas as pd
[ERROR FINISH] (dynamic: IndentationError) >>>>
import numpy as np
def f(df, columns):
<<<< [ERROR START] (ast: IndentationError)
result = df[df['c'] > 0.5][['b', 'e']]
[ERROR FINISH] (ast: IndentationError) >>>>
df, columns = test_input
result = f(df, columns)
","ast,dynamic","ast: IndentationError,dynamic: IndentationError","5-5,2-2"
DS1000,hallucinated,DS0073,,,,"{""error_type"": ""TypeError"", ""error_message"": ""unsupported operand type(s) for -: 'str' and 'str'"", ""line_no"": ""5.0"", ""test_case"": ""[[\""(   ID      date   close\\n0   1  09/15/07  123.45\\n1   2  06/01/08  130.13\\n2   3  10/25/08  132.01\\n3   4    1/14/9  118.34\\n4   5  05/13/09  514.14\\n5   6  11/07/09  145.99\\n6   7  11/15/09  146.73\\n7   8  07/03/11  171.10, 120)\"", \""DataFrame({'ID': [1, 2, 3, 5, 6, 8], 'date': ['09/15/07', '06/01/08', '10/25/08', '05/13/09', '11/07/09', '07/03/11'], 'close': [123.45, 130.13, 132.01, 514.14, 145.99, 171.1]})\"", \""<Execution Error: unsupported operand type(s) for -: 'str' and 'str'>\""]]""}","
import pandas as pd
import numpy as np
df, X = test_input
result = df[~df.index.isin(df[df['date'].diff().abs() < X].index)]
","
import pandas as pd
import numpy as np
df, X = test_input
<<<< [ERROR START] (dynamic: TypeError)
result = df[~df.index.isin(df[df['date'].diff().abs() < X].index)]
[ERROR FINISH] (dynamic: TypeError) >>>>
",dynamic,dynamic: TypeError,5-5
DS1000,hallucinated,DS0074,,,,"{""error_type"": ""AttributeError"", ""error_message"": ""Can only use .dt accessor with datetimelike values"", ""line_no"": ""5.0"", ""test_case"": ""[[\""(   ID      date   close\\n0   1  09/15/07  123.45\\n1   2  06/01/08  130.13\\n2   3  10/25/08  132.01\\n3   4    1/14/9  118.34\\n4   5  05/13/09  514.14\\n5   6  11/07/09  145.99\\n6   7  11/15/09  146.73\\n7   8  07/03/11  171.10, 17)\"", \""DataFrame({'ID': [1, 2, 3, 5, 6, 8], 'date': ['09/15/07', '06/01/08', '10/25/08', '05/13/09', '11/07/09', '07/03/11'], 'close': [123.45, 130.13, 132.01, 514.14, 145.99, 171.1]})\"", \""<Execution Error: Can only use .dt accessor with datetimelike values>\""]]""}","
import pandas as pd
import numpy as np
df, X = test_input
result = df[~df.index.isin(df[df['date'].dt.to_period('W') - df['date'].dt.to_period('W').shift(-X).dropna().dt.to_period('W')].index)]
","
import pandas as pd
import numpy as np
df, X = test_input
<<<< [ERROR START] (dynamic: AttributeError)
result = df[~df.index.isin(df[df['date'].dt.to_period('W') - df['date'].dt.to_period('W').shift(-X).dropna().dt.to_period('W')].index)]
[ERROR FINISH] (dynamic: AttributeError) >>>>
",dynamic,dynamic: AttributeError,5-5
DS1000,hallucinated,DS0075,,,"[{'type': 'type_error', 'function': 'Timedelta', 'invalid_arg': 'weeks', 'line': 20}]","{""error_type"": ""AttributeError"", ""error_message"": ""'DataFrame' object has no attribute 'append'"", ""line_no"": ""27.0"", ""test_case"": ""[[\""(   ID       date   close\\n0   1 2007-09-15  123.45\\n1   2 2008-06-01  130.13\\n2   3 2008-10-25  132.01\\n3   4 2009-01-14  118.34\\n4   5 2009-05-13  514.14\\n5   6 2009-11-07  145.99\\n6   7 2009-11-15  146.73\\n7   8 2011-07-03  171.10, 17)\"", \""DataFrame({'ID': [1, 2, 3, 5, 6, 8], 'date': ['15-Sep-2007', '01-Jun-2008', '25-Oct-2008', '13-May-2009', '07-Nov-2009', '03-Jul-2011'], 'close': [123.45, 130.13, 132.01, 514.14, 145.99, 171.1]})\"", \""<Execution Error: 'DataFrame' object has no attribute 'append'>\""]]""}","
import pandas as pd
import numpy as np
df, X = test_input
import pandas as pd
import numpy as np

# Assuming test_input is already defined and contains df and X
df, X = test_input

# Convert 'date' column to datetime
df['date'] = pd.to_datetime(df['date'])

# Create a new DataFrame to store the filtered results
result = pd.DataFrame(columns=df.columns)

# Iterate over each row in the original DataFrame
for index, row in df.iterrows():
    # Calculate the start date for the window
    start_date = row['date'] - pd.Timedelta(weeks=X)
    
    # Filter the DataFrame to include only rows within the window
    filtered_df = df[(df['date'] >= start_date) & (df['date'] <= row['date'])]
    
    # If the current row is not in the filtered DataFrame, add it to the result
    if not filtered_df.empty and filtered_df.index.get_loc(index) == 0:
        result = result.append(row)

# Convert 'date' column back to string format
result['date'] = result['date'].dt.strftime('%d-%b-%Y')

# Sort the result by date
result.sort_values(by='date', inplace=True)

# Reset the index
result.reset_index(drop=True, inplace=True)

# Rename columns to match the desired output
result.columns = ['ID', 'date', 'close']
","
import pandas as pd
import numpy as np
df, X = test_input
import pandas as pd
import numpy as np

# Assuming test_input is already defined and contains df and X
df, X = test_input

# Convert 'date' column to datetime
df['date'] = pd.to_datetime(df['date'])

# Create a new DataFrame to store the filtered results
result = pd.DataFrame(columns=df.columns)

# Iterate over each row in the original DataFrame
for index, row in df.iterrows():
    # Calculate the start date for the window
<<<< [ERROR START] (lib: type_error)
    start_date = row['date'] - pd.Timedelta(weeks=X)
[ERROR FINISH] (lib: type_error) >>>>
    
    # Filter the DataFrame to include only rows within the window
    filtered_df = df[(df['date'] >= start_date) & (df['date'] <= row['date'])]
    
    # If the current row is not in the filtered DataFrame, add it to the result
    if not filtered_df.empty and filtered_df.index.get_loc(index) == 0:
<<<< [ERROR START] (dynamic: AttributeError)
        result = result.append(row)
[ERROR FINISH] (dynamic: AttributeError) >>>>

# Convert 'date' column back to string format
result['date'] = result['date'].dt.strftime('%d-%b-%Y')

# Sort the result by date
result.sort_values(by='date', inplace=True)

# Reset the index
result.reset_index(drop=True, inplace=True)

# Rename columns to match the desired output
result.columns = ['ID', 'date', 'close']
","lib,dynamic","lib: type_error,dynamic: AttributeError","20-20,27-27"
DS1000,hallucinated,DS0082,,,,"{""error_type"": ""TypeError"", ""error_message"": ""NDFrame.replace() got an unexpected keyword argument 'method'"", ""line_no"": ""5.0"", ""test_case"": """"}","
import pandas as pd
import numpy as np
df = test_input
df['A'] = df['A'].fillna(method='ffill')
result = df
","
import pandas as pd
import numpy as np
df = test_input
<<<< [ERROR START] (dynamic: TypeError)
df['A'] = df['A'].fillna(method='ffill')
[ERROR FINISH] (dynamic: TypeError) >>>>
result = df
",dynamic,dynamic: TypeError,5-5
DS1000,hallucinated,DS0083,,,,"{""error_type"": ""TypeError"", ""error_message"": ""NDFrame.replace() got an unexpected keyword argument 'method'"", ""line_no"": ""5.0"", ""test_case"": """"}","
import pandas as pd
import numpy as np
df = test_input
df['A'] = df['A'].fillna(method='ffill')
result = df
","
import pandas as pd
import numpy as np
df = test_input
<<<< [ERROR START] (dynamic: TypeError)
df['A'] = df['A'].fillna(method='ffill')
[ERROR FINISH] (dynamic: TypeError) >>>>
result = df
",dynamic,dynamic: TypeError,5-5
DS1000,hallucinated,DS0084,,,,"{""error_type"": ""TypeError"", ""error_message"": ""NDFrame.replace() got an unexpected keyword argument 'method'"", ""line_no"": ""5.0"", ""test_case"": """"}","
import pandas as pd
import numpy as np
df = test_input
result = df.where(df != 0).ffill().bfill()
result = df
","
import pandas as pd
import numpy as np
df = test_input
<<<< [ERROR START] (dynamic: TypeError)
result = df.where(df != 0).ffill().bfill()
[ERROR FINISH] (dynamic: TypeError) >>>>
result = df
",dynamic,dynamic: TypeError,5-5
DS1000,hallucinated,DS0085,,,,"{""error_type"": ""AttributeError"", ""error_message"": ""'DataFrame' object has no attribute 'str'"", ""line_no"": ""12.0"", ""test_case"": ""[[\""DataFrame({'duration': ['7 year', '2day', '4 week', '8 month'], 'number': [7, 2, 4, 8]})\"", \""DataFrame({'duration': ['7 year', '2day', '4 week', '8 month'], 'number': ['7', '2', '4', '8'], 'time': [365, 'day', 'week', 'month'], 'time_days': [365, 1, 7, 30]})\"", \""<Execution Error: 'DataFrame' object has no attribute 'str'>\""], [\""DataFrame({'duration': ['2 year', '6day', '8 week', '7 month'], 'number': [2, 6, 8, 7]})\"", \""DataFrame({'duration': ['2 year', '6day', '8 week', '7 month'], 'number': ['2', '6', '8', '7'], 'time': [365, 'day', 'week', 'month'], 'time_days': [365, 1, 7, 30]})\"", \""<Execution Error: 'DataFrame' object has no attribute 'str'>\""]]""}","
import pandas as pd
import numpy as np
df = test_input
import pandas as pd
import numpy as np

df = test_input

# Extract numbers and times
df['number'] = df['duration'].str.extract(r'(\d+)').astype(int)
df['time'] = df['duration'].str.extract(r'([a-zA-Z]+)').str.lower()

# Convert time units to days
time_to_days = {'year': 365, 'month': 30, 'week': 7, 'day': 1}
df['time_days'] = df['time'].map(time_to_days)

result = df
result = df
","
import pandas as pd
import numpy as np
df = test_input
import pandas as pd
import numpy as np

df = test_input

# Extract numbers and times
df['number'] = df['duration'].str.extract(r'(\d+)').astype(int)
<<<< [ERROR START] (dynamic: AttributeError)
df['time'] = df['duration'].str.extract(r'([a-zA-Z]+)').str.lower()
[ERROR FINISH] (dynamic: AttributeError) >>>>

# Convert time units to days
time_to_days = {'year': 365, 'month': 30, 'week': 7, 'day': 1}
df['time_days'] = df['time'].map(time_to_days)

result = df
result = df
",dynamic,dynamic: AttributeError,12-12
DS1000,hallucinated,DS0087,"{""type"": ""IndentationError"", ""value"": 5, ""message"": ""expected an indented block after function definition on line 4 (<unknown>, line 5)""}",,,"{""error_type"": ""IndentationError"", ""error_message"": ""expected an indented block after function definition on line 4 (<string>, line 6)"", ""line_no"": ""2.0"", ""test_case"": ""[[\""DataFrame({'duration': ['7 year', '2day', '4 week', '8 month']})\"", \""DataFrame({'duration': ['7 year', '2day', '4 week', '8 month'], 'number': ['7', '2', '4', '8'], 'time': [365, 'day', 'week', 'month'], 'time_days': [365, 1, 7, 30]})\"", \""<Execution Error: expected an indented block after function definition on line 4 (<string>, line 5)>\""], [\""DataFrame({'duration': ['2 year', '6day', '8 week', '7 month']})\"", \""DataFrame({'duration': ['2 year', '6day', '8 week', '7 month'], 'number': ['2', '6', '8', '7'], 'time': [365, 'day', 'week', 'month'], 'time_days': [365, 1, 7, 30]})\"", \""<Execution Error: expected an indented block after function definition on line 4 (<string>, line 5)>\""]]""}","
import pandas as pd
import numpy as np
def f(df):
import pandas as pd

def f(df):
    df['number'] = df['duration'].str.extract('(\d+)').astype(int)
    df['time'] = df['duration'].str.extract('(year|day|week|month)').str.lower()
    df['time_days'] = df['time'].map({'year': 365, 'day': 1, 'week': 7, 'month': 30})
    return df

test_input = pd.DataFrame({
    'index': [1, 2, 3, 4],
    'duration': ['7 year', '2day', '4 week', '8 month']
})

result = f(test_input)
print(result)
df = test_input
result = f(df)
","
<<<< [ERROR START] (dynamic: IndentationError)
import pandas as pd
[ERROR FINISH] (dynamic: IndentationError) >>>>
import numpy as np
def f(df):
<<<< [ERROR START] (ast: IndentationError)
import pandas as pd
[ERROR FINISH] (ast: IndentationError) >>>>

def f(df):
    df['number'] = df['duration'].str.extract('(\d+)').astype(int)
    df['time'] = df['duration'].str.extract('(year|day|week|month)').str.lower()
    df['time_days'] = df['time'].map({'year': 365, 'day': 1, 'week': 7, 'month': 30})
    return df

test_input = pd.DataFrame({
    'index': [1, 2, 3, 4],
    'duration': ['7 year', '2day', '4 week', '8 month']
})

result = f(test_input)
print(result)
df = test_input
result = f(df)
","ast,dynamic","ast: IndentationError,dynamic: IndentationError","5-5,2-2"
DS1000,hallucinated,DS0088,,,,"{""error_type"": ""TypeError"", ""error_message"": ""Invalid value '7' for dtype 'str'. Value should be a string or missing value, got 'int' instead."", ""line_no"": ""8.0"", ""test_case"": """"}","
import pandas as pd
import numpy as np
df = test_input
import pandas as pd
import numpy as np

df = pd.DataFrame({
    'duration': ['year 7', 'day2', 'week 4', 'month 8']
})

# Extract numbers and times into separate columns
df[['number', 'time']] = df['duration'].str.extract(r'(\d+)(\w+)')

# Create the 'time_day' column based on the extracted time
time_days = {
    'year': 365,
    'month': 30,
    'week': 7,
    'day': 1
}
df['time_day'] = df['time'].map(time_days)

# Multiply the 'time_day' by the 'number'
df['time_day'] *= df['number']

# Assign the result to the 'result' variable
result = df
result = df
","
import pandas as pd
import numpy as np
df = test_input
import pandas as pd
import numpy as np

<<<< [ERROR START] (dynamic: TypeError)
df = pd.DataFrame({
[ERROR FINISH] (dynamic: TypeError) >>>>
    'duration': ['year 7', 'day2', 'week 4', 'month 8']
})

# Extract numbers and times into separate columns
df[['number', 'time']] = df['duration'].str.extract(r'(\d+)(\w+)')

# Create the 'time_day' column based on the extracted time
time_days = {
    'year': 365,
    'month': 30,
    'week': 7,
    'day': 1
}
df['time_day'] = df['time'].map(time_days)

# Multiply the 'time_day' by the 'number'
df['time_day'] *= df['number']

# Assign the result to the 'result' variable
result = df
result = df
",dynamic,dynamic: TypeError,8-8
DS1000,hallucinated,DS0093,"{""type"": ""IndentationError"", ""value"": 5, ""message"": ""expected an indented block after function definition on line 4 (<unknown>, line 5)""}",,,"{""error_type"": ""IndentationError"", ""error_message"": ""expected an indented block after function definition on line 4 (<string>, line 6)"", ""line_no"": ""2.0"", ""test_case"": ""[[\""DataFrame({'x': [100, 90, 80], 'y': [7, 8, 9]})\"", \""array([[Timestamp('1994-03-01 00:00:00'), 100, 7], [Timestamp('1994-09-01 00:00:00'), 90, 8], [Timestamp('1995-03-01 00:00:00'), 80, 9]])\"", \""<Execution Error: expected an indented block after function definition on line 4 (<string>, line 5)>\""]]""}","
import pandas as pd
import numpy as np
def f(df):
import pandas as pd
import numpy as np

def f(df):
    # Convert the 'date' column to datetime
    df.index = pd.to_datetime(df.index.get_level_values(1))
    
    # Extract the date, x, and y columns into a NumPy array
    result = np.array(df[['date', 'x', 'y']].values)
    
    return result

# Example usage
test_input = pd.DataFrame({
    ('abc', '3/1/1994'): [100, 7],
    ('abc', '9/1/1994'): [90, 8],
    ('abc', '3/1/1995'): [80, 9]
}, index=pd.MultiIndex.from_tuples([('abc', '3/1/1994'), ('abc', '9/1/1994'), ('abc', '3/1/1995')], names=['id', 'date']))

result = f(test_input)
print(result)
df = test_input
result = f(df)
","
<<<< [ERROR START] (dynamic: IndentationError)
import pandas as pd
[ERROR FINISH] (dynamic: IndentationError) >>>>
import numpy as np
def f(df):
<<<< [ERROR START] (ast: IndentationError)
import pandas as pd
[ERROR FINISH] (ast: IndentationError) >>>>
import numpy as np

def f(df):
    # Convert the 'date' column to datetime
    df.index = pd.to_datetime(df.index.get_level_values(1))
    
    # Extract the date, x, and y columns into a NumPy array
    result = np.array(df[['date', 'x', 'y']].values)
    
    return result

# Example usage
test_input = pd.DataFrame({
    ('abc', '3/1/1994'): [100, 7],
    ('abc', '9/1/1994'): [90, 8],
    ('abc', '3/1/1995'): [80, 9]
}, index=pd.MultiIndex.from_tuples([('abc', '3/1/1994'), ('abc', '9/1/1994'), ('abc', '3/1/1995')], names=['id', 'date']))

result = f(test_input)
print(result)
df = test_input
result = f(df)
","ast,dynamic","ast: IndentationError,dynamic: IndentationError","5-5,2-2"
DS1000,hallucinated,DS0094,"{""type"": ""IndentationError"", ""value"": 5, ""message"": ""expected an indented block after function definition on line 4 (<unknown>, line 5)""}",,,"{""error_type"": ""IndentationError"", ""error_message"": ""expected an indented block after function definition on line 4 (<string>, line 6)"", ""line_no"": ""2.0"", ""test_case"": ""[[\""DataFrame({'x': [100, 90, 80], 'y': [7, 8, 9]})\"", \""DataFrame({'x': [100, 90, 80], 'y': [7, 8, 9]})\"", \""<Execution Error: expected an indented block after function definition on line 4 (<string>, line 5)>\""]]""}","
import pandas as pd
import numpy as np
def f(df):
df.index = pd.to_datetime(df.index.get_level_values(0))
df = df.swaplevel(0, 1)
df = test_input
result = f(df)
","
<<<< [ERROR START] (dynamic: IndentationError)
import pandas as pd
[ERROR FINISH] (dynamic: IndentationError) >>>>
import numpy as np
def f(df):
<<<< [ERROR START] (ast: IndentationError)
df.index = pd.to_datetime(df.index.get_level_values(0))
[ERROR FINISH] (ast: IndentationError) >>>>
df = df.swaplevel(0, 1)
df = test_input
result = f(df)
","ast,dynamic","ast: IndentationError,dynamic: IndentationError","5-5,2-2"
DS1000,hallucinated,DS0095,,,,"{""error_type"": ""KeyError"", ""error_message"": ""\""The following id_vars or value_vars are not present in the DataFrame: ['Variable 2000', 'Variable 2001', 'Variable 2002', 'Variable 2003', 'Variable 2004', 'Variable 2005']\"""", ""line_no"": ""5.0"", ""test_case"": ""[[\""DataFrame({'Country': ['Argentina', 'Argentina', 'Brazil', 'Brazil'], 'Variable': ['var1', 'var2', 'var1', 'var2'], '2000': [12, 1, 20, 0], '2001': [15, 3, 23, 1], '2002': [18, 2, 25, 2], '2003': [17, 5, 29, 2], '2004': [23, 7, 31, 3], '2005': [29, 5, 32, 3]})\"", \""DataFrame({'Country': ['Argentina', 'Argentina', 'Argentina', 'Argentina', 'Argentina', 'Argentina', 'Brazil', 'Brazil', 'Brazil', 'Brazil', 'Brazil', 'Brazil'], 'year': ['2000', '2001', '2002', '2003', '2004', '2005', '2000', '2001', '2002', '2003', '2004', '2005'], 'var1': [12, 15, 18, 17, 23, 29, 20, 23, 25, 29, 31, 32], 'var2': [1, 3, 2, 5, 7, 5, 0, 1, 2, 2, 3, 3]})\"", \""<Execution Error: \\\""The following id_vars or value_vars are not present in the DataFrame: ['Variable 2000', 'Variable 2001', 'Variable 2002', 'Variable 2003', 'Variable 2004', 'Variable 2005']\\\"">\""]]""}","
import pandas as pd
import numpy as np
df = test_input
result = df.melt(id_vars=['Country'], value_vars=['Variable 2000', 'Variable 2001', 'Variable 2002', 'Variable 2003', 'Variable 2004', 'Variable 2005'], var_name='year', value_name='var1')
result = df
","
import pandas as pd
import numpy as np
df = test_input
<<<< [ERROR START] (dynamic: KeyError)
result = df.melt(id_vars=['Country'], value_vars=['Variable 2000', 'Variable 2001', 'Variable 2002', 'Variable 2003', 'Variable 2004', 'Variable 2005'], var_name='year', value_name='var1')
[ERROR FINISH] (dynamic: KeyError) >>>>
result = df
",dynamic,dynamic: KeyError,5-5
DS1000,hallucinated,DS0096,,,,"{""error_type"": ""KeyError"", ""error_message"": ""\""The following id_vars or value_vars are not present in the DataFrame: ['Variable 2000', 'Variable 2001', 'Variable 2002', 'Variable 2003', 'Variable 2004', 'Variable 2005']\"""", ""line_no"": ""5.0"", ""test_case"": ""[[\""DataFrame({'Country': ['Argentina', 'Argentina', 'Brazil', 'Brazil'], 'Variable': ['var1', 'var2', 'var1', 'var2'], '2000': [12, 1, 20, 0], '2001': [15, 3, 23, 1], '2002': [18, 2, 25, 2], '2003': [17, 5, 29, 2], '2004': [23, 7, 31, 3], '2005': [29, 5, 32, 3]})\"", \""DataFrame({'Country': ['Argentina', 'Argentina', 'Argentina', 'Argentina', 'Argentina', 'Argentina', 'Brazil', 'Brazil', 'Brazil', 'Brazil', 'Brazil', 'Brazil'], 'year': ['2005', '2004', '2003', '2002', '2001', '2000', '2005', '2004', '2003', '2002', '2001', '2000'], 'var1': [29, 23, 17, 18, 15, 12, 32, 31, 29, 25, 23, 20], 'var2': [5, 7, 5, 2, 3, 1, 3, 3, 2, 2, 1, 0]})\"", \""<Execution Error: \\\""The following id_vars or value_vars are not present in the DataFrame: ['Variable 2000', 'Variable 2001', 'Variable 2002', 'Variable 2003', 'Variable 2004', 'Variable 2005']\\\"">\""], [\""DataFrame({'Country': ['Argentina', 'Argentina', 'Brazil', 'Brazil'], 'Variable': ['var1', 'var2', 'var1', 'var2'], '2000': [12, 1, 20, 0], '2001': [15, 1, 23, 1], '2002': [18, 4, 25, 2], '2003': [17, 5, 29, 2], '2004': [23, 1, 31, 3], '2005': [29, 4, 32, 3]})\"", \""DataFrame({'Country': ['Argentina', 'Argentina', 'Argentina', 'Argentina', 'Argentina', 'Argentina', 'Brazil', 'Brazil', 'Brazil', 'Brazil', 'Brazil', 'Brazil'], 'year': ['2005', '2004', '2003', '2002', '2001', '2000', '2005', '2004', '2003', '2002', '2001', '2000'], 'var1': [29, 23, 17, 18, 15, 12, 32, 31, 29, 25, 23, 20], 'var2': [4, 1, 5, 4, 1, 1, 3, 3, 2, 2, 1, 0]})\"", \""<Execution Error: \\\""The following id_vars or value_vars are not present in the DataFrame: ['Variable 2000', 'Variable 2001', 'Variable 2002', 'Variable 2003', 'Variable 2004', 'Variable 2005']\\\"">\""]]""}","
import pandas as pd
import numpy as np
df = test_input
result = df.melt(id_vars=['Country'], value_vars=['Variable 2000', 'Variable 2001', 'Variable 2002', 'Variable 2003', 'Variable 2004', 'Variable 2005'], var_name='year', value_name='var1')
result['year'] = result['year'].astype(int)
result = result.sort_values(by=['Country', 'year'], ascending=[True, False])
result = df
","
import pandas as pd
import numpy as np
df = test_input
<<<< [ERROR START] (dynamic: KeyError)
result = df.melt(id_vars=['Country'], value_vars=['Variable 2000', 'Variable 2001', 'Variable 2002', 'Variable 2003', 'Variable 2004', 'Variable 2005'], var_name='year', value_name='var1')
[ERROR FINISH] (dynamic: KeyError) >>>>
result['year'] = result['year'].astype(int)
result = result.sort_values(by=['Country', 'year'], ascending=[True, False])
result = df
",dynamic,dynamic: KeyError,5-5
DS1000,hallucinated,DS0099,"{""type"": ""SyntaxError"", ""value"": 5, ""message"": ""closing parenthesis ']' does not match opening parenthesis '(' (<unknown>, line 5)""}",,,"{""error_type"": ""SyntaxError"", ""error_message"": ""closing parenthesis ']' does not match opening parenthesis '(' (<string>, line 9)"", ""line_no"": ""5.0"", ""test_case"": ""[[\""DataFrame({'A_Name': ['AA', 'BB', 'CC', 'DD', 'EE', 'FF', 'GG'], 'B_Detail': ['X1', 'Y1', 'Z1', 'L1', 'M1', 'N1', 'K1'], 'Value_B': [1.2, 0.76, 0.7, 0.9, 1.3, 0.7, -2.4], 'Value_C': [0.5, -0.7, -1.3, -0.5, 1.8, -0.8, -1.9], 'Value_D': [-1.3, 0.8, 2.5, 0.4, -1.3, 0.9, 2.1]})\"", \""DataFrame({'A_Name': ['AA', 'CC', 'EE', 'GG'], 'B_Detail': ['X1', 'Z1', 'M1', 'K1'], 'B': [1.2, 0.7, 1.3, -2.4], 'C': [0.5, -1.3, 1.8, -1.9], 'D': [-1.3, 2.5, -1.3, 2.1]})\"", \""<Execution Error: closing parenthesis ']' does not match opening parenthesis '(' (<string>, line 5)>\""], [\""DataFrame({'A_Name': ['AA', 'BB', 'CC', 'DD', 'EE', 'FF', 'GG'], 'B_Detail': ['X1', 'Y1', 'Z1', 'L1', 'M1', 'N1', 'K1'], 'Value_B': [1.2, 0.76, 0.7, 0.9, 1.3, 0.7, -2.4], 'Value_C': [0.5, -0.7, -1.3, -0.5, 1.8, -0.8, -1.9], 'Value_D': [-1.3, 0.8, 2.5, 0.4, -1.3, 0.9, 2.1], 'Value_E': [1.0, 1.0, 4.0, -5.0, -1.0, -4.0, 2.1], 'Value_F': [-1.9, 2.6, 0.8, 1.7, -1.3, 0.9, 2.1]})\"", \""DataFrame({'A_Name': ['AA', 'BB', 'CC', 'DD', 'EE', 'FF', 'GG'], 'B_Detail': ['X1', 'Y1', 'Z1', 'L1', 'M1', 'N1', 'K1'], 'B': [1.2, 0.76, 0.7, 0.9, 1.3, 0.7, -2.4], 'C': [0.5, -0.7, -1.3, -0.5, 1.8, -0.8, -1.9], 'D': [-1.3, 0.8, 2.5, 0.4, -1.3, 0.9, 2.1], 'E': [1.0, 1.0, 4.0, -5.0, -1.0, -4.0, 2.1], 'F': [-1.9, 2.6, 0.8, 1.7, -1.3, 0.9, 2.1]})\"", \""<Execution Error: closing parenthesis ']' does not match opening parenthesis '(' (<string>, line 5)>\""]]""}","
import pandas as pd
import numpy as np
df = test_input
result = df[df.apply(lambda row: any(abs(row[col]) > 1 for col in row if col.startswith('Value_'))].drop(columns=[col for col in df.columns if col.startswith('Value_')])
result = df
","
import pandas as pd
import numpy as np
df = test_input
<<<< [ERROR START] (ast: SyntaxError)
<<<< [ERROR START] (dynamic: SyntaxError)
result = df[df.apply(lambda row: any(abs(row[col]) > 1 for col in row if col.startswith('Value_'))].drop(columns=[col for col in df.columns if col.startswith('Value_')])
[ERROR FINISH] (ast: SyntaxError) >>>>
[ERROR FINISH] (dynamic: SyntaxError) >>>>
result = df
","ast,dynamic","ast: SyntaxError,dynamic: SyntaxError","5-5,5-5"
DS1000,hallucinated,DS0102,"{""type"": ""IndentationError"", ""value"": 5, ""message"": ""expected an indented block after function definition on line 4 (<unknown>, line 5)""}",,,"{""error_type"": ""IndentationError"", ""error_message"": ""expected an indented block after function definition on line 4 (<string>, line 6)"", ""line_no"": ""2.0"", ""test_case"": ""[[\""DataFrame({'A': ['Good &AMP; bad', 'BB', 'CC', 'DD', 'Good &AMP; bad'], 'B': [0, 1, 2, 3, 4], 'C': ['Good &AMP; bad', 'Good &AMP; bad', 'Good &AMP; bad', 'Good &AMP; bad', 'Good &AMP; bad']})\"", \""DataFrame({'A': ['Good & bad', 'BB', 'CC', 'DD', 'Good & bad'], 'B': [0, 1, 2, 3, 4], 'C': ['Good & bad', 'Good & bad', 'Good & bad', 'Good & bad', 'Good & bad']})\"", \""<Execution Error: expected an indented block after function definition on line 4 (<string>, line 5)>\""]]""}","
import pandas as pd
import numpy as np
def f(df):
df.replace('&AMP;', '&', regex=True, inplace=True)
df = test_input
result = f(df)
","
<<<< [ERROR START] (dynamic: IndentationError)
import pandas as pd
[ERROR FINISH] (dynamic: IndentationError) >>>>
import numpy as np
def f(df):
<<<< [ERROR START] (ast: IndentationError)
df.replace('&AMP;', '&', regex=True, inplace=True)
[ERROR FINISH] (ast: IndentationError) >>>>
df = test_input
result = f(df)
","ast,dynamic","ast: IndentationError,dynamic: IndentationError","5-5,2-2"
DS1000,hallucinated,DS0105,,,,"{""error_type"": ""NameError"", ""error_message"": ""name 'name_df' is not defined"", ""line_no"": ""5.0"", ""test_case"": ""[[\""DataFrame({'name': ['Jack Fine', 'Kim Q. Danger', 'Jane Smith', 'Zhongli']})\"", \""DataFrame({'first_name': ['Jack', 'Kim Q. Danger', 'Jane', 'Zhongli'], 'last_name': ['Fine', nan, 'Smith', nan]})\"", \""<Execution Error: name 'name_df' is not defined>\""]]""}","
import pandas as pd
import numpy as np
df = test_input
result = name_df['name'].str.split(' ', expand=True).iloc[:, :2].fillna('')
result = df
","
import pandas as pd
import numpy as np
df = test_input
<<<< [ERROR START] (dynamic: NameError)
result = name_df['name'].str.split(' ', expand=True).iloc[:, :2].fillna('')
[ERROR FINISH] (dynamic: NameError) >>>>
result = df
",dynamic,dynamic: NameError,5-5
DS1000,hallucinated,DS0106,,,,"{""error_type"": ""NameError"", ""error_message"": ""name 'name_df' is not defined"", ""line_no"": ""5.0"", ""test_case"": ""[[\""DataFrame({'name': ['Jack Fine', 'Kim Q. Danger', 'Jane Smith', 'Zhongli']})\"", \""DataFrame({'1_name': ['Jack', 'Kim Q. Danger', 'Jane', 'Zhongli'], '2_name': ['Fine', nan, 'Smith', nan]})\"", \""<Execution Error: name 'name_df' is not defined>\""]]""}","
import pandas as pd
import numpy as np
df = test_input
result = name_df[name_df['name'].str.contains(' ')]
result[['1_name', '2_name']] = result['name'].str.split(' ', expand=True)
result = df
","
import pandas as pd
import numpy as np
df = test_input
<<<< [ERROR START] (dynamic: NameError)
result = name_df[name_df['name'].str.contains(' ')]
[ERROR FINISH] (dynamic: NameError) >>>>
result[['1_name', '2_name']] = result['name'].str.split(' ', expand=True)
result = df
",dynamic,dynamic: NameError,5-5
DS1000,hallucinated,DS0107,,,,"{""error_type"": ""NameError"", ""error_message"": ""name 'name_df' is not defined"", ""line_no"": ""5.0"", ""test_case"": ""[[\""DataFrame({'name': ['Jack Fine', 'Kim Q. Danger', 'Jane 114 514 Smith', 'Zhongli']})\"", \""DataFrame({'first name': ['Jack', 'Kim', 'Jane', 'Zhongli'], 'middle_name': [nan, 'Q.', '114 514', nan], 'last_name': ['Fine', 'Danger', 'Smith', nan]})\"", \""<Execution Error: name 'name_df' is not defined>\""]]""}","
import pandas as pd
import numpy as np
df = test_input
result = name_df[name_df['name'].str.contains(' ')]
result = df
","
import pandas as pd
import numpy as np
df = test_input
<<<< [ERROR START] (dynamic: NameError)
result = name_df[name_df['name'].str.contains(' ')]
[ERROR FINISH] (dynamic: NameError) >>>>
result = df
",dynamic,dynamic: NameError,5-5
DS1000,hallucinated,DS0110,,,,"{""error_type"": ""NameError"", ""error_message"": ""name 'result' is not defined"", ""line_no"": ""4.0"", ""test_case"": ""[[\""DataFrame({'datetime': [Timestamp('2021-04-10 01:00:00'), Timestamp('2021-04-10 02:00:00'), Timestamp('2021-04-10 03:00:00'), Timestamp('2021-04-10 04:00:00'), Timestamp('2021-04-10 05:00:00')], 'col1': [25, 25, 25, 50, 100], 'col2': [50, 50, 100, 50, 100], 'col3': [50, 50, 50, 100, 100]})\"", \""DataFrame({'datetime': [Timestamp('2021-04-10 01:00:00'), Timestamp('2021-04-10 02:00:00'), Timestamp('2021-04-10 03:00:00'), Timestamp('2021-04-10 04:00:00'), Timestamp('2021-04-10 05:00:00')], 'col1': [25, 25, 25, 50, 100], 'col2': [50, 50, 100, 50, 100], 'col3': [50, 50, 50, 100, 100], 'state': [25, 25, 100, 100, 100]})\"", \""<Execution Error: name 'result' is not defined>\""], [\""DataFrame({'datetime': [Timestamp('2021-04-10 01:00:00'), Timestamp('2021-04-10 02:00:00'), Timestamp('2021-04-10 03:00:00'), Timestamp('2021-04-10 04:00:00'), Timestamp('2021-04-10 05:00:00')], 'col1': [50, 25, 25, 50, 100], 'col2': [50, 50, 10, 50, 100], 'col3': [50, 50, 13, 100, 100]})\"", \""DataFrame({'datetime': [Timestamp('2021-04-10 01:00:00'), Timestamp('2021-04-10 02:00:00'), Timestamp('2021-04-10 03:00:00'), Timestamp('2021-04-10 04:00:00'), Timestamp('2021-04-10 05:00:00')], 'col1': [50, 25, 25, 50, 100], 'col2': [50, 50, 10, 50, 100], 'col3': [50, 50, 13, 100, 100], 'state': [50, 25, 25, 100, 100]})\"", \""<Execution Error: name 'result' is not defined>\""]]""}","
import pandas as pd
df = test_input
result['state'] = df.apply(lambda row: row['col1'] if row['col2'] <= 50 and row['col3'] <= 50 else max(row['col1'], row['col2'], row['col3']), axis=1)
result = df
","
import pandas as pd
df = test_input
<<<< [ERROR START] (dynamic: NameError)
result['state'] = df.apply(lambda row: row['col1'] if row['col2'] <= 50 and row['col3'] <= 50 else max(row['col1'], row['col2'], row['col3']), axis=1)
[ERROR FINISH] (dynamic: NameError) >>>>
result = df
",dynamic,dynamic: NameError,4-4
DS1000,hallucinated,DS0111,,,,"{""error_type"": ""NameError"", ""error_message"": ""name 'result' is not defined"", ""line_no"": ""4.0"", ""test_case"": ""[[\""DataFrame({'datetime': [Timestamp('2021-04-10 01:00:00'), Timestamp('2021-04-10 02:00:00'), Timestamp('2021-04-10 03:00:00'), Timestamp('2021-04-10 04:00:00'), Timestamp('2021-04-10 05:00:00')], 'col1': [25, 25, 25, 50, 100], 'col2': [50, 50, 100, 50, 100], 'col3': [50, 50, 50, 100, 100]})\"", \""DataFrame({'datetime': [Timestamp('2021-04-10 01:00:00'), Timestamp('2021-04-10 02:00:00'), Timestamp('2021-04-10 03:00:00'), Timestamp('2021-04-10 04:00:00'), Timestamp('2021-04-10 05:00:00')], 'col1': [25, 25, 25, 50, 100], 'col2': [50, 50, 100, 50, 100], 'col3': [50, 50, 50, 100, 100], 'state': [125, 125, 175, 200, 100]})\"", \""<Execution Error: name 'result' is not defined>\""], [\""DataFrame({'datetime': [Timestamp('2021-04-10 01:00:00'), Timestamp('2021-04-10 02:00:00'), Timestamp('2021-04-10 03:00:00'), Timestamp('2021-04-10 04:00:00'), Timestamp('2021-04-10 05:00:00')], 'col1': [25, 10, 66, 50, 100], 'col2': [50, 13, 100, 50, 100], 'col3': [50, 16, 50, 100, 100]})\"", \""DataFrame({'datetime': [Timestamp('2021-04-10 01:00:00'), Timestamp('2021-04-10 02:00:00'), Timestamp('2021-04-10 03:00:00'), Timestamp('2021-04-10 04:00:00'), Timestamp('2021-04-10 05:00:00')], 'col1': [25, 10, 66, 50, 100], 'col2': [50, 13, 100, 50, 100], 'col3': [50, 16, 50, 100, 100], 'state': [125, 39, 216, 200, 100]})\"", \""<Execution Error: name 'result' is not defined>\""]]""}","
import pandas as pd
df = test_input
result['state'] = df.apply(lambda row: row['col1'] if row['col2'] > 50 and row['col3'] > 50 else row['col1'] + row['col2'] + row['col3'], axis=1)
result = df
","
import pandas as pd
df = test_input
<<<< [ERROR START] (dynamic: NameError)
result['state'] = df.apply(lambda row: row['col1'] if row['col2'] > 50 and row['col3'] > 50 else row['col1'] + row['col2'] + row['col3'], axis=1)
[ERROR FINISH] (dynamic: NameError) >>>>
result = df
",dynamic,dynamic: NameError,4-4
DS1000,hallucinated,DS0112,,,,"{""error_type"": ""AttributeError"", ""error_message"": ""'str' object has no attribute 'is_integer'"", ""line_no"": ""5.0"", ""test_case"": ""[[\""DataFrame({'ID': [1, 2, 3, 4, 5], 'Field1': [1.15, 2, 1, 25, 'and']})\"", \""[1.15, 'and']\"", \""<Execution Error: 'str' object has no attribute 'is_integer'>\""], [\""DataFrame({'ID': [1, 2, 3, 4, 5], 'Field1': [1, 2, 1, 2.5, 'and']})\"", \""[2.5, 'and']\"", \""<Execution Error: 'str' object has no attribute 'is_integer'>\""]]""}","
import pandas as pd
import numpy as np
df = test_input
result['Field1'] = df['Field1'].apply(lambda x: int(x) if x.is_integer() else x)
errors = df[df['Field1'].apply(lambda x: not x.is_integer())]['Field1'].tolist()
result['Error'] = errors
result = df
","
import pandas as pd
import numpy as np
df = test_input
<<<< [ERROR START] (dynamic: AttributeError)
result['Field1'] = df['Field1'].apply(lambda x: int(x) if x.is_integer() else x)
[ERROR FINISH] (dynamic: AttributeError) >>>>
errors = df[df['Field1'].apply(lambda x: not x.is_integer())]['Field1'].tolist()
result['Error'] = errors
result = df
",dynamic,dynamic: AttributeError,5-5
DS1000,hallucinated,DS0113,,,,"{""error_type"": ""AttributeError"", ""error_message"": ""'str' object has no attribute 'is_integer'"", ""line_no"": ""5.0"", ""test_case"": ""[[\""DataFrame({'ID': [1, 2, 3, 4, 5], 'Field1': [1.15, 2, 1, 25, 'and']})\"", \""[2, 1, 25]\"", \""<Execution Error: 'str' object has no attribute 'is_integer'>\""], [\""DataFrame({'ID': [1, 2, 3, 4, 5], 'Field1': [1, 2, 1, 2.5, 'and']})\"", \""[1, 2, 1]\"", \""<Execution Error: 'str' object has no attribute 'is_integer'>\""]]""}","
import pandas as pd
import numpy as np
df = test_input
result = df['Field1'].apply(lambda x: int(x) if x.is_integer() else None).dropna().tolist()
result = df
","
import pandas as pd
import numpy as np
df = test_input
<<<< [ERROR START] (dynamic: AttributeError)
result = df['Field1'].apply(lambda x: int(x) if x.is_integer() else None).dropna().tolist()
[ERROR FINISH] (dynamic: AttributeError) >>>>
result = df
",dynamic,dynamic: AttributeError,5-5
DS1000,hallucinated,DS0114,"{""type"": ""IndentationError"", ""value"": 5, ""message"": ""expected an indented block after function definition on line 4 (<unknown>, line 5)""}",,,"{""error_type"": ""IndentationError"", ""error_message"": ""expected an indented block after function definition on line 4 (<string>, line 6)"", ""line_no"": ""2.0"", ""test_case"": ""[[\""DataFrame({'ID': [1, 2, 3, 4, 5], 'Field1': [1.15, 2, 1, 25, 'and']})\"", \""[1.15, 'and']\"", \""<Execution Error: expected an indented block after function definition on line 4 (<string>, line 5)>\""], [\""DataFrame({'ID': [1, 2, 3, 4, 5], 'Field1': [1, 2, 1, 2.5, 'and']})\"", \""[2.5, 'and']\"", \""<Execution Error: expected an indented block after function definition on line 4 (<string>, line 5)>\""]]""}","
import pandas as pd
import numpy as np
def f(df):
result = df.applymap(lambda x: x if isinstance(x, int) else ""and"")
df = test_input
result = f(df)
","
<<<< [ERROR START] (dynamic: IndentationError)
import pandas as pd
[ERROR FINISH] (dynamic: IndentationError) >>>>
import numpy as np
def f(df):
<<<< [ERROR START] (ast: IndentationError)
result = df.applymap(lambda x: x if isinstance(x, int) else ""and"")
[ERROR FINISH] (ast: IndentationError) >>>>
df = test_input
result = f(df)
","ast,dynamic","ast: IndentationError,dynamic: IndentationError","5-5,2-2"
DS1000,hallucinated,DS0115,,,,"{""error_type"": ""NameError"", ""error_message"": ""name 'result' is not defined"", ""line_no"": ""5.0"", ""test_case"": ""[[\""DataFrame({'cat': ['A', 'B', 'C'], 'val1': [7, 10, 5], 'val2': [10, 2, 15], 'val3': [0, 1, 6], 'val4': [19, 14, 16]})\"", \""DataFrame({'cat': ['A', 'B', 'C'], 'val1': [0.19444444444444445, 0.37037037037037035, 0.11904761904761904], 'val2': [0.2777777777777778, 0.07407407407407407, 0.35714285714285715], 'val3': [0.0, 0.037037037037037035, 0.14285714285714285], 'val4': [0.5277777777777778, 0.5185185185185185, 0.38095238095238093]})\"", \""<Execution Error: name 'result' is not defined>\""], [\""DataFrame({'cat': ['A', 'B', 'C'], 'val1': [1, 1, 4], 'val2': [10, 2, 15], 'val3': [0, 1, 6], 'val4': [19, 14, 16]})\"", \""DataFrame({'cat': ['A', 'B', 'C'], 'val1': [0.03333333333333333, 0.05555555555555555, 0.0975609756097561], 'val2': [0.3333333333333333, 0.1111111111111111, 0.36585365853658536], 'val3': [0.0, 0.05555555555555555, 0.14634146341463414], 'val4': [0.6333333333333333, 0.7777777777777778, 0.3902439024390244]})\"", \""<Execution Error: name 'result' is not defined>\""]]""}","
import pandas as pd
import numpy as np
df = test_input
result['val1'] /= df['val1'].sum()
result['val2'] /= df['val2'].sum()
result['val3'] /= df['val3'].sum()
result['val4'] /= df['val4'].sum()
result = df
","
import pandas as pd
import numpy as np
df = test_input
<<<< [ERROR START] (dynamic: NameError)
result['val1'] /= df['val1'].sum()
[ERROR FINISH] (dynamic: NameError) >>>>
result['val2'] /= df['val2'].sum()
result['val3'] /= df['val3'].sum()
result['val4'] /= df['val4'].sum()
result = df
",dynamic,dynamic: NameError,5-5
DS1000,hallucinated,DS0116,,,,"{""error_type"": ""TypeError"", ""error_message"": ""can only concatenate str (not \""int\"") to str"", ""line_no"": ""5.0"", ""test_case"": ""[[\""DataFrame({'cat': ['A', 'B', 'C'], 'val1': [7, 10, 5], 'val2': [10, 2, 15], 'val3': [0, 1, 6], 'val4': [19, 14, 16]})\"", \""DataFrame({'cat': ['A', 'B', 'C'], 'val1': [0.3181818181818182, 0.45454545454545453, 0.22727272727272727], 'val2': [0.37037037037037035, 0.07407407407407407, 0.5555555555555556], 'val3': [0.0, 0.14285714285714285, 0.8571428571428571], 'val4': [0.3877551020408163, 0.2857142857142857, 0.32653061224489793]})\"", \""<Execution Error: can only concatenate str (not \\\""int\\\"") to str>\""], [\""DataFrame({'cat': ['A', 'B', 'C'], 'val1': [1, 1, 4], 'val2': [10, 2, 15], 'val3': [0, 1, 6], 'val4': [19, 14, 16]})\"", \""DataFrame({'cat': ['A', 'B', 'C'], 'val1': [0.16666666666666666, 0.16666666666666666, 0.6666666666666666], 'val2': [0.37037037037037035, 0.07407407407407407, 0.5555555555555556], 'val3': [0.0, 0.14285714285714285, 0.8571428571428571], 'val4': [0.3877551020408163, 0.2857142857142857, 0.32653061224489793]})\"", \""<Execution Error: can only concatenate str (not \\\""int\\\"") to str>\""]]""}","
import pandas as pd
import numpy as np
df = test_input
result = df.apply(lambda x: x / x.sum(), axis=1)
result = df
","
import pandas as pd
import numpy as np
df = test_input
<<<< [ERROR START] (dynamic: TypeError)
result = df.apply(lambda x: x / x.sum(), axis=1)
[ERROR FINISH] (dynamic: TypeError) >>>>
result = df
",dynamic,dynamic: TypeError,5-5
DS1000,hallucinated,DS0120,"{""type"": ""IndentationError"", ""value"": 7, ""message"": ""expected an indented block after function definition on line 6 (<unknown>, line 7)""}",,,"{""error_type"": ""TypeError"", ""error_message"": ""read_csv() got an unexpected keyword argument 'delim_whitespace'"", ""line_no"": ""19.0"", ""test_case"": """"}","
import pandas as pd
import numpy as np
import io
df, test = test_input
def f(df, test):
result = df.loc[df.index.isin(test)]
result = f(df,test)
","
import pandas as pd
import numpy as np
import io
df, test = test_input
def f(df, test):
<<<< [ERROR START] (ast: IndentationError)
result = df.loc[df.index.isin(test)]
[ERROR FINISH] (ast: IndentationError) >>>>
result = f(df,test)
","ast,dynamic","ast: IndentationError,dynamic: TypeError","7-7,19-19"
DS1000,hallucinated,DS0122,,,,"{""error_type"": ""KeyError"", ""error_message"": ""'Column not found: euclidean_distance'"", ""line_no"": ""5.0"", ""test_case"": ""[[\""DataFrame({'time': [0, 0, 0, 1, 1, 2, 2], 'x': [216, 218, 217, 280, 290, 130, 132], 'y': [13, 12, 12, 110, 109, 3, 56], 'car': [1, 2, 3, 1, 3, 4, 5]})\"", \""DataFrame({'time': [0, 0, 0, 1, 1, 2, 2], 'car': [1, 2, 3, 1, 3, 4, 5], 'farmost_neighbour': [2, 1, 1, 3, 1, 5, 4], 'euclidean_distance': [2.23606797749979, 2.23606797749979, 1.4142135623730951, 10.04987562112089, 10.04987562112089, 53.03772242470448, 53.03772242470448]})\"", \""<Execution Error: 'Column not found: euclidean_distance'>\""], [\""DataFrame({'time': [0, 0, 0, 1, 1, 2, 2], 'x': [219, 219, 216, 280, 290, 130, 132], 'y': [15, 11, 14, 110, 109, 3, 56], 'car': [1, 2, 3, 1, 3, 4, 5]})\"", \""DataFrame({'time': [0, 0, 0, 1, 1, 2, 2], 'car': [1, 2, 3, 1, 3, 4, 5], 'farmost_neighbour': [2, 3, 2, 3, 1, 5, 4], 'euclidean_distance': [4.0, 4.242640687119285, 4.242640687119285, 10.04987562112089, 10.04987562112089, 53.03772242470448, 53.03772242470448]})\"", \""<Execution Error: 'Column not found: euclidean_distance'>\""]]""}","
import pandas as pd
import numpy as np
df = test_input
df['farmost_neighbour'] = df.groupby('time')['euclidean_distance'].transform(lambda x: x.idxmax())
result = df
","
import pandas as pd
import numpy as np
df = test_input
<<<< [ERROR START] (dynamic: KeyError)
df['farmost_neighbour'] = df.groupby('time')['euclidean_distance'].transform(lambda x: x.idxmax())
[ERROR FINISH] (dynamic: KeyError) >>>>
result = df
",dynamic,dynamic: KeyError,5-5
DS1000,hallucinated,DS0123,,,,"{""error_type"": ""NameError"", ""error_message"": ""name 'result' is not defined"", ""line_no"": ""5.0"", ""test_case"": ""[[\""DataFrame({'keywords_0': ['a', nan, 'c'], 'keywords_1': ['d', 'e', nan], 'keywords_2': [nan, nan, 'b'], 'keywords_3': ['f', nan, 'g']})\"", \""DataFrame({'keywords_0': ['a', nan, 'c'], 'keywords_1': ['d', 'e', nan], 'keywords_2': [nan, nan, 'b'], 'keywords_3': ['f', nan, 'g'], 'keywords_all': ['a,d,f', 'e', 'c,b,g']})\"", \""<Execution Error: name 'result' is not defined>\""], [\""DataFrame({'keywords_0': ['a', nan, 'c'], 'keywords_1': ['b', 'g', nan], 'keywords_2': [nan, nan, 'j'], 'keywords_3': ['d', nan, 'b']})\"", \""DataFrame({'keywords_0': ['a', nan, 'c'], 'keywords_1': ['b', 'g', nan], 'keywords_2': [nan, nan, 'j'], 'keywords_3': ['d', nan, 'b'], 'keywords_all': ['a,b,d', 'g', 'c,j,b']})\"", \""<Execution Error: name 'result' is not defined>\""]]""}","
import pandas as pd
import numpy as np
df = test_input
result['keywords_all'] = df.dropna().apply(lambda row: ','.join(row), axis=1)
result = df
","
import pandas as pd
import numpy as np
df = test_input
<<<< [ERROR START] (dynamic: NameError)
result['keywords_all'] = df.dropna().apply(lambda row: ','.join(row), axis=1)
[ERROR FINISH] (dynamic: NameError) >>>>
result = df
",dynamic,dynamic: NameError,5-5
DS1000,hallucinated,DS0124,,,,"{""error_type"": ""NameError"", ""error_message"": ""name 'result' is not defined"", ""line_no"": ""5.0"", ""test_case"": ""[[\""DataFrame({'keywords_0': ['a', nan, 'c'], 'keywords_1': ['d', 'e', nan], 'keywords_2': [nan, nan, 'b'], 'keywords_3': ['f', nan, 'g']})\"", \""DataFrame({'keywords_0': ['a', nan, 'c'], 'keywords_1': ['d', 'e', nan], 'keywords_2': [nan, nan, 'b'], 'keywords_3': ['f', nan, 'g'], 'keywords_all': ['a-d-f', 'e', 'c-b-g']})\"", \""<Execution Error: name 'result' is not defined>\""], [\""DataFrame({'keywords_0': ['a', nan, 'c'], 'keywords_1': ['b', 'g', nan], 'keywords_2': [nan, nan, 'j'], 'keywords_3': ['d', nan, 'b']})\"", \""DataFrame({'keywords_0': ['a', nan, 'c'], 'keywords_1': ['b', 'g', nan], 'keywords_2': [nan, nan, 'j'], 'keywords_3': ['d', nan, 'b'], 'keywords_all': ['a-b-d', 'g', 'c-j-b']})\"", \""<Execution Error: name 'result' is not defined>\""]]""}","
import pandas as pd
import numpy as np
df = test_input
result['keywords_all'] = df.dropna().apply(lambda row: '-'.join(row), axis=1)
result = df
","
import pandas as pd
import numpy as np
df = test_input
<<<< [ERROR START] (dynamic: NameError)
result['keywords_all'] = df.dropna().apply(lambda row: '-'.join(row), axis=1)
[ERROR FINISH] (dynamic: NameError) >>>>
result = df
",dynamic,dynamic: NameError,5-5
DS1000,hallucinated,DS0125,,,,"{""error_type"": ""NameError"", ""error_message"": ""name 'result' is not defined"", ""line_no"": ""5.0"", ""test_case"": ""[[\""DataFrame({'users': ['Hu Tao', 'Zhongli', 'Xingqiu'], 'keywords_0': ['a', nan, 'c'], 'keywords_1': ['d', 'e', nan], 'keywords_2': [nan, nan, 'b'], 'keywords_3': ['f', nan, 'g']})\"", \""DataFrame({'users': ['Hu Tao', 'Zhongli', 'Xingqiu'], 'keywords_0': ['a', nan, 'c'], 'keywords_1': ['d', 'e', nan], 'keywords_2': [nan, nan, 'b'], 'keywords_3': ['f', nan, 'g'], 'keywords_all': ['a-d-f', 'e', 'c-b-g']})\"", \""<Execution Error: name 'result' is not defined>\""], [\""DataFrame({'users': ['Hu Tao', 'Zhongli', 'Xingqiu'], 'keywords_0': ['a', nan, 'c'], 'keywords_1': ['b', 'g', nan], 'keywords_2': [nan, nan, 'j'], 'keywords_3': ['d', nan, 'b']})\"", \""DataFrame({'users': ['Hu Tao', 'Zhongli', 'Xingqiu'], 'keywords_0': ['a', nan, 'c'], 'keywords_1': ['b', 'g', nan], 'keywords_2': [nan, nan, 'j'], 'keywords_3': ['d', nan, 'b'], 'keywords_all': ['a-b-d', 'g', 'c-j-b']})\"", \""<Execution Error: name 'result' is not defined>\""]]""}","
import pandas as pd
import numpy as np
df = test_input
result['keywords_all'] = df.dropna(axis=1).apply(lambda row: '-'.join(row), axis=1)
result = df
","
import pandas as pd
import numpy as np
df = test_input
<<<< [ERROR START] (dynamic: NameError)
result['keywords_all'] = df.dropna(axis=1).apply(lambda row: '-'.join(row), axis=1)
[ERROR FINISH] (dynamic: NameError) >>>>
result = df
",dynamic,dynamic: NameError,5-5
DS1000,hallucinated,DS0126,,,,"{""error_type"": ""NameError"", ""error_message"": ""name 'result' is not defined"", ""line_no"": ""5.0"", ""test_case"": ""[[\""DataFrame({'users': ['Hu Tao', 'Zhongli', 'Xingqiu'], 'keywords_0': ['a', nan, 'c'], 'keywords_1': ['d', 'e', nan], 'keywords_2': [nan, nan, 'b'], 'keywords_3': ['f', nan, 'g']})\"", \""DataFrame({'users': ['Hu Tao', 'Zhongli', 'Xingqiu'], 'keywords_0': ['a', nan, 'c'], 'keywords_1': ['d', 'e', nan], 'keywords_2': [nan, nan, 'b'], 'keywords_3': ['f', nan, 'g'], 'keywords_all': ['f-d-a', 'e', 'g-b-c']})\"", \""<Execution Error: name 'result' is not defined>\""], [\""DataFrame({'users': ['Hu Tao', 'Zhongli', 'Xingqiu'], 'keywords_0': ['a', nan, 'c'], 'keywords_1': ['b', 'g', nan], 'keywords_2': [nan, nan, 'j'], 'keywords_3': ['d', nan, 'b']})\"", \""DataFrame({'users': ['Hu Tao', 'Zhongli', 'Xingqiu'], 'keywords_0': ['a', nan, 'c'], 'keywords_1': ['b', 'g', nan], 'keywords_2': [nan, nan, 'j'], 'keywords_3': ['d', nan, 'b'], 'keywords_all': ['d-b-a', 'g', 'b-j-c']})\"", \""<Execution Error: name 'result' is not defined>\""]]""}","
import pandas as pd
import numpy as np
df = test_input
result['keywords_all'] = df.apply(lambda row: '-'.join(row.dropna()), axis=1)
result = df
","
import pandas as pd
import numpy as np
df = test_input
<<<< [ERROR START] (dynamic: NameError)
result['keywords_all'] = df.apply(lambda row: '-'.join(row.dropna()), axis=1)
[ERROR FINISH] (dynamic: NameError) >>>>
result = df
",dynamic,dynamic: NameError,5-5
DS1000,hallucinated,DS0132,"{""type"": ""IndentationError"", ""value"": 5, ""message"": ""expected an indented block after function definition on line 4 (<unknown>, line 5)""}",,,"{""error_type"": ""IndentationError"", ""error_message"": ""expected an indented block after function definition on line 4 (<string>, line 6)"", ""line_no"": ""2.0"", ""test_case"": ""[[\""DataFrame({'col1': [1, 3, 1, 1, 1], 'col2': [2, 4, 2, 4, 2]})\"", \""DataFrame({'col1': [1, 1], 'col2': [2, 2], 'index_original': [0, 0]})\"", \""<Execution Error: expected an indented block after function definition on line 4 (<string>, line 5)>\""], [\""DataFrame({'col1': [1, 3, 1, 1, 1], 'col2': [1, 1, 4, 9, 6]})\"", \""DataFrame({'col1': [], 'col2': [], 'index_original': []})\"", \""<Execution Error: expected an indented block after function definition on line 4 (<string>, line 5)>\""]]""}","
import pandas as pd
import numpy as np
def f(df):
result = df.assign(index_original=df.duplicated(subset=['col1', 'col2'], keep='first').cumsum())
df = test_input
result = f(df)
","
<<<< [ERROR START] (dynamic: IndentationError)
import pandas as pd
[ERROR FINISH] (dynamic: IndentationError) >>>>
import numpy as np
def f(df):
<<<< [ERROR START] (ast: IndentationError)
result = df.assign(index_original=df.duplicated(subset=['col1', 'col2'], keep='first').cumsum())
[ERROR FINISH] (ast: IndentationError) >>>>
df = test_input
result = f(df)
","ast,dynamic","ast: IndentationError,dynamic: IndentationError","5-5,2-2"
DS1000,hallucinated,DS0140,,,,"{""error_type"": ""ValueError"", ""error_message"": ""('Lengths must match to compare', (4,), (2,))"", ""line_no"": ""5.0"", ""test_case"": ""[[\""(  Category  Index\\n0      Foo      1\\n1      Bar      2\\n2      Cho      3\\n3      Foo      4, ['Foo', 'Bar'])\"", \""DataFrame({'Category': ['Cho'], 'Index': [3]})\"", \""<Execution Error: ('Lengths must match to compare', (4,), (2,))>\""], [\""(  Category  Index\\n0      Foo      1\\n1      Bar      2\\n2      Cho      3\\n3      Foo      4\\n4      Bar      5, ['Foo', 'Bar'])\"", \""DataFrame({'Category': ['Cho'], 'Index': [3]})\"", \""<Execution Error: ('Lengths must match to compare', (5,), (2,))>\""]]""}","
import pandas as pd
import numpy as np
df, filter_list = test_input
result = df[df['Category'] != filter_list]
","
import pandas as pd
import numpy as np
df, filter_list = test_input
<<<< [ERROR START] (dynamic: ValueError)
result = df[df['Category'] != filter_list]
[ERROR FINISH] (dynamic: ValueError) >>>>
",dynamic,dynamic: ValueError,5-5
DS1000,hallucinated,DS0141,,,,"{""error_type"": ""ValueError"", ""error_message"": ""id_vars must be a list of tuples when columns are a MultiIndex"", ""line_no"": ""5.0"", ""test_case"": ""[[\""DataFrame({('A', 'B', 'E'): ['a', 'b', 'c'], ('A', 'B', 'F'): [1, 3, 5], ('A', 'C', 'G'): [2, 4, 6], ('A', 'C', 'H'): [3, 6, 2], ('A', 'D', 'I'): [7, 2, 3], ('A', 'D', 'J'): [2, 9, 5]})\"", \""DataFrame({'variable_0': ['A', 'A', 'A', 'A', 'A', 'A', 'A', 'A', 'A', 'A', 'A', 'A', 'A', 'A', 'A', 'A', 'A', 'A'], 'variable_1': ['B', 'B', 'B', 'B', 'B', 'B', 'C', 'C', 'C', 'C', 'C', 'C', 'D', 'D', 'D', 'D', 'D', 'D'], 'variable_2': ['E', 'E', 'E', 'F', 'F', 'F', 'G', 'G', 'G', 'H', 'H', 'H', 'I', 'I', 'I', 'J', 'J', 'J'], 'value': ['a', 'b', 'c', 1, 3, 5, 2, 4, 6, 3, 6, 2, 7, 2, 3, 2, 9, 5]})\"", \""<Execution Error: id_vars must be a list of tuples when columns are a MultiIndex>\""], [\""DataFrame({('A', 'B', 'D', 'G'): ['a', 'b', 'c'], ('A', 'B', 'D', 'H'): [1, 3, 5], ('A', 'B', 'E', 'I'): [2, 4, 6], ('A', 'C', 'E', 'J'): [3, 6, 2], ('A', 'C', 'F', 'K'): [7, 2, 3], ('A', 'C', 'F', 'L'): [2, 9, 5]})\"", \""DataFrame({'variable_0': ['A', 'A', 'A', 'A', 'A', 'A', 'A', 'A', 'A', 'A', 'A', 'A', 'A', 'A', 'A', 'A', 'A', 'A'], 'variable_1': ['B', 'B', 'B', 'B', 'B', 'B', 'B', 'B', 'B', 'C', 'C', 'C', 'C', 'C', 'C', 'C', 'C', 'C'], 'variable_2': ['D', 'D', 'D', 'D', 'D', 'D', 'E', 'E', 'E', 'E', 'E', 'E', 'F', 'F', 'F', 'F', 'F', 'F'], 'variable_3': ['G', 'G', 'G', 'H', 'H', 'H', 'I', 'I', 'I', 'J', 'J', 'J', 'K', 'K', 'K', 'L', 'L', 'L'], 'value': ['a', 'b', 'c', 1, 3, 5, 2, 4, 6, 3, 6, 2, 7, 2, 3, 2, 9...[truncated]\"", \""<Execution Error: id_vars must be a list of tuples when columns are a MultiIndex>\""]]""}","
import pandas as pd
import numpy as np
df = test_input
result = df.melt(id_vars=df.columns[:3], var_name='level_1', value_name='value')
","
import pandas as pd
import numpy as np
df = test_input
<<<< [ERROR START] (dynamic: ValueError)
result = df.melt(id_vars=df.columns[:3], var_name='level_1', value_name='value')
[ERROR FINISH] (dynamic: ValueError) >>>>
",dynamic,dynamic: ValueError,5-5
DS1000,hallucinated,DS0142,,,,"{""error_type"": ""KeyError"", ""error_message"": ""\""The following id_vars or value_vars are not present in the DataFrame: ['A', 'B', 'E']\"""", ""line_no"": ""5.0"", ""test_case"": ""[[\""DataFrame({('A', 'B', 'E'): ['a', 'b', 'c'], ('A', 'B', 'F'): [1, 3, 5], ('A', 'C', 'G'): [2, 4, 6], ('A', 'C', 'H'): [3, 6, 2], ('A', 'D', 'I'): [7, 2, 3], ('A', 'D', 'J'): [2, 9, 5]})\"", \""DataFrame({'variable_0': ['E', 'E', 'E', 'F', 'F', 'F', 'G', 'G', 'G', 'H', 'H', 'H', 'I', 'I', 'I', 'J', 'J', 'J'], 'variable_1': ['B', 'B', 'B', 'B', 'B', 'B', 'C', 'C', 'C', 'C', 'C', 'C', 'D', 'D', 'D', 'D', 'D', 'D'], 'variable_2': ['A', 'A', 'A', 'A', 'A', 'A', 'A', 'A', 'A', 'A', 'A', 'A', 'A', 'A', 'A', 'A', 'A', 'A'], 'value': ['a', 'b', 'c', 1, 3, 5, 2, 4, 6, 3, 6, 2, 7, 2, 3, 2, 9, 5]})\"", \""<Execution Error: \\\""The following id_vars or value_vars are not present in the DataFrame: ['A', 'B', 'E']\\\"">\""], [\""DataFrame({('A', 'B', 'D', 'G'): ['a', 'b', 'c'], ('A', 'B', 'D', 'H'): [1, 3, 5], ('A', 'B', 'E', 'I'): [2, 4, 6], ('A', 'C', 'E', 'J'): [3, 6, 2], ('A', 'C', 'F', 'K'): [7, 2, 3], ('A', 'C', 'F', 'L'): [2, 9, 5]})\"", \""DataFrame({'variable_0': ['G', 'G', 'G', 'H', 'H', 'H', 'I', 'I', 'I', 'J', 'J', 'J', 'K', 'K', 'K', 'L', 'L', 'L'], 'variable_1': ['D', 'D', 'D', 'D', 'D', 'D', 'E', 'E', 'E', 'E', 'E', 'E', 'F', 'F', 'F', 'F', 'F', 'F'], 'variable_2': ['B', 'B', 'B', 'B', 'B', 'B', 'B', 'B', 'B', 'C', 'C', 'C', 'C', 'C', 'C', 'C', 'C', 'C'], 'variable_3': ['A', 'A', 'A', 'A', 'A', 'A', 'A', 'A', 'A', 'A', 'A', 'A', 'A', 'A', 'A', 'A', 'A', 'A'], 'value': ['a', 'b', 'c', 1, 3, 5, 2, 4, 6, 3, 6, 2, 7, 2, 3, 2, 9...[truncated]\"", \""<Execution Error: \\\""The following id_vars or value_vars are not present in the DataFrame: ['A', 'B', 'E']\\\"">\""]]""}","
import pandas as pd
import numpy as np
df = test_input
result = df.melt(id_vars=[list('AAAAAA')[0], list('BBCCDD')[0], list('EFGHIJ')[0]], var_name='variable_0', value_name='value')
","
import pandas as pd
import numpy as np
df = test_input
<<<< [ERROR START] (dynamic: KeyError)
result = df.melt(id_vars=[list('AAAAAA')[0], list('BBCCDD')[0], list('EFGHIJ')[0]], var_name='variable_0', value_name='value')
[ERROR FINISH] (dynamic: KeyError) >>>>
",dynamic,dynamic: KeyError,5-5
DS1000,hallucinated,DS0144,,,,"{""error_type"": ""NameError"", ""error_message"": ""name 'result' is not defined"", ""line_no"": ""5.0"", ""test_case"": ""[[\""DataFrame({'id': ['A', 'B', 'A', 'C', 'D', 'B', 'C'], 'val': [1, 2, -3, 1, 5, 6, -2], 'stuff': ['12', '23232', '13', '1234', '3235', '3236', '732323']})\"", \""DataFrame({'id': ['A', 'B', 'A', 'C', 'D', 'B', 'C'], 'val': [1, 2, -3, 1, 5, 6, -2], 'stuff': ['12', '23232', '13', '1234', '3235', '3236', '732323'], 'cumsum': [1, 2, -2, 1, 5, 8, -1]})\"", \""<Execution Error: name 'result' is not defined>\""], [\""DataFrame({'id': ['A', 'B', 'A', 'B', 'A', 'B', 'A', 'B', 'A', 'B', 'A', 'B', 'A', 'B', 'A', 'B', 'A', 'B', 'A', 'B', 'C', 'C', 'C', 'C', 'C', 'C', 'C', 'C', 'C', 'C'], 'val': [98, 67, 28, 49, 5, 4, 14, 12, 35, 50, 52, 22, 47, 53, 92, 50, 18, 81, 84, 51, 90, 8, 84, 24, 24, 69, 59, 23, 43, 34]})\"", \""DataFrame({'id': ['A', 'B', 'A', 'B', 'A', 'B', 'A', 'B', 'A', 'B', 'A', 'B', 'A', 'B', 'A', 'B', 'A', 'B', 'A', 'B', 'C', 'C', 'C', 'C', 'C', 'C', 'C', 'C', 'C', 'C'], 'val': [98, 67, 28, 49, 5, 4, 14, 12, 35, 50, 52, 22, 47, 53, 92, 50, 18, 81, 84, 51, 90, 8, 84, 24, 24, 69, 59, 23, 43, 34], 'cumsum': [98, 67, 126, 116, 131, 120, 145, 132, 180, 182, 232, 204, 279, 257, 371, 307, 389, 388, 473, 439, 90, 98, 182, 206, 230, 299, 358, 381, 424, 458]})\"", \""<Execution Error: name 'result' is not defined>\""], [\""DataFrame({'id': ['C', 'D', 'E', 'B', 'E', 'E', 'D', 'C', 'E', 'A', 'E', 'C', 'E', 'C', 'E', 'B', 'E', 'A', 'C', 'D', 'D', 'C', 'A', 'C', 'E', 'A', 'A', 'D', 'D', 'C', 'A', 'C', 'C', 'C', 'C', 'D', 'D', 'C', 'D', 'D', 'E', 'B', 'C', 'B', 'B', 'B', 'D', 'E', 'C', 'E', 'E', 'C', 'E', 'B', 'B', 'B', 'E', 'D', 'B', 'B', 'C', 'B', 'D', 'D', 'B', 'C', 'A', 'A', 'E', 'B', 'E', 'B', 'D', 'B', 'D', 'D', 'D', 'E', 'C', 'B', 'B', 'D', 'D', 'D', 'B', 'A', 'B', 'C', 'D', 'C', 'C', 'C', 'B', 'B', 'B', 'D', 'A...[truncated]\"", \""DataFrame({'id': ['C', 'D', 'E', 'B', 'E', 'E', 'D', 'C', 'E', 'A', 'E', 'C', 'E', 'C', 'E', 'B', 'E', 'A', 'C', 'D', 'D', 'C', 'A', 'C', 'E', 'A', 'A', 'D', 'D', 'C', 'A', 'C', 'C', 'C', 'C', 'D', 'D', 'C', 'D', 'D', 'E', 'B', 'C', 'B', 'B', 'B', 'D', 'E', 'C', 'E', 'E', 'C', 'E', 'B', 'B', 'B', 'E', 'D', 'B', 'B', 'C', 'B', 'D', 'D', 'B', 'C', 'A', 'A', 'E', 'B', 'E', 'B', 'D', 'B', 'D', 'D', 'D', 'E', 'C', 'B', 'B', 'D', 'D', 'D', 'B', 'A', 'B', 'C', 'D', 'C', 'C', 'C', 'B', 'B', 'B', 'D', 'A...[truncated]\"", \""<Execution Error: name 'result' is not defined>\""]]""}","
import pandas as pd
import numpy as np
df = test_input
result['cumsum'] = df.groupby('id')['val'].cumsum()
result=df
","
import pandas as pd
import numpy as np
df = test_input
<<<< [ERROR START] (dynamic: NameError)
result['cumsum'] = df.groupby('id')['val'].cumsum()
[ERROR FINISH] (dynamic: NameError) >>>>
result=df
",dynamic,dynamic: NameError,5-5
DS1000,hallucinated,DS0156,,,,"{""error_type"": ""NameError"", ""error_message"": ""name 'df' is not defined"", ""line_no"": ""5.0"", ""test_case"": ""[[\""Series({'2016-10-31': '2,144.78', '2016-07-31': '2,036.62', '2016-04-30': '1,916.60', '2016-01-31': '6,667.22', '2015-10-31': '1,711.97', '2015-01-31': '5,373.59', '2014-01-31': '4,071.00', '2013-01-31': '3,050.20', '2016-09-30': '-0.06', '2016-06-30': '-1.88', '2016-03-31': '', '2015-12-31': '-0.14', '2015-09-30': '', '2014-12-31': '0.07', '2013-12-31': '0', '2012-12-31': '0'})\"", \""Series({'2016-10-31': 2144.78, '2016-07-31': 2036.62, '2016-04-30': 1916.6, '2016-01-31': 6667.22, '2015-10-31': 1711.97, '2015-01-31': 5373.59, '2014-01-31': 4071.0, '2013-01-31': 3050.2, '2016-09-30': -0.06, '2016-06-30': -1.88, '2016-03-31': nan, '2015-12-31': -0.14, '2015-09-30': nan, '2014-12-31': 0.07, '2013-12-31': 0.0, '2012-12-31': 0.0})\"", \""<Execution Error: name 'df' is not defined>\""], [\""Series({'2026-10-31': '2,144.78', '2026-07-31': '2,036.62', '2026-04-30': '1,916.60', '2026-01-31': '6,667.22', '2025-10-31': '1,711.97', '2025-01-31': '5,373.59', '2024-01-31': '4,071.00', '2023-01-31': '3,050.20', '2026-09-30': '-0.06', '2026-06-30': '-1.88', '2026-03-31': '', '2025-12-31': '-0.14', '2025-09-30': '', '2024-12-31': '0.07', '2023-12-31': '0', '2022-12-31': '0'})\"", \""Series({'2026-10-31': 2144.78, '2026-07-31': 2036.62, '2026-04-30': 1916.6, '2026-01-31': 6667.22, '2025-10-31': 1711.97, '2025-01-31': 5373.59, '2024-01-31': 4071.0, '2023-01-31': 3050.2, '2026-09-30': -0.06, '2026-06-30': -1.88, '2026-03-31': nan, '2025-12-31': -0.14, '2025-09-30': nan, '2024-12-31': 0.07, '2023-12-31': 0.0, '2022-12-31': 0.0})\"", \""<Execution Error: name 'df' is not defined>\""]]""}","
import pandas as pd
import numpy as np
s = test_input
result = df.applymap(lambda x: float(x.replace(',', '')) if isinstance(x, str) else x)
","
import pandas as pd
import numpy as np
s = test_input
<<<< [ERROR START] (dynamic: NameError)
result = df.applymap(lambda x: float(x.replace(',', '')) if isinstance(x, str) else x)
[ERROR FINISH] (dynamic: NameError) >>>>
",dynamic,dynamic: NameError,5-5
DS1000,hallucinated,DS0159,,,,"{""error_type"": ""TypeError"", ""error_message"": ""DataFrame.groupby() got an unexpected keyword argument 'axis'"", ""line_no"": ""5.0"", ""test_case"": ""[[\""DataFrame({'Survived': [0, 1, 1, 1, 0], 'SibSp': [1, 1, 0, 1, 0], 'Parch': [0, 0, 0, 0, 1]})\"", \""Series({'New Family': 0.0, 'No Family': 1.0, 'Old Family': 0.6666666666666666})\"", \""<Execution Error: DataFrame.groupby() got an unexpected keyword argument 'axis'>\""], [\""DataFrame({'Survived': [1, 0, 0, 0, 1], 'SibSp': [0, 0, 1, 0, 1], 'Parch': [1, 1, 1, 1, 0]})\"", \""Series({'Has Family': 0.0, 'New Family': 0.3333333333333333, 'Old Family': 1.0})\"", \""<Execution Error: DataFrame.groupby() got an unexpected keyword argument 'axis'>\""]]""}","
import pandas as pd
import numpy as np
df = test_input
result = df.groupby((df['SibSp'] == 1) & (df['Parch'] == 1), axis=0).mean().rename('Has Family')
result = result.append(df.groupby((df['SibSp'] == 0) & (df['Parch'] == 0), axis=0).mean().rename('No Family'))
result = result.append(df.groupby((df['SibSp'] == 0) & (df['Parch'] == 1), axis=0).mean().rename('New Family'))
result = result.append(df.groupby((df['SibSp'] == 1) & (df['Parch'] == 0), axis=0).mean().rename('Old Family'))
","
import pandas as pd
import numpy as np
df = test_input
<<<< [ERROR START] (dynamic: TypeError)
result = df.groupby((df['SibSp'] == 1) & (df['Parch'] == 1), axis=0).mean().rename('Has Family')
[ERROR FINISH] (dynamic: TypeError) >>>>
result = result.append(df.groupby((df['SibSp'] == 0) & (df['Parch'] == 0), axis=0).mean().rename('No Family'))
result = result.append(df.groupby((df['SibSp'] == 0) & (df['Parch'] == 1), axis=0).mean().rename('New Family'))
result = result.append(df.groupby((df['SibSp'] == 1) & (df['Parch'] == 0), axis=0).mean().rename('Old Family'))
",dynamic,dynamic: TypeError,5-5
DS1000,hallucinated,DS0168,,,,"{""error_type"": ""NameError"", ""error_message"": ""name 'result' is not defined"", ""line_no"": ""5.0"", ""test_case"": ""[[\""DataFrame({'a': [1, 1, 1, 2, 2, 2, 3, 3, 3], 'b': [12, 13, 23, 22, 23, 24, 30, 35, 55]})\"", \""DataFrame({'a': [1, 1, 1, 2, 2, 2, 3, 3, 3], 'b': [12, 13, 23, 22, 23, 24, 30, 35, 55], 'softmax': [1.670066365180157e-05, 4.539711052789868e-05, 0.9999379022258204, 0.09003057317038046, 0.24472847105479767, 0.6652409557748218, 1.3887943836145961e-11, 2.0611536181615783e-09, 0.9999999979249585], 'min-max': [0.0, 0.09090909090909091, 1.0, 0.0, 0.5, 1.0, 0.0, 0.2, 1.0]})\"", \""<Execution Error: name 'result' is not defined>\""], [\""DataFrame({'a': [4, 4, 4, 5, 5, 5, 6, 6, 6], 'b': [12, 13, 23, 22, 23, 24, 30, 35, 55]})\"", \""DataFrame({'a': [4, 4, 4, 5, 5, 5, 6, 6, 6], 'b': [12, 13, 23, 22, 23, 24, 30, 35, 55], 'softmax': [1.670066365180157e-05, 4.539711052789868e-05, 0.9999379022258204, 0.09003057317038046, 0.24472847105479767, 0.6652409557748218, 1.3887943836145961e-11, 2.0611536181615783e-09, 0.9999999979249585], 'min-max': [0.0, 0.09090909090909091, 1.0, 0.0, 0.5, 1.0, 0.0, 0.2, 1.0]})\"", \""<Execution Error: name 'result' is not defined>\""]]""}","
import pandas as pd
import numpy as np
df = test_input
result['softmax'] = df.groupby('a')['b'].apply(lambda x: np.exp(x - x.max()) / np.sum(np.exp(x - x.max())))
result['min-max'] = df.groupby('a')['b'].transform(lambda x: (x - x.min()) / (x.max() - x.min()))
result = df
","
import pandas as pd
import numpy as np
df = test_input
<<<< [ERROR START] (dynamic: NameError)
result['softmax'] = df.groupby('a')['b'].apply(lambda x: np.exp(x - x.max()) / np.sum(np.exp(x - x.max())))
[ERROR FINISH] (dynamic: NameError) >>>>
result['min-max'] = df.groupby('a')['b'].transform(lambda x: (x - x.min()) / (x.max() - x.min()))
result = df
",dynamic,dynamic: NameError,5-5
DS1000,hallucinated,DS0174,,,,"{""error_type"": ""KeyError"", ""error_message"": ""'value'"", ""line_no"": ""5.0"", ""test_case"": ""[[\""Series({'146tf150p': 1.0, 'havent': 1.0, 'home': 1.0, 'okie': 1.0, 'thanx': 1.0, 'er': 1.0, 'anything': 1.0, 'lei': 1.0, 'nite': 1.0, 'yup': 1.0, 'thank': 1.0, 'ok': 1.0, 'where': 1.0, 'beerage': 1.0, 'anytime': 1.0, 'too': 1.0, 'done': 1.0, '645': 1.0, 'tick': 0.98, 'blank': 0.93})\"", \""DataFrame({'index': ['blank', 'tick', '146tf150p', '645', 'anything', 'anytime', 'beerage', 'done', 'er', 'havent', 'home', 'lei', 'nite', 'ok', 'okie', 'thank', 'thanx', 'too', 'where', 'yup'], 1: [0.93, 0.98, 1.0, 1.0, 1.0, 1.0, 1.0, 1.0, 1.0, 1.0, 1.0, 1.0, 1.0, 1.0, 1.0, 1.0, 1.0, 1.0, 1.0, 1.0]})\"", \""<Execution Error: 'value'>\""], [\""Series({'146tf150p': 1.0, 'havent': 1.0, 'homo': 1.0, 'okie': 1.0, 'thanx': 1.0, 'er': 1.0, 'anything': 1.0, 'lei': 0.86, 'nite': 1.0, 'yup': 1.0, 'thank': 1.0, 'ok': 1.0, 'where': 1.0, 'beerage': 1.0, 'anytime': 1.0, 'too': 1.0, 'done': 1.0, '645': 1.0, 'tick': 0.98, 'blank': 0.93})\"", \""DataFrame({'index': ['lei', 'blank', 'tick', '146tf150p', '645', 'anything', 'anytime', 'beerage', 'done', 'er', 'havent', 'homo', 'nite', 'ok', 'okie', 'thank', 'thanx', 'too', 'where', 'yup'], 1: [0.86, 0.93, 0.98, 1.0, 1.0, 1.0, 1.0, 1.0, 1.0, 1.0, 1.0, 1.0, 1.0, 1.0, 1.0, 1.0, 1.0, 1.0, 1.0, 1.0]})\"", \""<Execution Error: 'value'>\""]]""}","
import pandas as pd
import numpy as np
s = test_input
df = s.reset_index().sort_values(by=['index', 'value'], ascending=[True, True])
result = df
","
import pandas as pd
import numpy as np
s = test_input
<<<< [ERROR START] (dynamic: KeyError)
df = s.reset_index().sort_values(by=['index', 'value'], ascending=[True, True])
[ERROR FINISH] (dynamic: KeyError) >>>>
result = df
",dynamic,dynamic: KeyError,5-5
DS1000,hallucinated,DS0181,,,,"{""error_type"": ""AttributeError"", ""error_message"": ""module 'numpy' has no attribute 'NAN'"", ""line_no"": ""6.0"", ""test_case"": """"}","
import pandas as pd
import numpy as np
dict, df = test_input
df['Date'] = df['Member'].map(dict).fillna(np.nan)
result = df
","
import pandas as pd
import numpy as np
dict, df = test_input
df['Date'] = df['Member'].map(dict).fillna(np.nan)
<<<< [ERROR START] (dynamic: AttributeError)
result = df
[ERROR FINISH] (dynamic: AttributeError) >>>>
",dynamic,dynamic: AttributeError,6-6
DS1000,hallucinated,DS0182,,,,"{""error_type"": ""AttributeError"", ""error_message"": ""module 'numpy' has no attribute 'NAN'"", ""line_no"": ""6.0"", ""test_case"": """"}","
import pandas as pd
import numpy as np
dict, df = test_input
df['Date'] = df['Member'].map(dict).fillna('17/8/1926')
result = df
","
import pandas as pd
import numpy as np
dict, df = test_input
df['Date'] = df['Member'].map(dict).fillna('17/8/1926')
<<<< [ERROR START] (dynamic: AttributeError)
result = df
[ERROR FINISH] (dynamic: AttributeError) >>>>
",dynamic,dynamic: AttributeError,6-6
DS1000,hallucinated,DS0183,"{""type"": ""IndentationError"", ""value"": 5, ""message"": ""expected an indented block after function definition on line 4 (<unknown>, line 5)""}",,,"{""error_type"": ""AttributeError"", ""error_message"": ""module 'numpy' has no attribute 'NAN'"", ""line_no"": ""6.0"", ""test_case"": """"}","
import pandas as pd
import numpy as np
def f(dict, df):
df['Date'] = df['Member'].map(dict).fillna(df['Member'])
dict, df = test_input
result = f(dict, df)
","
import pandas as pd
import numpy as np
def f(dict, df):
<<<< [ERROR START] (ast: IndentationError)
df['Date'] = df['Member'].map(dict).fillna(df['Member'])
[ERROR FINISH] (ast: IndentationError) >>>>
<<<< [ERROR START] (dynamic: AttributeError)
dict, df = test_input
[ERROR FINISH] (dynamic: AttributeError) >>>>
result = f(dict, df)
","ast,dynamic","ast: IndentationError,dynamic: AttributeError","5-5,6-6"
DS1000,hallucinated,DS0184,,,,"{""error_type"": ""AttributeError"", ""error_message"": ""module 'numpy' has no attribute 'NAN'"", ""line_no"": ""6.0"", ""test_case"": """"}","
import pandas as pd
import numpy as np
dict, df = test_input
df['Date'] = df['Member'].map(dict).fillna('17-Aug-1926').dt.strftime('%d-%b-%Y')
result = df
","
import pandas as pd
import numpy as np
dict, df = test_input
df['Date'] = df['Member'].map(dict).fillna('17-Aug-1926').dt.strftime('%d-%b-%Y')
<<<< [ERROR START] (dynamic: AttributeError)
result = df
[ERROR FINISH] (dynamic: AttributeError) >>>>
",dynamic,dynamic: AttributeError,6-6
DS1000,hallucinated,DS0185,,,,"{""error_type"": ""AttributeError"", ""error_message"": ""Can only use .dt accessor with datetimelike values"", ""line_no"": ""5.0"", ""test_case"": ""[[\""DataFrame({'Date': ['1/1/18', '1/1/18', '2/1/18', '3/1/18', '1/2/18', '1/3/18', '2/1/19', '3/1/19'], 'Val': ['A', 'B', 'C', 'D', 'A', 'B', 'C', 'D']})\"", \""DataFrame({'Date': [Timestamp('2018-01-01 00:00:00'), Timestamp('2018-01-01 00:00:00'), Timestamp('2018-01-02 00:00:00'), Timestamp('2018-01-03 00:00:00'), Timestamp('2018-02-01 00:00:00'), Timestamp('2018-03-01 00:00:00'), Timestamp('2019-01-02 00:00:00'), Timestamp('2019-01-03 00:00:00')], 'Val': ['A', 'B', 'C', 'D', 'A', 'B', 'C', 'D'], 'Count_d': [2, 2, 1, 1, 1, 1, 1, 1], 'Count_m': [4, 4, 4, 4, 1, 1, 2, 2], 'Count_y': [6, 6, 6, 6, 6, 6, 2, 2]})\"", \""<Execution Error: Can only use .dt accessor with datetimelike values>\""], [\""DataFrame({'Date': ['1/1/19', '1/1/19', '2/1/19', '3/1/19', '1/2/19', '1/3/19', '2/1/20', '3/1/20'], 'Val': ['A', 'B', 'C', 'D', 'A', 'B', 'C', 'D']})\"", \""DataFrame({'Date': [Timestamp('2019-01-01 00:00:00'), Timestamp('2019-01-01 00:00:00'), Timestamp('2019-01-02 00:00:00'), Timestamp('2019-01-03 00:00:00'), Timestamp('2019-02-01 00:00:00'), Timestamp('2019-03-01 00:00:00'), Timestamp('2020-01-02 00:00:00'), Timestamp('2020-01-03 00:00:00')], 'Val': ['A', 'B', 'C', 'D', 'A', 'B', 'C', 'D'], 'Count_d': [2, 2, 1, 1, 1, 1, 1, 1], 'Count_m': [4, 4, 4, 4, 1, 1, 2, 2], 'Count_y': [6, 6, 6, 6, 6, 6, 2, 2]})\"", \""<Execution Error: Can only use .dt accessor with datetimelike values>\""]]""}","
import pandas as pd
import numpy as np
df = test_input
result = df.groupby([df['Date'].dt.year.rename('year'), df['Date'].dt.month.rename('month')]).agg({'Val': 'count', 'Date': 'first'}).reset_index()
result.columns = ['Date', 'Val', 'Count_d', 'Count_m']
result = df
","
import pandas as pd
import numpy as np
df = test_input
<<<< [ERROR START] (dynamic: AttributeError)
result = df.groupby([df['Date'].dt.year.rename('year'), df['Date'].dt.month.rename('month')]).agg({'Val': 'count', 'Date': 'first'}).reset_index()
[ERROR FINISH] (dynamic: AttributeError) >>>>
result.columns = ['Date', 'Val', 'Count_d', 'Count_m']
result = df
",dynamic,dynamic: AttributeError,5-5
DS1000,hallucinated,DS0186,,,,"{""error_type"": ""AttributeError"", ""error_message"": ""Can only use .dt accessor with datetimelike values"", ""line_no"": ""5.0"", ""test_case"": ""[[\""DataFrame({'Date': ['1/1/18', '1/1/18', '1/1/18', '2/1/18', '3/1/18', '1/2/18', '1/3/18', '2/1/19', '3/1/19'], 'Val': ['A', 'A', 'B', 'C', 'D', 'A', 'B', 'C', 'D']})\"", \""DataFrame({'Date': [Timestamp('2018-01-01 00:00:00'), Timestamp('2018-01-01 00:00:00'), Timestamp('2018-01-01 00:00:00'), Timestamp('2018-01-02 00:00:00'), Timestamp('2018-01-03 00:00:00'), Timestamp('2018-02-01 00:00:00'), Timestamp('2018-03-01 00:00:00'), Timestamp('2019-01-02 00:00:00'), Timestamp('2019-01-03 00:00:00')], 'Val': ['A', 'A', 'B', 'C', 'D', 'A', 'B', 'C', 'D'], 'Count_d': [3, 3, 3, 1, 1, 1, 1, 1, 1], 'Count_m': [5, 5, 5, 5, 5, 1, 1, 2, 2], 'Count_y': [7, 7, 7, 7, 7, 7, 7, 2, 2],...[truncated]\"", \""<Execution Error: Can only use .dt accessor with datetimelike values>\""], [\""DataFrame({'Date': ['1/1/19', '1/1/19', '1/1/19', '2/1/19', '3/1/19', '1/2/19', '1/3/19', '2/1/20', '3/1/20'], 'Val': ['A', 'A', 'B', 'C', 'D', 'A', 'B', 'C', 'D']})\"", \""DataFrame({'Date': [Timestamp('2019-01-01 00:00:00'), Timestamp('2019-01-01 00:00:00'), Timestamp('2019-01-01 00:00:00'), Timestamp('2019-01-02 00:00:00'), Timestamp('2019-01-03 00:00:00'), Timestamp('2019-02-01 00:00:00'), Timestamp('2019-03-01 00:00:00'), Timestamp('2020-01-02 00:00:00'), Timestamp('2020-01-03 00:00:00')], 'Val': ['A', 'A', 'B', 'C', 'D', 'A', 'B', 'C', 'D'], 'Count_d': [3, 3, 3, 1, 1, 1, 1, 1, 1], 'Count_m': [5, 5, 5, 5, 5, 1, 1, 2, 2], 'Count_y': [7, 7, 7, 7, 7, 7, 7, 2, 2],...[truncated]\"", \""<Execution Error: Can only use .dt accessor with datetimelike values>\""]]""}","
import pandas as pd
import numpy as np
df = test_input
result = df.groupby([df['Date'].dt.year.rename('year'), df['Date'].dt.month.rename('month'), df['Val']])['Date'].count().reset_index(name='Count_d')
result = result.merge(df.groupby([df['Date'].dt.year.rename('year'), df['Date'].dt.month.rename('month')])['Date'].count().reset_index(name='Count_m'), on=['year', 'month'])
result = result.merge(df.groupby([df['Date'].dt.year.rename('year'), df['Date'].dt.month.rename('month')])['Date'].count().reset_index(name='Count_y'), on=['year', 'month'])
result = result.merge(df.groupby(['Val'])['Date'].count().reset_index(name='Count_Val'), on='Val')
result = df
","
import pandas as pd
import numpy as np
df = test_input
<<<< [ERROR START] (dynamic: AttributeError)
result = df.groupby([df['Date'].dt.year.rename('year'), df['Date'].dt.month.rename('month'), df['Val']])['Date'].count().reset_index(name='Count_d')
[ERROR FINISH] (dynamic: AttributeError) >>>>
result = result.merge(df.groupby([df['Date'].dt.year.rename('year'), df['Date'].dt.month.rename('month')])['Date'].count().reset_index(name='Count_m'), on=['year', 'month'])
result = result.merge(df.groupby([df['Date'].dt.year.rename('year'), df['Date'].dt.month.rename('month')])['Date'].count().reset_index(name='Count_y'), on=['year', 'month'])
result = result.merge(df.groupby(['Val'])['Date'].count().reset_index(name='Count_Val'), on='Val')
result = df
",dynamic,dynamic: AttributeError,5-5
DS1000,hallucinated,DS0187,,,,"{""error_type"": ""AttributeError"", ""error_message"": ""Can only use .dt accessor with datetimelike values"", ""line_no"": ""5.0"", ""test_case"": ""[[\""DataFrame({'Date': ['1/1/18', '1/1/18', '1/1/18', '2/1/18', '3/1/18', '1/2/18', '1/3/18', '2/1/19', '3/1/19'], 'Val': ['A', 'A', 'B', 'C', 'D', 'A', 'B', 'C', 'D']})\"", \""DataFrame({'Date': [Timestamp('2018-01-01 00:00:00'), Timestamp('2018-01-01 00:00:00'), Timestamp('2018-01-01 00:00:00'), Timestamp('2018-01-02 00:00:00'), Timestamp('2018-01-03 00:00:00'), Timestamp('2018-02-01 00:00:00'), Timestamp('2018-03-01 00:00:00'), Timestamp('2019-01-02 00:00:00'), Timestamp('2019-01-03 00:00:00')], 'Val': ['A', 'A', 'B', 'C', 'D', 'A', 'B', 'C', 'D'], 'Count_d': [3, 3, 3, 1, 1, 1, 1, 1, 1], 'Count_m': [5, 5, 5, 5, 5, 1, 1, 2, 2], 'Count_y': [7, 7, 7, 7, 7, 7, 7, 2, 2],...[truncated]\"", \""<Execution Error: Can only use .dt accessor with datetimelike values>\""], [\""DataFrame({'Date': ['1/1/19', '1/1/19', '1/1/19', '2/1/19', '3/1/19', '1/2/19', '1/3/19', '2/1/20', '3/1/20'], 'Val': ['A', 'A', 'B', 'C', 'D', 'A', 'B', 'C', 'D']})\"", \""DataFrame({'Date': [Timestamp('2019-01-01 00:00:00'), Timestamp('2019-01-01 00:00:00'), Timestamp('2019-01-01 00:00:00'), Timestamp('2019-01-02 00:00:00'), Timestamp('2019-01-03 00:00:00'), Timestamp('2019-02-01 00:00:00'), Timestamp('2019-03-01 00:00:00'), Timestamp('2020-01-02 00:00:00'), Timestamp('2020-01-03 00:00:00')], 'Val': ['A', 'A', 'B', 'C', 'D', 'A', 'B', 'C', 'D'], 'Count_d': [3, 3, 3, 1, 1, 1, 1, 1, 1], 'Count_m': [5, 5, 5, 5, 5, 1, 1, 2, 2], 'Count_y': [7, 7, 7, 7, 7, 7, 7, 2, 2],...[truncated]\"", \""<Execution Error: Can only use .dt accessor with datetimelike values>\""]]""}","
import pandas as pd
import numpy as np
df = test_input
result = df.groupby([df['Date'].dt.year.rename('year'), df['Date'].dt.month.rename('month'), df['Date'].dt.weekday.rename('weekday')]).agg({'Val': 'count', 'Date': 'first'}).reset_index()
result.columns = ['Date', 'Val', 'Count_d', 'Count_m', 'Count_y', 'Count_w']
result = df
","
import pandas as pd
import numpy as np
df = test_input
<<<< [ERROR START] (dynamic: AttributeError)
result = df.groupby([df['Date'].dt.year.rename('year'), df['Date'].dt.month.rename('month'), df['Date'].dt.weekday.rename('weekday')]).agg({'Val': 'count', 'Date': 'first'}).reset_index()
[ERROR FINISH] (dynamic: AttributeError) >>>>
result.columns = ['Date', 'Val', 'Count_d', 'Count_m', 'Count_y', 'Count_w']
result = df
",dynamic,dynamic: AttributeError,5-5
DS1000,hallucinated,DS0188,,,,"{""error_type"": ""TypeError"", ""error_message"": ""DataFrame.reset_index() got an unexpected keyword argument 'name'. Did you mean 'names'?"", ""line_no"": ""5.0"", ""test_case"": ""[[\""DataFrame({'Date': ['20.07.2018', '20.07.2018', '21.07.2018', '21.07.2018'], 'B': [10, 1, 0, 1], 'C': [8, 0, 1, 0]})\"", \""(            B  C\\nDate            \\n20.07.2018  0  1\\n21.07.2018  1  1,             B  C\\nDate            \\n20.07.2018  2  1\\n21.07.2018  1  1)\"", \""<Execution Error: DataFrame.reset_index() got an unexpected keyword argument 'name'. Did you mean 'names'?>\""], [\""DataFrame({'Date': ['20.07.2019', '20.07.2019', '21.07.2019', '21.07.2019'], 'B': [10, 1, 0, 1], 'C': [8, 0, 1, 0]})\"", \""(            B  C\\nDate            \\n20.07.2019  0  1\\n21.07.2019  1  1,             B  C\\nDate            \\n20.07.2019  2  1\\n21.07.2019  1  1)\"", \""<Execution Error: DataFrame.reset_index() got an unexpected keyword argument 'name'. Did you mean 'names'?>\""]]""}","
import pandas as pd
import numpy as np
df = test_input
result = df.groupby('Date').apply(lambda x: x.eq(0).sum()).reset_index(name='B')
result['C'] = df.groupby('Date').apply(lambda x: x.ne(0).sum()).reset_index(name='C')
result = (result1, result2)
","
import pandas as pd
import numpy as np
df = test_input
<<<< [ERROR START] (dynamic: TypeError)
result = df.groupby('Date').apply(lambda x: x.eq(0).sum()).reset_index(name='B')
[ERROR FINISH] (dynamic: TypeError) >>>>
result['C'] = df.groupby('Date').apply(lambda x: x.ne(0).sum()).reset_index(name='C')
result = (result1, result2)
",dynamic,dynamic: TypeError,5-5
DS1000,hallucinated,DS0189,,,,"{""error_type"": ""AttributeError"", ""error_message"": ""'DataFrame' object has no attribute 'applymap'"", ""line_no"": ""5.0"", ""test_case"": ""[[\""DataFrame({'Date': ['20.07.2018', '20.07.2018', '21.07.2018', '21.07.2018'], 'B': [10, 1, 0, 1], 'C': [8, 0, 1, 0]})\"", \""(            B  C\\nDate            \\n20.07.2018  1  2\\n21.07.2018  1  1,             B  C\\nDate            \\n20.07.2018  1  0\\n21.07.2018  1  1)\"", \""<Execution Error: 'DataFrame' object has no attribute 'applymap'>\""], [\""DataFrame({'Date': ['20.07.2019', '20.07.2019', '21.07.2019', '21.07.2019'], 'B': [10, 1, 0, 1], 'C': [8, 0, 1, 0]})\"", \""(            B  C\\nDate            \\n20.07.2019  1  2\\n21.07.2019  1  1,             B  C\\nDate            \\n20.07.2019  1  0\\n21.07.2019  1  1)\"", \""<Execution Error: 'DataFrame' object has no attribute 'applymap'>\""]]""}","
import pandas as pd
import numpy as np
df = test_input
result = df.groupby('Date').apply(lambda x: x.applymap(lambda y: 1 if y % 2 == 0 else 0)).astype(int)
result = (result1, result2)
","
import pandas as pd
import numpy as np
df = test_input
<<<< [ERROR START] (dynamic: AttributeError)
result = df.groupby('Date').apply(lambda x: x.applymap(lambda y: 1 if y % 2 == 0 else 0)).astype(int)
[ERROR FINISH] (dynamic: AttributeError) >>>>
result = (result1, result2)
",dynamic,dynamic: AttributeError,5-5
DS1000,hallucinated,DS0193,,,"[{'type': 'type_error', 'function': 'pivot_table', 'invalid_arg': 'rows', 'line': 5}]","{""error_type"": ""ValueError"", ""error_message"": ""No group keys passed!"", ""line_no"": ""5.0"", ""test_case"": ""[[\""DataFrame({'A': ['one', 'one', 'two', 'three', 'one', 'one', 'two', 'three', 'one', 'one', 'two', 'three', 'one', 'one', 'two', 'three', 'one', 'one', 'two', 'three', 'one', 'one', 'two', 'three'], 'B': ['A', 'B', 'C', 'A', 'B', 'C', 'A', 'B', 'C', 'A', 'B', 'C', 'A', 'B', 'C', 'A', 'B', 'C', 'A', 'B', 'C', 'A', 'B', 'C'], 'C': ['foo', 'foo', 'foo', 'bar', 'bar', 'bar', 'foo', 'foo', 'foo', 'bar', 'bar', 'bar', 'foo', 'foo', 'foo', 'bar', 'bar', 'bar', 'foo', 'foo', 'foo', 'bar', 'bar', 'bar'], ...[truncated]\"", \""DataFrame({'D': [1.74481176421648, 1.462107937044974, 1.1337694423354374], 'E': [-1.1173103486352778, -0.683727859174333, -0.8876289640848363]})\"", \""<Execution Error: No group keys passed!>\""]]""}","
import pandas as pd
import numpy as np
df = test_input
result = pd.pivot_table(df, values=['D', 'E'], rows=['B'], aggfunc={'D': np.max, 'E': np.min})
","
import pandas as pd
import numpy as np
df = test_input
<<<< [ERROR START] (lib: type_error)
<<<< [ERROR START] (dynamic: ValueError)
result = pd.pivot_table(df, values=['D', 'E'], rows=['B'], aggfunc={'D': np.max, 'E': np.min})
[ERROR FINISH] (lib: type_error) >>>>
[ERROR FINISH] (dynamic: ValueError) >>>>
","lib,dynamic","lib: type_error,dynamic: ValueError","5-5,5-5"
DS1000,hallucinated,DS0197,,,,"{""error_type"": ""AttributeError"", ""error_message"": ""module 'numpy' has no attribute 'NAN'"", ""line_no"": ""6.0"", ""test_case"": """"}","
import pandas as pd
import numpy as np
df = test_input
result = df['str'].apply(lambda x: sum(1 for c in x if not c.isalnum()))
result = df
","
import pandas as pd
import numpy as np
df = test_input
result = df['str'].apply(lambda x: sum(1 for c in x if not c.isalnum()))
<<<< [ERROR START] (dynamic: AttributeError)
result = df
[ERROR FINISH] (dynamic: AttributeError) >>>>
",dynamic,dynamic: AttributeError,6-6
DS1000,hallucinated,DS0199,,,,"{""error_type"": ""TypeError"", ""error_message"": ""StringMethods.split() takes from 1 to 2 positional arguments but 3 were given"", ""line_no"": ""5.0"", ""test_case"": """"}","
import pandas as pd
import numpy as np
df = test_input
result['fips'] = df['row'].str[:5]
result['row'] = df['row'].str[5:]
result = df
","
import pandas as pd
import numpy as np
df = test_input
<<<< [ERROR START] (dynamic: TypeError)
result['fips'] = df['row'].str[:5]
[ERROR FINISH] (dynamic: TypeError) >>>>
result['row'] = df['row'].str[5:]
result = df
",dynamic,dynamic: TypeError,5-5
DS1000,hallucinated,DS0200,,,,"{""error_type"": ""TypeError"", ""error_message"": ""StringMethods.split() takes from 1 to 2 positional arguments but 3 were given"", ""line_no"": ""5.0"", ""test_case"": """"}","
import pandas as pd
import numpy as np
df = test_input
result = df.assign(fips=df['row'].str[:3], row=df['row'].str[3:])
result = df
","
import pandas as pd
import numpy as np
df = test_input
<<<< [ERROR START] (dynamic: TypeError)
result = df.assign(fips=df['row'].str[:3], row=df['row'].str[3:])
[ERROR FINISH] (dynamic: TypeError) >>>>
result = df
",dynamic,dynamic: TypeError,5-5
DS1000,hallucinated,DS0201,,,,"{""error_type"": ""TypeError"", ""error_message"": ""StringMethods.split() takes from 1 to 2 positional arguments but 3 were given"", ""line_no"": ""6.0"", ""test_case"": """"}","
import pandas as pd
import numpy as np
df = test_input
result = df['row'].str.split(',', expand=True)
result.columns = ['fips', 'medi', 'row']
result = df
","
import pandas as pd
import numpy as np
df = test_input
result = df['row'].str.split(',', expand=True)
<<<< [ERROR START] (dynamic: TypeError)
result.columns = ['fips', 'medi', 'row']
[ERROR FINISH] (dynamic: TypeError) >>>>
result = df
",dynamic,dynamic: TypeError,6-6
DS1000,hallucinated,DS0204,"{""type"": ""IndentationError"", ""value"": 5, ""message"": ""expected an indented block after function definition on line 4 (<unknown>, line 5)""}",,,"{""error_type"": ""TypeError"", ""error_message"": ""Invalid value '3.5' for dtype 'int64'"", ""line_no"": ""13.0"", ""test_case"": """"}","
import pandas as pd
import numpy as np
def f(df):
result = df.apply(lambda x: x[x != 0].mean(), axis=1)
df = test_input
result = f(df)
","
import pandas as pd
import numpy as np
def f(df):
<<<< [ERROR START] (ast: IndentationError)
result = df.apply(lambda x: x[x != 0].mean(), axis=1)
[ERROR FINISH] (ast: IndentationError) >>>>
df = test_input
result = f(df)
","ast,dynamic","ast: IndentationError,dynamic: TypeError","5-5,13-13"
DS1000,hallucinated,DS0207,,,,"{""error_type"": ""NameError"", ""error_message"": ""name 'result' is not defined"", ""line_no"": ""5.0"", ""test_case"": ""[[\""DataFrame({'DateTime': ['2000-01-04', '2000-01-05', '2000-01-06', '2000-01-07', '2000-01-08'], 'Close': [1460, 1470, 1480, 1480, 1450]})\"", \""DataFrame({'DateTime': ['2000-01-04', '2000-01-05', '2000-01-06', '2000-01-07', '2000-01-08'], 'Close': [1460, 1470, 1480, 1480, 1450], 'label': [1, 1, 1, 0, -1]})\"", \""<Execution Error: name 'result' is not defined>\""], [\""DataFrame({'DateTime': ['2000-02-04', '2000-02-05', '2000-02-06', '2000-02-07', '2000-02-08'], 'Close': [1460, 1470, 1480, 1480, 1450]})\"", \""DataFrame({'DateTime': ['2000-02-04', '2000-02-05', '2000-02-06', '2000-02-07', '2000-02-08'], 'Close': [1460, 1470, 1480, 1480, 1450], 'label': [1, 1, 1, 0, -1]})\"", \""<Execution Error: name 'result' is not defined>\""]]""}","
import pandas as pd
import numpy as np
df = test_input
result['label'] = df['Close'].diff().apply(lambda x: 1 if x > 0 else (-1 if x < 0 else 0))
result = df
","
import pandas as pd
import numpy as np
df = test_input
<<<< [ERROR START] (dynamic: NameError)
result['label'] = df['Close'].diff().apply(lambda x: 1 if x > 0 else (-1 if x < 0 else 0))
[ERROR FINISH] (dynamic: NameError) >>>>
result = df
",dynamic,dynamic: NameError,5-5
DS1000,hallucinated,DS0209,,,,"{""error_type"": ""ValueError"", ""error_message"": ""time data \""2016-05-19 21:25:00\"" doesn't match format \"" %Y-%m-%d %H:%M:%S\"". You might want to try:\n    - passing `format` if your strings have a consistent format;\n    - passing `format='ISO8601'` if your strings are all ISO8601 but not necessarily in exactly the same format;\n    - passing `format='mixed'`, and the format will be inferred for each element individually. You might want to use `dayfirst` alongside this."", ""line_no"": ""5.0"", ""test_case"": """"}","
import pandas as pd
import numpy as np
df = test_input
df['Duration'] = df.groupby('id')['departure_time'].shift(-1) - df['arrival_time']
result = df
","
import pandas as pd
import numpy as np
df = test_input
<<<< [ERROR START] (dynamic: ValueError)
df['Duration'] = df.groupby('id')['departure_time'].shift(-1) - df['arrival_time']
[ERROR FINISH] (dynamic: ValueError) >>>>
result = df
",dynamic,dynamic: ValueError,5-5
DS1000,hallucinated,DS0210,,,,"{""error_type"": ""ValueError"", ""error_message"": ""time data \""2016-05-19 21:25:00\"" doesn't match format \"" %Y-%m-%d %H:%M:%S\"". You might want to try:\n    - passing `format` if your strings have a consistent format;\n    - passing `format='ISO8601'` if your strings are all ISO8601 but not necessarily in exactly the same format;\n    - passing `format='mixed'`, and the format will be inferred for each element individually. You might want to use `dayfirst` alongside this."", ""line_no"": ""5.0"", ""test_case"": """"}","
import pandas as pd
import numpy as np
df = test_input
df['Duration'] = df.groupby('id')['departure_time'].shift(-1) - df['arrival_time']
result = df
","
import pandas as pd
import numpy as np
df = test_input
<<<< [ERROR START] (dynamic: ValueError)
df['Duration'] = df.groupby('id')['departure_time'].shift(-1) - df['arrival_time']
[ERROR FINISH] (dynamic: ValueError) >>>>
result = df
",dynamic,dynamic: ValueError,5-5
DS1000,hallucinated,DS0211,,,,"{""error_type"": ""ValueError"", ""error_message"": ""time data \""2016-05-19 21:25:00\"" doesn't match format \"" %Y-%m-%d %H:%M:%S\"". You might want to try:\n    - passing `format` if your strings have a consistent format;\n    - passing `format='ISO8601'` if your strings are all ISO8601 but not necessarily in exactly the same format;\n    - passing `format='mixed'`, and the format will be inferred for each element individually. You might want to use `dayfirst` alongside this."", ""line_no"": ""5.0"", ""test_case"": """"}","
import pandas as pd
import numpy as np
df = test_input
import pandas as pd
import numpy as np

# Assuming test_input is already defined with the provided data
df = pd.DataFrame({
    'id': ['Train A', 'Train A', 'Train A', 'Train B', 'Train B', 'Train B'],
    'arrival_time': [""0"", ""2016-05-19 13:50:00"", ""2016-05-19 21:25:00"", ""0"", ""2016-05-24 18:30:00"", ""2016-05-26 12:15:00""],
    'departure_time': [""2016-05-19 08:25:00"", ""2016-05-19 16:00:00"", ""2016-05-20 07:45:00"", ""2016-05-24 12:50:00"", ""2016-05-25 23:00:00"", ""2016-05-26 19:45:00""]
})

# Convert arrival_time and departure_time to datetime
df['arrival_time'] = pd.to_datetime(df['arrival_time'])
df['departure_time'] = pd.to_datetime(df['departure_time'])

# Calculate the duration in seconds
df['Duration'] = (df['departure_time'] - df['arrival_time']).dt.total_seconds()

# Format the arrival_time and departure_time columns
df['arrival_time'] = df['arrival_time'].dt.strftime('%d-%b-%Y %H:%M:%S')
df['departure_time'] = df['departure_time'].dt.strftime('%d-%b-%Y %H:%M:%S')

# Display the result
result = df
result = df
","
import pandas as pd
import numpy as np
df = test_input
<<<< [ERROR START] (dynamic: ValueError)
import pandas as pd
[ERROR FINISH] (dynamic: ValueError) >>>>
import numpy as np

# Assuming test_input is already defined with the provided data
df = pd.DataFrame({
    'id': ['Train A', 'Train A', 'Train A', 'Train B', 'Train B', 'Train B'],
    'arrival_time': [""0"", ""2016-05-19 13:50:00"", ""2016-05-19 21:25:00"", ""0"", ""2016-05-24 18:30:00"", ""2016-05-26 12:15:00""],
    'departure_time': [""2016-05-19 08:25:00"", ""2016-05-19 16:00:00"", ""2016-05-20 07:45:00"", ""2016-05-24 12:50:00"", ""2016-05-25 23:00:00"", ""2016-05-26 19:45:00""]
})

# Convert arrival_time and departure_time to datetime
df['arrival_time'] = pd.to_datetime(df['arrival_time'])
df['departure_time'] = pd.to_datetime(df['departure_time'])

# Calculate the duration in seconds
df['Duration'] = (df['departure_time'] - df['arrival_time']).dt.total_seconds()

# Format the arrival_time and departure_time columns
df['arrival_time'] = df['arrival_time'].dt.strftime('%d-%b-%Y %H:%M:%S')
df['departure_time'] = df['departure_time'].dt.strftime('%d-%b-%Y %H:%M:%S')

# Display the result
result = df
result = df
",dynamic,dynamic: ValueError,5-5
DS1000,hallucinated,DS0216,,,,"{""error_type"": ""ValueError"", ""error_message"": ""Length of values (13) does not match length of index (12)"", ""line_no"": ""8.0"", ""test_case"": ""[[\""DataFrame({'value': [10000.0, 2000.0, 2000.0, 200.0, 5.0, 70.0, 200.0, 5.0, 25.0, 0.02, 12.0, 0.022]})\"", \""('2014-03-17', '2014-03-27')\"", \""<Execution Error: Length of values (13) does not match length of index (12)>\""], [\""DataFrame({'value': [10000.0, 2000.0, 2000.0, 200.0, 5.0, 70.0, 200.0, 5.0, 25.0, 0.02, 12.0, 0.022]})\"", \""('2015-03-17', '2015-03-27')\"", \""<Execution Error: Length of values (13) does not match length of index (12)>\""]]""}","
import pandas as pd
import numpy as np
df = test_input
import pandas as pd
import numpy as np

df = pd.DataFrame({'value': [10000.0, 2000.0, 2000.0, 200.0, 200.0, 70.0, 200.0, 200.0, 25.0, 0.020, 12.0, 11.0, 0.022]},
                  index=pd.to_datetime(['2014-03-13', '2014-03-21', '2014-03-27', '2014-03-17', '2014-03-17', '2014-03-17', '2014-03-21', '2014-03-27', '2014-03-27', '2014-03-31', '2014-03-31', '2014-03-31']))

mode_result = df.index.mode()[0]
median_result = df.index.median()

result = (mode_result, median_result)
result = (mode_result, median_result)
","
import pandas as pd
import numpy as np
df = test_input
import pandas as pd
import numpy as np

<<<< [ERROR START] (dynamic: ValueError)
df = pd.DataFrame({'value': [10000.0, 2000.0, 2000.0, 200.0, 200.0, 70.0, 200.0, 200.0, 25.0, 0.020, 12.0, 11.0, 0.022]},
[ERROR FINISH] (dynamic: ValueError) >>>>
                  index=pd.to_datetime(['2014-03-13', '2014-03-21', '2014-03-27', '2014-03-17', '2014-03-17', '2014-03-17', '2014-03-21', '2014-03-27', '2014-03-27', '2014-03-31', '2014-03-31', '2014-03-31']))

mode_result = df.index.mode()[0]
median_result = df.index.median()

result = (mode_result, median_result)
result = (mode_result, median_result)
",dynamic,dynamic: ValueError,8-8
DS1000,hallucinated,DS0220,,,,"{""error_type"": ""TypeError"", ""error_message"": ""StringMethods.rsplit() takes from 1 to 2 positional arguments but 3 were given"", ""line_no"": ""5.0"", ""test_case"": """"}","
import pandas as pd
import numpy as np
df = test_input
result = df['SOURCE_NAME'].str.rsplit('_', n=1, expand=True).iloc[:, 0]
result = df
","
import pandas as pd
import numpy as np
df = test_input
<<<< [ERROR START] (dynamic: TypeError)
result = df['SOURCE_NAME'].str.rsplit('_', n=1, expand=True).iloc[:, 0]
[ERROR FINISH] (dynamic: TypeError) >>>>
result = df
",dynamic,dynamic: TypeError,5-5
DS1000,hallucinated,DS0221,,,,"{""error_type"": ""TypeError"", ""error_message"": ""StringMethods.rsplit() takes from 1 to 2 positional arguments but 3 were given"", ""line_no"": ""5.0"", ""test_case"": """"}","
import pandas as pd
import numpy as np
df = test_input
result = df['SOURCE_NAME'].str.rsplit('_', n=1).str[0]
result = df
","
import pandas as pd
import numpy as np
df = test_input
<<<< [ERROR START] (dynamic: TypeError)
result = df['SOURCE_NAME'].str.rsplit('_', n=1).str[0]
[ERROR FINISH] (dynamic: TypeError) >>>>
result = df
",dynamic,dynamic: TypeError,5-5
DS1000,hallucinated,DS0222,"{""type"": ""IndentationError"", ""value"": 5, ""message"": ""expected an indented block after function definition on line 4 (<unknown>, line 5)""}",,,"{""error_type"": ""TypeError"", ""error_message"": ""StringMethods.rsplit() takes from 1 to 2 positional arguments but 3 were given"", ""line_no"": ""5.0"", ""test_case"": """"}","
import pandas as pd
import numpy as np
def f(df):
df['SOURCE_NAME'] = df['SOURCE_NAME'].str.rsplit('_', 1).str[-1]
df = test_input
result = f(df)
","
import pandas as pd
import numpy as np
def f(df):
<<<< [ERROR START] (ast: IndentationError)
<<<< [ERROR START] (dynamic: TypeError)
df['SOURCE_NAME'] = df['SOURCE_NAME'].str.rsplit('_', 1).str[-1]
[ERROR FINISH] (ast: IndentationError) >>>>
[ERROR FINISH] (dynamic: TypeError) >>>>
df = test_input
result = f(df)
","ast,dynamic","ast: IndentationError,dynamic: TypeError","5-5,5-5"
DS1000,hallucinated,DS0223,,,,"{""error_type"": ""TypeError"", ""error_message"": ""NDFrame.fillna() got an unexpected keyword argument 'method'"", ""line_no"": ""5.0"", ""test_case"": ""[[\""DataFrame({'Column_x': [0.0, 0.0, 0.0, 0.0, 0.0, 0.0, 1.0, 1.0, 1.0, 1.0, 1.0, 1.0, nan, nan, nan, nan, nan, nan, nan, nan, nan]})\"", \""DataFrame({'Column_x': [0.0, 0.0, 0.0, 0.0, 0.0, 0.0, 1.0, 1.0, 1.0, 1.0, 1.0, 1.0, 0.0, 0.0, 0.0, 0.0, 1.0, 1.0, 1.0, 1.0, 1.0]})\"", \""<Execution Error: NDFrame.fillna() got an unexpected keyword argument 'method'>\""], [\""DataFrame({'Column_x': [0.0, 0.0, 0.0, 0.0, 1.0, 1.0, 1.0, 1.0, 1.0, 1.0, 1.0, 1.0, nan, nan, nan, nan, nan, nan, nan, nan, nan]})\"", \""DataFrame({'Column_x': [0.0, 0.0, 0.0, 0.0, 1.0, 1.0, 1.0, 1.0, 1.0, 1.0, 1.0, 1.0, 0.0, 0.0, 0.0, 0.0, 1.0, 1.0, 1.0, 1.0, 1.0]})\"", \""<Execution Error: NDFrame.fillna() got an unexpected keyword argument 'method'>\""]]""}","
import pandas as pd
import numpy as np
df = test_input
df['Column_x'] = df['Column_x'].fillna(method='ffill')
df.loc[df['Column_x'].isnull(), 'Column_x'] = df['Column_x'].mode()[0]
result = df
","
import pandas as pd
import numpy as np
df = test_input
<<<< [ERROR START] (dynamic: TypeError)
df['Column_x'] = df['Column_x'].fillna(method='ffill')
[ERROR FINISH] (dynamic: TypeError) >>>>
df.loc[df['Column_x'].isnull(), 'Column_x'] = df['Column_x'].mode()[0]
result = df
",dynamic,dynamic: TypeError,5-5
DS1000,hallucinated,DS0227,,,,"{""error_type"": ""ValueError"", ""error_message"": ""1 columns passed, passed data had 3 columns"", ""line_no"": ""5.0"", ""test_case"": ""[[\""(   one  two\\n0    1    2\\n1    3    4,    one  two\\n0    5    6\\n1    7    8,    one  two\\n0    9   10\\n1   11   12)\"", \""DataFrame({'one': [(1, 5, 9), (3, 7, 11)], 'two': [(2, 6, 10), (4, 8, 12)]})\"", \""<Execution Error: 1 columns passed, passed data had 3 columns>\""], [\""(   one  two\\n0    9   10\\n1   11   12,    one  two\\n0    1    2\\n1    3    4,    one  two\\n0    5    6\\n1    7    8)\"", \""DataFrame({'one': [(9, 1, 5), (11, 3, 7)], 'two': [(10, 2, 6), (12, 4, 8)]})\"", \""<Execution Error: 1 columns passed, passed data had 3 columns>\""]]""}","
import pandas as pd
import numpy as np
a,b,c = test_input
result = pd.DataFrame(list(zip(a['one'], b['one'], c['one'])), columns=['one'])
result['two'] = list(zip(a['two'], b['two'], c['two']))
","
import pandas as pd
import numpy as np
a,b,c = test_input
<<<< [ERROR START] (dynamic: ValueError)
result = pd.DataFrame(list(zip(a['one'], b['one'], c['one'])), columns=['one'])
[ERROR FINISH] (dynamic: ValueError) >>>>
result['two'] = list(zip(a['two'], b['two'], c['two']))
",dynamic,dynamic: ValueError,5-5
DS1000,hallucinated,DS0238,,,,"{""error_type"": ""KeyError"", ""error_message"": ""'date'"", ""line_no"": ""5.0"", ""test_case"": ""[[\""(   id city district      date  value\\n0   1   bj       ft  2019/1/1      1\\n1   2   bj       ft  2019/1/1      5\\n2   3   sh       hp  2019/1/1      9\\n3   4   sh       hp  2019/1/1     13\\n4   5   sh       hp  2019/1/1     17,    id      date  value\\n0   3  2019/2/1      1\\n1   4  2019/2/1      5\\n2   5  2019/2/1      9\\n3   6  2019/2/1     13\\n4   7  2019/2/1     17)\"", \""DataFrame({'id': [1, 2, 3, 3, 4, 4, 5, 5, 6, 7], 'city': ['bj', 'bj', 'sh', 'sh', 'sh', 'sh', 'sh', 'sh', nan, nan], 'district': ['ft', 'ft', 'hp', 'hp', 'hp', 'hp', 'hp', 'hp', nan, nan], 'date': ['01-Jan-2019', '01-Jan-2019', '01-Feb-2019', '01-Jan-2019', '01-Feb-2019', '01-Jan-2019', '01-Feb-2019', '01-Jan-2019', '01-Feb-2019', '01-Feb-2019'], 'value': [1, 5, 1, 9, 5, 13, 9, 17, 13, 17]})\"", \""<Execution Error: 'date'>\""], [\""(   id city district      date  value\\n0   1   bj       ft  2019/2/1      1\\n1   2   bj       ft  2019/2/1      5\\n2   3   sh       hp  2019/2/1      9\\n3   4   sh       hp  2019/2/1     13\\n4   5   sh       hp  2019/2/1     17,    id      date  value\\n0   3  2019/3/1      1\\n1   4  2019/3/1      5\\n2   5  2019/3/1      9\\n3   6  2019/3/1     13\\n4   7  2019/3/1     17)\"", \""DataFrame({'id': [1, 2, 3, 3, 4, 4, 5, 5, 6, 7], 'city': ['bj', 'bj', 'sh', 'sh', 'sh', 'sh', 'sh', 'sh', nan, nan], 'district': ['ft', 'ft', 'hp', 'hp', 'hp', 'hp', 'hp', 'hp', nan, nan], 'date': ['01-Feb-2019', '01-Feb-2019', '01-Feb-2019', '01-Mar-2019', '01-Feb-2019', '01-Mar-2019', '01-Feb-2019', '01-Mar-2019', '01-Mar-2019', '01-Mar-2019'], 'value': [1, 5, 9, 1, 13, 5, 17, 9, 13, 17]})\"", \""<Execution Error: 'date'>\""]]""}","
import pandas as pd
import numpy as np
df1, df2 = test_input
result = pd.merge(df1, df2, on='id', how='outer').sort_values(by=['id', 'date']).reset_index(drop=True)
result['date'] = pd.to_datetime(result['date']).dt.strftime('%d-%b-%Y')
","
import pandas as pd
import numpy as np
df1, df2 = test_input
<<<< [ERROR START] (dynamic: KeyError)
result = pd.merge(df1, df2, on='id', how='outer').sort_values(by=['id', 'date']).reset_index(drop=True)
[ERROR FINISH] (dynamic: KeyError) >>>>
result['date'] = pd.to_datetime(result['date']).dt.strftime('%d-%b-%Y')
",dynamic,dynamic: KeyError,5-5
DS1000,hallucinated,DS0242,,,,"{""error_type"": ""TypeError"", ""error_message"": ""NDFrame.fillna() got an unexpected keyword argument 'method'"", ""line_no"": ""5.0"", ""test_case"": ""[[\""(    A  B\\n0  AB  1\\n1  CD  2\\n2  EF  3,     A  B\\n0  CD  4\\n1  GH  5)\"", \""DataFrame({'A': ['AB', 'CD', 'EF', 'GH'], 'B': [1, 4, 3, 5], 'dulplicated': [False, True, False, False]})\"", \""<Execution Error: NDFrame.fillna() got an unexpected keyword argument 'method'>\""], [\""(    A  B\\n0  CD  4\\n1  GH  5,     A  B\\n0  AB  1\\n1  CD  2\\n2  EF  3)\"", \""DataFrame({'A': ['AB', 'CD', 'EF', 'GH'], 'B': [1, 2, 3, 5], 'dulplicated': [True, True, False, False]})\"", \""<Execution Error: NDFrame.fillna() got an unexpected keyword argument 'method'>\""]]""}","
import pandas as pd
import numpy as np
C, D = test_input
result = pd.merge(C, D, how='left', on='A').fillna(method='ffill')
result['duplicated'] = result['A'].eq(result['B_x'])
","
import pandas as pd
import numpy as np
C, D = test_input
<<<< [ERROR START] (dynamic: TypeError)
result = pd.merge(C, D, how='left', on='A').fillna(method='ffill')
[ERROR FINISH] (dynamic: TypeError) >>>>
result['duplicated'] = result['A'].eq(result['B_x'])
",dynamic,dynamic: TypeError,5-5
DS1000,hallucinated,DS0243,,,,"{""error_type"": ""KeyError"", ""error_message"": ""'time'"", ""line_no"": ""5.0"", ""test_case"": ""[[\""DataFrame({'user': [1, 1, 2, 2, 3], 'time': [20, 10, 11, 18, 15], 'amount': [10.99, 4.99, 2.99, 1.99, 10.99]})\"", \""Series({1: [[20.0, 10.99], [10.0, 4.99]], 2: [[11.0, 2.99], [18.0, 1.99]], 3: [[15.0, 10.99]]})\"", \""<Execution Error: 'time'>\""], [\""DataFrame({'user': [1, 1, 1, 2, 2, 3], 'time': [20, 10, 30, 11, 18, 15], 'amount': [10.99, 4.99, 16.99, 2.99, 1.99, 10.99]})\"", \""Series({1: [[20.0, 10.99], [10.0, 4.99], [30.0, 16.99]], 2: [[11.0, 2.99], [18.0, 1.99]], 3: [[15.0, 10.99]]})\"", \""<Execution Error: 'time'>\""]]""}","
import pandas as pd
import numpy as np
df = test_input
result = df.groupby('user').agg({'time': lambda x: x.tolist(), 'amount': lambda x: x.tolist()}).apply(lambda x: list(zip(x['time'], x['amount'])))
","
import pandas as pd
import numpy as np
df = test_input
<<<< [ERROR START] (dynamic: KeyError)
result = df.groupby('user').agg({'time': lambda x: x.tolist(), 'amount': lambda x: x.tolist()}).apply(lambda x: list(zip(x['time'], x['amount'])))
[ERROR FINISH] (dynamic: KeyError) >>>>
",dynamic,dynamic: KeyError,5-5
DS1000,hallucinated,DS0244,,,,"{""error_type"": ""KeyError"", ""error_message"": ""'time'"", ""line_no"": ""5.0"", ""test_case"": ""[[\""DataFrame({'user': [1, 1, 2, 2, 3], 'time': [20, 10, 11, 18, 15], 'amount': [10.99, 4.99, 2.99, 1.99, 10.99]})\"", \""DataFrame({'amount-time-tuple': [[[20.0, 10.99], [10.0, 4.99]], [[11.0, 2.99], [18.0, 1.99]], [[15.0, 10.99]]]})\"", \""<Execution Error: 'time'>\""], [\""DataFrame({'user': [1, 1, 1, 2, 2, 3], 'time': [20, 10, 30, 11, 18, 15], 'amount': [10.99, 4.99, 16.99, 2.99, 1.99, 10.99]})\"", \""DataFrame({'amount-time-tuple': [[[20.0, 10.99], [10.0, 4.99], [30.0, 16.99]], [[11.0, 2.99], [18.0, 1.99]], [[15.0, 10.99]]]})\"", \""<Execution Error: 'time'>\""]]""}","
import pandas as pd
import numpy as np
df = test_input
result = df.groupby('user').agg({'time': lambda x: x.tolist(), 'amount': lambda x: x.tolist()}).apply(lambda x: list(zip(x['time'], x['amount'])))
","
import pandas as pd
import numpy as np
df = test_input
<<<< [ERROR START] (dynamic: KeyError)
result = df.groupby('user').agg({'time': lambda x: x.tolist(), 'amount': lambda x: x.tolist()}).apply(lambda x: list(zip(x['time'], x['amount'])))
[ERROR FINISH] (dynamic: KeyError) >>>>
",dynamic,dynamic: KeyError,5-5
DS1000,hallucinated,DS0245,,,,"{""error_type"": ""KeyError"", ""error_message"": ""'time'"", ""line_no"": ""5.0"", ""test_case"": ""[[\""DataFrame({'user': [1, 1, 2, 2, 3], 'time': [20, 10, 11, 18, 15], 'amount': [10.99, 4.99, 2.99, 1.99, 10.99]})\"", \""DataFrame({'amount-time-tuple': [[[10.0, 4.99], [20.0, 10.99]], [[18.0, 1.99], [11.0, 2.99]], [[15.0, 10.99]]]})\"", \""<Execution Error: 'time'>\""], [\""DataFrame({'user': [1, 1, 1, 2, 2, 3], 'time': [20, 10, 30, 11, 18, 15], 'amount': [10.99, 4.99, 16.99, 2.99, 1.99, 10.99]})\"", \""DataFrame({'amount-time-tuple': [[[30.0, 16.99], [10.0, 4.99], [20.0, 10.99]], [[18.0, 1.99], [11.0, 2.99]], [[15.0, 10.99]]]})\"", \""<Execution Error: 'time'>\""]]""}","
import pandas as pd
import numpy as np
df = test_input
result = df.groupby('user').agg({'time': lambda x: x.tolist(), 'amount': lambda x: x.tolist()}).apply(lambda x: list(zip(x['time'], x['amount'])))
","
import pandas as pd
import numpy as np
df = test_input
<<<< [ERROR START] (dynamic: KeyError)
result = df.groupby('user').agg({'time': lambda x: x.tolist(), 'amount': lambda x: x.tolist()}).apply(lambda x: list(zip(x['time'], x['amount'])))
[ERROR FINISH] (dynamic: KeyError) >>>>
",dynamic,dynamic: KeyError,5-5
DS1000,hallucinated,DS0246,,,,"{""error_type"": ""NameError"", ""error_message"": ""name 'df' is not defined"", ""line_no"": ""6.0"", ""test_case"": ""[[\""Series({'file1': array([1, 2, 3, 4]), 'file2': array([5, 6, 7, 8]), 'file3': array([ 9, 10, 11, 12])})\"", \""DataFrame({0: [1, 5, 9], 1: [2, 6, 10], 2: [3, 7, 11], 3: [4, 8, 12]})\"", \""<Execution Error: name 'df' is not defined>\""], [\""Series({'file1': array([11, 12, 13, 14]), 'file2': array([5, 6, 7, 8]), 'file3': array([ 9, 10, 11, 12])})\"", \""DataFrame({0: [11, 5, 9], 1: [12, 6, 10], 2: [13, 7, 11], 3: [14, 8, 12]})\"", \""<Execution Error: name 'df' is not defined>\""]]""}","
import pandas as pd
import numpy as np
series = test_input
df_concatenated = pd.DataFrame(series.tolist(), index=series.index)
result = df
","
import pandas as pd
import numpy as np
series = test_input
df_concatenated = pd.DataFrame(series.tolist(), index=series.index)
<<<< [ERROR START] (dynamic: NameError)
result = df
[ERROR FINISH] (dynamic: NameError) >>>>
",dynamic,dynamic: NameError,6-6
DS1000,hallucinated,DS0247,,,,"{""error_type"": ""NameError"", ""error_message"": ""name 'df' is not defined"", ""line_no"": ""6.0"", ""test_case"": ""[[\""Series({'file1': array([1, 2, 3, 4]), 'file2': array([5, 6, 7, 8]), 'file3': array([ 9, 10, 11, 12])})\"", \""DataFrame({'name': ['file1', 'file2', 'file3'], 0: [1, 5, 9], 1: [2, 6, 10], 2: [3, 7, 11], 3: [4, 8, 12]})\"", \""<Execution Error: name 'df' is not defined>\""], [\""Series({'file1': array([11, 12, 13, 14]), 'file2': array([5, 6, 7, 8]), 'file3': array([ 9, 10, 11, 12])})\"", \""DataFrame({'name': ['file1', 'file2', 'file3'], 0: [11, 5, 9], 1: [12, 6, 10], 2: [13, 7, 11], 3: [14, 8, 12]})\"", \""<Execution Error: name 'df' is not defined>\""]]""}","
import pandas as pd
import numpy as np
series = test_input
df_concatenated = pd.DataFrame(series.tolist(), index=series.index)
result = df
","
import pandas as pd
import numpy as np
series = test_input
df_concatenated = pd.DataFrame(series.tolist(), index=series.index)
<<<< [ERROR START] (dynamic: NameError)
result = df
[ERROR FINISH] (dynamic: NameError) >>>>
",dynamic,dynamic: NameError,6-6
DS1000,hallucinated,DS0249,,,,"{""error_type"": ""ValueError"", ""error_message"": ""Item wrong length 5 instead of 3."", ""line_no"": ""5.0"", ""test_case"": ""[[\""(   spike-2  hey spke  spiked-in  no  spike\\n0        1         4          7  10     13\\n1        2         5          8  11     14\\n2        3         6          9  12     15, 'spike')\"", \""DataFrame({'spike-2': [1, 2, 3], 'spiked-in': [7, 8, 9]})\"", \""<Execution Error: Item wrong length 5 instead of 3.>\""]]""}","
import pandas as pd
import numpy as np
df, s = test_input
result = df[df.columns.str.contains('spike', regex=True)]
","
import pandas as pd
import numpy as np
df, s = test_input
<<<< [ERROR START] (dynamic: ValueError)
result = df[df.columns.str.contains('spike', regex=True)]
[ERROR FINISH] (dynamic: ValueError) >>>>
",dynamic,dynamic: ValueError,5-5
DS1000,hallucinated,DS0250,,,,"{""error_type"": ""AttributeError"", ""error_message"": ""'Index' object has no attribute 'columns'"", ""line_no"": ""6.0"", ""test_case"": ""[[\""(   spike-2  hey spke  spiked-in  no  spike\\n0        1         4          7  10     13\\n1        2         5          8  11     14\\n2        3         6          9  12     15, 'spike')\"", \""DataFrame({'spike1': [1, 2, 3], 'spike2': [7, 8, 9]})\"", \""<Execution Error: 'Index' object has no attribute 'columns'>\""]]""}","
import pandas as pd
import numpy as np
df, s = test_input
result = df.filter(like='spike').columns.str.extract(r'(\d+)', expand=False)
result.columns = ['spike' + str(i) for i in range(1, len(result.columns) + 1)]
","
import pandas as pd
import numpy as np
df, s = test_input
result = df.filter(like='spike').columns.str.extract(r'(\d+)', expand=False)
<<<< [ERROR START] (dynamic: AttributeError)
result.columns = ['spike' + str(i) for i in range(1, len(result.columns) + 1)]
[ERROR FINISH] (dynamic: AttributeError) >>>>
",dynamic,dynamic: AttributeError,6-6
DS1000,hallucinated,DS0252,,,,"{""error_type"": ""ValueError"", ""error_message"": ""1 columns passed, passed data had 3 columns"", ""line_no"": ""5.0"", ""test_case"": ""[[\""DataFrame({'codes': [[71020], [77085], [36416], [99213, 99287], [99233, 99233, 99233]]})\"", \""DataFrame({'code_1': [71020.0, 77085.0, 36416.0, 99213.0, 99233.0], 'code_2': [nan, nan, nan, 99287.0, 99233.0], 'code_3': [nan, nan, nan, nan, 99233.0]})\"", \""<Execution Error: 1 columns passed, passed data had 3 columns>\""], [\""DataFrame({'codes': [[71020, 71011], [77085], [99999, 36415], [99213, 99287], [99233, 99232, 99234]]})\"", \""DataFrame({'code_1': [71020.0, 77085.0, 99999.0, 99213.0, 99233.0], 'code_2': [71011.0, nan, 36415.0, 99287.0, 99232.0], 'code_3': [nan, nan, nan, nan, 99234.0]})\"", \""<Execution Error: 2 columns passed, passed data had 3 columns>\""]]""}","
import pandas as pd
import numpy as np
df = test_input
result = pd.DataFrame(df['codes'].tolist(), columns=[f'code_{i+1}' for i in range(len(df['codes'][0]))])
","
import pandas as pd
import numpy as np
df = test_input
<<<< [ERROR START] (dynamic: ValueError)
result = pd.DataFrame(df['codes'].tolist(), columns=[f'code_{i+1}' for i in range(len(df['codes'][0]))])
[ERROR FINISH] (dynamic: ValueError) >>>>
",dynamic,dynamic: ValueError,5-5
DS1000,hallucinated,DS0254,,,,"{""error_type"": ""KeyError"", ""error_message"": ""'User IDs'"", ""line_no"": ""5.0"", ""test_case"": ""[[\""DataFrame({'col1': [[1, 2, 3], [1, 2, 3]]})\"", \""[1, 2, 3, 1, 2, 3]\"", \""<Execution Error: 'User IDs'>\""]]""}","
import pandas as pd
import numpy as np
df = test_input
result = df['User IDs'].apply(lambda x: x).tolist()
","
import pandas as pd
import numpy as np
df = test_input
<<<< [ERROR START] (dynamic: KeyError)
result = df['User IDs'].apply(lambda x: x).tolist()
[ERROR FINISH] (dynamic: KeyError) >>>>
",dynamic,dynamic: KeyError,5-5
DS1000,hallucinated,DS0255,,,,"{""error_type"": ""KeyError"", ""error_message"": ""'User IDs'"", ""line_no"": ""5.0"", ""test_case"": ""[[\""DataFrame({'col1': [[1, 2, 3], [4, 5]]})\"", \""3,2,1,5,4\"", \""<Execution Error: 'User IDs'>\""]]""}","
import pandas as pd
import numpy as np
df = test_input
result = ','.join(map(str, df['User IDs'].tolist()))
","
import pandas as pd
import numpy as np
df = test_input
<<<< [ERROR START] (dynamic: KeyError)
result = ','.join(map(str, df['User IDs'].tolist()))
[ERROR FINISH] (dynamic: KeyError) >>>>
",dynamic,dynamic: KeyError,5-5
DS1000,hallucinated,DS0256,,,,"{""error_type"": ""KeyError"", ""error_message"": ""'User IDs'"", ""line_no"": ""5.0"", ""test_case"": ""[[\""DataFrame({'col1': [[1, 2, 3], [1, 2, 3]]})\"", \""1,2,3,1,2,3\"", \""<Execution Error: 'User IDs'>\""]]""}","
import pandas as pd
import numpy as np
df = test_input
result = ','.join(map(str, df['User IDs'].tolist()))
","
import pandas as pd
import numpy as np
df = test_input
<<<< [ERROR START] (dynamic: KeyError)
result = ','.join(map(str, df['User IDs'].tolist()))
[ERROR FINISH] (dynamic: KeyError) >>>>
",dynamic,dynamic: KeyError,5-5
DS1000,hallucinated,DS0257,,,,"{""error_type"": ""ValueError"", ""error_message"": ""Invalid frequency: 2T. Failed to parse with error message: ValueError(\""Invalid frequency: T. Failed to parse with error message: KeyError('T'). Did you mean min?\"")"", ""line_no"": ""6.0"", ""test_case"": """"}","
import pandas as pd
import numpy as np
df = test_input
result = df.resample('2T').mean()
result = df
","
import pandas as pd
import numpy as np
df = test_input
result = df.resample('2T').mean()
<<<< [ERROR START] (dynamic: ValueError)
result = df
[ERROR FINISH] (dynamic: ValueError) >>>>
",dynamic,dynamic: ValueError,6-6
DS1000,hallucinated,DS0258,,,,"{""error_type"": ""ValueError"", ""error_message"": ""Invalid frequency: 3T. Failed to parse with error message: ValueError(\""Invalid frequency: T. Failed to parse with error message: KeyError('T'). Did you mean min?\"")"", ""line_no"": ""6.0"", ""test_case"": """"}","
import pandas as pd
import numpy as np
df = test_input
result = df.resample('3T').sum()
result = df
","
import pandas as pd
import numpy as np
df = test_input
result = df.resample('3T').sum()
<<<< [ERROR START] (dynamic: ValueError)
result = df
[ERROR FINISH] (dynamic: ValueError) >>>>
",dynamic,dynamic: ValueError,6-6
DS1000,hallucinated,DS0262,,,,"{""error_type"": ""IndexingError"", ""error_message"": ""Unalignable boolean Series provided as indexer (index of the boolean Series and of the indexed object do not match)."", ""line_no"": ""5.0"", ""test_case"": ""[[\""(     c\\na b   \\n1 1  0\\n  2  1\\n  3  2\\n2 1  3\\n  2  4\\n  3  5\\n3 1  6\\n  2  7\\n  3  8, 1     True\\n2    False\\n3     True\\ndtype: bool)\"", \""DataFrame({'c': [0, 1, 2, 6, 7, 8]})\"", \""<Execution Error: Unalignable boolean Series provided as indexer (index of the boolean Series and of the indexed object do not match).>\""], [\""(     c\\na b   \\n1 1  0\\n  2  1\\n  3  2\\n2 1  3\\n  2  4\\n  3  5\\n3 1  6\\n  2  7\\n  3  8, 1     True\\n2     True\\n3    False\\ndtype: bool)\"", \""DataFrame({'c': [0, 1, 2, 3, 4, 5]})\"", \""<Execution Error: Unalignable boolean Series provided as indexer (index of the boolean Series and of the indexed object do not match).>\""]]""}","
import pandas as pd
import numpy as np
df, filt = test_input
result = df.loc[filt]
","
import pandas as pd
import numpy as np
df, filt = test_input
<<<< [ERROR START] (dynamic: IndexingError)
result = df.loc[filt]
[ERROR FINISH] (dynamic: IndexingError) >>>>
",dynamic,dynamic: IndexingError,5-5
DS1000,hallucinated,DS0263,,,,"{""error_type"": ""IndexingError"", ""error_message"": ""Unalignable boolean Series provided as indexer (index of the boolean Series and of the indexed object do not match)."", ""line_no"": ""5.0"", ""test_case"": ""[[\""(     c\\na b   \\n1 1  0\\n  2  1\\n  3  2\\n2 1  3\\n  2  4\\n  3  5\\n3 1  6\\n  2  7\\n  3  8, 1     True\\n2    False\\n3     True\\ndtype: bool)\"", \""DataFrame({'c': [0, 2, 6, 8]})\"", \""<Execution Error: Unalignable boolean Series provided as indexer (index of the boolean Series and of the indexed object do not match).>\""], [\""(     c\\na b   \\n1 1  0\\n  2  1\\n  3  2\\n2 1  3\\n  2  4\\n  3  5\\n3 1  6\\n  2  7\\n  3  8, 1     True\\n2     True\\n3    False\\ndtype: bool)\"", \""DataFrame({'c': [0, 1, 3, 4]})\"", \""<Execution Error: Unalignable boolean Series provided as indexer (index of the boolean Series and of the indexed object do not match).>\""]]""}","
import pandas as pd
import numpy as np
df, filt = test_input
result = df.loc[filt]
","
import pandas as pd
import numpy as np
df, filt = test_input
<<<< [ERROR START] (dynamic: IndexingError)
result = df.loc[filt]
[ERROR FINISH] (dynamic: IndexingError) >>>>
",dynamic,dynamic: IndexingError,5-5
DS1000,hallucinated,DS0265,,,,"{""error_type"": ""TypeError"", ""error_message"": ""Series.eq() got an unexpected keyword argument 'na_equal'"", ""line_no"": ""5.0"", ""test_case"": ""[[\""DataFrame({'c0': [nan, 10.0, 8.0, 12.0, 16.0, 5.0, 6.0, 10.0, 18.0, nan], 'c1': [nan, 8.0, nan, nan, 7.0, 4.0, nan, 13.0, nan, nan], 'c2': [nan, nan, 14.0, 4.0, 11.0, 7.0, 11.0, nan, nan, nan], 'c3': [nan, nan, 17.0, 18.0, 17.0, nan, 16.0, 1.0, 18.0, nan], 'c4': [17.0, nan, 19.0, 13.0, 14.0, 12.0, 12.0, nan, 16.0, nan], 'c5': [16.0, nan, nan, 11.0, nan, nan, nan, nan, nan, 0.0], 'c6': [nan, nan, nan, 10.0, nan, 8.0, 17.0, 8.0, nan, nan], 'c7': [nan, nan, nan, 9.0, 1.0, nan, 15.0, 9.0, nan, 9.0],...[truncated]\"", \""Index(['c1', 'c2', 'c6', 'c7', 'c8'], dtype='str')\"", \""<Execution Error: Series.eq() got an unexpected keyword argument 'na_equal'>\""]]""}","
import pandas as pd
import numpy as np
df = test_input
result = df.iloc[0].eq(df.iloc[8], na_equal=True)
","
import pandas as pd
import numpy as np
df = test_input
<<<< [ERROR START] (dynamic: TypeError)
result = df.iloc[0].eq(df.iloc[8], na_equal=True)
[ERROR FINISH] (dynamic: TypeError) >>>>
",dynamic,dynamic: TypeError,5-5
DS1000,hallucinated,DS0267,,,"[{'type': 'attribute_error', 'object': 'pd', 'attribute': 'isclose', 'line': 5}]","{""error_type"": ""AttributeError"", ""error_message"": ""module 'pandas' has no attribute 'isclose'"", ""line_no"": ""5.0"", ""test_case"": ""[[\""DataFrame({'c0': [nan, 10.0, 8.0, 12.0, 16.0, 5.0, 6.0, 10.0, 18.0, nan], 'c1': [nan, 8.0, nan, nan, 7.0, 4.0, nan, 13.0, nan, nan], 'c2': [nan, nan, 14.0, 4.0, 11.0, 7.0, 11.0, nan, nan, nan], 'c3': [nan, nan, 17.0, 18.0, 17.0, nan, 16.0, 1.0, 18.0, nan], 'c4': [17.0, nan, 19.0, 13.0, 14.0, 12.0, 12.0, nan, 16.0, nan], 'c5': [16.0, nan, nan, 11.0, nan, nan, nan, nan, nan, 0.0], 'c6': [nan, nan, nan, 10.0, nan, 8.0, 17.0, 8.0, nan, nan], 'c7': [nan, nan, nan, 9.0, 1.0, nan, 15.0, 9.0, nan, 9.0],...[truncated]\"", \""[(np.float64(nan), np.float64(18.0)), (np.float64(nan), np.float64(18.0)), (np.float64(17.0), np.float64(16.0)), (np.float64(16.0), np.float64(nan)), (np.float64(0.0), np.float64(nan))]\"", \""<Execution Error: module 'pandas' has no attribute 'isclose'>\""]]""}","
import pandas as pd
import numpy as np
df = test_input
result = [(a, b) for a, b in zip(df.iloc[0], df.iloc[8]) if not pd.isclose(a, b)]
","
import pandas as pd
import numpy as np
df = test_input
<<<< [ERROR START] (lib: attribute_error)
<<<< [ERROR START] (dynamic: AttributeError)
result = [(a, b) for a, b in zip(df.iloc[0], df.iloc[8]) if not pd.isclose(a, b)]
[ERROR FINISH] (lib: attribute_error) >>>>
[ERROR FINISH] (dynamic: AttributeError) >>>>
","lib,dynamic","lib: attribute_error,dynamic: AttributeError","5-5,5-5"
DS1000,hallucinated,DS0268,,,,"{""error_type"": ""NameError"", ""error_message"": ""name 'ts' is not defined"", ""line_no"": ""6.0"", ""test_case"": ""[[\""DataFrame({'Date': [Timestamp('2016-01-01 00:00:00'), Timestamp('2016-01-02 00:00:00'), Timestamp('2016-01-03 00:00:00'), Timestamp('2016-01-04 00:00:00'), Timestamp('2016-01-05 00:00:00'), Timestamp('2016-01-06 00:00:00'), Timestamp('2016-01-07 00:00:00'), Timestamp('2016-01-08 00:00:00'), Timestamp('2016-01-09 00:00:00'), Timestamp('2016-01-10 00:00:00'), Timestamp('2016-01-11 00:00:00'), Timestamp('2016-01-12 00:00:00'), Timestamp('2016-01-13 00:00:00'), Timestamp('2016-01-14 00:00:00'), Time...[truncated]\"", \""Series({Timestamp('2016-01-01 00:00:00'): 0, Timestamp('2016-01-02 00:00:00'): 1, Timestamp('2016-01-03 00:00:00'): 2, Timestamp('2016-01-04 00:00:00'): 3, Timestamp('2016-01-05 00:00:00'): 4, Timestamp('2016-01-06 00:00:00'): 5, Timestamp('2016-01-07 00:00:00'): 6, Timestamp('2016-01-08 00:00:00'): 7, Timestamp('2016-01-09 00:00:00'): 8, Timestamp('2016-01-10 00:00:00'): 9, Timestamp('2016-01-11 00:00:00'): 10, Timestamp('2016-01-12 00:00:00'): 11, Timestamp('2016-01-13 00:00:00'): 12, Timestam...[truncated]\"", \""<Execution Error: name 'ts' is not defined>\""]]""}","
import pandas as pd
import numpy as np
df = test_input
result = df.set_index('Date')['Value']
result = ts
","
import pandas as pd
import numpy as np
df = test_input
result = df.set_index('Date')['Value']
<<<< [ERROR START] (dynamic: NameError)
result = ts
[ERROR FINISH] (dynamic: NameError) >>>>
",dynamic,dynamic: NameError,6-6
DS1000,hallucinated,DS0271,,,,"{""error_type"": ""TypeError"", ""error_message"": ""type NAType doesn't define __round__ method"", ""line_no"": ""5.0"", ""test_case"": ""[[\""DataFrame({'dogs': [0.21, 0.01, 0.66123, 0.21, None], 'cats': [0.3212, 0.61237, 0.03, 0.18, 0.18]})\"", \""DataFrame({'dogs': [0.21, 0.01, 0.66, 0.21, None], 'cats': [0.3212, 0.61237, 0.03, 0.18, 0.18]})\"", \""<Execution Error: type NAType doesn't define __round__ method>\""], [\""DataFrame({'dogs': [0.215, 0.01, 0.36123, 0.21, None], 'cats': [0.3212, 0.11237, 0.03, 0.18, 0.18]})\"", \""DataFrame({'dogs': [0.21, 0.01, 0.36, 0.21, None], 'cats': [0.3212, 0.11237, 0.03, 0.18, 0.18]})\"", \""<Execution Error: type NAType doesn't define __round__ method>\""]]""}","
import pandas as pd
import numpy as np
df = test_input
df['dogs'] = df['dogs'].round(2)
result = df
","
import pandas as pd
import numpy as np
df = test_input
<<<< [ERROR START] (dynamic: TypeError)
df['dogs'] = df['dogs'].round(2)
[ERROR FINISH] (dynamic: TypeError) >>>>
result = df
",dynamic,dynamic: TypeError,5-5
DS1000,hallucinated,DS0274,,,,"{""error_type"": ""NameError"", ""error_message"": ""name 'result' is not defined"", ""line_no"": ""5.0"", ""test_case"": ""[[\""(   Col A  Col B  Col C  Col D  Col E  Col F  Col G  Col H  Col I  Col J  ...  Col Q  Col R  Col S  Col T  Col U  Col V  Col W  Col X  Col Y  Col Z\\n0     10     41     50     31     94     16     29     89     23     98  ...     31      5      4      3     43     19     72     69     10     12\\n1     16     37     52     31     78     19     34     51     12     51  ...     90     88     10     66     35     51     89     15     41     79\\n2     65     17     55     90     23     81     85     55 ...[truncated]\"", \""DataFrame({'Col A': [10, 16, 65, 29, 90, 94, 30, 9, 74, 1], 'Col B': [41, 37, 17, 12, 55, 89, 63, 34, 73, 79], 'Col C': [50, 52, 55, 78, 70, 14, 26, 14, 93, 87], 'Col D': [31, 31, 90, 13, 66, 32, 58, 37, 28, 19], 'Col E': [94, 78, 23, 24, 95, 12, 29, 75, 89, 10], 'Col F': [16, 19, 81, 72, 89, 12, 18, 47, 8, 76], 'Col G': [29, 34, 85, 97, 89, 45, 6, 5, 72, 89], 'Col H': [89, 51, 55, 35, 16, 78, 89, 16, 7, 86], 'Col I': [23, 12, 13, 93, 97, 63, 58, 80, 43, 58], 'Col J': [98, 51, 46, 41, 90, 74, 38...[truncated]\"", \""<Execution Error: name 'result' is not defined>\""]]""}","
import pandas as pd
import numpy as np
df, list_of_my_columns = test_input
result['Avg'] = df[list_of_my_columns].mean(axis=1)
result = df
","
import pandas as pd
import numpy as np
df, list_of_my_columns = test_input
<<<< [ERROR START] (dynamic: NameError)
result['Avg'] = df[list_of_my_columns].mean(axis=1)
[ERROR FINISH] (dynamic: NameError) >>>>
result = df
",dynamic,dynamic: NameError,5-5
DS1000,hallucinated,DS0275,,,,"{""error_type"": ""NameError"", ""error_message"": ""name 'result' is not defined"", ""line_no"": ""5.0"", ""test_case"": ""[[\""(   Col A  Col B  Col C  Col D  Col E  Col F  Col G  Col H  Col I  Col J  ...  Col Q  Col R  Col S  Col T  Col U  Col V  Col W  Col X  Col Y  Col Z\\n0     10     41     50     31     94     16     29     89     23     98  ...     31      5      4      3     43     19     72     69     10     12\\n1     16     37     52     31     78     19     34     51     12     51  ...     90     88     10     66     35     51     89     15     41     79\\n2     65     17     55     90     23     81     85     55 ...[truncated]\"", \""DataFrame({'Col A': [10, 16, 65, 29, 90, 94, 30, 9, 74, 1], 'Col B': [41, 37, 17, 12, 55, 89, 63, 34, 73, 79], 'Col C': [50, 52, 55, 78, 70, 14, 26, 14, 93, 87], 'Col D': [31, 31, 90, 13, 66, 32, 58, 37, 28, 19], 'Col E': [94, 78, 23, 24, 95, 12, 29, 75, 89, 10], 'Col F': [16, 19, 81, 72, 89, 12, 18, 47, 8, 76], 'Col G': [29, 34, 85, 97, 89, 45, 6, 5, 72, 89], 'Col H': [89, 51, 55, 35, 16, 78, 89, 16, 7, 86], 'Col I': [23, 12, 13, 93, 97, 63, 58, 80, 43, 58], 'Col J': [98, 51, 46, 41, 90, 74, 38...[truncated]\"", \""<Execution Error: name 'result' is not defined>\""]]""}","
import pandas as pd
import numpy as np
df, list_of_my_columns = test_input
result['Avg'] = df[list_of_my_columns].mean(axis=1)
result['Min'] = df[list_of_my_columns].min(axis=1)
result['Max'] = df[list_of_my_columns].max(axis=1)
result['Median'] = df[list_of_my_columns].median(axis=1)
result = df
","
import pandas as pd
import numpy as np
df, list_of_my_columns = test_input
<<<< [ERROR START] (dynamic: NameError)
result['Avg'] = df[list_of_my_columns].mean(axis=1)
[ERROR FINISH] (dynamic: NameError) >>>>
result['Min'] = df[list_of_my_columns].min(axis=1)
result['Max'] = df[list_of_my_columns].max(axis=1)
result['Median'] = df[list_of_my_columns].median(axis=1)
result = df
",dynamic,dynamic: NameError,5-5
DS1000,hallucinated,DS0278,,,,"{""error_type"": ""NameError"", ""error_message"": ""name 'sp' is not defined"", ""line_no"": ""5.0"", ""test_case"": ""[[\""DataFrame({'Open': [2898.75, 2899.25, 2898.5, 2898.25, 2898.5], 'High': [2899.25, 2899.75, 2899.0, 2899.25, 2899.5], 'Low': [2896.5, 2897.75, 2896.5, 2897.75, 2898.25], 'Last': [2899.25, 2898.5, 2898.0, 2898.0, 2898.75], 'Volume': [1636, 630, 1806, 818, 818], '# of Trades': [862, 328, 562, 273, 273], 'OHLC Avg': [2898.44, 2898.81, 2898.0, 2898.31, 2898.62], 'HLC Avg': [2898.33, 2898.67, 2897.75, 2898.33, 2898.75], 'HL Avg': [2897.88, 2898.75, 2897.75, 2898.5, 2898.75], 'Delta': [-146, 168, -162,...[truncated]\"", \""DataFrame({'Open': [2898.75, 2899.25, 2898.5], 'High': [2899.25, 2899.75, 2899.5], 'Low': [2896.5, 2897.75, 2898.25], 'Last': [2899.25, 2898.5, 2898.75], 'Volume': [1636, 630, 818], '# of Trades': [862, 328, 273], 'OHLC Avg': [2898.44, 2898.81, 2898.62], 'HLC Avg': [2898.33, 2898.67, 2898.75], 'HL Avg': [2897.88, 2898.75, 2898.75], 'Delta': [-146, 168, -100], 'HiLodiff': [11, 8, 6], 'OCdiff': [-2, 3, 1], 'div_Bar_Delta': [1, 2, -1]})\"", \""<Execution Error: name 'sp' is not defined>\""]]""}","
import pandas as pd
import numpy as np
df = test_input
result = sp[~sp.index.isin(['2020-02-17', '2020-02-18'])]
","
import pandas as pd
import numpy as np
df = test_input
<<<< [ERROR START] (dynamic: NameError)
result = sp[~sp.index.isin(['2020-02-17', '2020-02-18'])]
[ERROR FINISH] (dynamic: NameError) >>>>
",dynamic,dynamic: NameError,5-5
DS1000,hallucinated,DS0279,,,,"{""error_type"": ""NameError"", ""error_message"": ""name 'sp' is not defined"", ""line_no"": ""5.0"", ""test_case"": ""[[\""DataFrame({'Open': [2898.75, 2899.25, 2898.5, 2898.25, 2898.5], 'High': [2899.25, 2899.75, 2899.0, 2899.25, 2899.5], 'Low': [2896.5, 2897.75, 2896.5, 2897.75, 2898.25], 'Last': [2899.25, 2898.5, 2898.0, 2898.0, 2898.75], 'Volume': [1636, 630, 1806, 818, 818], '# of Trades': [862, 328, 562, 273, 273], 'OHLC Avg': [2898.44, 2898.81, 2898.0, 2898.31, 2898.62], 'HLC Avg': [2898.33, 2898.67, 2897.75, 2898.33, 2898.75], 'HL Avg': [2897.88, 2898.75, 2897.75, 2898.5, 2898.75], 'Delta': [-146, 168, -162,...[truncated]\"", \""DataFrame({'Open': [2898.75, 2899.25, 2898.5], 'High': [2899.25, 2899.75, 2899.5], 'Low': [2896.5, 2897.75, 2898.25], 'Last': [2899.25, 2898.5, 2898.75], 'Volume': [1636, 630, 818], '# of Trades': [862, 328, 273], 'OHLC Avg': [2898.44, 2898.81, 2898.62], 'HLC Avg': [2898.33, 2898.67, 2898.75], 'HL Avg': [2897.88, 2898.75, 2898.75], 'Delta': [-146, 168, -100], 'HiLodiff': [11, 8, 6], 'OCdiff': [-2, 3, 1], 'div_Bar_Delta': [1, 2, -1]})\"", \""<Execution Error: name 'sp' is not defined>\""]]""}","
import pandas as pd
import numpy as np
df = test_input
result = sp[~sp.index.isin(['2020-02-17', '2020-02-18'])]
","
import pandas as pd
import numpy as np
df = test_input
<<<< [ERROR START] (dynamic: NameError)
result = sp[~sp.index.isin(['2020-02-17', '2020-02-18'])]
[ERROR FINISH] (dynamic: NameError) >>>>
",dynamic,dynamic: NameError,5-5
DS1000,hallucinated,DS0282,,,,"{""error_type"": ""TypeError"", ""error_message"": ""DataFrame.set_axis() got an unexpected keyword argument 'inplace'"", ""line_no"": ""5.0"", ""test_case"": """"}","
import pandas as pd
import numpy as np
df = test_input
result = df.rename(columns={df.columns[-1]: 'Test'})
","
import pandas as pd
import numpy as np
df = test_input
<<<< [ERROR START] (dynamic: TypeError)
result = df.rename(columns={df.columns[-1]: 'Test'})
[ERROR FINISH] (dynamic: TypeError) >>>>
",dynamic,dynamic: TypeError,5-5
DS1000,hallucinated,DS0283,,,,"{""error_type"": ""TypeError"", ""error_message"": ""DataFrame.set_axis() got an unexpected keyword argument 'inplace'"", ""line_no"": ""5.0"", ""test_case"": """"}","
import pandas as pd
import numpy as np
df = test_input
result = df.rename(columns={df.columns[0]: 'Test'})
","
import pandas as pd
import numpy as np
df = test_input
<<<< [ERROR START] (dynamic: TypeError)
result = df.rename(columns={df.columns[0]: 'Test'})
[ERROR FINISH] (dynamic: TypeError) >>>>
",dynamic,dynamic: TypeError,5-5
DS1000,hallucinated,DS0284,,,,"{""error_type"": ""NameError"", ""error_message"": ""name 'result' is not defined"", ""line_no"": ""5.0"", ""test_case"": ""[[\""DataFrame({'bit1': [0, 1, 1], 'bit2': [0, 1, 0], 'bit3': [1, 0, 1], 'bit4': [1, 0, 1], 'bit5': [0, 1, 1]})\"", \""DataFrame({'bit1': [0, 1, 1], 'bit2': [0, 1, 0], 'bit3': [1, 0, 1], 'bit4': [1, 0, 1], 'bit5': [0, 1, 1], 'frequent': [0, 1, 1], 'freq_count': [3.0, 3.0, 4.0]})\"", \""<Execution Error: name 'result' is not defined>\""]]""}","
import pandas as pd
import numpy as np
df = test_input
result['frequent'] = df.apply(lambda row: row.idxmax(), axis=1)
result['freq_count'] = df.apply(lambda row: row[row == row.max()].count(), axis=1)
result = df
","
import pandas as pd
import numpy as np
df = test_input
<<<< [ERROR START] (dynamic: NameError)
result['frequent'] = df.apply(lambda row: row.idxmax(), axis=1)
[ERROR FINISH] (dynamic: NameError) >>>>
result['freq_count'] = df.apply(lambda row: row[row == row.max()].count(), axis=1)
result = df
",dynamic,dynamic: NameError,5-5
DS1000,hallucinated,DS0285,,,,"{""error_type"": ""NameError"", ""error_message"": ""name 'result' is not defined"", ""line_no"": ""5.0"", ""test_case"": ""[[\""DataFrame({'bit1': [0, 2, 4], 'bit2': [0, 2, 0], 'bit3': [3, 0, 4], 'bit4': [3, 0, 4], 'bit5': [0, 2, 4]})\"", \""DataFrame({'bit1': [0, 2, 4], 'bit2': [0, 2, 0], 'bit3': [3, 0, 4], 'bit4': [3, 0, 4], 'bit5': [0, 2, 4], 'frequent': [0, 2, 4], 'freq_count': [3.0, 3.0, 4.0]})\"", \""<Execution Error: name 'result' is not defined>\""]]""}","
import pandas as pd
import numpy as np
df = test_input
result['frequent'] = df.apply(lambda row: row.mode()[0], axis=1)
result['freq_count'] = df.apply(lambda row: row[row == row.mode()[0]].count(), axis=1)
result = df
","
import pandas as pd
import numpy as np
df = test_input
<<<< [ERROR START] (dynamic: NameError)
result['frequent'] = df.apply(lambda row: row.mode()[0], axis=1)
[ERROR FINISH] (dynamic: NameError) >>>>
result['freq_count'] = df.apply(lambda row: row[row == row.mode()[0]].count(), axis=1)
result = df
",dynamic,dynamic: NameError,5-5
DS1000,hallucinated,DS0286,,,,"{""error_type"": ""KeyError"", ""error_message"": ""'frequent'"", ""line_no"": ""5.0"", ""test_case"": ""[[\""DataFrame({'bit1': [0, 2, 4], 'bit2': [0, 2, 0], 'bit3': [3, 0, 4], 'bit4': [3, 0, 4], 'bit5': [0, 2, 4], 'bit6': [3, 0, 5]})\"", \""DataFrame({'bit1': [0, 2, 4], 'bit2': [0, 2, 0], 'bit3': [3, 0, 4], 'bit4': [3, 0, 4], 'bit5': [0, 2, 4], 'bit6': [3, 0, 5], 'frequent': [[np.float64(0.0), np.float64(3.0)], [np.float64(0.0), np.float64(2.0)], [np.float64(4.0)]], 'freq_count': [3.0, 3.0, 4.0]})\"", \""<Execution Error: 'frequent'>\""]]""}","
import pandas as pd
import numpy as np
df = test_input
result['frequent'] = df.apply(lambda x: sorted(x['frequent']), axis=1)
for i in df.index:
    df.at[i, 'frequent'] = sorted(df.at[i, 'frequent'])
result = df
","
import pandas as pd
import numpy as np
df = test_input
<<<< [ERROR START] (dynamic: KeyError)
result['frequent'] = df.apply(lambda x: sorted(x['frequent']), axis=1)
[ERROR FINISH] (dynamic: KeyError) >>>>
for i in df.index:
    df.at[i, 'frequent'] = sorted(df.at[i, 'frequent'])
result = df
",dynamic,dynamic: KeyError,5-5
DS1000,hallucinated,DS0287,,,,"{""error_type"": ""TypeError"", ""error_message"": ""agg function failed [how->mean,dtype->object]"", ""line_no"": ""5.0"", ""test_case"": ""[[\""DataFrame({'foo': [8, 5, 3, 4, 7, 9, 5, 7], 'id1': [1, 1, 1, 1, 1, 1, 1, 1], 'bar': ['NULL', 'NULL', 'NULL', 1, 3, 4, 2, 3], 'id2': [1, 1, 1, 2, 2, 3, 3, 1]})\"", \""DataFrame({'foo': [5.75, 5.5, 7.0], 'bar': [3.0, 2.0, 3.0]})\"", \""<Execution Error: agg function failed [how->mean,dtype->object]>\""], [\""DataFrame({'foo': [18, 5, 3, 4, 17, 9, 5, 7], 'id1': [1, 1, 1, 1, 1, 1, 1, 1], 'bar': ['NULL', 'NULL', 'NULL', 11, 3, 4, 2, 3], 'id2': [1, 1, 1, 2, 2, 3, 3, 1]})\"", \""DataFrame({'foo': [8.25, 10.5, 7.0], 'bar': [3.0, 7.0, 3.0]})\"", \""<Execution Error: agg function failed [how->mean,dtype->object]>\""]]""}","
import pandas as pd
import numpy as np
df = test_input
result = df.groupby([""id1"", ""id2""]).agg({""foo"": ""mean"", ""bar"": ""mean""})
","
import pandas as pd
import numpy as np
df = test_input
<<<< [ERROR START] (dynamic: TypeError)
result = df.groupby([""id1"", ""id2""]).agg({""foo"": ""mean"", ""bar"": ""mean""})
[ERROR FINISH] (dynamic: TypeError) >>>>
",dynamic,dynamic: TypeError,5-5
DS1000,hallucinated,DS0288,,,,"{""error_type"": ""TypeError"", ""error_message"": ""can only concatenate str (not \""int\"") to str"", ""line_no"": ""5.0"", ""test_case"": ""[[\""DataFrame({'foo': [8, 5, 3, 4, 7, 9, 5, 7], 'id1': [1, 1, 1, 1, 1, 1, 1, 1], 'bar': ['NULL', 'NULL', 'NULL', 1, 3, 4, 2, 3], 'id2': [1, 1, 1, 2, 2, 3, 3, 1]})\"", \""DataFrame({'foo': [5.75, 5.5, 7.0], 'bar': [0.75, 2.0, 3.0]})\"", \""<Execution Error: can only concatenate str (not \\\""int\\\"") to str>\""], [\""DataFrame({'foo': [18, 5, 3, 4, 17, 9, 5, 7], 'id1': [1, 1, 1, 1, 1, 1, 1, 1], 'bar': ['NULL', 'NULL', 'NULL', 11, 3, 4, 2, 3], 'id2': [1, 1, 1, 2, 2, 3, 3, 1]})\"", \""DataFrame({'foo': [8.25, 10.5, 7.0], 'bar': [0.75, 7.0, 3.0]})\"", \""<Execution Error: can only concatenate str (not \\\""int\\\"") to str>\""]]""}","
import pandas as pd
import numpy as np
df = test_input
result = df.groupby([""id1"", ""id2""]).agg({""foo"": ""mean"", ""bar"": lambda x: x.fillna(0).mean()})
","
import pandas as pd
import numpy as np
df = test_input
<<<< [ERROR START] (dynamic: TypeError)
result = df.groupby([""id1"", ""id2""]).agg({""foo"": ""mean"", ""bar"": lambda x: x.fillna(0).mean()})
[ERROR FINISH] (dynamic: TypeError) >>>>
",dynamic,dynamic: TypeError,5-5
DS1000,hallucinated,DS0293,,,,"{""error_type"": ""AttributeError"", ""error_message"": ""'numpy.ndarray' object has no attribute 'fillna'"", ""line_no"": ""4.0"", ""test_case"": ""[[\""array([1400.0, 1500.0, 1600.0, nan, nan, nan, 1700.0])\"", \""array([1400.0, 1500.0, 1600.0, inf, inf, inf, 1700.0])\"", \""<Execution Error: 'numpy.ndarray' object has no attribute 'fillna'>\""], [\""array([0.3745401188473625, 0.9507143064099162, 0.7319939418114051, 0.5986584841970366, 0.15601864044243652, 0.15599452033620265, 0.05808361216819946, 0.8661761457749352, 0.6011150117432088, nan, 0.020584494295802447, 0.9699098521619943, 0.8324426408004217, 0.21233911067827616, nan, nan, 0.3042422429595377, 0.5247564316322378, 0.43194501864211576, 0.2912291401980419])\"", \""array([0.3745401188473625, 0.9507143064099162, 0.7319939418114051, 0.5986584841970366, 0.15601864044243652, 0.15599452033620265, 0.05808361216819946, 0.8661761457749352, 0.6011150117432088, inf, 0.020584494295802447, 0.9699098521619943, 0.8324426408004217, 0.21233911067827616, inf, inf, 0.3042422429595377, 0.5247564316322378, 0.43194501864211576, 0.2912291401980419])\"", \""<Execution Error: 'numpy.ndarray' object has no attribute 'fillna'>\""]]""}","
import numpy as np
x = test_input
result = x.fillna(np.inf)
result = x
","
import numpy as np
x = test_input
<<<< [ERROR START] (dynamic: AttributeError)
result = x.fillna(np.inf)
[ERROR FINISH] (dynamic: AttributeError) >>>>
result = x
",dynamic,dynamic: AttributeError,4-4
DS1000,hallucinated,DS0303,,,,"{""error_type"": ""ValueError"", ""error_message"": ""cannot reshape array of size 7 into shape (2)"", ""line_no"": ""4.0"", ""test_case"": ""[[\""(array([1, 2, 3, 4, 5, 6, 7]), 2)\"", \""array([[1, 2], [3, 4], [5, 6]])\"", \""<Execution Error: cannot reshape array of size 7 into shape (2)>\""], [\""(array([0.37454012, 0.95071431, 0.73199394, 0.59865848, 0.15601864,\\n       0.15599452, 0.05808361, 0.86617615, 0.60111501, 0.70807258,\\n       0.02058449, 0.96990985, 0.83244264, 0.21233911, 0.18182497,\\n       0.18340451, 0.30424224, 0.52475643, 0.43194502, 0.29122914,\\n       0.61185289, 0.13949386, 0.29214465]), 5)\"", \""array([[0.3745401188473625, 0.9507143064099162, 0.7319939418114051, 0.5986584841970366, 0.15601864044243652], [0.15599452033620265, 0.05808361216819946, 0.8661761457749352, 0.6011150117432088, 0.7080725777960455], [0.020584494295802447, 0.9699098521619943, 0.8324426408004217, 0.21233911067827616, 0.18182496720710062], [0.18340450985343382, 0.3042422429595377, 0.5247564316322378, 0.43194501864211576, 0.2912291401980419]])\"", \""<Execution Error: cannot reshape array of size 23 into shape (5)>\""]]""}","
import numpy as np
A, ncol = test_input
B = A.reshape(-1, ncol)
result = B
","
import numpy as np
A, ncol = test_input
<<<< [ERROR START] (dynamic: ValueError)
B = A.reshape(-1, ncol)
[ERROR FINISH] (dynamic: ValueError) >>>>
result = B
",dynamic,dynamic: ValueError,4-4
DS1000,hallucinated,DS0304,,,,"{""error_type"": ""ValueError"", ""error_message"": ""cannot reshape array of size 1 into shape (2)"", ""line_no"": ""4.0"", ""test_case"": ""[[\""(array([1, 2, 3, 4, 5, 6, 7]), 2)\"", \""array([[7, 6], [5, 4], [3, 2]])\"", \""<Execution Error: cannot reshape array of size 1 into shape (2)>\""], [\""(array([0.37454012, 0.95071431, 0.73199394, 0.59865848, 0.15601864,\\n       0.15599452, 0.05808361, 0.86617615, 0.60111501, 0.70807258,\\n       0.02058449, 0.96990985, 0.83244264, 0.21233911, 0.18182497,\\n       0.18340451, 0.30424224, 0.52475643, 0.43194502, 0.29122914,\\n       0.61185289, 0.13949386, 0.29214465]), 5)\"", \""array([[0.29214464853521815, 0.13949386065204183, 0.6118528947223795, 0.2912291401980419, 0.43194501864211576], [0.5247564316322378, 0.3042422429595377, 0.18340450985343382, 0.18182496720710062, 0.21233911067827616], [0.8324426408004217, 0.9699098521619943, 0.020584494295802447, 0.7080725777960455, 0.6011150117432088], [0.8661761457749352, 0.05808361216819946, 0.15599452033620265, 0.15601864044243652, 0.5986584841970366]])\"", \""<Execution Error: cannot reshape array of size 3 into shape (5)>\""]]""}","
import numpy as np
A, ncol = test_input
B = A.reshape(-1, ncol) if A.size % ncol == 0 else A[-(A.size % ncol):].reshape(-1, ncol)
result = B
","
import numpy as np
A, ncol = test_input
<<<< [ERROR START] (dynamic: ValueError)
B = A.reshape(-1, ncol) if A.size % ncol == 0 else A[-(A.size % ncol):].reshape(-1, ncol)
[ERROR FINISH] (dynamic: ValueError) >>>>
result = B
",dynamic,dynamic: ValueError,4-4
DS1000,hallucinated,DS0313,"{""type"": ""IndentationError"", ""value"": 5, ""message"": ""expected an indented block after function definition on line 4 (<unknown>, line 5)""}",,,"{""error_type"": ""IndentationError"", ""error_message"": ""expected an indented block after function definition on line 4 (<string>, line 6)"", ""line_no"": ""2.0"", ""test_case"": ""[[\""array([[10, 50, 30], [60, 20, 40]])\"", \""3\"", \""<Execution Error: expected an indented block after function definition on line 4 (<string>, line 5)>\""], [\""array([[0.1834347898661638, 0.7796910002727693, 0.596850157946487, 0.44583275285359114, 0.09997491581800289, 0.45924889196586716], [0.33370861113902184, 0.14286681792194078, 0.6508884729488529, 0.056411579027100256, 0.7219987722668247, 0.9385527090157502], [0.0007787658410143283, 0.9922115592912175, 0.6174815096277165, 0.6116531604882809, 0.007066305219717406, 0.023062425041415757], [0.5247746602583891, 0.3998609717152555, 0.04666566321361543, 0.9737555188414592, 0.23277134043030423, 0.090606434...[truncated]\"", \""13\"", \""<Execution Error: expected an indented block after function definition on line 4 (<string>, line 5)>\""]]""}","
import numpy as np
a = test_input
def f(a):
import numpy as np

a = test_input
result = np.argmax(a)
result = f(a)
","
<<<< [ERROR START] (dynamic: IndentationError)
import numpy as np
[ERROR FINISH] (dynamic: IndentationError) >>>>
a = test_input
def f(a):
<<<< [ERROR START] (ast: IndentationError)
import numpy as np
[ERROR FINISH] (ast: IndentationError) >>>>

a = test_input
result = np.argmax(a)
result = f(a)
","ast,dynamic","ast: IndentationError,dynamic: IndentationError","5-5,2-2"
DS1000,hallucinated,DS0315,,,,"{""error_type"": ""NameError"", ""error_message"": ""name 'z' is not defined"", ""line_no"": ""4.0"", ""test_case"": ""[[\""array([[nan, 2.0, 3.0, nan], [1.0, 2.0, 3.0, 9.0]])\"", \""array([[2.0, 3.0], [2.0, 3.0]])\"", \""<Execution Error: name 'z' is not defined>\""], [\""array([[0.1834347898661638, 0.7796910002727693, 0.596850157946487, 0.44583275285359114, 0.09997491581800289, 0.45924889196586716], [0.33370861113902184, 0.14286681792194078, 0.6508884729488529, nan, 0.7219987722668247, 0.9385527090157502], [0.0007787658410143283, 0.9922115592912175, nan, 0.6116531604882809, 0.007066305219717406, 0.023062425041415757], [0.5247746602583891, 0.3998609717152555, 0.04666566321361543, nan, 0.23277134043030423, 0.0906064345328208], [0.6183860093330873, 0.38246199126716...[truncated]\"", \""array([[0.1834347898661638, 0.7796910002727693, 0.09997491581800289, 0.45924889196586716], [0.33370861113902184, 0.14286681792194078, 0.7219987722668247, 0.9385527090157502], [0.0007787658410143283, 0.9922115592912175, 0.007066305219717406, 0.023062425041415757], [0.5247746602583891, 0.3998609717152555, 0.23277134043030423, 0.0906064345328208], [0.6183860093330873, 0.38246199126716274, 0.8599404067363206, 0.6803075385877797], [0.450499251969543, 0.013264961159866528, 0.3854165025399161, 0.015966...[truncated]\"", \""<Execution Error: name 'z' is not defined>\""]]""}","
import numpy as np
a = test_input
result = a[:, ~z]
result = a
","
import numpy as np
a = test_input
<<<< [ERROR START] (dynamic: NameError)
result = a[:, ~z]
[ERROR FINISH] (dynamic: NameError) >>>>
result = a
",dynamic,dynamic: NameError,4-4
DS1000,hallucinated,DS0319,,,,"{""error_type"": ""IndexError"", ""error_message"": ""index 2 is out of bounds for axis 2 with size 2"", ""line_no"": ""4.0"", ""test_case"": ""[[\""(array([[[10, 20],\\n        [30, 40]],\\n\\n       [[ 6,  7],\\n        [ 8,  9]],\\n\\n       [[10, 11],\\n        [12, 13]]]), [1, 0, 2])\"", \""array([[[6, 7], [8, 9]], [[10, 20], [30, 40]], [[10, 11], [12, 13]]])\"", \""<Execution Error: index 2 is out of bounds for axis 2 with size 2>\""], [\""(array([[[0.73199394, 0.59865848, 0.15601864, 0.15599452, 0.05808361,\\n         0.86617615, 0.60111501, 0.70807258],\\n        [0.02058449, 0.96990985, 0.83244264, 0.21233911, 0.18182497,\\n         0.18340451, 0.30424224, 0.52475643],\\n        [0.43194502, 0.29122914, 0.61185289, 0.13949386, 0.29214465,\\n         0.36636184, 0.45606998, 0.78517596],\\n        [0.19967378, 0.51423444, 0.59241457, 0.04645041, 0.60754485,\\n         0.17052412, 0.06505159, 0.94888554],\\n        [0.96563203, 0.80839735, 0.3046...[truncated]\"", \""array([[[0.4741738290873252, 0.09783416065100148, 0.49161587511683236, 0.4734717707805657, 0.17320186991001518, 0.43385164923797304, 0.39850473439737344, 0.6158500980522165], [0.6350936508676438, 0.04530400977204452, 0.3746126146264712, 0.6258599157142364, 0.5031362585800877, 0.8564898411883223, 0.658693631618945, 0.1629344270814297], [0.07056874740042984, 0.6424192782063156, 0.026511310541621813, 0.5857755812734633, 0.9402302414249576, 0.575474177875879, 0.3881699262065219, 0.6432882184423532],...[truncated]\"", \""array([[[0.8661761457749352, 0.6011150117432088, 0.15601864044243652, 0.7080725777960455, 0.05808361216819946, 0.5986584841970366, 0.15599452033620265, 0.7319939418114051], [0.18340450985343382, 0.3042422429595377, 0.8324426408004217, 0.5247564316322378, 0.18182496720710062, 0.9699098521619943, 0.21233911067827616, 0.020584494295802447], [0.3663618432936917, 0.45606998421703593, 0.6118528947223795, 0.7851759613930136, 0.29214464853521815, 0.2912291401980419, 0.13949386065204183, 0.43194501864211...[truncated]\""]]""}","
import numpy as np
a,permutation = test_input
result = a[:, :, permutation]
","
import numpy as np
a,permutation = test_input
<<<< [ERROR START] (dynamic: IndexError)
result = a[:, :, permutation]
[ERROR FINISH] (dynamic: IndexError) >>>>
",dynamic,dynamic: IndexError,4-4
DS1000,hallucinated,DS0327,,,"[{'type': 'type_error', 'function': 'pad', 'invalid_arg': 'constant_values', 'line': 4}]",,"
import numpy as np
A, length = test_input
result = np.pad(A, (0, length - len(A)), 'constant', constant_values=(0,))
","
import numpy as np
A, length = test_input
<<<< [ERROR START] (lib: type_error)
result = np.pad(A, (0, length - len(A)), 'constant', constant_values=(0,))
[ERROR FINISH] (lib: type_error) >>>>
",lib,lib: type_error,4-4
DS1000,hallucinated,DS0328,,,"[{'type': 'type_error', 'function': 'pad', 'invalid_arg': 'constant_values', 'line': 4}]","{""error_type"": ""AssertionError"", ""error_message"": ""\nArrays are not equal\n\nMismatched elements: 2 / 5 (40%)\nMismatch at indices:\n [3]: 4 (ACTUAL), 0 (DESIRED)\n [4]: 5 (ACTUAL), 0 (DESIRED)\nMax absolute difference among violations: 5\nMax relative difference among violations: inf\n ACTUAL: array([1, 2, 3, 4, 5])\n DESIRED: array([1, 2, 3, 0, 0])"", ""line_no"": """", ""test_case"": ""[[\""(array([1, 2, 3, 4, 5]), 8)\"", \""array([1, 2, 3, 4, 5, 0, 0, 0])\"", \""array([1, 2, 3, 4, 5, 0, 0, 0])\""], [\""(array([0.37454012, 0.95071431, 0.73199394, 0.59865848, 0.15601864,\\n       0.15599452, 0.05808361, 0.86617615, 0.60111501, 0.70807258]), 11)\"", \""array([0.3745401188473625, 0.9507143064099162, 0.7319939418114051, 0.5986584841970366, 0.15601864044243652, 0.15599452033620265, 0.05808361216819946, 0.8661761457749352, 0.6011150117432088, 0.7080725777960455, 0.0])\"", \""array([0.3745401188473625, 0.9507143064099162, 0.7319939418114051, 0.5986584841970366, 0.15601864044243652, 0.15599452033620265, 0.05808361216819946, 0.8661761457749352, 0.6011150117432088, 0.7080725777960455, 0.0])\""], [\""(array([1, 2, 3, 4, 5]), 3)\"", \""array([1, 2, 3, 0, 0])\"", \""array([1, 2, 3, 4, 5])\""]]""}","
import numpy as np
A, length = test_input
result = np.pad(A, (0, max(0, length - len(A))), 'constant', constant_values=(0,))
","
import numpy as np
A, length = test_input
<<<< [ERROR START] (lib: type_error)
result = np.pad(A, (0, max(0, length - len(A))), 'constant', constant_values=(0,))
[ERROR FINISH] (lib: type_error) >>>>
",lib,lib: type_error,4-4
DS1000,hallucinated,DS0330,"{""type"": ""IndentationError"", ""value"": 5, ""message"": ""expected an indented block after function definition on line 4 (<unknown>, line 5)""}",,,"{""error_type"": ""IndentationError"", ""error_message"": ""expected an indented block after function definition on line 4 (<string>, line 6)"", ""line_no"": ""2.0"", ""test_case"": ""[[\""(array([[0, 1],\\n       [2, 3]]), 5)\"", \""array([[0, 1], [32, 243]])\"", \""<Execution Error: expected an indented block after function definition on line 4 (<string>, line 5)>\""], [\""(array([[1.83434790e-01, 7.79691000e-01, 5.96850158e-01, 4.45832753e-01,\\n        9.99749158e-02, 4.59248892e-01],\\n       [3.33708611e-01, 1.42866818e-01, 6.50888473e-01, 5.64115790e-02,\\n        7.21998772e-01, 9.38552709e-01],\\n       [7.78765841e-04, 9.92211559e-01, 6.17481510e-01, 6.11653160e-01,\\n        7.06630522e-03, 2.30624250e-02],\\n       [5.24774660e-01, 3.99860972e-01, 4.66656632e-02, 9.73755519e-01,\\n        2.32771340e-01, 9.06064345e-02],\\n       [6.18386009e-01, 3.82461991e-01, 9.83230...[truncated]\"", \""array([[3.8096952750352844e-05, 0.22466484890300442, 0.04520556262253003, 0.007852931751758151, 9.984958925888448e-07, 0.009381854706925923], [0.0013810343505893609, 8.503314278309053e-06, 0.07603954023111786, 3.2226232636809125e-08, 0.14165070958219692, 0.683521225656213], [2.230701004836607e-19, 0.9541698589934114, 0.05542985513078401, 0.05236382282977231, 1.2449570064158327e-13, 1.5046303981262623e-10], [0.020885127785541586, 0.004087465521030262, 1.0327249144277076e-08, 0.8525102169696894, 0...[truncated]\"", \""<Execution Error: expected an indented block after function definition on line 4 (<string>, line 5)>\""]]""}","
import numpy as np
a, power = test_input
def f(a, power):
result = a ** power
result = f(a, power)
","
<<<< [ERROR START] (dynamic: IndentationError)
import numpy as np
[ERROR FINISH] (dynamic: IndentationError) >>>>
a, power = test_input
def f(a, power):
<<<< [ERROR START] (ast: IndentationError)
result = a ** power
[ERROR FINISH] (ast: IndentationError) >>>>
result = f(a, power)
","ast,dynamic","ast: IndentationError,dynamic: IndentationError","5-5,2-2"
DS1000,hallucinated,DS0332,"{""type"": ""IndentationError"", ""value"": 5, ""message"": ""expected an indented block after function definition on line 4 (<unknown>, line 5)""}",,,"{""error_type"": ""IndentationError"", ""error_message"": ""expected an indented block after function definition on line 4 (<string>, line 6)"", ""line_no"": ""2.0"", ""test_case"": ""[[\""(98, 42)\"", \""(np.int64(7), np.int64(3))\"", \""<Execution Error: expected an indented block after function definition on line 4 (<string>, line 5)>\""], [\""(8, 5)\"", \""(np.int64(8), np.int64(5))\"", \""<Execution Error: expected an indented block after function definition on line 4 (<string>, line 5)>\""], [\""(-5, 10)\"", \""(np.int64(-1), np.int64(2))\"", \""<Execution Error: expected an indented block after function definition on line 4 (<string>, line 5)>\""]]""}","
import numpy as np
numerator, denominator = test_input
def f(numerator, denominator):
from fractions import Fraction

result = Fraction(numerator, denominator).limit_denominator()
result = f(numerator, denominator)
","
<<<< [ERROR START] (dynamic: IndentationError)
import numpy as np
[ERROR FINISH] (dynamic: IndentationError) >>>>
numerator, denominator = test_input
def f(numerator, denominator):
<<<< [ERROR START] (ast: IndentationError)
from fractions import Fraction
[ERROR FINISH] (ast: IndentationError) >>>>

result = Fraction(numerator, denominator).limit_denominator()
result = f(numerator, denominator)
","ast,dynamic","ast: IndentationError,dynamic: IndentationError","5-5,2-2"
DS1000,hallucinated,DS0342,"{""type"": ""IndentationError"", ""value"": 5, ""message"": ""expected an indented block after function definition on line 4 (<unknown>, line 5)""}",,,"{""error_type"": ""IndentationError"", ""error_message"": ""expected an indented block after function definition on line 4 (<string>, line 6)"", ""line_no"": ""2.0"", ""test_case"": ""[[\""array([[8, 5, 6, 8, 4, 9], [6, 6, 8, 3, 4, 8], [4, 4, 9, 6, 5, 9], [9, 4, 7, 6, 3, 9], [5, 7, 7, 3, 9, 5]])\"", \""[np.int64(8), np.int64(5), np.int64(6), np.int64(8), np.int64(4), np.int64(9), np.int64(6), np.int64(6), np.int64(8), np.int64(3), np.int64(4), np.int64(8), np.int64(4), np.int64(4), np.int64(9), np.int64(6), np.int64(5), np.int64(9), np.int64(9), np.int64(4), np.int64(7), np.int64(6), np.int64(3), np.int64(9), np.int64(5), np.int64(7), np.int64(7), np.int64(3), np.int64(9), np.int64(5)]\"", \""<Execution Error: expected an indented block after function definition on line 4 (<string>, line 5)>\""]]""}","
import numpy as np
X = test_input
def f(X):
import numpy as np

X = test_input
result = X.flatten().tolist()
result = f(X)
","
<<<< [ERROR START] (dynamic: IndentationError)
import numpy as np
[ERROR FINISH] (dynamic: IndentationError) >>>>
X = test_input
def f(X):
<<<< [ERROR START] (ast: IndentationError)
import numpy as np
[ERROR FINISH] (ast: IndentationError) >>>>

X = test_input
result = X.flatten().tolist()
result = f(X)
","ast,dynamic","ast: IndentationError,dynamic: IndentationError","5-5,2-2"
DS1000,hallucinated,DS0350,,,,"{""error_type"": ""ModuleNotFoundError"", ""error_message"": ""No module named 'scipy'"", ""line_no"": ""3.0"", ""test_case"": """"}","
import numpy as np
import scipy.stats
a, b = test_input
import numpy as np
import scipy.stats

a, b = test_input
n1, n2 = len(a), len(b)
p_value = scipy.stats.ttest_ind(a, b, equal_var=False, weights=np.array([n1, n2]))
result = p_value.pvalue
result = p_value
","
import numpy as np
<<<< [ERROR START] (dynamic: ModuleNotFoundError)
import scipy.stats
[ERROR FINISH] (dynamic: ModuleNotFoundError) >>>>
a, b = test_input
import numpy as np
import scipy.stats

a, b = test_input
n1, n2 = len(a), len(b)
p_value = scipy.stats.ttest_ind(a, b, equal_var=False, weights=np.array([n1, n2]))
result = p_value.pvalue
result = p_value
",dynamic,dynamic: ModuleNotFoundError,3-3
DS1000,hallucinated,DS0351,,,,"{""error_type"": ""ModuleNotFoundError"", ""error_message"": ""No module named 'scipy'"", ""line_no"": ""3.0"", ""test_case"": """"}","
import numpy as np
import scipy.stats
a, b = test_input
import numpy as np
import scipy.stats

a, b = test_input
# Remove NaN values from both arrays
a = a[~np.isnan(a)]
b = b[~np.isnan(b)]

# Calculate the weighted t-test
result = scipy.stats.ttest_ind(a, b, equal_var=False)
result = p_value
","
import numpy as np
<<<< [ERROR START] (dynamic: ModuleNotFoundError)
import scipy.stats
[ERROR FINISH] (dynamic: ModuleNotFoundError) >>>>
a, b = test_input
import numpy as np
import scipy.stats

a, b = test_input
# Remove NaN values from both arrays
a = a[~np.isnan(a)]
b = b[~np.isnan(b)]

# Calculate the weighted t-test
result = scipy.stats.ttest_ind(a, b, equal_var=False)
result = p_value
",dynamic,dynamic: ModuleNotFoundError,3-3
DS1000,hallucinated,DS0352,,,,"{""error_type"": ""ModuleNotFoundError"", ""error_message"": ""No module named 'scipy'"", ""line_no"": ""3.0"", ""test_case"": """"}","
import numpy as np
import scipy.stats
amean, avar, anobs, bmean, bvar, bnobs = test_input
import scipy.stats

amean, avar, anobs, bmean, bvar, bnobs = test_input
result = scipy.stats.ttest_ind_from_stats(mean1=amean, var1=avar, nobs1=anobs, mean2=bmean, var2=bvar, nobs2=bnobs, equal_var=False)
result = p_value
","
import numpy as np
<<<< [ERROR START] (dynamic: ModuleNotFoundError)
import scipy.stats
[ERROR FINISH] (dynamic: ModuleNotFoundError) >>>>
amean, avar, anobs, bmean, bvar, bnobs = test_input
import scipy.stats

amean, avar, anobs, bmean, bvar, bnobs = test_input
result = scipy.stats.ttest_ind_from_stats(mean1=amean, var1=avar, nobs1=anobs, mean2=bmean, var2=bvar, nobs2=bnobs, equal_var=False)
result = p_value
",dynamic,dynamic: ModuleNotFoundError,3-3
DS1000,hallucinated,DS0355,,,,"{""error_type"": ""NameError"", ""error_message"": ""name 'c' is not defined"", ""line_no"": ""5.0"", ""test_case"": ""[[\""(array([[[0.37454012, 0.95071431, 0.73199394],\\n        [0.59865848, 0.15601864, 0.15599452],\\n        [0.05808361, 0.86617615, 0.60111501]],\\n\\n       [[0.70807258, 0.02058449, 0.96990985],\\n        [0.83244264, 0.21233911, 0.18182497],\\n        [0.18340451, 0.30424224, 0.52475643]],\\n\\n       [[0.43194502, 0.29122914, 0.61185289],\\n        [0.13949386, 0.29214465, 0.36636184],\\n        [0.45606998, 0.78517596, 0.19967378]]]), array([[[ 0,  1,  2],\\n        [ 3,  4,  5],\\n        [ 6,  7,  8]],\\n\\n       [[ ...[truncated]\"", \""array([[[0, 10, 20], [21, 4, 5], [6, 16, 26]], [[18, 19, 2], [3, 13, 14], [15, 25, 17]], [[9, 1, 11], [12, 22, 23], [24, 7, 8]]])\"", \""<Execution Error: name 'c' is not defined>\""]]""}","
import numpy as np
a, b = test_input
result = b[np.argsort(a, axis=0)]
result = c
","
import numpy as np
a, b = test_input
result = b[np.argsort(a, axis=0)]
<<<< [ERROR START] (dynamic: NameError)
result = c
[ERROR FINISH] (dynamic: NameError) >>>>
",dynamic,dynamic: NameError,5-5
DS1000,hallucinated,DS0356,,,,"{""error_type"": ""NameError"", ""error_message"": ""name 'c' is not defined"", ""line_no"": ""5.0"", ""test_case"": ""[[\""(array([[[0.37454012, 0.95071431, 0.73199394],\\n        [0.59865848, 0.15601864, 0.15599452],\\n        [0.05808361, 0.86617615, 0.60111501]],\\n\\n       [[0.70807258, 0.02058449, 0.96990985],\\n        [0.83244264, 0.21233911, 0.18182497],\\n        [0.18340451, 0.30424224, 0.52475643]],\\n\\n       [[0.43194502, 0.29122914, 0.61185289],\\n        [0.13949386, 0.29214465, 0.36636184],\\n        [0.45606998, 0.78517596, 0.19967378]]]), array([[[ 0,  1,  2],\\n        [ 3,  4,  5],\\n        [ 6,  7,  8]],\\n\\n       [[ ...[truncated]\"", \""array([[[0, 10, 20], [21, 4, 5], [6, 16, 26]], [[18, 19, 2], [3, 13, 14], [15, 25, 17]], [[9, 1, 11], [12, 22, 23], [24, 7, 8]]])\"", \""<Execution Error: name 'c' is not defined>\""]]""}","
import numpy as np
a, b = test_input
result = b[np.argsort(a, axis=0)]
result = c
","
import numpy as np
a, b = test_input
result = b[np.argsort(a, axis=0)]
<<<< [ERROR START] (dynamic: NameError)
result = c
[ERROR FINISH] (dynamic: NameError) >>>>
",dynamic,dynamic: NameError,5-5
DS1000,hallucinated,DS0357,,,,"{""error_type"": ""NameError"", ""error_message"": ""name 'c' is not defined"", ""line_no"": ""5.0"", ""test_case"": ""[[\""(array([[[0.37454012, 0.95071431, 0.73199394],\\n        [0.59865848, 0.15601864, 0.15599452],\\n        [0.05808361, 0.86617615, 0.60111501]],\\n\\n       [[0.70807258, 0.02058449, 0.96990985],\\n        [0.83244264, 0.21233911, 0.18182497],\\n        [0.18340451, 0.30424224, 0.52475643]],\\n\\n       [[0.43194502, 0.29122914, 0.61185289],\\n        [0.13949386, 0.29214465, 0.36636184],\\n        [0.45606998, 0.78517596, 0.19967378]]]), array([[[ 0,  1,  2],\\n        [ 3,  4,  5],\\n        [ 6,  7,  8]],\\n\\n       [[ ...[truncated]\"", \""array([[[9, 1, 11], [12, 22, 23], [24, 7, 8]], [[18, 19, 2], [3, 13, 14], [15, 25, 17]], [[0, 10, 20], [21, 4, 5], [6, 16, 26]]])\"", \""<Execution Error: name 'c' is not defined>\""]]""}","
import numpy as np
a, b = test_input
result = b[np.argsort(a, axis=0)[::-1]]
result = c
","
import numpy as np
a, b = test_input
result = b[np.argsort(a, axis=0)[::-1]]
<<<< [ERROR START] (dynamic: NameError)
result = c
[ERROR FINISH] (dynamic: NameError) >>>>
",dynamic,dynamic: NameError,5-5
DS1000,hallucinated,DS0362,,,,"{""error_type"": ""NameError"", ""error_message"": ""name 'arr' is not defined"", ""line_no"": ""4.0"", ""test_case"": ""[[\""(array([[ 0,  1,  2,  3],\\n       [ 4,  5,  6,  7],\\n       [ 8,  9, 10, 11]]), array([1, 2, 4, 5]))\"", \""array([[2], [6], [10]])\"", \""<Execution Error: name 'arr' is not defined>\""], [\""(array([[1.83434790e-01, 7.79691000e-01, 5.96850158e-01, 4.45832753e-01,\\n        9.99749158e-02, 4.59248892e-01],\\n       [3.33708611e-01, 1.42866818e-01, 6.50888473e-01, 5.64115790e-02,\\n        7.21998772e-01, 9.38552709e-01],\\n       [7.78765841e-04, 9.92211559e-01, 6.17481510e-01, 6.11653160e-01,\\n        7.06630522e-03, 2.30624250e-02],\\n       [5.24774660e-01, 3.99860972e-01, 4.66656632e-02, 9.73755519e-01,\\n        2.32771340e-01, 9.06064345e-02],\\n       [6.18386009e-01, 3.82461991e-01, 9.83230...[truncated]\"", \""array([[0.7796910002727693, 0.596850157946487, 0.44583275285359114, 0.09997491581800289, 0.45924889196586716], [0.14286681792194078, 0.6508884729488529, 0.056411579027100256, 0.7219987722668247, 0.9385527090157502], [0.9922115592912175, 0.6174815096277165, 0.6116531604882809, 0.007066305219717406, 0.023062425041415757], [0.3998609717152555, 0.04666566321361543, 0.9737555188414592, 0.23277134043030423, 0.0906064345328208], [0.38246199126716274, 0.9832308858067882, 0.4667628932479799, 0.8599404067...[truncated]\"", \""<Execution Error: name 'arr' is not defined>\""]]""}","
import numpy as np
a, del_col = test_input
result = arr[:, ~np.isin(np.arange(arr.shape[1]), del_col)]
","
import numpy as np
a, del_col = test_input
<<<< [ERROR START] (dynamic: NameError)
result = arr[:, ~np.isin(np.arange(arr.shape[1]), del_col)]
[ERROR FINISH] (dynamic: NameError) >>>>
",dynamic,dynamic: NameError,4-4
DS1000,hallucinated,DS0365,"{""type"": ""IndentationError"", ""value"": 5, ""message"": ""expected an indented block after function definition on line 4 (<unknown>, line 5)""}",,,"{""error_type"": ""IndentationError"", ""error_message"": ""expected an indented block after function definition on line 4 (<string>, line 6)"", ""line_no"": ""2.0"", ""test_case"": ""[[\""(array([1, 2, 3, 4]), 2, 66)\"", \""array([1, 2, 66, 3, 4])\"", \""<Execution Error: expected an indented block after function definition on line 4 (<string>, line 5)>\""], [\""(array([0.37454012, 0.95071431, 0.73199394, 0.59865848, 0.15601864,\\n       0.15599452, 0.05808361, 0.86617615, 0.60111501, 0.70807258,\\n       0.02058449, 0.96990985, 0.83244264, 0.21233911, 0.18182497,\\n       0.18340451, 0.30424224, 0.52475643, 0.43194502, 0.29122914,\\n       0.61185289, 0.13949386, 0.29214465, 0.36636184, 0.45606998,\\n       0.78517596, 0.19967378, 0.51423444, 0.59241457, 0.04645041,\\n       0.60754485, 0.17052412, 0.06505159, 0.94888554, 0.96563203,\\n       0.80839735, 0.30461377,...[truncated]\"", \""array([0.3745401188473625, 0.9507143064099162, 0.7319939418114051, 0.5986584841970366, 0.15601864044243652, 0.15599452033620265, 0.05808361216819946, 0.8661761457749352, 0.6011150117432088, 0.7080725777960455, 0.020584494295802447, 0.9699098521619943, 0.8324426408004217, 0.21233911067827616, 0.18182496720710062, 0.18340450985343382, 0.3042422429595377, 0.5247564316322378, 0.43194501864211576, 0.2912291401980419, 0.6118528947223795, 0.13949386065204183, 0.29214464853521815, 0.3663618432936917, 0....[truncated]\"", \""<Execution Error: expected an indented block after function definition on line 4 (<string>, line 5)>\""]]""}","
import numpy as np
a, pos, element = test_input
def f(a, pos=2, element = 66):
a[pos] = element
result = f(a, pos, element)
","
<<<< [ERROR START] (dynamic: IndentationError)
import numpy as np
[ERROR FINISH] (dynamic: IndentationError) >>>>
a, pos, element = test_input
def f(a, pos=2, element = 66):
<<<< [ERROR START] (ast: IndentationError)
a[pos] = element
[ERROR FINISH] (ast: IndentationError) >>>>
result = f(a, pos, element)
","ast,dynamic","ast: IndentationError,dynamic: IndentationError","5-5,2-2"
DS1000,hallucinated,DS0369,,,,"{""error_type"": ""AxisError"", ""error_message"": ""axis 1 is out of bounds for array of dimension 1"", ""line_no"": ""4.0"", ""test_case"": ""[[\""array([[1, 2, 3, 4, 5], [1, 2, 3, 4, 5], [1, 2, 3, 4, 5]])\"", \""False\"", \""<Execution Error: axis 1 is out of bounds for array of dimension 1>\""], [\""array([[0.3745401188473625, 0.9507143064099162, 0.7319939418114051, 0.5986584841970366], [0.15601864044243652, 0.15599452033620265, 0.05808361216819946, 0.8661761457749352], [0.6011150117432088, 0.7080725777960455, 0.020584494295802447, 0.9699098521619943]])\"", \""False\"", \""<Execution Error: axis 1 is out of bounds for array of dimension 1>\""], [\""array([[1, 1, 1], [2, 2, 2], [3, 3, 3]])\"", \""True\"", \""<Execution Error: axis 1 is out of bounds for array of dimension 1>\""], [\""array([[1, 1, 1], [1, 1, 2], [1, 1, 3]])\"", \""False\"", \""<Execution Error: axis 1 is out of bounds for array of dimension 1>\""], [\""array([[1, 1, 1], [2, 2, 1], [3, 3, 1]])\"", \""False\"", \""<Execution Error: axis 1 is out of bounds for array of dimension 1>\""]]""}","
import numpy as np
a = test_input
result = np.all(np.all(a == a[0], axis=0), axis=1)
","
import numpy as np
a = test_input
<<<< [ERROR START] (dynamic: AxisError)
result = np.all(np.all(a == a[0], axis=0), axis=1)
[ERROR FINISH] (dynamic: AxisError) >>>>
",dynamic,dynamic: AxisError,4-4
DS1000,hallucinated,DS0370,"{""type"": ""IndentationError"", ""value"": 5, ""message"": ""expected an indented block after function definition on line 4 (<unknown>, line 5)""}",,,"{""error_type"": ""IndentationError"", ""error_message"": ""expected an indented block after function definition on line 4 (<string>, line 6)"", ""line_no"": ""2.0"", ""test_case"": ""[[\""array([[1, 2, 3, 4, 5], [1, 2, 3, 4, 5], [1, 2, 3, 4, 5]])\"", \""True\"", \""<Execution Error: expected an indented block after function definition on line 4 (<string>, line 5)>\""], [\""array([[0.3745401188473625, 0.9507143064099162, 0.7319939418114051, 0.5986584841970366], [0.15601864044243652, 0.15599452033620265, 0.05808361216819946, 0.8661761457749352], [0.6011150117432088, 0.7080725777960455, 0.020584494295802447, 0.9699098521619943]])\"", \""False\"", \""<Execution Error: expected an indented block after function definition on line 4 (<string>, line 5)>\""], [\""array([[1, 1, 1], [2, 2, 2], [3, 3, 3]])\"", \""False\"", \""<Execution Error: expected an indented block after function definition on line 4 (<string>, line 5)>\""], [\""array([[1, 1, 1], [1, 1, 1], [1, 1, 3]])\"", \""False\"", \""<Execution Error: expected an indented block after function definition on line 4 (<string>, line 5)>\""], [\""array([[1, 1, 1], [2, 2, 1], [1, 1, 1]])\"", \""False\"", \""<Execution Error: expected an indented block after function definition on line 4 (<string>, line 5)>\""]]""}","
import numpy as np
a = test_input
def f(a):
result = np.all(np.all(a == a[0], axis=1), axis=0)
result = f(a)
","
<<<< [ERROR START] (dynamic: IndentationError)
import numpy as np
[ERROR FINISH] (dynamic: IndentationError) >>>>
a = test_input
def f(a):
<<<< [ERROR START] (ast: IndentationError)
result = np.all(np.all(a == a[0], axis=1), axis=0)
[ERROR FINISH] (ast: IndentationError) >>>>
result = f(a)
","ast,dynamic","ast: IndentationError,dynamic: IndentationError","5-5,2-2"
DS1000,hallucinated,DS0371,,,,"{""error_type"": ""ModuleNotFoundError"", ""error_message"": ""No module named 'scipy'"", ""line_no"": ""3.0"", ""test_case"": """"}","
import numpy as np
x, y = test_input
import numpy as np

# Assuming x and y are your sample points and z is the function values at those points
result = np.trapz(np.trapz(z, x), y)
","
import numpy as np
<<<< [ERROR START] (dynamic: ModuleNotFoundError)
x, y = test_input
[ERROR FINISH] (dynamic: ModuleNotFoundError) >>>>
import numpy as np

# Assuming x and y are your sample points and z is the function values at those points
result = np.trapz(np.trapz(z, x), y)
",dynamic,dynamic: ModuleNotFoundError,3-3
DS1000,hallucinated,DS0372,"{""type"": ""IndentationError"", ""value"": 5, ""message"": ""expected an indented block after function definition on line 4 (<unknown>, line 5)""}",,,"{""error_type"": ""ModuleNotFoundError"", ""error_message"": ""No module named 'scipy'"", ""line_no"": ""3.0"", ""test_case"": """"}","
import numpy as np
x, y = test_input
def f(x, y):
import numpy as np

x, y = test_input
result = np.trapz(np.trapz((np.cos(x))**4 + (np.sin(y))**2, x), y)
result = f(x, y)
","
import numpy as np
<<<< [ERROR START] (dynamic: ModuleNotFoundError)
x, y = test_input
[ERROR FINISH] (dynamic: ModuleNotFoundError) >>>>
def f(x, y):
<<<< [ERROR START] (ast: IndentationError)
import numpy as np
[ERROR FINISH] (ast: IndentationError) >>>>

x, y = test_input
result = np.trapz(np.trapz((np.cos(x))**4 + (np.sin(y))**2, x), y)
result = f(x, y)
","ast,dynamic","ast: IndentationError,dynamic: ModuleNotFoundError","5-5,3-3"
DS1000,hallucinated,DS0377,,,,"{""error_type"": ""ModuleNotFoundError"", ""error_message"": ""No module named 'torch'"", ""line_no"": ""3.0"", ""test_case"": """"}","
import torch
import numpy as np
a = test_input
result = a.numpy()
result = a_np
","
import torch
<<<< [ERROR START] (dynamic: ModuleNotFoundError)
import numpy as np
[ERROR FINISH] (dynamic: ModuleNotFoundError) >>>>
a = test_input
result = a.numpy()
result = a_np
",dynamic,dynamic: ModuleNotFoundError,3-3
DS1000,hallucinated,DS0378,,,,"{""error_type"": ""ModuleNotFoundError"", ""error_message"": ""No module named 'torch'"", ""line_no"": ""3.0"", ""test_case"": """"}","
import torch
import numpy as np
a = test_input
result = torch.from_numpy(a)
result = a_pt
","
import torch
<<<< [ERROR START] (dynamic: ModuleNotFoundError)
import numpy as np
[ERROR FINISH] (dynamic: ModuleNotFoundError) >>>>
a = test_input
result = torch.from_numpy(a)
result = a_pt
",dynamic,dynamic: ModuleNotFoundError,3-3
DS1000,hallucinated,DS0379,,,"[{'type': 'module_not_found', 'module': 'tensorflow', 'line': 2}]","{""error_type"": ""ModuleNotFoundError"", ""error_message"": ""No module named 'tensorflow'"", ""line_no"": ""3.0"", ""test_case"": """"}","
import tensorflow as tf
import numpy as np
a = test_input
result = a.numpy()
result = a_np
","
<<<< [ERROR START] (lib: module_not_found)
import tensorflow as tf
[ERROR FINISH] (lib: module_not_found) >>>>
<<<< [ERROR START] (dynamic: ModuleNotFoundError)
import numpy as np
[ERROR FINISH] (dynamic: ModuleNotFoundError) >>>>
a = test_input
result = a.numpy()
result = a_np
","lib,dynamic","lib: module_not_found,dynamic: ModuleNotFoundError","2-2,3-3"
DS1000,hallucinated,DS0380,,,"[{'type': 'module_not_found', 'module': 'tensorflow', 'line': 2}]","{""error_type"": ""ModuleNotFoundError"", ""error_message"": ""No module named 'tensorflow'"", ""line_no"": ""3.0"", ""test_case"": """"}","
import tensorflow as tf
import numpy as np
a = test_input
a_tf = tf.convert_to_tensor(a)
result = a_tf
","
<<<< [ERROR START] (lib: module_not_found)
import tensorflow as tf
[ERROR FINISH] (lib: module_not_found) >>>>
<<<< [ERROR START] (dynamic: ModuleNotFoundError)
import numpy as np
[ERROR FINISH] (dynamic: ModuleNotFoundError) >>>>
a = test_input
a_tf = tf.convert_to_tensor(a)
result = a_tf
","lib,dynamic","lib: module_not_found,dynamic: ModuleNotFoundError","2-2,3-3"
DS1000,hallucinated,DS0389,,,,"{""error_type"": ""ValueError"", ""error_message"": ""all the input arrays must have same number of dimensions, but the array at index 0 has 3 dimension(s) and the array at index 1 has 0 dimension(s)"", ""line_no"": ""4.0"", ""test_case"": ""[[\""(array([[[ 0,  1,  2],\\n        [ 6,  7,  8]],\\n\\n       [[ 3,  4,  5],\\n        [ 9, 10, 11]],\\n\\n       [[12, 13, 14],\\n        [18, 19, 20]],\\n\\n       [[15, 16, 17],\\n        [21, 22, 23]]]), 4, 6)\"", \""array([[0, 1, 2, 3, 4, 5], [6, 7, 8, 9, 10, 11], [12, 13, 14, 15, 16, 17], [18, 19, 20, 21, 22, 23]])\"", \""<Execution Error: all the input arrays must have same number of dimensions, but the array at index 0 has 3 dimension(s) and the array at index 1 has 0 dimension(s)>\""], [\""(array([[[0.37454012, 0.95071431, 0.73199394, 0.59865848],\\n        [0.15601864, 0.15599452, 0.05808361, 0.86617615],\\n        [0.60111501, 0.70807258, 0.02058449, 0.96990985]],\\n\\n       [[0.83244264, 0.21233911, 0.18182497, 0.18340451],\\n        [0.30424224, 0.52475643, 0.43194502, 0.29122914],\\n        [0.61185289, 0.13949386, 0.29214465, 0.36636184]],\\n\\n       [[0.45606998, 0.78517596, 0.19967378, 0.51423444],\\n        [0.59241457, 0.04645041, 0.60754485, 0.17052412],\\n        [0.06505159, 0.94888554...[truncated]\"", \""array([[0.3745401188473625, 0.9507143064099162, 0.7319939418114051, 0.5986584841970366, 0.8324426408004217, 0.21233911067827616, 0.18182496720710062, 0.18340450985343382, 0.45606998421703593, 0.7851759613930136, 0.19967378215835974, 0.5142344384136116], [0.15601864044243652, 0.15599452033620265, 0.05808361216819946, 0.8661761457749352, 0.3042422429595377, 0.5247564316322378, 0.43194501864211576, 0.2912291401980419, 0.5924145688620425, 0.046450412719997725, 0.6075448519014384, 0.17052412368729153...[truncated]\"", \""<Execution Error: all the input arrays must have same number of dimensions, but the array at index 0 has 3 dimension(s) and the array at index 1 has 0 dimension(s)>\""]]""}","
import numpy as np
a, h, w = test_input
result = np.concatenate(test_input, axis=1)
","
import numpy as np
a, h, w = test_input
<<<< [ERROR START] (dynamic: ValueError)
result = np.concatenate(test_input, axis=1)
[ERROR FINISH] (dynamic: ValueError) >>>>
",dynamic,dynamic: ValueError,4-4
DS1000,hallucinated,DS0394,,,,"{""error_type"": ""SyntaxError"", ""error_message"": ""invalid syntax. Perhaps you forgot a comma? (<string>, line 1)"", ""line_no"": ""1.0"", ""test_case"": ""[[\""[[ 0.5544  0.4456], [ 0.8811  0.1189]]\"", \""array([[0.5544, 0.4456], [0.8811, 0.1189]])\"", \""<Execution Error: invalid syntax. Perhaps you forgot a comma? (<string>, line 1)>\""], [\""[[0.37454012 0.95071431 0.73199394 0.59865848 0.15601864 0.15599452], [0.05808361 0.86617615 0.60111501 0.70807258 0.02058449 0.96990985], [0.83244264 0.21233911 0.18182497 0.18340451 0.30424224 0.52475643], [0.43194502 0.29122914 0.61185289 0.13949386 0.29214465 0.36636184], [0.45606998 0.78517596 0.19967378 0.51423444 0.59241457 0.04645041]]\"", \""array([[0.37454012, 0.95071431, 0.73199394, 0.59865848, 0.15601864, 0.15599452], [0.05808361, 0.86617615, 0.60111501, 0.70807258, 0.02058449, 0.96990985], [0.83244264, 0.21233911, 0.18182497, 0.18340451, 0.30424224, 0.52475643], [0.43194502, 0.29122914, 0.61185289, 0.13949386, 0.29214465, 0.36636184], [0.45606998, 0.78517596, 0.19967378, 0.51423444, 0.59241457, 0.04645041]])\"", \""<Execution Error: invalid syntax. Perhaps you forgot a comma? (<string>, line 1)>\""]]""}","
import numpy as np
string = test_input
import numpy as np
string = ""[[ 0.5544  0.4456], [ 0.8811  0.1189]]""
result = np.array(eval(string))
result = a
","<<<< [ERROR START] (dynamic: SyntaxError)

[ERROR FINISH] (dynamic: SyntaxError) >>>>
import numpy as np
string = test_input
import numpy as np
string = ""[[ 0.5544  0.4456], [ 0.8811  0.1189]]""
result = np.array(eval(string))
result = a
",dynamic,dynamic: SyntaxError,1-1
DS1000,hallucinated,DS0395,,,,"{""error_type"": ""ModuleNotFoundError"", ""error_message"": ""No module named 'scipy'"", ""line_no"": ""4.0"", ""test_case"": """"}","
import numpy as np
min, max, n = test_input
result = np.random.loguniform(min, max, n)
","
import numpy as np
min, max, n = test_input
<<<< [ERROR START] (dynamic: ModuleNotFoundError)
result = np.random.loguniform(min, max, n)
[ERROR FINISH] (dynamic: ModuleNotFoundError) >>>>
",dynamic,dynamic: ModuleNotFoundError,4-4
DS1000,hallucinated,DS0396,,,,"{""error_type"": ""ModuleNotFoundError"", ""error_message"": ""No module named 'scipy'"", ""line_no"": ""4.0"", ""test_case"": """"}","
import numpy as np
min, max, n = test_input
result = np.random.loguniform(min, max, n)
","
import numpy as np
min, max, n = test_input
<<<< [ERROR START] (dynamic: ModuleNotFoundError)
result = np.random.loguniform(min, max, n)
[ERROR FINISH] (dynamic: ModuleNotFoundError) >>>>
",dynamic,dynamic: ModuleNotFoundError,4-4
DS1000,hallucinated,DS0397,"{""type"": ""IndentationError"", ""value"": 5, ""message"": ""expected an indented block after function definition on line 4 (<unknown>, line 5)""}",,,"{""error_type"": ""ModuleNotFoundError"", ""error_message"": ""No module named 'scipy'"", ""line_no"": ""4.0"", ""test_case"": """"}","
import numpy as np
min, max, n = test_input
def f(min=1, max=np.e, n=10000):
result = np.random.loguniform(min, max, n)
result = f(min, max, n)
","
import numpy as np
min, max, n = test_input
<<<< [ERROR START] (dynamic: ModuleNotFoundError)
def f(min=1, max=np.e, n=10000):
[ERROR FINISH] (dynamic: ModuleNotFoundError) >>>>
<<<< [ERROR START] (ast: IndentationError)
result = np.random.loguniform(min, max, n)
[ERROR FINISH] (ast: IndentationError) >>>>
result = f(min, max, n)
","ast,dynamic","ast: IndentationError,dynamic: ModuleNotFoundError","5-5,4-4"
DS1000,hallucinated,DS0398,,,,"{""error_type"": ""NameError"", ""error_message"": ""name 'B' is not defined"", ""line_no"": ""8.0"", ""test_case"": ""[[\""(0    0.496714\\n1   -0.138264\\n2    0.647689\\n3    1.523030\\n4   -0.234153\\n5   -0.234137\\n6    1.579213\\n7    0.767435\\n8   -0.469474\\n9    0.542560\\ndtype: float64, 2, 3)\"", \""array([0.9934283060224653, 2.703756315725027, 9.406646023376465, 31.265997782945444, 93.32968659938966, 279.5207858842706, 841.7207832838266, 2526.6972193097854, 7579.152709157486, 22738.54324755963])\"", \""<Execution Error: name 'B' is not defined>\""], [\""(0     0.496714\\n1    -0.138264\\n2     0.647689\\n3     1.523030\\n4    -0.234153\\n5    -0.234137\\n6     1.579213\\n7     0.767435\\n8    -0.469474\\n9     0.542560\\n10   -0.463418\\n11   -0.465730\\n12    0.241962\\n13   -1.913280\\n14   -1.724918\\n15   -0.562288\\n16   -1.012831\\n17    0.314247\\n18   -0.908024\\n19   -1.412304\\n20    1.465649\\n21   -0.225776\\n22    0.067528\\n23   -1.424748\\n24   -0.544383\\n25    0.110923\\n26   -1.150994\\n27    0.375698\\n28   -0.600639\\n29   -0.291694\\ndtype: float64, np.int64(5), np.int64(5))\"", \""array([2.4835707650561636, 11.726532319424896, 61.871104287627944, 316.97067072017984, 1583.6825867272826, 7917.242248851667, 39594.10730833587, 197974.3737153251, 989869.5212046959, 4949350.318823697, 24746749.27703002, 123733744.05650134, 618668721.492318, 3093343597.8951893, 15466717980.851357, 77333589901.44534, 386667949502.16254, 1933339747512.384, 9666698737557.379, 48333493687779.83, 241667468438906.47, 1208337342194531.0, 6041686710972655.0, 3.0208433554863268e+16, 1.5104216777431635e+1...[truncated]\"", \""<Execution Error: name 'B' is not defined>\""]]""}","
import numpy as np
import pandas as pd
A, a, b = test_input
result = pd.Series([a * A[0]], index=[0])
for t in range(1, len(A)):
    result[t] = a * A[t] + b * result[t-1]
result = B
","
import numpy as np
import pandas as pd
A, a, b = test_input
result = pd.Series([a * A[0]], index=[0])
for t in range(1, len(A)):
    result[t] = a * A[t] + b * result[t-1]
<<<< [ERROR START] (dynamic: NameError)
result = B
[ERROR FINISH] (dynamic: NameError) >>>>
",dynamic,dynamic: NameError,8-8
DS1000,hallucinated,DS0399,,,,"{""error_type"": ""KeyError"", ""error_message"": ""-1"", ""line_no"": ""11.0"", ""test_case"": ""[[\""(0    0.496714\\n1   -0.138264\\n2    0.647689\\n3    1.523030\\n4   -0.234153\\n5   -0.234137\\n6    1.579213\\n7    0.767435\\n8   -0.469474\\n9    0.542560\\ndtype: float64, 2, 3, 4)\"", \""array([0.9934283060224653, 2.703756315725027, 13.380359247466327, 54.00216271811514, 215.05961839476407, 860.7192321428544, 3445.554595638634, 13781.075584945625, 55124.50618861954, 220498.9060257283])\"", \""<Execution Error: -1>\""], [\""(0     0.496714\\n1    -0.138264\\n2     0.647689\\n3     1.523030\\n4    -0.234153\\n5    -0.234137\\n6     1.579213\\n7     0.767435\\n8    -0.469474\\n9     0.542560\\n10   -0.463418\\n11   -0.465730\\n12    0.241962\\n13   -1.913280\\n14   -1.724918\\n15   -0.562288\\n16   -1.012831\\n17    0.314247\\n18   -0.908024\\n19   -1.412304\\n20    1.465649\\n21   -0.225776\\n22    0.067528\\n23   -1.424748\\n24   -0.544383\\n25    0.110923\\n26   -1.150994\\n27    0.375698\\n28   -0.600639\\n29   -0.291694\\ndtype: float64, np.int64(5), np.int64(5), np.int6...[truncated]\"", \""array([2.4835707650561636, 11.726532319424896, 81.73967040807725, 510.12575987782554, 3203.375395780129, 20096.712373138504, 126118.46109601109, 791369.8416388092, 4965794.549590205, 31159934.193861715, 195526025.04894176, 1226909596.4669538, 7698756183.936113, 48309057681.84979, 303135337872.1133, 1902149150812.5532, 11935828457034.607, 74896335491675.03, 469968305114647.44, 2949012209506630.0, 1.8504807488450336e+16, 1.1611613511830472e+17, 7.286191354991263e+17, 4.572024758442069e+18, 2.86890...[truncated]\"", \""<Execution Error: -1>\""]]""}","
import numpy as np
import pandas as pd
A, a, b, c = test_input
import numpy as np
import pandas as pd

A, a, b, c = test_input
B = pd.Series([a * A[0]])
for t in range(1, len(A)):
    B[t] = a * A[t] + b * B[t-1] + c * B[t-2]
result = B
result = B
","
import numpy as np
import pandas as pd
A, a, b, c = test_input
import numpy as np
import pandas as pd

A, a, b, c = test_input
B = pd.Series([a * A[0]])
for t in range(1, len(A)):
<<<< [ERROR START] (dynamic: KeyError)
    B[t] = a * A[t] + b * B[t-1] + c * B[t-2]
[ERROR FINISH] (dynamic: KeyError) >>>>
result = B
result = B
",dynamic,dynamic: KeyError,11-11
DS1000,hallucinated,DS0402,,,,"{""error_type"": ""TypeError"", ""error_message"": ""only int indices permitted"", ""line_no"": ""4.0"", ""test_case"": ""[[\""((3, 4, 2), array([[[0.37454012, 0.95071431],\\n        [0.73199394, 0.59865848],\\n        [0.15601864, 0.15599452],\\n        [0.05808361, 0.86617615]],\\n\\n       [[0.60111501, 0.70807258],\\n        [0.02058449, 0.96990985],\\n        [0.83244264, 0.21233911],\\n        [0.18182497, 0.18340451]],\\n\\n       [[0.30424224, 0.52475643],\\n        [0.43194502, 0.29122914],\\n        [0.61185289, 0.13949386],\\n        [0.29214465, 0.36636184]]]), (1, 0, 1))\"", \""13\"", \""<Execution Error: only int indices permitted>\""], [\""(array([8, 9, 8, 8, 8]), array([[[[[7.79691000e-01, 5.96850158e-01, 4.45832753e-01, ...,\\n           3.33708611e-01, 1.42866818e-01, 6.50888473e-01],\\n          [5.64115790e-02, 7.21998772e-01, 9.38552709e-01, ...,\\n           6.17481510e-01, 6.11653160e-01, 7.06630522e-03],\\n          [2.30624250e-02, 5.24774660e-01, 3.99860972e-01, ...,\\n           2.32771340e-01, 9.06064345e-02, 6.18386009e-01],\\n          ...,\\n          [1.73364654e-01, 3.91060608e-01, 1.82236088e-01, ...,\\n           2.07941663e-0...[truncated]\"", \""12697\"", \""<Execution Error: parameter multi_index must be a sequence of length 5>\""]]""}","
import numpy as np
dims, a, index = test_input
result = np.ravel_multi_index((a[index], dims[0], dims[1]), dims, order='F')
","
import numpy as np
dims, a, index = test_input
<<<< [ERROR START] (dynamic: TypeError)
result = np.ravel_multi_index((a[index], dims[0], dims[1]), dims, order='F')
[ERROR FINISH] (dynamic: TypeError) >>>>
",dynamic,dynamic: TypeError,4-4
DS1000,hallucinated,DS0404,,,,"{""error_type"": ""NameError"", ""error_message"": ""name 'df' is not defined"", ""line_no"": ""6.0"", ""test_case"": ""[[\""(['x', 'y'], ['a', 'b', 'c'])\"", \""DataFrame({'a': [0, 0], 'b': [0.0, 0.0], 'c': [0.0, 0.0]})\"", \""<Execution Error: name 'df' is not defined>\""]]""}","
import numpy as np
import pandas as pd
index, columns = test_input
result = pd.DataFrame(np.zeros((2, 3)), index=index, columns=columns)
result = df
","
import numpy as np
import pandas as pd
index, columns = test_input
result = pd.DataFrame(np.zeros((2, 3)), index=index, columns=columns)
<<<< [ERROR START] (dynamic: NameError)
result = df
[ERROR FINISH] (dynamic: NameError) >>>>
",dynamic,dynamic: NameError,6-6
DS1000,hallucinated,DS0407,,,,"{""error_type"": ""ValueError"", ""error_message"": ""'list' argument must have no negative elements"", ""line_no"": ""4.0"", ""test_case"": ""[[\""(array([ 1,  2,  3,  4,  5,  6,  7,  8,  9, 10]), array([ 0,  1,  0,  0,  0, -1, -1,  2,  2,  1]))\"", \""array([13.0, 12.0, 30.0])\"", \""<Execution Error: 'list' argument must have no negative elements>\""], [\""(array([  99,   89,  -61,  -19,   10,  -48,  -77,   53,   87,   23,  -60,\\n         56,  -86,  -56,  -36,  -12,  -30,  -92,  -13,   28,   35,  -38,\\n         38,  -20,   35,   62,   62,  -68,   22,  -96,  -60,  -73,   34,\\n        -29,  -89,   61,  -68,  -53,   50,  -39,  -64,   -2,   71,    3,\\n        -66,   92,    0,   74,   30, -100,  -96,   41,    2,  -74,   36,\\n        -86,  -11,  -59,   23,   78,  -38,   -5,  -49,   -5,   31,   50,\\n         42,   70,  -72,  -65,  -88,   59,  -30,   86,  -15, ...[truncated]\"", \""array([-325.0, 314.0, -340.0, -235.0, -61.0])\"", \""<Execution Error: 'list' argument must have no negative elements>\""]]""}","
import numpy as np
a, accmap = test_input
result = np.bincount(accmap, weights=a)
","
import numpy as np
a, accmap = test_input
<<<< [ERROR START] (dynamic: ValueError)
result = np.bincount(accmap, weights=a)
[ERROR FINISH] (dynamic: ValueError) >>>>
",dynamic,dynamic: ValueError,4-4
DS1000,hallucinated,DS0409,,,,"{""error_type"": ""NameError"", ""error_message"": ""name 'elementwise_function' is not defined"", ""line_no"": ""4.0"", ""test_case"": ""[[\""([[2, 2, 2], [2, 2, 2], [2, 2, 2]], [[3, 3, 3], [3, 3, 3], [3, 3, 1]])\"", \""array([[5, 5, 5], [5, 5, 5], [5, 5, 3]])\"", \""<Execution Error: name 'elementwise_function' is not defined>\""], [\""(array([[1.83434790e-01, 7.79691000e-01, 5.96850158e-01, 4.45832753e-01,\\n        9.99749158e-02, 4.59248892e-01],\\n       [3.33708611e-01, 1.42866818e-01, 6.50888473e-01, 5.64115790e-02,\\n        7.21998772e-01, 9.38552709e-01],\\n       [7.78765841e-04, 9.92211559e-01, 6.17481510e-01, 6.11653160e-01,\\n        7.06630522e-03, 2.30624250e-02],\\n       [5.24774660e-01, 3.99860972e-01, 4.66656632e-02, 9.73755519e-01,\\n        2.32771340e-01, 9.06064345e-02],\\n       [6.18386009e-01, 3.82461991e-01, 9.83230...[truncated]\"", \""array([[0.21474808232172238, 1.6219757748677677, 1.0466042913162528, 0.8409829888554056, 1.026633781611797, 1.186520887822288], [0.6602493799448572, 0.7133107923273402, 1.1717227329746764, 1.0175836033764494, 1.5665326209449761, 1.685872819153131], [0.5404708982300941, 1.5789627249550657, 1.5827368168918545, 1.2186874081749655, 0.28306548724226077, 0.31933593074549815], [0.6900415993213916, 0.4154973784564494, 0.47006714391998505, 1.3686370370170289, 0.5262595151483423, 0.10468625724790526], [0....[truncated]\"", \""<Execution Error: name 'elementwise_function' is not defined>\""]]""}","
import numpy as np
x, y = test_input
result = np.vectorize(elementwise_function)(x, y)
result = z
","
import numpy as np
x, y = test_input
<<<< [ERROR START] (dynamic: NameError)
result = np.vectorize(elementwise_function)(x, y)
[ERROR FINISH] (dynamic: NameError) >>>>
result = z
",dynamic,dynamic: NameError,4-4
DS1000,hallucinated,DS0410,,,,"{""error_type"": ""ValueError"", ""error_message"": ""a must be 1-dimensional"", ""line_no"": ""4.0"", ""test_case"": ""[[\""([0.333, 0.334, 0.333], [(3, 3), (3, 4), (3, 5)], 1000)\"", \""array([[3, 4], [3, 5], [3, 5], [3, 4], [3, 3], [3, 3], [3, 3], [3, 5], [3, 4], [3, 5], [3, 3], [3, 5], [3, 5], [3, 3], [3, 3], [3, 3], [3, 3], [3, 4], [3, 4], [3, 3], [3, 4], [3, 3], [3, 3], [3, 4], [3, 4], [3, 5], [3, 3], [3, 4], [3, 4], [3, 3], [3, 4], [3, 3], [3, 3], [3, 5], [3, 5], [3, 5], [3, 3], [3, 3], [3, 5], [3, 4], [3, 3], [3, 4], [3, 3], [3, 5], [3, 3], [3, 4], [3, 3], [3, 4], [3, 4], [3, 3], [3, 5], [3, 5], [3, 5], [3, 5], [3, 4], [3, 5], [3, 3], [3, 3], [3, 3], [3, 3], [3, 4], [3, 3...[truncated]\"", \""<Execution Error: a must be 1-dimensional>\""], [\""(array([0., 0., 0., 0., 0., 0., 1., 0., 0., 0.]), [(np.int64(0), np.int64(10)), (np.int64(1), np.int64(9)), (np.int64(2), np.int64(8)), (np.int64(3), np.int64(7)), (np.int64(4), np.int64(6)), (np.int64(5), np.int64(5)), (np.int64(6), np.int64(4)), (np.int64(7), np.int64(3)), (np.int64(8), np.int64(2)), (np.int64(9), np.int64(1))], 10)\"", \""array([[6, 4], [6, 4], [6, 4], [6, 4], [6, 4], [6, 4], [6, 4], [6, 4], [6, 4], [6, 4]])\"", \""<Execution Error: a must be 1-dimensional>\""]]""}","
import numpy as np
probabilit, lista_elegir, samples = test_input
result = np.random.choice(lista_elegir, samples, p=probabilit)
","
import numpy as np
probabilit, lista_elegir, samples = test_input
<<<< [ERROR START] (dynamic: ValueError)
result = np.random.choice(lista_elegir, samples, p=probabilit)
[ERROR FINISH] (dynamic: ValueError) >>>>
",dynamic,dynamic: ValueError,4-4
DS1000,hallucinated,DS0414,,,,"{""error_type"": ""NameError"", ""error_message"": ""name 'bin_data_mean' is not defined"", ""line_no"": ""8.0"", ""test_case"": ""[[\""(array([4, 2, 5, 6, 7, 5, 4, 3, 5, 7]), 3)\"", \""array([3.6666666666666665, 6.0, 4.0])\"", \""<Execution Error: name 'bin_data_mean' is not defined>\""], [\""(array([0.95071431, 0.73199394, 0.59865848, 0.15601864, 0.15599452,\\n       0.05808361, 0.86617615, 0.60111501]), 4)\"", \""array([0.6093463432151985, 0.4203423225056365])\"", \""<Execution Error: name 'bin_data_mean' is not defined>\""]]""}","
import numpy as np
data, bin_size = test_input
import numpy as np

data, bin_size = test_input
result = np.array([np.mean(data[i:i+bin_size]) for i in range(0, len(data), bin_size)])
result = bin_data_mean
","
import numpy as np
data, bin_size = test_input
import numpy as np

data, bin_size = test_input
result = np.array([np.mean(data[i:i+bin_size]) for i in range(0, len(data), bin_size)])
<<<< [ERROR START] (dynamic: NameError)
result = bin_data_mean
[ERROR FINISH] (dynamic: NameError) >>>>
",dynamic,dynamic: NameError,8-8
DS1000,hallucinated,DS0415,,,,"{""error_type"": ""NameError"", ""error_message"": ""name 'bin_data_max' is not defined"", ""line_no"": ""8.0"", ""test_case"": ""[[\""(array([4, 2, 5, 6, 7, 5, 4, 3, 5, 7]), 3)\"", \""array([5, 7, 5])\"", \""<Execution Error: name 'bin_data_max' is not defined>\""], [\""(array([0.95071431, 0.73199394, 0.59865848, 0.15601864, 0.15599452,\\n       0.05808361, 0.86617615, 0.60111501]), 4)\"", \""array([0.9507143064099162, 0.8661761457749352])\"", \""<Execution Error: name 'bin_data_max' is not defined>\""]]""}","
import numpy as np
data, bin_size = test_input
import numpy as np

data, bin_size = test_input
result = np.array([np.max(data[i:i+bin_size]) for i in range(0, len(data), bin_size)])
result = bin_data_max
","
import numpy as np
data, bin_size = test_input
import numpy as np

data, bin_size = test_input
result = np.array([np.max(data[i:i+bin_size]) for i in range(0, len(data), bin_size)])
<<<< [ERROR START] (dynamic: NameError)
result = bin_data_max
[ERROR FINISH] (dynamic: NameError) >>>>
",dynamic,dynamic: NameError,8-8
DS1000,hallucinated,DS0416,,,,"{""error_type"": ""NameError"", ""error_message"": ""name 'bin_data_mean' is not defined"", ""line_no"": ""8.0"", ""test_case"": ""[[\""(array([[4, 2, 5, 6, 7],\\n       [5, 4, 3, 5, 7]]), 3)\"", \""array([[3.6666666666666665], [4.0]])\"", \""<Execution Error: name 'bin_data_mean' is not defined>\""], [\""(array([[1.83434790e-01, 7.79691000e-01, 5.96850158e-01, 4.45832753e-01,\\n        9.99749158e-02, 4.59248892e-01],\\n       [3.33708611e-01, 1.42866818e-01, 6.50888473e-01, 5.64115790e-02,\\n        7.21998772e-01, 9.38552709e-01],\\n       [7.78765841e-04, 9.92211559e-01, 6.17481510e-01, 6.11653160e-01,\\n        7.06630522e-03, 2.30624250e-02],\\n       [5.24774660e-01, 3.99860972e-01, 4.66656632e-02, 9.73755519e-01,\\n        2.32771340e-01, 9.06064345e-02],\\n       [6.18386009e-01, 3.82461991e-01, 9.83230...[truncated]\"", \""array([[0.48156289506946653, 0.5213414554000391, 0.279611903891935], [0.2382877145304813, 0.35365002598797657, 0.8302757406412875], [0.4964951625661159, 0.6145673350579988, 0.015064365130566582], [0.4623178159868223, 0.5102105910275373, 0.16168888748156252], [0.500424000300125, 0.7249968895273841, 0.7701239726620501], [0.23188210656470476, 0.7527449867651961, 0.20069137738006515], [0.23595964582408036, 0.6466300883040396, 0.5032797826219682], [0.28664834768065156, 0.5902586424044486, 0.387820995...[truncated]\"", \""<Execution Error: name 'bin_data_mean' is not defined>\""]]""}","
import numpy as np
data, bin_size = test_input
import numpy as np

data, bin_size = test_input
result = np.array([np.mean(data[i:i+bin_size], axis=1) for i in range(0, len(data), bin_size)])
result = bin_data_mean
","
import numpy as np
data, bin_size = test_input
import numpy as np

data, bin_size = test_input
result = np.array([np.mean(data[i:i+bin_size], axis=1) for i in range(0, len(data), bin_size)])
<<<< [ERROR START] (dynamic: NameError)
result = bin_data_mean
[ERROR FINISH] (dynamic: NameError) >>>>
",dynamic,dynamic: NameError,8-8
DS1000,hallucinated,DS0417,,,,"{""error_type"": ""NameError"", ""error_message"": ""name 'bin_data_mean' is not defined"", ""line_no"": ""8.0"", ""test_case"": ""[[\""(array([4, 2, 5, 6, 7, 5, 4, 3, 5, 7]), 3)\"", \""array([5.0, 5.333333333333333, 4.333333333333333])\"", \""<Execution Error: name 'bin_data_mean' is not defined>\""], [\""(array([0.95071431, 0.73199394, 0.59865848, 0.15601864, 0.15599452,\\n       0.05808361, 0.86617615, 0.60111501]), 4)\"", \""array([0.4203423225056365, 0.6093463432151986])\"", \""<Execution Error: name 'bin_data_mean' is not defined>\""]]""}","
import numpy as np
data, bin_size = test_input
import numpy as np

data, bin_size = test_input
result = np.array([np.mean(data[i:i+bin_size]) for i in range(len(data)-bin_size+1)[::-1]])
result = bin_data_mean
","
import numpy as np
data, bin_size = test_input
import numpy as np

data, bin_size = test_input
result = np.array([np.mean(data[i:i+bin_size]) for i in range(len(data)-bin_size+1)[::-1]])
<<<< [ERROR START] (dynamic: NameError)
result = bin_data_mean
[ERROR FINISH] (dynamic: NameError) >>>>
",dynamic,dynamic: NameError,8-8
DS1000,hallucinated,DS0418,,,,"{""error_type"": ""NameError"", ""error_message"": ""name 'bin_data_mean' is not defined"", ""line_no"": ""15.0"", ""test_case"": ""[[\""(array([[4, 2, 5, 6, 7],\\n       [5, 4, 3, 5, 7]]), 3)\"", \""array([[6.0], [5.0]])\"", \""<Execution Error: name 'bin_data_mean' is not defined>\""], [\""(array([[1.83434790e-01, 7.79691000e-01, 5.96850158e-01, 4.45832753e-01,\\n        9.99749158e-02, 4.59248892e-01],\\n       [3.33708611e-01, 1.42866818e-01, 6.50888473e-01, 5.64115790e-02,\\n        7.21998772e-01, 9.38552709e-01],\\n       [7.78765841e-04, 9.92211559e-01, 6.17481510e-01, 6.11653160e-01,\\n        7.06630522e-03, 2.30624250e-02],\\n       [5.24774660e-01, 3.99860972e-01, 4.66656632e-02, 9.73755519e-01,\\n        2.32771340e-01, 9.06064345e-02],\\n       [6.18386009e-01, 3.82461991e-01, 9.83230...[truncated]\"", \""array([[0.279611903891935, 0.5213414554000391, 0.48156289506946653], [0.8302757406412875, 0.35365002598797657, 0.2382877145304813], [0.015064365130566582, 0.6145673350579988, 0.4964951625661159], [0.16168888748156252, 0.5102105910275373, 0.4623178159868223], [0.7701239726620501, 0.7249968895273841, 0.500424000300125], [0.20069137738006515, 0.7527449867651961, 0.23188210656470476], [0.5032797826219682, 0.6466300883040396, 0.23595964582408036], [0.38782099534409015, 0.5902586424044486, 0.286648347...[truncated]\"", \""<Execution Error: name 'bin_data_mean' is not defined>\""]]""}","
import numpy as np
data, bin_size = test_input
import numpy as np

data, bin_size = test_input
# Reverse the data to start binning from the end
data = data[::-1]
# Calculate the number of bins
num_bins = len(data) // bin_size
# Reshape the data into bins
bin_data = data[:num_bins * bin_size].reshape(-1, bin_size)
# Calculate the mean of each bin
result = bin_data.mean(axis=1)
result = bin_data_mean
","
import numpy as np
data, bin_size = test_input
import numpy as np

data, bin_size = test_input
# Reverse the data to start binning from the end
data = data[::-1]
# Calculate the number of bins
num_bins = len(data) // bin_size
# Reshape the data into bins
bin_data = data[:num_bins * bin_size].reshape(-1, bin_size)
# Calculate the mean of each bin
result = bin_data.mean(axis=1)
<<<< [ERROR START] (dynamic: NameError)
result = bin_data_mean
[ERROR FINISH] (dynamic: NameError) >>>>
",dynamic,dynamic: NameError,15-15
DS1000,hallucinated,DS0419,,,,"{""error_type"": ""NameError"", ""error_message"": ""name 'bin_data_mean' is not defined"", ""line_no"": ""8.0"", ""test_case"": ""[[\""(array([[4, 2, 5, 6, 7],\\n       [5, 4, 3, 5, 7]]), 3)\"", \""array([[6.0], [5.0]])\"", \""<Execution Error: name 'bin_data_mean' is not defined>\""], [\""(array([[1.83434790e-01, 7.79691000e-01, 5.96850158e-01, 4.45832753e-01,\\n        9.99749158e-02, 4.59248892e-01],\\n       [3.33708611e-01, 1.42866818e-01, 6.50888473e-01, 5.64115790e-02,\\n        7.21998772e-01, 9.38552709e-01],\\n       [7.78765841e-04, 9.92211559e-01, 6.17481510e-01, 6.11653160e-01,\\n        7.06630522e-03, 2.30624250e-02],\\n       [5.24774660e-01, 3.99860972e-01, 4.66656632e-02, 9.73755519e-01,\\n        2.32771340e-01, 9.06064345e-02],\\n       [6.18386009e-01, 3.82461991e-01, 9.83230...[truncated]\"", \""array([[0.48156289506946653, 0.5213414554000391, 0.279611903891935], [0.2382877145304813, 0.35365002598797657, 0.8302757406412875], [0.4964951625661159, 0.6145673350579988, 0.015064365130566582], [0.4623178159868223, 0.5102105910275373, 0.16168888748156252], [0.500424000300125, 0.7249968895273841, 0.7701239726620501], [0.23188210656470476, 0.7527449867651961, 0.20069137738006515], [0.23595964582408036, 0.6466300883040396, 0.5032797826219682], [0.28664834768065156, 0.5902586424044486, 0.387820995...[truncated]\"", \""<Execution Error: name 'bin_data_mean' is not defined>\""]]""}","
import numpy as np
data, bin_size = test_input
import numpy as np

data, bin_size = test_input
result = np.array([np.mean(data[i:i+bin_size], axis=1) for i in range(0, len(data), bin_size)])
result = bin_data_mean
","
import numpy as np
data, bin_size = test_input
import numpy as np

data, bin_size = test_input
result = np.array([np.mean(data[i:i+bin_size], axis=1) for i in range(0, len(data), bin_size)])
<<<< [ERROR START] (dynamic: NameError)
result = bin_data_mean
[ERROR FINISH] (dynamic: NameError) >>>>
",dynamic,dynamic: NameError,8-8
DS1000,hallucinated,DS0420,,,,"{""error_type"": ""NameError"", ""error_message"": ""name 'smoothclamp' is not defined"", ""line_no"": ""5.0"", ""test_case"": ""[[\""(0.25, 0, 1)\"", \""array(0.15625)\"", \""<Execution Error: name 'smoothclamp' is not defined>\""], [\""(-1, 0, 1)\"", \""array(0)\"", \""<Execution Error: name 'smoothclamp' is not defined>\""], [\""(2, 0, 1)\"", \""array(1)\"", \""<Execution Error: name 'smoothclamp' is not defined>\""]]""}","
import numpy as np
x, x_min, x_max = test_input
result = np.clip(x, x_min, x_max)
result = smoothclamp(x)
","
import numpy as np
x, x_min, x_max = test_input
result = np.clip(x, x_min, x_max)
<<<< [ERROR START] (dynamic: NameError)
result = smoothclamp(x)
[ERROR FINISH] (dynamic: NameError) >>>>
",dynamic,dynamic: NameError,5-5
DS1000,hallucinated,DS0421,,,,"{""error_type"": ""ModuleNotFoundError"", ""error_message"": ""No module named 'scipy'"", ""line_no"": ""3.0"", ""test_case"": """"}","
import numpy as np
x, x_min, x_max, N = test_input
result = np.clip(x, x_min, x_max)
result = smoothclamp(x, N=N)
","
import numpy as np
<<<< [ERROR START] (dynamic: ModuleNotFoundError)
x, x_min, x_max, N = test_input
[ERROR FINISH] (dynamic: ModuleNotFoundError) >>>>
result = np.clip(x, x_min, x_max)
result = smoothclamp(x, N=N)
",dynamic,dynamic: ModuleNotFoundError,3-3
DS1000,hallucinated,DS0425,,,,"{""error_type"": ""AxisError"", ""error_message"": ""axis 1 is out of bounds for array of dimension 1"", ""line_no"": ""4.0"", ""test_case"": ""[[\""(array([1, 2, 3, 4, 5]), 8)\"", \""array([[0, 0, 0, 0, 0, 0, 0, 1], [0, 0, 0, 0, 0, 0, 1, 0], [0, 0, 0, 0, 0, 0, 1, 1], [0, 0, 0, 0, 0, 1, 0, 0], [0, 0, 0, 0, 0, 1, 0, 1]])\"", \""<Execution Error: axis 1 is out of bounds for array of dimension 1>\""], [\""(array([51, 92, 14, 71, 60, 20, 82, 86, 74, 74, 87, 99, 23,  2, 21, 52,  1,\\n       87, 29, 37]), 11)\"", \""array([[0, 0, 0, 0, 0, 1, 1, 0, 0, 1, 1], [0, 0, 0, 0, 1, 0, 1, 1, 1, 0, 0], [0, 0, 0, 0, 0, 0, 0, 1, 1, 1, 0], [0, 0, 0, 0, 1, 0, 0, 0, 1, 1, 1], [0, 0, 0, 0, 0, 1, 1, 1, 1, 0, 0], [0, 0, 0, 0, 0, 0, 1, 0, 1, 0, 0], [0, 0, 0, 0, 1, 0, 1, 0, 0, 1, 0], [0, 0, 0, 0, 1, 0, 1, 0, 1, 1, 0], [0, 0, 0, 0, 1, 0, 0, 1, 0, 1, 0], [0, 0, 0, 0, 1, 0, 0, 1, 0, 1, 0], [0, 0, 0, 0, 1, 0, 1, 0, 1, 1, 1], [0, 0, 0, 0, 1, 1, 0, 0, 0, 1, 1], [0, 0, 0, 0, 0, 0, 1, 0, 1, 1, 1], [0, 0, 0, 0, 0, 0, 0, 0, 0, 1, 0], [0,...[truncated]\"", \""<Execution Error: axis 1 is out of bounds for array of dimension 1>\""]]""}","
import numpy as np
a, m = test_input
result = np.unpackbits(a.astype(np.uint8), axis=1)[:, -m:]
","
import numpy as np
a, m = test_input
<<<< [ERROR START] (dynamic: AxisError)
result = np.unpackbits(a.astype(np.uint8), axis=1)[:, -m:]
[ERROR FINISH] (dynamic: AxisError) >>>>
",dynamic,dynamic: AxisError,4-4
DS1000,hallucinated,DS0426,,,,"{""error_type"": ""AxisError"", ""error_message"": ""axis 1 is out of bounds for array of dimension 1"", ""line_no"": ""4.0"", ""test_case"": ""[[\""(array([1, 2, 3, 4, 5]), 6)\"", \""array([[0, 0, 0, 0, 0, 1], [0, 0, 0, 0, 1, 0], [0, 0, 0, 0, 1, 1], [0, 0, 0, 1, 0, 0], [0, 0, 0, 1, 0, 1]])\"", \""<Execution Error: axis 1 is out of bounds for array of dimension 1>\""], [\""(array([  2,  79,  -8, -86,   6, -29,  88, -80,   2,  21, -26, -13,  16,\\n        -1,   3,  51,  30,  49, -48, -99]), 5)\"", \""array([[0, 0, 0, 1, 0], [0, 1, 1, 1, 1], [1, 1, 0, 0, 0], [0, 1, 0, 1, 0], [0, 0, 1, 1, 0], [0, 0, 0, 1, 1], [1, 1, 0, 0, 0], [1, 0, 0, 0, 0], [0, 0, 0, 1, 0], [1, 0, 1, 0, 1], [0, 0, 1, 1, 0], [1, 0, 0, 1, 1], [1, 0, 0, 0, 0], [1, 1, 1, 1, 1], [0, 0, 0, 1, 1], [1, 0, 0, 1, 1], [1, 1, 1, 1, 0], [1, 0, 0, 0, 1], [1, 0, 0, 0, 0], [1, 1, 1, 0, 1]])\"", \""<Execution Error: axis 1 is out of bounds for array of dimension 1>\""], [\""(array([ 379, -526, -729,  247,  -76,  242, -607,  428,  867,  814,  607,\\n        186,   -8,  142, -448,  493, -526,  818, -237,  -21]), 15)\"", \""array([[0, 0, 0, 0, 0, 0, 1, 0, 1, 1, 1, 1, 0, 1, 1], [1, 1, 1, 1, 1, 0, 1, 1, 1, 1, 1, 0, 0, 1, 0], [1, 1, 1, 1, 1, 0, 1, 0, 0, 1, 0, 0, 1, 1, 1], [0, 0, 0, 0, 0, 0, 0, 1, 1, 1, 1, 0, 1, 1, 1], [1, 1, 1, 1, 1, 1, 1, 1, 0, 1, 1, 0, 1, 0, 0], [0, 0, 0, 0, 0, 0, 0, 1, 1, 1, 1, 0, 0, 1, 0], [1, 1, 1, 1, 1, 0, 1, 1, 0, 1, 0, 0, 0, 0, 1], [0, 0, 0, 0, 0, 0, 1, 1, 0, 1, 0, 1, 1, 0, 0], [0, 0, 0, 0, 0, 1, 1, 0, 1, 1, 0, 0, 0, 1, 1], [0, 0, 0, 0, 0, 1, 1, 0, 0, 1, 0, 1, 1, 1, 0], [0, 0, 0, 0, 0, 1, 0, 0...[truncated]\"", \""<Execution Error: axis 1 is out of bounds for array of dimension 1>\""]]""}","
import numpy as np
a, m = test_input
result = np.unpackbits(np.uint8(a), axis=1)[:, -m:]
","
import numpy as np
a, m = test_input
<<<< [ERROR START] (dynamic: AxisError)
result = np.unpackbits(np.uint8(a), axis=1)[:, -m:]
[ERROR FINISH] (dynamic: AxisError) >>>>
",dynamic,dynamic: AxisError,4-4
DS1000,hallucinated,DS0427,,,,"{""error_type"": ""AxisError"", ""error_message"": ""axis 1 is out of bounds for array of dimension 1"", ""line_no"": ""4.0"", ""test_case"": ""[[\""(array([1, 2, 3, 4, 5]), 6)\"", \""array([[0, 0, 0, 0, 0, 1]])\"", \""<Execution Error: axis 1 is out of bounds for array of dimension 1>\""], [\""(array([51, 92, 14, 71, 60, 20, 82, 86, 74, 74, 87, 99, 23,  2, 21, 52,  1,\\n       87, 29, 37]), 11)\"", \""array([[0, 0, 0, 0, 1, 1, 0, 0, 1, 0, 0]])\"", \""<Execution Error: axis 1 is out of bounds for array of dimension 1>\""]]""}","
import numpy as np
a, m = test_input
result = np.unpackbits(a.astype(np.uint8), axis=1)[:, -m:]
","
import numpy as np
a, m = test_input
<<<< [ERROR START] (dynamic: AxisError)
result = np.unpackbits(a.astype(np.uint8), axis=1)[:, -m:]
[ERROR FINISH] (dynamic: AxisError) >>>>
",dynamic,dynamic: AxisError,4-4
DS1000,hallucinated,DS0430,"{""type"": ""IndentationError"", ""value"": 5, ""message"": ""expected an indented block after function definition on line 4 (<unknown>, line 5)""}",,,"{""error_type"": ""IndentationError"", ""error_message"": ""expected an indented block after function definition on line 4 (<string>, line 6)"", ""line_no"": ""2.0"", ""test_case"": ""[[\""array([0, 1, 2, 5, 6, 7, 8, 8, 8, 10, 29, 32, 45])\"", \""(np.float64(-27.545797458510656), np.float64(52.31502822774143))\"", \""<Execution Error: expected an indented block after function definition on line 4 (<string>, line 5)>\""], [\""array([0.4967141530112327, -0.13826430117118466, 0.6476885381006925, 1.5230298564080254, -0.23415337472333597, -0.23413695694918055, 1.5792128155073915, 0.7674347291529088, -0.4694743859349521, 0.5425600435859647, -0.46341769281246226, -0.46572975357025687, 0.24196227156603412, -1.913280244657798, -1.7249178325130328, -0.5622875292409727, -1.0128311203344238, 0.3142473325952739, -0.9080240755212111, -1.4123037013352917, 1.465648768921554, -0.22577630048653566, 0.06752820468792384, -1.42474818621...[truncated]\"", \""(np.float64(-2.8427844706399528), np.float64(2.4664906789378778))\"", \""<Execution Error: expected an indented block after function definition on line 4 (<string>, line 5)>\""]]""}","
import numpy as np
a = test_input
def f(a):
import numpy as np

a = np.array([0, 1, 2, 5, 6, 7, 8, 8, 8, 10, 29, 32, 45])

mean = np.mean(a)
std_dev = np.std(a)
third_std_dev = 3 * std_dev

start = mean - third_std_dev
end = mean + third_std_dev

result = (start, end)
result = f(a)
","
<<<< [ERROR START] (dynamic: IndentationError)
import numpy as np
[ERROR FINISH] (dynamic: IndentationError) >>>>
a = test_input
def f(a):
<<<< [ERROR START] (ast: IndentationError)
import numpy as np
[ERROR FINISH] (ast: IndentationError) >>>>

a = np.array([0, 1, 2, 5, 6, 7, 8, 8, 8, 10, 29, 32, 45])

mean = np.mean(a)
std_dev = np.std(a)
third_std_dev = 3 * std_dev

start = mean - third_std_dev
end = mean + third_std_dev

result = (start, end)
result = f(a)
","ast,dynamic","ast: IndentationError,dynamic: IndentationError","5-5,2-2"
DS1000,hallucinated,DS0432,,,,"{""error_type"": ""NameError"", ""error_message"": ""name 'prob' is not defined"", ""line_no"": ""5.0"", ""test_case"": ""[[\""(array([-5.5, -4.5, -3.5, -2.5, -1.5, -0.5,  0.5,  1.5,  2.5,  3.5,  4.5,\\n        5.5,  6.5,  7.5,  8.5,  9.5]), 50)\"", \""5.0\"", \""<Execution Error: name 'prob' is not defined>\""], [\""(array([-0.12545988,  0.45071431,  0.23199394,  0.09865848, -0.34398136,\\n       -0.34400548, -0.44191639,  0.36617615,  0.10111501,  0.20807258,\\n       -0.47941551,  0.46990985,  0.33244264, -0.28766089, -0.31817503,\\n       -0.31659549, -0.19575776,  0.02475643, -0.06805498, -0.20877086,\\n        0.11185289, -0.36050614, -0.20785535, -0.13363816, -0.04393002,\\n        0.28517596, -0.30032622,  0.01423444,  0.09241457, -0.45354959,\\n        0.10754485, -0.32947588, -0.43494841,  0.44888554,  0.46563...[truncated]\"", \""0.29051688033940654\"", \""<Execution Error: name 'prob' is not defined>\""]]""}","
import numpy as np
DataArray, percentile = test_input
result = np.percentile(DataArray, percentile)
result = prob
","
import numpy as np
DataArray, percentile = test_input
result = np.percentile(DataArray, percentile)
<<<< [ERROR START] (dynamic: NameError)
result = prob
[ERROR FINISH] (dynamic: NameError) >>>>
",dynamic,dynamic: NameError,5-5
DS1000,hallucinated,DS0436,,,,"{""error_type"": ""NameError"", ""error_message"": ""name 'mask' is not defined"", ""line_no"": ""5.0"", ""test_case"": ""[[\""array([[0, 1], [2, 1], [4, 8]])\"", \""array([[False, True], [True, False], [False, True]])\"", \""<Execution Error: name 'mask' is not defined>\""], [\""array([[0.3745401188473625, 0.9507143064099162, 0.7319939418114051, 0.5986584841970366, 0.15601864044243652], [0.15599452033620265, 0.05808361216819946, 0.8661761457749352, 0.6011150117432088, 0.7080725777960455], [0.020584494295802447, 0.9699098521619943, 0.8324426408004217, 0.21233911067827616, 0.18182496720710062], [0.18340450985343382, 0.3042422429595377, 0.5247564316322378, 0.43194501864211576, 0.2912291401980419], [0.6118528947223795, 0.13949386065204183, 0.29214464853521815, 0.36636184329...[truncated]\"", \""array([[False, True, False, False, False], [False, False, True, False, False], [False, True, False, False, False], [False, False, True, False, False], [True, False, False, False, False], [True, False, False, False, False], [False, False, False, False, True], [True, False, False, False, False], [False, False, False, True, False], [True, False, False, False, False]])\"", \""<Execution Error: name 'mask' is not defined>\""]]""}","
import numpy as np
a = test_input
result = a == a.max(axis=1, keepdims=True)
result = mask
","
import numpy as np
a = test_input
result = a == a.max(axis=1, keepdims=True)
<<<< [ERROR START] (dynamic: NameError)
result = mask
[ERROR FINISH] (dynamic: NameError) >>>>
",dynamic,dynamic: NameError,5-5
DS1000,hallucinated,DS0437,,,,"{""error_type"": ""NameError"", ""error_message"": ""name 'mask' is not defined"", ""line_no"": ""5.0"", ""test_case"": ""[[\""array([[0, 1], [2, 1], [4, 8]])\"", \""array([[True, False], [False, True], [True, False]])\"", \""<Execution Error: name 'mask' is not defined>\""], [\""array([[0.3745401188473625, 0.9507143064099162, 0.7319939418114051, 0.5986584841970366, 0.15601864044243652], [0.15599452033620265, 0.05808361216819946, 0.8661761457749352, 0.6011150117432088, 0.7080725777960455], [0.020584494295802447, 0.9699098521619943, 0.8324426408004217, 0.21233911067827616, 0.18182496720710062], [0.18340450985343382, 0.3042422429595377, 0.5247564316322378, 0.43194501864211576, 0.2912291401980419], [0.6118528947223795, 0.13949386065204183, 0.29214464853521815, 0.36636184329...[truncated]\"", \""array([[False, False, False, False, True], [False, True, False, False, False], [True, False, False, False, False], [True, False, False, False, False], [False, True, False, False, False], [False, False, False, False, True], [False, False, True, False, False], [False, False, True, False, False], [False, False, True, False, False], [False, False, False, False, True]])\"", \""<Execution Error: name 'mask' is not defined>\""]]""}","
import numpy as np
a = test_input
result = a < a.min(axis=1, keepdims=True)
result = mask
","
import numpy as np
a = test_input
result = a < a.min(axis=1, keepdims=True)
<<<< [ERROR START] (dynamic: NameError)
result = mask
[ERROR FINISH] (dynamic: NameError) >>>>
",dynamic,dynamic: NameError,5-5
DS1000,hallucinated,DS0440,,,,"{""error_type"": ""ValueError"", ""error_message"": ""operand has more dimensions than subscripts given in einstein sum, but no '...' ellipsis provided to broadcast the extra dimensions."", ""line_no"": ""4.0"", ""test_case"": ""[[\""array([[[81, 63, 63], [63, 49, 49], [63, 49, 49]], [[4, 12, 8], [12, 36, 24], [8, 24, 16]], [[25, 35, 25], [35, 49, 35], [25, 35, 25]], [[25, 30, 10], [30, 36, 12], [10, 12, 4]]])\"", \""array([[9.0, 2.0, 5.0, 5.0], [7.0, 6.0, 7.0, 6.0], [7.0, 4.0, 5.0, 2.0]])\"", \""<Execution Error: operand has more dimensions than subscripts given in einstein sum, but no '...' ellipsis provided to broadcast the extra dimensions.>\""], [\""array([[[0.3745401188473625, 0.9507143064099162, 0.7319939418114051, 0.5986584841970366, 0.15601864044243652], [0.15599452033620265, 0.05808361216819946, 0.8661761457749352, 0.6011150117432088, 0.7080725777960455], [0.020584494295802447, 0.9699098521619943, 0.8324426408004217, 0.21233911067827616, 0.18182496720710062], [0.18340450985343382, 0.3042422429595377, 0.5247564316322378, 0.43194501864211576, 0.2912291401980419], [0.6118528947223795, 0.13949386065204183, 0.29214464853521815, 0.3663618432...[truncated]\"", \""array([[0.6119968291154477, 0.8861015525282718, 0.9846748842966183, 0.8538191658899368, 0.17728278451878585, 0.653534841172417, 0.9530298452654322, 0.4175720644451583, 0.8012687727312776, 0.49395307811479783], [0.24100541937516562, 0.412945666749624, 0.29747689330756344, 0.789492322209379, 0.6406113666144473, 0.4712831531794132, 0.8198387325601777, 0.33685831033327507, 0.31854598234168974, 0.7089690353641632], [0.9123829463555431, 0.3125253813794711, 0.9103502123644116, 0.7984719602811442, 0.964...[truncated]\"", \""<Execution Error: operand has more dimensions than subscripts given in einstein sum, but no '...' ellipsis provided to broadcast the extra dimensions.>\""]]""}","
import numpy as np
Y = test_input
result = np.einsum('ij,ik->jk', Y, Y)
result = X
","
import numpy as np
Y = test_input
<<<< [ERROR START] (dynamic: ValueError)
result = np.einsum('ij,ik->jk', Y, Y)
[ERROR FINISH] (dynamic: ValueError) >>>>
result = X
",dynamic,dynamic: ValueError,4-4
DS1000,hallucinated,DS0441,,,,"{""error_type"": ""NameError"", ""error_message"": ""name 'is_contained' is not defined"", ""line_no"": ""5.0"", ""test_case"": ""[[\""(array([9, 2, 7, 0]), 0)\"", \""True\"", \""<Execution Error: name 'is_contained' is not defined>\""], [\""(array([1, 2, 3, 5]), 4)\"", \""False\"", \""<Execution Error: name 'is_contained' is not defined>\""], [\""(array([1, 1, 1, 1]), 1)\"", \""True\"", \""<Execution Error: name 'is_contained' is not defined>\""]]""}","
import numpy as np
a, number = test_input
result = (a == number).any()
result = is_contained
","
import numpy as np
a, number = test_input
result = (a == number).any()
<<<< [ERROR START] (dynamic: NameError)
result = is_contained
[ERROR FINISH] (dynamic: NameError) >>>>
",dynamic,dynamic: NameError,5-5
DS1000,hallucinated,DS0445,,,,"{""error_type"": ""ModuleNotFoundError"", ""error_message"": ""No module named 'scipy'"", ""line_no"": ""3.0"", ""test_case"": """"}","
import numpy as np
from scipy.stats import rankdata
a = test_input
result = np.argsort(-a)
","
import numpy as np
<<<< [ERROR START] (dynamic: ModuleNotFoundError)
from scipy.stats import rankdata
[ERROR FINISH] (dynamic: ModuleNotFoundError) >>>>
a = test_input
result = np.argsort(-a)
",dynamic,dynamic: ModuleNotFoundError,3-3
DS1000,hallucinated,DS0446,,,,"{""error_type"": ""ModuleNotFoundError"", ""error_message"": ""No module named 'scipy'"", ""line_no"": ""3.0"", ""test_case"": """"}","
import numpy as np
from scipy.stats import rankdata
a = test_input
result = np.argsort(np.argsort(a))[::-1]
","
import numpy as np
<<<< [ERROR START] (dynamic: ModuleNotFoundError)
from scipy.stats import rankdata
[ERROR FINISH] (dynamic: ModuleNotFoundError) >>>>
a = test_input
result = np.argsort(np.argsort(a))[::-1]
",dynamic,dynamic: ModuleNotFoundError,3-3
DS1000,hallucinated,DS0447,"{""type"": ""IndentationError"", ""value"": 6, ""message"": ""expected an indented block after function definition on line 5 (<unknown>, line 6)""}",,,"{""error_type"": ""ModuleNotFoundError"", ""error_message"": ""No module named 'scipy'"", ""line_no"": ""3.0"", ""test_case"": """"}","
import numpy as np
from scipy.stats import rankdata
a = test_input
def f(a):
import numpy as np

a = test_input
result = np.argsort(-a)
result = f(a)
","
import numpy as np
<<<< [ERROR START] (dynamic: ModuleNotFoundError)
from scipy.stats import rankdata
[ERROR FINISH] (dynamic: ModuleNotFoundError) >>>>
a = test_input
def f(a):
<<<< [ERROR START] (ast: IndentationError)
import numpy as np
[ERROR FINISH] (ast: IndentationError) >>>>

a = test_input
result = np.argsort(-a)
result = f(a)
","ast,dynamic","ast: IndentationError,dynamic: ModuleNotFoundError","6-6,3-3"
DS1000,hallucinated,DS0450,,,,"{""error_type"": ""NameError"", ""error_message"": ""name 'A' is not defined"", ""line_no"": ""4.0"", ""test_case"": ""[[\""(array([[[0.37454012, 0.95071431, 0.73199394, 0.59865848, 0.15601864],\\n        [0.15599452, 0.05808361, 0.86617615, 0.60111501, 0.70807258],\\n        [0.02058449, 0.96990985, 0.83244264, 0.21233911, 0.18182497],\\n        [0.18340451, 0.30424224, 0.52475643, 0.43194502, 0.29122914],\\n        [0.61185289, 0.13949386, 0.29214465, 0.36636184, 0.45606998]],\\n\\n       [[0.78517596, 0.19967378, 0.51423444, 0.59241457, 0.04645041],\\n        [0.60754485, 0.17052412, 0.06505159, 0.94888554, 0.96563203],\\n       ...[truncated]\"", \""array([[[0.6011150117432088, 0.7080725777960455], [0.21233911067827616, 0.18182496720710062]], [[0.9488855372533332, 0.9656320330745594], [0.6842330265121569, 0.4401524937396013]], [[0.045227288910538066, 0.32533033076326434], [0.3567533266935893, 0.28093450968738076]], [[0.06355835028602363, 0.3109823217156622], [0.8872127425763265, 0.4722149251619493]], [[0.22879816549162246, 0.07697990982879299], [0.808120379564417, 0.6334037565104235]]])\"", \""<Execution Error: name 'A' is not defined>\""], [\""(array([[[0.98901151, 0.54954473, 0.2814473 , 0.07728957, 0.4444695 ,\\n         0.47280797, 0.048522  , 0.16332445, 0.11595071],\\n        [0.62739168, 0.85618205, 0.65010242, 0.99072168, 0.47035075,\\n         0.61829448, 0.28266721, 0.97600332, 0.673068  ],\\n        [0.44053089, 0.28968734, 0.50969968, 0.1124609 , 0.22695479,\\n         0.4785523 , 0.24275816, 0.38798252, 0.81887343],\\n        [0.07454079, 0.92314954, 0.22489608, 0.70637148, 0.11056546,\\n         0.60100412, 0.40679254, 0.83682945, 0.25...[truncated]\"", \""array([[[0.04852200090644587, 0.16332444820826675], [0.8257539654972054, 0.4516665266465536]], [[0.03941980288626623, 0.15996243096834317], [0.07445300675121813, 0.3733008125683964]], [[0.4191699816987845, 0.11489528131347349], [0.41593195641493697, 0.7621557747895836]], [[0.8240710041564705, 0.801005551723181], [0.23584306680715827, 0.5004484320546707]], [[0.8001737797858093, 0.6200625495791576], [0.5647274741046868, 0.8768279188584096]], [[0.8858703828337904, 0.5901884019457233], [0.4354684932...[truncated]\"", \""<Execution Error: name 'A' is not defined>\""]]""}","
import numpy as np
a, second, third = test_input
result = A[:, second][:, third]
","
import numpy as np
a, second, third = test_input
<<<< [ERROR START] (dynamic: NameError)
result = A[:, second][:, third]
[ERROR FINISH] (dynamic: NameError) >>>>
",dynamic,dynamic: NameError,4-4
DS1000,hallucinated,DS0451,,,,"{""error_type"": ""NameError"", ""error_message"": ""name 'arr' is not defined"", ""line_no"": ""6.0"", ""test_case"": ""[[\""None\"", \""array([[[[0.0, 0.0], [0.0, 0.0], [0.0, 0.0], [0.0, 0.0], [0.0, 0.0], [0.0, 0.0], [0.0, 0.0], [0.0, 0.0], [0.0, 0.0], [0.0, 0.0]], [[0.0, 0.0], [0.0, 0.0], [0.0, 0.0], [0.0, 0.0], [0.0, 0.0], [0.0, 0.0], [0.0, 0.0], [0.0, 0.0], [0.0, 0.0], [0.0, 0.0]], [[0.0, 0.0], [0.0, 0.0], [0.0, 0.0], [0.0, 0.0], [0.0, 0.0], [0.0, 0.0], [0.0, 0.0], [0.0, 0.0], [0.0, 0.0], [0.0, 0.0]], [[0.0, 0.0], [0.0, 0.0], [0.0, 0.0], [0.0, 0.0], [0.0, 0.0], [0.0, 0.0], [0.0, 0.0], [0.0, 0.0], [0.0, 0.0], [0.0, 0.0]], [[0....[truncated]\"", \""<Execution Error: name 'arr' is not defined>\""], [\""None\"", \""array([[[[0.0, 0.0], [0.0, 0.0], [0.0, 0.0], [0.0, 0.0], [0.0, 0.0], [0.0, 0.0], [0.0, 0.0], [0.0, 0.0], [0.0, 0.0], [0.0, 0.0]], [[0.0, 0.0], [0.0, 0.0], [0.0, 0.0], [0.0, 0.0], [0.0, 0.0], [0.0, 0.0], [0.0, 0.0], [0.0, 0.0], [0.0, 0.0], [0.0, 0.0]], [[0.0, 0.0], [0.0, 0.0], [0.0, 0.0], [0.0, 0.0], [0.0, 0.0], [0.0, 0.0], [0.0, 0.0], [0.0, 0.0], [0.0, 0.0], [0.0, 0.0]], [[0.0, 0.0], [0.0, 0.0], [0.0, 0.0], [0.0, 0.0], [0.0, 0.0], [0.0, 0.0], [0.0, 0.0], [0.0, 0.0], [0.0, 0.0], [0.0, 0.0]], [[0....[truncated]\"", \""<Execution Error: name 'arr' is not defined>\""], [\""None\"", \""array([[[[0.0, 0.0], [0.0, 0.0], [0.0, 0.0], [0.0, 0.0], [0.0, 0.0], [0.0, 0.0], [0.0, 0.0], [0.0, 0.0], [0.0, 0.0], [0.0, 0.0]], [[0.0, 0.0], [0.0, 0.0], [0.0, 0.0], [0.0, 0.0], [0.0, 0.0], [0.0, 0.0], [0.0, 0.0], [0.0, 0.0], [0.0, 0.0], [0.0, 0.0]], [[0.0, 0.0], [0.0, 0.0], [0.0, 0.0], [0.0, 0.0], [0.0, 0.0], [0.0, 0.0], [0.0, 0.0], [0.0, 0.0], [0.0, 0.0], [0.0, 0.0]], [[0.0, 0.0], [0.0, 0.0], [0.0, 0.0], [0.0, 0.0], [0.0, 0.0], [0.0, 0.0], [0.0, 0.0], [0.0, 0.0], [0.0, 0.0], [0.0, 0.0]], [[0....[truncated]\"", \""<Execution Error: name 'arr' is not defined>\""], [\""None\"", \""array([[[[0.0, 0.0], [0.0, 0.0], [0.0, 0.0], [0.0, 0.0], [0.0, 0.0], [0.0, 0.0], [0.0, 0.0], [0.0, 0.0], [0.0, 0.0], [0.0, 0.0]], [[0.0, 0.0], [0.0, 0.0], [0.0, 0.0], [0.0, 0.0], [0.0, 0.0], [0.0, 0.0], [0.0, 0.0], [0.0, 0.0], [0.0, 0.0], [0.0, 0.0]], [[0.0, 0.0], [0.0, 0.0], [0.0, 0.0], [0.0, 0.0], [0.0, 0.0], [0.0, 0.0], [0.0, 0.0], [0.0, 0.0], [0.0, 0.0], [0.0, 0.0]], [[0.0, 0.0], [0.0, 0.0], [0.0, 0.0], [0.0, 0.0], [0.0, 0.0], [0.0, 0.0], [0.0, 0.0], [0.0, 0.0], [0.0, 0.0], [0.0, 0.0]], [[0....[truncated]\"", \""<Execution Error: name 'arr' is not defined>\""], [\""None\"", \""array([[[[0.0, 0.0], [0.0, 0.0], [0.0, 0.0], [0.0, 0.0], [0.0, 0.0], [0.0, 0.0], [0.0, 0.0], [0.0, 0.0], [0.0, 0.0], [0.0, 0.0]], [[0.0, 0.0], [0.0, 0.0], [0.0, 0.0], [0.0, 0.0], [0.0, 0.0], [0.0, 0.0], [0.0, 0.0], [0.0, 0.0], [0.0, 0.0], [0.0, 0.0]], [[0.0, 0.0], [0.0, 0.0], [0.0, 0.0], [0.0, 0.0], [0.0, 0.0], [0.0, 0.0], [0.0, 0.0], [0.0, 0.0], [0.0, 0.0], [0.0, 0.0]], [[0.0, 0.0], [0.0, 0.0], [0.0, 0.0], [0.0, 0.0], [0.0, 0.0], [0.0, 0.0], [0.0, 0.0], [0.0, 0.0], [0.0, 0.0], [0.0, 0.0]], [[0....[truncated]\"", \""<Execution Error: name 'arr' is not defined>\""], [\""None\"", \""array([[[[0.0, 0.0], [0.0, 0.0], [0.0, 0.0], [0.0, 0.0], [0.0, 0.0], [0.0, 0.0], [0.0, 0.0], [0.0, 0.0], [0.0, 0.0], [0.0, 0.0]], [[0.0, 0.0], [0.0, 0.0], [0.0, 0.0], [0.0, 0.0], [0.0, 0.0], [0.0, 0.0], [0.0, 0.0], [0.0, 0.0], [0.0, 0.0], [0.0, 0.0]], [[0.0, 0.0], [0.0, 0.0], [0.0, 0.0], [0.0, 0.0], [0.0, 0.0], [0.0, 0.0], [0.0, 0.0], [0.0, 0.0], [0.0, 0.0], [0.0, 0.0]], [[0.0, 0.0], [0.0, 0.0], [0.0, 0.0], [0.0, 0.0], [0.0, 0.0], [0.0, 0.0], [0.0, 0.0], [0.0, 0.0], [0.0, 0.0], [0.0, 0.0]], [[0....[truncated]\"", \""<Execution Error: name 'arr' is not defined>\""], [\""None\"", \""array([[[[0.0, 0.0], [0.0, 0.0], [0.0, 0.0], [0.0, 0.0], [0.0, 0.0], [0.0, 0.0], [0.0, 0.0], [0.0, 0.0], [0.0, 0.0], [0.0, 0.0]], [[0.0, 0.0], [0.0, 0.0], [0.0, 0.0], [0.0, 0.0], [0.0, 0.0], [0.0, 0.0], [0.0, 0.0], [0.0, 0.0], [0.0, 0.0], [0.0, 0.0]], [[0.0, 0.0], [0.0, 0.0], [0.0, 0.0], [0.0, 0.0], [0.0, 0.0], [0.0, 0.0], [0.0, 0.0], [0.0, 0.0], [0.0, 0.0], [0.0, 0.0]], [[0.0, 0.0], [0.0, 0.0], [0.0, 0.0], [0.0, 0.0], [0.0, 0.0], [0.0, 0.0], [0.0, 0.0], [0.0, 0.0], [0.0, 0.0], [0.0, 0.0]], [[0....[truncated]\"", \""<Execution Error: name 'arr' is not defined>\""], [\""None\"", \""array([[[[0.0, 0.0], [0.0, 0.0], [0.0, 0.0], [0.0, 0.0], [0.0, 0.0], [0.0, 0.0], [0.0, 0.0], [0.0, 0.0], [0.0, 0.0], [0.0, 0.0]], [[0.0, 0.0], [0.0, 0.0], [0.0, 0.0], [0.0, 0.0], [0.0, 0.0], [0.0, 0.0], [0.0, 0.0], [0.0, 0.0], [0.0, 0.0], [0.0, 0.0]], [[0.0, 0.0], [0.0, 0.0], [0.0, 0.0], [0.0, 0.0], [0.0, 0.0], [0.0, 0.0], [0.0, 0.0], [0.0, 0.0], [0.0, 0.0], [0.0, 0.0]], [[0.0, 0.0], [0.0, 0.0], [0.0, 0.0], [0.0, 0.0], [0.0, 0.0], [0.0, 0.0], [0.0, 0.0], [0.0, 0.0], [0.0, 0.0], [0.0, 0.0]], [[0....[truncated]\"", \""<Execution Error: name 'arr' is not defined>\""], [\""None\"", \""array([[[[0.0, 0.0], [0.0, 0.0], [0.0, 0.0], [0.0, 0.0], [0.0, 0.0], [0.0, 0.0], [0.0, 0.0], [0.0, 0.0], [0.0, 0.0], [0.0, 0.0]], [[0.0, 0.0], [0.0, 0.0], [0.0, 0.0], [0.0, 0.0], [0.0, 0.0], [0.0, 0.0], [0.0, 0.0], [0.0, 0.0], [0.0, 0.0], [0.0, 0.0]], [[0.0, 0.0], [0.0, 0.0], [0.0, 0.0], [0.0, 0.0], [0.0, 0.0], [0.0, 0.0], [0.0, 0.0], [0.0, 0.0], [0.0, 0.0], [0.0, 0.0]], [[0.0, 0.0], [0.0, 0.0], [0.0, 0.0], [0.0, 0.0], [0.0, 0.0], [0.0, 0.0], [0.0, 0.0], [0.0, 0.0], [0.0, 0.0], [0.0, 0.0]], [[0....[truncated]\"", \""<Execution Error: name 'arr' is not defined>\""]]""}","
import numpy as np
import numpy as np

result = np.zeros((20, 10, 10, 2))
result = arr
","
import numpy as np
import numpy as np

result = np.zeros((20, 10, 10, 2))
<<<< [ERROR START] (dynamic: NameError)
result = arr
[ERROR FINISH] (dynamic: NameError) >>>>
",dynamic,dynamic: NameError,6-6
DS1000,hallucinated,DS0459,,,,"{""error_type"": ""AttributeError"", ""error_message"": ""'list' object has no attribute 'mean'"", ""line_no"": ""4.0"", ""test_case"": ""[[\""(['33.33', '33.33', '33.33', '33.37'], array(['33.33', '33.33', '33.33', '33.37'], dtype='<U5'))\"", \""33.339999999999996\"", \""<Execution Error: 'list' object has no attribute 'mean'>\""], [\""(array([0.37454012, 0.95071431, 0.73199394, 0.59865848, 0.15601864]), array(['0.3745401188473625', '0.9507143064099162', '0.7319939418114051',\\n       '0.5986584841970366', '0.15601864044243652'], dtype='<U32'))\"", \""0.5623850983416314\"", \""<Execution Error: name 'AVG' is not defined>\""]]""}","
import numpy as np
A, NA = test_input
result = A.mean()
result = AVG
","
import numpy as np
A, NA = test_input
<<<< [ERROR START] (dynamic: AttributeError)
result = A.mean()
[ERROR FINISH] (dynamic: AttributeError) >>>>
result = AVG
",dynamic,dynamic: AttributeError,4-4
DS1000,hallucinated,DS0460,,,,"{""error_type"": ""AttributeError"", ""error_message"": ""'list' object has no attribute 'mean'"", ""line_no"": ""4.0"", ""test_case"": ""[[\""(['inf', '33.33', '33.33', '33.37'], array(['inf', '33.33', '33.33', '33.37'], dtype='<U5'))\"", \""inf\"", \""<Execution Error: 'list' object has no attribute 'mean'>\""], [\""(array([       inf, 0.95071431, 0.73199394, 0.59865848, 0.15601864]), array(['inf', '0.9507143064099162', '0.7319939418114051',\\n       '0.5986584841970366', '0.15601864044243652'], dtype='<U32'))\"", \""inf\"", \""<Execution Error: name 'AVG' is not defined>\""]]""}","
import numpy as np
A, NA = test_input
result = A.mean()
result = AVG
","
import numpy as np
A, NA = test_input
<<<< [ERROR START] (dynamic: AttributeError)
result = A.mean()
[ERROR FINISH] (dynamic: AttributeError) >>>>
result = AVG
",dynamic,dynamic: AttributeError,4-4
DS1000,hallucinated,DS0461,,,,"{""error_type"": ""AttributeError"", ""error_message"": ""'list' object has no attribute 'mean'"", ""line_no"": ""4.0"", ""test_case"": ""[[\""(['np.inf', '33.33', '33.33', '33.37'], array(['np.inf', '33.33', '33.33', '33.37'], dtype='<U6'))\"", \""inf\"", \""<Execution Error: 'list' object has no attribute 'mean'>\""], [\""(array([0.37454012, 0.95071431, 0.73199394, 0.59865848, 0.15601864]), array(['np.inf', '0.9507143064099162', '0.7319939418114051',\\n       '0.5986584841970366', '0.15601864044243652'], dtype='<U32'))\"", \""inf\"", \""<Execution Error: name 'AVG' is not defined>\""]]""}","
import numpy as np
A, NA = test_input
result = A.mean()
result = AVG
","
import numpy as np
A, NA = test_input
<<<< [ERROR START] (dynamic: AttributeError)
result = A.mean()
[ERROR FINISH] (dynamic: AttributeError) >>>>
result = AVG
",dynamic,dynamic: AttributeError,4-4
DS1000,hallucinated,DS0463,,,,"{""error_type"": ""AttributeError"", ""error_message"": ""'numpy.ndarray' object has no attribute 'unique'"", ""line_no"": ""4.0"", ""test_case"": ""[[\""array([[0], [0], [1], [1], [1], [2], [2], [0], [1], [3], [3], [3]])\"", \""array([[1], [2], [1], [3]])\"", \""<Execution Error: 'numpy.ndarray' object has no attribute 'unique'>\""], [\""array([[2], [0], [2], [2], [0], [0], [2], [1], [2], [2], [2], [2], [0], [2], [1], [0], [1], [1], [1], [1]])\"", \""array([[2], [2], [2], [1], [2], [2], [1], [1]])\"", \""<Execution Error: 'numpy.ndarray' object has no attribute 'unique'>\""]]""}","
import numpy as np
a = test_input
result = a[a != 0].unique().reshape(-1, 1)
","
import numpy as np
a = test_input
<<<< [ERROR START] (dynamic: AttributeError)
result = a[a != 0].unique().reshape(-1, 1)
[ERROR FINISH] (dynamic: AttributeError) >>>>
",dynamic,dynamic: AttributeError,4-4
DS1000,hallucinated,DS0464,,,,"{""error_type"": ""NameError"", ""error_message"": ""name 'df' is not defined"", ""line_no"": ""13.0"", ""test_case"": ""[[\""(array([[10, 20, 30],\\n       [20, 11, 33],\\n       [21, 20, 10]]), array([[100, 102, 103],\\n       [105, 101, 102],\\n       [100, 102, 103]]), array([[17,  2, 11],\\n       [86, 84,  1],\\n       [ 9,  5, 10]]))\"", \""DataFrame({'lat': [10, 20, 30, 20, 11, 33, 21, 20, 10], 'lon': [100, 102, 103, 105, 101, 102, 100, 102, 103], 'val': [17, 2, 11, 86, 84, 1, 9, 5, 10]})\"", \""<Execution Error: name 'df' is not defined>\""], [\""(array([[0.37454012, 0.95071431, 0.73199394, 0.59865848, 0.15601864,\\n        0.15599452],\\n       [0.05808361, 0.86617615, 0.60111501, 0.70807258, 0.02058449,\\n        0.96990985],\\n       [0.83244264, 0.21233911, 0.18182497, 0.18340451, 0.30424224,\\n        0.52475643],\\n       [0.43194502, 0.29122914, 0.61185289, 0.13949386, 0.29214465,\\n        0.36636184],\\n       [0.45606998, 0.78517596, 0.19967378, 0.51423444, 0.59241457,\\n        0.04645041]]), array([[0.60754485, 0.17052412, 0.06505159, 0.948885...[truncated]\"", \""DataFrame({'lat': [0.3745401188473625, 0.9507143064099162, 0.7319939418114051, 0.5986584841970366, 0.15601864044243652, 0.15599452033620265, 0.05808361216819946, 0.8661761457749352, 0.6011150117432088, 0.7080725777960455, 0.020584494295802447, 0.9699098521619943, 0.8324426408004217, 0.21233911067827616, 0.18182496720710062, 0.18340450985343382, 0.3042422429595377, 0.5247564316322378, 0.43194501864211576, 0.2912291401980419, 0.6118528947223795, 0.13949386065204183, 0.29214464853521815, 0.36636184...[truncated]\"", \""<Execution Error: name 'df' is not defined>\""]]""}","
import numpy as np
import pandas as pd
lat, lon, val = test_input
import pandas as pd

# Create a DataFrame from the arrays
result = pd.DataFrame({
    'lat': lat.flatten(),
    'lon': lon.flatten(),
    'val': val.flatten()
})
result = df
","
import numpy as np
import pandas as pd
lat, lon, val = test_input
import pandas as pd

# Create a DataFrame from the arrays
result = pd.DataFrame({
    'lat': lat.flatten(),
    'lon': lon.flatten(),
    'val': val.flatten()
})
<<<< [ERROR START] (dynamic: NameError)
result = df
[ERROR FINISH] (dynamic: NameError) >>>>
",dynamic,dynamic: NameError,13-13
DS1000,hallucinated,DS0465,"{""type"": ""IndentationError"", ""value"": 6, ""message"": ""expected an indented block after function definition on line 5 (<unknown>, line 6)""}",,,"{""error_type"": ""IndentationError"", ""error_message"": ""expected an indented block after function definition on line 5 (<string>, line 7)"", ""line_no"": ""2.0"", ""test_case"": ""[[\""(array([[10, 20, 30],\\n       [20, 11, 33],\\n       [21, 20, 10]]), array([[100, 102, 103],\\n       [105, 101, 102],\\n       [100, 102, 103]]), array([[17,  2, 11],\\n       [86, 84,  1],\\n       [ 9,  5, 10]]))\"", \""DataFrame({'lat': [10, 20, 30, 20, 11, 33, 21, 20, 10], 'lon': [100, 102, 103, 105, 101, 102, 100, 102, 103], 'val': [17, 2, 11, 86, 84, 1, 9, 5, 10]})\"", \""<Execution Error: expected an indented block after function definition on line 5 (<string>, line 6)>\""], [\""(array([[0.37454012, 0.95071431, 0.73199394, 0.59865848, 0.15601864,\\n        0.15599452],\\n       [0.05808361, 0.86617615, 0.60111501, 0.70807258, 0.02058449,\\n        0.96990985],\\n       [0.83244264, 0.21233911, 0.18182497, 0.18340451, 0.30424224,\\n        0.52475643],\\n       [0.43194502, 0.29122914, 0.61185289, 0.13949386, 0.29214465,\\n        0.36636184],\\n       [0.45606998, 0.78517596, 0.19967378, 0.51423444, 0.59241457,\\n        0.04645041]]), array([[0.60754485, 0.17052412, 0.06505159, 0.948885...[truncated]\"", \""DataFrame({'lat': [0.3745401188473625, 0.9507143064099162, 0.7319939418114051, 0.5986584841970366, 0.15601864044243652, 0.15599452033620265, 0.05808361216819946, 0.8661761457749352, 0.6011150117432088, 0.7080725777960455, 0.020584494295802447, 0.9699098521619943, 0.8324426408004217, 0.21233911067827616, 0.18182496720710062, 0.18340450985343382, 0.3042422429595377, 0.5247564316322378, 0.43194501864211576, 0.2912291401980419, 0.6118528947223795, 0.13949386065204183, 0.29214464853521815, 0.36636184...[truncated]\"", \""<Execution Error: expected an indented block after function definition on line 5 (<string>, line 6)>\""]]""}","
import numpy as np
import pandas as pd
lat, lon, val = test_input
def f(lat, lon,val):
import numpy as np
import pandas as pd

lat, lon, val = test_input

# Flatten the arrays and create a DataFrame
result = pd.DataFrame({
    'lat': lat.flatten(),
    'lon': lon.flatten(),
    'val': val.flatten()
})
result = f(lat, lon, val)
","
<<<< [ERROR START] (dynamic: IndentationError)
import numpy as np
[ERROR FINISH] (dynamic: IndentationError) >>>>
import pandas as pd
lat, lon, val = test_input
def f(lat, lon,val):
<<<< [ERROR START] (ast: IndentationError)
import numpy as np
[ERROR FINISH] (ast: IndentationError) >>>>
import pandas as pd

lat, lon, val = test_input

# Flatten the arrays and create a DataFrame
result = pd.DataFrame({
    'lat': lat.flatten(),
    'lon': lon.flatten(),
    'val': val.flatten()
})
result = f(lat, lon, val)
","ast,dynamic","ast: IndentationError,dynamic: IndentationError","6-6,2-2"
DS1000,hallucinated,DS0467,,,,"{""error_type"": ""TypeError"", ""error_message"": ""arange: scalar arguments expected instead of a tuple."", ""line_no"": ""4.0"", ""test_case"": ""[[\""(array([[1, 2, 3, 4],\\n       [2, 3, 4, 5],\\n       [3, 4, 5, 6],\\n       [4, 5, 6, 7]]), (3, 3))\"", \""[array([[1, 2],\\n       [2, 3]]), array([[1, 2, 3],\\n       [2, 3, 4]]), array([[2, 3, 4],\\n       [3, 4, 5]]), array([[3, 4],\\n       [4, 5]]), array([[1, 2],\\n       [2, 3],\\n       [3, 4]]), array([[1, 2, 3],\\n       [2, 3, 4],\\n       [3, 4, 5]]), array([[2, 3, 4],\\n       [3, 4, 5],\\n       [4, 5, 6]]), array([[3, 4],\\n       [4, 5],\\n       [5, 6]]), array([[2, 3],\\n       [3, 4],\\n       [4, 5]]), array([[2, 3, 4],\\n       [3, 4, 5],\\n       [4, 5, 6]]), array([[3, 4, 5],\\n       [4, 5, 6],\\n       [5, 6, ...[truncated]\"", \""<Execution Error: arange: scalar arguments expected instead of a tuple.>\""]]""}","
import numpy as np
a, size = test_input
result = a[np.arange(size)[:, None] + np.arange(size)[None, :] - 1]
","
import numpy as np
a, size = test_input
<<<< [ERROR START] (dynamic: TypeError)
result = a[np.arange(size)[:, None] + np.arange(size)[None, :] - 1]
[ERROR FINISH] (dynamic: TypeError) >>>>
",dynamic,dynamic: TypeError,4-4
DS1000,hallucinated,DS0468,,,,"{""error_type"": ""TypeError"", ""error_message"": ""arange: scalar arguments expected instead of a tuple."", ""line_no"": ""4.0"", ""test_case"": ""[[\""(array([[1, 2, 3, 4],\\n       [2, 3, 4, 5],\\n       [3, 4, 5, 6],\\n       [4, 5, 6, 7]]), (3, 3))\"", \""[array([[1, 2],\\n       [2, 3]]), array([[1, 2],\\n       [2, 3],\\n       [3, 4]]), array([[2, 3],\\n       [3, 4],\\n       [4, 5]]), array([[3, 4],\\n       [4, 5]]), array([[1, 2, 3],\\n       [2, 3, 4]]), array([[1, 2, 3],\\n       [2, 3, 4],\\n       [3, 4, 5]]), array([[2, 3, 4],\\n       [3, 4, 5],\\n       [4, 5, 6]]), array([[3, 4, 5],\\n       [4, 5, 6]]), array([[2, 3, 4],\\n       [3, 4, 5]]), array([[2, 3, 4],\\n       [3, 4, 5],\\n       [4, 5, 6]]), array([[3, 4, 5],\\n       [4, 5, 6],\\n       [5, 6, 7]]), arr...[truncated]\"", \""<Execution Error: arange: scalar arguments expected instead of a tuple.>\""]]""}","
import numpy as np
a, size = test_input
result = a[np.arange(size)[:, None] + np.arange(size)[None, :] - 1]
","
import numpy as np
a, size = test_input
<<<< [ERROR START] (dynamic: TypeError)
result = a[np.arange(size)[:, None] + np.arange(size)[None, :] - 1]
[ERROR FINISH] (dynamic: TypeError) >>>>
",dynamic,dynamic: TypeError,4-4
DS1000,hallucinated,DS0470,"{""type"": ""IndentationError"", ""value"": 5, ""message"": ""expected an indented block after function definition on line 4 (<unknown>, line 5)""}",,,"{""error_type"": ""IndentationError"", ""error_message"": ""expected an indented block after function definition on line 4 (<string>, line 6)"", ""line_no"": ""2.0"", ""test_case"": ""[[\""array([(1+0j), (2+0j), (inf+0j)])\"", \""(inf+0j)\"", \""<Execution Error: expected an indented block after function definition on line 4 (<string>, line 5)>\""]]""}","
import numpy as np
a = test_input
def f(a):
result = np.mean(a, axis=0)
result = f(a)
","
<<<< [ERROR START] (dynamic: IndentationError)
import numpy as np
[ERROR FINISH] (dynamic: IndentationError) >>>>
a = test_input
def f(a):
<<<< [ERROR START] (ast: IndentationError)
result = np.mean(a, axis=0)
[ERROR FINISH] (ast: IndentationError) >>>>
result = f(a)
","ast,dynamic","ast: IndentationError,dynamic: IndentationError","5-5,2-2"
DS1000,hallucinated,DS0475,,,,"{""error_type"": ""ModuleNotFoundError"", ""error_message"": ""No module named 'scipy'"", ""line_no"": ""3.0"", ""test_case"": """"}","
import numpy as np
from scipy import interpolate as intp
a, x_new, y_new = test_input
result = intp.interp2d(np.linspace(0, 3, a.size), np.linspace(0, 3, a.size), a.flatten(), kind='linear')(np.linspace(0, 3, a.size * 4), np.linspace(0, 3, a.size * 4))
","
import numpy as np
<<<< [ERROR START] (dynamic: ModuleNotFoundError)
from scipy import interpolate as intp
[ERROR FINISH] (dynamic: ModuleNotFoundError) >>>>
a, x_new, y_new = test_input
result = intp.interp2d(np.linspace(0, 3, a.size), np.linspace(0, 3, a.size), a.flatten(), kind='linear')(np.linspace(0, 3, a.size * 4), np.linspace(0, 3, a.size * 4))
",dynamic,dynamic: ModuleNotFoundError,3-3
DS1000,hallucinated,DS0476,,,,"{""error_type"": ""NameError"", ""error_message"": ""name 'df' is not defined"", ""line_no"": ""5.0"", ""test_case"": ""[[\""({'D': [2015, 2015, 2015, 2015, 2016, 2016, 2016, 2017, 2017, 2017], 'Q': array([0, 1, 2, 3, 4, 5, 6, 7, 8, 9])}, 'Q_cum')\"", \""DataFrame({'D': [2015, 2015, 2015, 2015, 2016, 2016, 2016, 2017, 2017, 2017], 'Q': [0, 1, 2, 3, 4, 5, 6, 7, 8, 9], 'Q_cum': [0, 1, 3, 6, 4, 9, 15, 7, 15, 24]})\"", \""<Execution Error: name 'df' is not defined>\""], [\""({'D': [1995, 1995, 1996, 1996, 1997, 1999, 1999, 1999, 2017, 2017], 'Q': array([ 0,  2,  4,  6,  8, 10, 12, 14, 16, 18])}, 'Q_cum')\"", \""DataFrame({'D': [1995, 1995, 1996, 1996, 1997, 1999, 1999, 1999, 2017, 2017], 'Q': [0, 2, 4, 6, 8, 10, 12, 14, 16, 18], 'Q_cum': [0, 2, 4, 10, 8, 10, 22, 36, 16, 34]})\"", \""<Execution Error: name 'df' is not defined>\""]]""}","
import pandas as pd
import numpy as np
data, name = test_input
result = df.groupby('D')['Q'].cumsum()
result = df
","
import pandas as pd
import numpy as np
data, name = test_input
<<<< [ERROR START] (dynamic: NameError)
result = df.groupby('D')['Q'].cumsum()
[ERROR FINISH] (dynamic: NameError) >>>>
result = df
",dynamic,dynamic: NameError,5-5
DS1000,hallucinated,DS0480,,,,"{""error_type"": ""IndexError"", ""error_message"": ""index 0 is out of bounds for axis 0 with size 0"", ""line_no"": ""4.0"", ""test_case"": ""[[\""(array([0, 1, 1, 1, 3, 1, 5, 5, 5]), array([0, 2, 3, 4, 2, 4, 3, 4, 5]), 1, 4)\"", \""3\"", \""3\""], [\""(array([5, 6, 4, 6, 6, 3, 4, 4]), array([4, 6, 5, 4, 6, 3, 5, 3]), 5, 6)\"", \""-1\"", \""<Execution Error: index 0 is out of bounds for axis 0 with size 0>\""]]""}","
import numpy as np
x, y, a, b = test_input
result = np.where((x == a) & (y == b))[0][0] if (a in x) and (b in y) else -1
","
import numpy as np
x, y, a, b = test_input
<<<< [ERROR START] (dynamic: IndexError)
result = np.where((x == a) & (y == b))[0][0] if (a in x) and (b in y) else -1
[ERROR FINISH] (dynamic: IndexError) >>>>
",dynamic,dynamic: IndexError,4-4
DS1000,hallucinated,DS0483,,,"[{'type': 'type_error', 'function': 'vander', 'invalid_arg': 'n', 'line': 14}]","{""error_type"": ""TypeError"", ""error_message"": ""vander() got an unexpected keyword argument 'n'. Did you mean 'N'?"", ""line_no"": ""14.0"", ""test_case"": ""[[\""([-1, 2, 5, 100], [123, 456, 789, 1255], 3)\"", \""array([-0.010718805500313497, 0.06431283300185879, 110.96784358349912, 233.89281194499603])\"", \""<Execution Error: vander() got an unexpected keyword argument 'n'. Did you mean 'N'?>\""], [\""(array([-1.25459881,  4.50714306,  2.31993942,  0.98658484, -3.4398136 ,\\n       -3.4400548 , -4.41916388,  3.66176146,  1.01115012,  2.08072578,\\n       -4.79415506,  4.69909852,  3.32442641, -2.87660889, -3.18175033,\\n       -3.1659549 , -1.95757757,  0.24756432, -0.68054981, -2.0877086 ,\\n        1.11852895, -3.60506139, -2.07855351, -1.33638157, -0.43930016,\\n        2.85175961, -3.00326218,  0.14234438,  0.92414569, -4.53549587,\\n        1.07544852, -3.29475876, -4.34948407,  4.48885537,  4.65632...[truncated]\"", \""array([0.0005900470789872962, 2.450401355305474e-05, -0.01920313491852765, 0.01443909459671956, 0.15214780475491002, -0.2606078298834713, -0.20391884772017158])\"", \""<Execution Error: vander() got an unexpected keyword argument 'n'. Did you mean 'N'?>\""]]""}","
import numpy as np
x, y, degree = test_input
import numpy as np

# Given data
x = np.array([-1, 2, 5, 100])
y = np.array([123, 456, 789, 1255])

# Number of coefficients (degree + 1)
n_coeffs = degree + 1

# Initialize the design matrix X
X = np.vander(x, n=n_coeffs)

# Solve for the coefficients using least squares
result = np.linalg.lstsq(X, y, rcond=None)[0]
","
import numpy as np
x, y, degree = test_input
import numpy as np

# Given data
x = np.array([-1, 2, 5, 100])
y = np.array([123, 456, 789, 1255])

# Number of coefficients (degree + 1)
n_coeffs = degree + 1

# Initialize the design matrix X
<<<< [ERROR START] (lib: type_error)
<<<< [ERROR START] (dynamic: TypeError)
X = np.vander(x, n=n_coeffs)
[ERROR FINISH] (lib: type_error) >>>>
[ERROR FINISH] (dynamic: TypeError) >>>>

# Solve for the coefficients using least squares
result = np.linalg.lstsq(X, y, rcond=None)[0]
","lib,dynamic","lib: type_error,dynamic: TypeError","14-14,14-14"
DS1000,hallucinated,DS0484,,,,"{""error_type"": ""NameError"", ""error_message"": ""name 'temp_df' is not defined"", ""line_no"": ""5.0"", ""test_case"": ""[[\""(array([0, 1, 2, 3]),    a  b  c  d\\n0  1  1  1  1\\n1  2  2  2  2\\n2  3  3  3  3\\n3  4  4  4  4)\"", \""DataFrame({'a': [1, 1, 1, 1], 'b': [1, 1, 1, 1], 'c': [1, 1, 1, 1], 'd': [1, 1, 1, 1]})\"", \""<Execution Error: name 'temp_df' is not defined>\""], [\""(array([6, 3, 7, 4]),    a  b  c  d\\n0  1  1  1  1\\n1  2  2  2  2\\n2  3  3  3  3\\n3  4  4  4  4)\"", \""DataFrame({'a': [-5, -1, -4, 0], 'b': [-5, -1, -4, 0], 'c': [-5, -1, -4, 0], 'd': [-5, -1, -4, 0]})\"", \""<Execution Error: name 'temp_df' is not defined>\""]]""}","
import numpy as np
import pandas as pd
a, df = test_input
result = temp_df.apply(lambda x: x - temp_arr[x.name], axis=1)
result = df
","
import numpy as np
import pandas as pd
a, df = test_input
<<<< [ERROR START] (dynamic: NameError)
result = temp_df.apply(lambda x: x - temp_arr[x.name], axis=1)
[ERROR FINISH] (dynamic: NameError) >>>>
result = df
",dynamic,dynamic: NameError,5-5
DS1000,hallucinated,DS0485,,,,"{""error_type"": ""ValueError"", ""error_message"": ""operands could not be broadcast together with remapped shapes [original->remapped]: (5,6,3)->(5,newaxis,3,6) (3,3)->(3,newaxis,3) "", ""line_no"": ""4.0"", ""test_case"": ""[[\""(array([[[0.37454012, 0.95071431, 0.73199394],\\n        [0.59865848, 0.15601864, 0.15599452],\\n        [0.05808361, 0.86617615, 0.60111501],\\n        [0.70807258, 0.02058449, 0.96990985],\\n        [0.83244264, 0.21233911, 0.18182497],\\n        [0.18340451, 0.30424224, 0.52475643]],\\n\\n       [[0.43194502, 0.29122914, 0.61185289],\\n        [0.13949386, 0.29214465, 0.36636184],\\n        [0.45606998, 0.78517596, 0.19967378],\\n        [0.51423444, 0.59241457, 0.04645041],\\n        [0.60754485, 0.17052412, 0.06...[truncated]\"", \""array([[[0.9610443689717318, 1.3130657504434087, 0.7730097072149259], [0.24070927225167515, 0.6139693505054996, 0.5364569860898053], [0.8073339363732498, 0.966222538325366, 0.4871829288380511], [0.6032387345489517, 0.935575290515933, 0.5735098246219639], [0.31378233044977294, 0.8351794912094685, 0.7427838646276692], [0.467005771811711, 0.5897279938539609, 0.30310373899228665]], [[0.5349540092760332, 0.7942028515477368, 0.48797774524993925], [0.37216615561499033, 0.4813619203491935, 0.25969718263...[truncated]\"", \""<Execution Error: operands could not be broadcast together with remapped shapes [original->remapped]: (5,6,3)->(5,newaxis,3,6) (3,3)->(3,newaxis,3) >\""]]""}","
import numpy as np
A, B = test_input
result = np.einsum('ijk,jl->ilk', A, B)
","
import numpy as np
A, B = test_input
<<<< [ERROR START] (dynamic: ValueError)
result = np.einsum('ijk,jl->ilk', A, B)
[ERROR FINISH] (dynamic: ValueError) >>>>
",dynamic,dynamic: ValueError,4-4
DS1000,hallucinated,DS0486,,,,"{""error_type"": ""ModuleNotFoundError"", ""error_message"": ""No module named 'sklearn'"", ""line_no"": ""3.0"", ""test_case"": """"}","
import numpy as np
from sklearn.preprocessing import MinMaxScaler
a = test_input
result = MinMaxScaler().fit_transform(a)
","
import numpy as np
<<<< [ERROR START] (dynamic: ModuleNotFoundError)
from sklearn.preprocessing import MinMaxScaler
[ERROR FINISH] (dynamic: ModuleNotFoundError) >>>>
a = test_input
result = MinMaxScaler().fit_transform(a)
",dynamic,dynamic: ModuleNotFoundError,3-3
DS1000,hallucinated,DS0487,,,,"{""error_type"": ""ModuleNotFoundError"", ""error_message"": ""No module named 'sklearn'"", ""line_no"": ""3.0"", ""test_case"": """"}","
import numpy as np
from sklearn.preprocessing import MinMaxScaler
arr = test_input
result = (arr - arr.min(axis=1, keepdims=True)) / (arr.max(axis=1, keepdims=True) - arr.min(axis=1, keepdims=True))
","
import numpy as np
<<<< [ERROR START] (dynamic: ModuleNotFoundError)
from sklearn.preprocessing import MinMaxScaler
[ERROR FINISH] (dynamic: ModuleNotFoundError) >>>>
arr = test_input
result = (arr - arr.min(axis=1, keepdims=True)) / (arr.max(axis=1, keepdims=True) - arr.min(axis=1, keepdims=True))
",dynamic,dynamic: ModuleNotFoundError,3-3
DS1000,hallucinated,DS0488,,,,"{""error_type"": ""ModuleNotFoundError"", ""error_message"": ""No module named 'sklearn'"", ""line_no"": ""3.0"", ""test_case"": """"}","
import numpy as np
from sklearn.preprocessing import MinMaxScaler
a = test_input
result = np.apply_along_axis(lambda x: MinMaxScaler().fit_transform(x), 1, a)
","
import numpy as np
<<<< [ERROR START] (dynamic: ModuleNotFoundError)
from sklearn.preprocessing import MinMaxScaler
[ERROR FINISH] (dynamic: ModuleNotFoundError) >>>>
a = test_input
result = np.apply_along_axis(lambda x: MinMaxScaler().fit_transform(x), 1, a)
",dynamic,dynamic: ModuleNotFoundError,3-3
DS1000,hallucinated,DS0490,,,,"{""error_type"": ""ValueError"", ""error_message"": ""operands could not be broadcast together with shapes (5,50) (5,) "", ""line_no"": ""5.0"", ""test_case"": ""[[\""(array([[ -6.27299406,  22.53571532,  11.59969709,   4.93292421,\\n        -17.19906798, -17.20027398, -22.09581939,  18.30880729,\\n          5.05575059,  10.40362889, -23.97077529,  23.49549261,\\n         16.62213204, -14.38304447, -15.90875164, -15.82977451,\\n         -9.78788785,   1.23782158,  -3.40274907, -10.43854299,\\n          5.59264474, -18.02530697, -10.39276757,  -6.68190784,\\n         -2.19650079,  14.25879807, -15.01631089,   0.71172192,\\n          4.62072844, -22.67747936,   5.3772426 , -...[truncated]\"", \""array([[0.0, 30.0, 30.0, 9.93292420985183, 0.0, 0.0, 0.0, 30.0, 10.05575058716044, 30.0, 0.0, 30.0, 30.0, 0.0, 0.0, 0.0, 0.0, 6.237821581611892, 0.0, 0.0, 10.592644736118974, 0.0, 0.0, 0.0, 0.0, 30.0, 0.0, 0.0, 9.620728443102124, 0.0, 10.377242595071918, 0.0, 0.0, 30.0, 30.0, 30.0, 0.0, 0.0, 30.0, 0.0, 0.0, 0.0, 0.0, 30.0, 0.0, 30.0, 0.0, 6.003401058890541, 7.335513967163982, 0.0], [30.0, 30.0, 30.0, 30.0, 9.894998940554256, 30.0, 0.0, 0.0, 0.0, 0.0, 0.0, 0.0, 30.0, 0.0, 0.0, 7.1348041579124235,...[truncated]\"", \""<Execution Error: operands could not be broadcast together with shapes (5,50) (5,) >\""]]""}","
import numpy as np
arr, n1, n2 = test_input
result = arr.copy()
result[arr < n1] = 0
result[arr >= n2] = 30
result[(arr >= n1) & (arr < n2)] += 5
result = arr
","
import numpy as np
arr, n1, n2 = test_input
result = arr.copy()
<<<< [ERROR START] (dynamic: ValueError)
result[arr < n1] = 0
[ERROR FINISH] (dynamic: ValueError) >>>>
result[arr >= n2] = 30
result[(arr >= n1) & (arr < n2)] += 5
result = arr
",dynamic,dynamic: ValueError,5-5
DS1000,hallucinated,DS0495,,,"[{'type': 'type_error', 'function': 'pad', 'invalid_arg': 'constant_values', 'line': 4}]",,"
import numpy as np
a, shape = test_input
result = np.pad(a, ((0, 52), (0, 0)), mode='constant', constant_values=0)
","
import numpy as np
a, shape = test_input
<<<< [ERROR START] (lib: type_error)
result = np.pad(a, ((0, 52), (0, 0)), mode='constant', constant_values=0)
[ERROR FINISH] (lib: type_error) >>>>
",lib,lib: type_error,4-4
DS1000,hallucinated,DS0496,,,"[{'type': 'type_error', 'function': 'pad', 'invalid_arg': 'constant_values', 'line': 4}]",,"
import numpy as np
a, shape = test_input
result = np.pad(a, ((0, 93 - a.shape[0]), (0, 13 - a.shape[1])), mode='constant', constant_values=0)
","
import numpy as np
a, shape = test_input
<<<< [ERROR START] (lib: type_error)
result = np.pad(a, ((0, 93 - a.shape[0]), (0, 13 - a.shape[1])), mode='constant', constant_values=0)
[ERROR FINISH] (lib: type_error) >>>>
",lib,lib: type_error,4-4
DS1000,hallucinated,DS0497,,,"[{'type': 'type_error', 'function': 'pad', 'invalid_arg': 'constant_values', 'line': 4}]",,"
import numpy as np
a, shape, element = test_input
result = np.pad(a, ((0, 93 - a.shape[0]), (0, 13 - a.shape[1])), mode='constant', constant_values=5)
","
import numpy as np
a, shape, element = test_input
<<<< [ERROR START] (lib: type_error)
result = np.pad(a, ((0, 93 - a.shape[0]), (0, 13 - a.shape[1])), mode='constant', constant_values=5)
[ERROR FINISH] (lib: type_error) >>>>
",lib,lib: type_error,4-4
DS1000,hallucinated,DS0498,"{""type"": ""IndentationError"", ""value"": 5, ""message"": ""expected an indented block after function definition on line 4 (<unknown>, line 5)""}",,,"{""error_type"": ""IndentationError"", ""error_message"": ""expected an indented block after function definition on line 4 (<string>, line 6)"", ""line_no"": ""2.0"", ""test_case"": ""[[\""(array([[1., 1., 1., 1., 1., 1., 1., 1., 1., 1., 1., 1., 1.],\\n       [1., 1., 1., 1., 1., 1., 1., 1., 1., 1., 1., 1., 1.],\\n       [1., 1., 1., 1., 1., 1., 1., 1., 1., 1., 1., 1., 1.],\\n       [1., 1., 1., 1., 1., 1., 1., 1., 1., 1., 1., 1., 1.],\\n       [1., 1., 1., 1., 1., 1., 1., 1., 1., 1., 1., 1., 1.],\\n       [1., 1., 1., 1., 1., 1., 1., 1., 1., 1., 1., 1., 1.],\\n       [1., 1., 1., 1., 1., 1., 1., 1., 1., 1., 1., 1., 1.],\\n       [1., 1., 1., 1., 1., 1., 1., 1., 1., 1., 1., 1., 1.],\\n       [1.,...[truncated]\"", \""array([[1.0, 1.0, 1.0, 1.0, 1.0, 1.0, 1.0, 1.0, 1.0, 1.0, 1.0, 1.0, 1.0], [1.0, 1.0, 1.0, 1.0, 1.0, 1.0, 1.0, 1.0, 1.0, 1.0, 1.0, 1.0, 1.0], [1.0, 1.0, 1.0, 1.0, 1.0, 1.0, 1.0, 1.0, 1.0, 1.0, 1.0, 1.0, 1.0], [1.0, 1.0, 1.0, 1.0, 1.0, 1.0, 1.0, 1.0, 1.0, 1.0, 1.0, 1.0, 1.0], [1.0, 1.0, 1.0, 1.0, 1.0, 1.0, 1.0, 1.0, 1.0, 1.0, 1.0, 1.0, 1.0], [1.0, 1.0, 1.0, 1.0, 1.0, 1.0, 1.0, 1.0, 1.0, 1.0, 1.0, 1.0, 1.0], [1.0, 1.0, 1.0, 1.0, 1.0, 1.0, 1.0, 1.0, 1.0, 1.0, 1.0, 1.0, 1.0], [1.0, 1.0, 1.0, 1.0, 1.0...[truncated]\"", \""<Execution Error: expected an indented block after function definition on line 4 (<string>, line 5)>\""]]""}","
import numpy as np
arr, shape = test_input
def f(arr, shape=(93,13)):
import numpy as np

arr, shape = test_input
largest_shape = (93, 13)
result = np.pad(arr, ((0, largest_shape[0] - arr.shape[0]), (0, largest_shape[1] - arr.shape[1])), mode='constant', constant_values=0)
result = f(arr, shape)
","
<<<< [ERROR START] (dynamic: IndentationError)
import numpy as np
[ERROR FINISH] (dynamic: IndentationError) >>>>
arr, shape = test_input
def f(arr, shape=(93,13)):
<<<< [ERROR START] (ast: IndentationError)
import numpy as np
[ERROR FINISH] (ast: IndentationError) >>>>

arr, shape = test_input
largest_shape = (93, 13)
result = np.pad(arr, ((0, largest_shape[0] - arr.shape[0]), (0, largest_shape[1] - arr.shape[1])), mode='constant', constant_values=0)
result = f(arr, shape)
","ast,dynamic","ast: IndentationError,dynamic: IndentationError","5-5,2-2"
DS1000,hallucinated,DS0499,,,"[{'type': 'type_error', 'function': 'pad', 'invalid_arg': 'constant_values', 'line': 4}]","{""error_type"": ""AssertionError"", ""error_message"": ""\nArrays are not equal\n\nMismatched elements: 654 / 1209 (54.1%)\nFirst 5 mismatches are at indices:\n [26, 0]: 0.0 (ACTUAL), 1.0 (DESIRED)\n [26, 1]: 0.0 (ACTUAL), 1.0 (DESIRED)\n [26, 2]: 0.0 (ACTUAL), 1.0 (DESIRED)\n [26, 3]: 0.0 (ACTUAL), 1.0 (DESIRED)\n [26, 4]: 0.0 (ACTUAL), 1.0 (DESIRED)\nMax absolute difference among violations: 1.\nMax relative difference among violations: 1.\n ACTUAL: array([[0., 0., 0., ..., 0., 0., 0.],\n       [0., 0., 0., ..., 0., 0., 0.],\n       [0., 0., 0., ..., 0., 0., 0.],...\n DESIRED: array([[0., 0., 0., ..., 0., 0., 0.],\n       [0., 0., 0., ..., 0., 0., 0.],\n       [0., 0., 0., ..., 0., 0., 0.],..."", ""line_no"": """", ""test_case"": ""[[\""(array([[1., 1., 1., 1., 1., 1., 1., 1., 1., 1., 1., 1.],\\n       [1., 1., 1., 1., 1., 1., 1., 1., 1., 1., 1., 1.],\\n       [1., 1., 1., 1., 1., 1., 1., 1., 1., 1., 1., 1.],\\n       [1., 1., 1., 1., 1., 1., 1., 1., 1., 1., 1., 1.],\\n       [1., 1., 1., 1., 1., 1., 1., 1., 1., 1., 1., 1.],\\n       [1., 1., 1., 1., 1., 1., 1., 1., 1., 1., 1., 1.],\\n       [1., 1., 1., 1., 1., 1., 1., 1., 1., 1., 1., 1.],\\n       [1., 1., 1., 1., 1., 1., 1., 1., 1., 1., 1., 1.],\\n       [1., 1., 1., 1., 1., 1., 1., 1., 1.,...[truncated]\"", \""array([[0.0, 0.0, 0.0, 0.0, 0.0, 0.0, 0.0, 0.0, 0.0, 0.0, 0.0, 0.0, 0.0], [0.0, 0.0, 0.0, 0.0, 0.0, 0.0, 0.0, 0.0, 0.0, 0.0, 0.0, 0.0, 0.0], [0.0, 0.0, 0.0, 0.0, 0.0, 0.0, 0.0, 0.0, 0.0, 0.0, 0.0, 0.0, 0.0], [0.0, 0.0, 0.0, 0.0, 0.0, 0.0, 0.0, 0.0, 0.0, 0.0, 0.0, 0.0, 0.0], [0.0, 0.0, 0.0, 0.0, 0.0, 0.0, 0.0, 0.0, 0.0, 0.0, 0.0, 0.0, 0.0], [0.0, 0.0, 0.0, 0.0, 0.0, 0.0, 0.0, 0.0, 0.0, 0.0, 0.0, 0.0, 0.0], [0.0, 0.0, 0.0, 0.0, 0.0, 0.0, 0.0, 0.0, 0.0, 0.0, 0.0, 0.0, 0.0], [0.0, 0.0, 0.0, 0.0, 0.0...[truncated]\"", \""array([[0.0, 0.0, 0.0, 0.0, 0.0, 0.0, 0.0, 0.0, 0.0, 0.0, 0.0, 0.0, 0.0], [0.0, 0.0, 0.0, 0.0, 0.0, 0.0, 0.0, 0.0, 0.0, 0.0, 0.0, 0.0, 0.0], [0.0, 0.0, 0.0, 0.0, 0.0, 0.0, 0.0, 0.0, 0.0, 0.0, 0.0, 0.0, 0.0], [0.0, 0.0, 0.0, 0.0, 0.0, 0.0, 0.0, 0.0, 0.0, 0.0, 0.0, 0.0, 0.0], [0.0, 0.0, 0.0, 0.0, 0.0, 0.0, 0.0, 0.0, 0.0, 0.0, 0.0, 0.0, 0.0], [0.0, 0.0, 0.0, 0.0, 0.0, 0.0, 0.0, 0.0, 0.0, 0.0, 0.0, 0.0, 0.0], [0.0, 0.0, 0.0, 0.0, 0.0, 0.0, 0.0, 0.0, 0.0, 0.0, 0.0, 0.0, 0.0], [0.0, 0.0, 0.0, 0.0, 0.0...[truncated]\""], [\""(array([[1., 1., 1., 1., 1., 1., 1., 1., 1., 1., 1., 1., 1.],\\n       [1., 1., 1., 1., 1., 1., 1., 1., 1., 1., 1., 1., 1.],\\n       [1., 1., 1., 1., 1., 1., 1., 1., 1., 1., 1., 1., 1.],\\n       [1., 1., 1., 1., 1., 1., 1., 1., 1., 1., 1., 1., 1.],\\n       [1., 1., 1., 1., 1., 1., 1., 1., 1., 1., 1., 1., 1.],\\n       [1., 1., 1., 1., 1., 1., 1., 1., 1., 1., 1., 1., 1.],\\n       [1., 1., 1., 1., 1., 1., 1., 1., 1., 1., 1., 1., 1.],\\n       [1., 1., 1., 1., 1., 1., 1., 1., 1., 1., 1., 1., 1.],\\n       [1.,...[truncated]\"", \""array([[0.0, 0.0, 0.0, 0.0, 0.0, 0.0, 0.0, 0.0, 0.0, 0.0, 0.0, 0.0, 0.0], [0.0, 0.0, 0.0, 0.0, 0.0, 0.0, 0.0, 0.0, 0.0, 0.0, 0.0, 0.0, 0.0], [0.0, 0.0, 0.0, 0.0, 0.0, 0.0, 0.0, 0.0, 0.0, 0.0, 0.0, 0.0, 0.0], [0.0, 0.0, 0.0, 0.0, 0.0, 0.0, 0.0, 0.0, 0.0, 0.0, 0.0, 0.0, 0.0], [0.0, 0.0, 0.0, 0.0, 0.0, 0.0, 0.0, 0.0, 0.0, 0.0, 0.0, 0.0, 0.0], [0.0, 0.0, 0.0, 0.0, 0.0, 0.0, 0.0, 0.0, 0.0, 0.0, 0.0, 0.0, 0.0], [0.0, 0.0, 0.0, 0.0, 0.0, 0.0, 0.0, 0.0, 0.0, 0.0, 0.0, 0.0, 0.0], [0.0, 0.0, 0.0, 0.0, 0.0...[truncated]\"", \""array([[0.0, 0.0, 0.0, 0.0, 0.0, 0.0, 0.0, 0.0, 0.0, 0.0, 0.0, 0.0, 0.0], [0.0, 0.0, 0.0, 0.0, 0.0, 0.0, 0.0, 0.0, 0.0, 0.0, 0.0, 0.0, 0.0], [0.0, 0.0, 0.0, 0.0, 0.0, 0.0, 0.0, 0.0, 0.0, 0.0, 0.0, 0.0, 0.0], [0.0, 0.0, 0.0, 0.0, 0.0, 0.0, 0.0, 0.0, 0.0, 0.0, 0.0, 0.0, 0.0], [0.0, 0.0, 0.0, 0.0, 0.0, 0.0, 0.0, 0.0, 0.0, 0.0, 0.0, 0.0, 0.0], [0.0, 0.0, 0.0, 0.0, 0.0, 0.0, 0.0, 0.0, 0.0, 0.0, 0.0, 0.0, 0.0], [0.0, 0.0, 0.0, 0.0, 0.0, 0.0, 0.0, 0.0, 0.0, 0.0, 0.0, 0.0, 0.0], [0.0, 0.0, 0.0, 0.0, 0.0...[truncated]\""], [\""(array([[1., 1., 1., ..., 1., 1., 1.],\\n       [1., 1., 1., ..., 1., 1., 1.],\\n       [1., 1., 1., ..., 1., 1., 1.],\\n       ...,\\n       [1., 1., 1., ..., 1., 1., 1.],\\n       [1., 1., 1., ..., 1., 1., 1.],\\n       [1., 1., 1., ..., 1., 1., 1.]], shape=(93, 11)), (93, 13))\"", \""array([[0.0, 1.0, 1.0, 1.0, 1.0, 1.0, 1.0, 1.0, 1.0, 1.0, 1.0, 1.0, 0.0], [0.0, 1.0, 1.0, 1.0, 1.0, 1.0, 1.0, 1.0, 1.0, 1.0, 1.0, 1.0, 0.0], [0.0, 1.0, 1.0, 1.0, 1.0, 1.0, 1.0, 1.0, 1.0, 1.0, 1.0, 1.0, 0.0], [0.0, 1.0, 1.0, 1.0, 1.0, 1.0, 1.0, 1.0, 1.0, 1.0, 1.0, 1.0, 0.0], [0.0, 1.0, 1.0, 1.0, 1.0, 1.0, 1.0, 1.0, 1.0, 1.0, 1.0, 1.0, 0.0], [0.0, 1.0, 1.0, 1.0, 1.0, 1.0, 1.0, 1.0, 1.0, 1.0, 1.0, 1.0, 0.0], [0.0, 1.0, 1.0, 1.0, 1.0, 1.0, 1.0, 1.0, 1.0, 1.0, 1.0, 1.0, 0.0], [0.0, 1.0, 1.0, 1.0, 1.0...[truncated]\"", \""array([[0.0, 0.0, 1.0, 1.0, 1.0, 1.0, 1.0, 1.0, 1.0, 1.0, 1.0, 1.0, 1.0], [0.0, 0.0, 1.0, 1.0, 1.0, 1.0, 1.0, 1.0, 1.0, 1.0, 1.0, 1.0, 1.0], [0.0, 0.0, 1.0, 1.0, 1.0, 1.0, 1.0, 1.0, 1.0, 1.0, 1.0, 1.0, 1.0], [0.0, 0.0, 1.0, 1.0, 1.0, 1.0, 1.0, 1.0, 1.0, 1.0, 1.0, 1.0, 1.0], [0.0, 0.0, 1.0, 1.0, 1.0, 1.0, 1.0, 1.0, 1.0, 1.0, 1.0, 1.0, 1.0], [0.0, 0.0, 1.0, 1.0, 1.0, 1.0, 1.0, 1.0, 1.0, 1.0, 1.0, 1.0, 1.0], [0.0, 0.0, 1.0, 1.0, 1.0, 1.0, 1.0, 1.0, 1.0, 1.0, 1.0, 1.0, 1.0], [0.0, 0.0, 1.0, 1.0, 1.0...[truncated]\""], [\""(array([[1., 1., 1., 1., 1., 1., 1., 1., 1., 1.],\\n       [1., 1., 1., 1., 1., 1., 1., 1., 1., 1.],\\n       [1., 1., 1., 1., 1., 1., 1., 1., 1., 1.],\\n       [1., 1., 1., 1., 1., 1., 1., 1., 1., 1.],\\n       [1., 1., 1., 1., 1., 1., 1., 1., 1., 1.],\\n       [1., 1., 1., 1., 1., 1., 1., 1., 1., 1.],\\n       [1., 1., 1., 1., 1., 1., 1., 1., 1., 1.],\\n       [1., 1., 1., 1., 1., 1., 1., 1., 1., 1.],\\n       [1., 1., 1., 1., 1., 1., 1., 1., 1., 1.],\\n       [1., 1., 1., 1., 1., 1., 1., 1., 1., 1.],\\n       [1...[truncated]\"", \""array([[0.0, 0.0, 0.0, 0.0, 0.0, 0.0, 0.0, 0.0, 0.0, 0.0, 0.0, 0.0, 0.0], [0.0, 0.0, 0.0, 0.0, 0.0, 0.0, 0.0, 0.0, 0.0, 0.0, 0.0, 0.0, 0.0], [0.0, 0.0, 0.0, 0.0, 0.0, 0.0, 0.0, 0.0, 0.0, 0.0, 0.0, 0.0, 0.0], [0.0, 0.0, 0.0, 0.0, 0.0, 0.0, 0.0, 0.0, 0.0, 0.0, 0.0, 0.0, 0.0], [0.0, 0.0, 0.0, 0.0, 0.0, 0.0, 0.0, 0.0, 0.0, 0.0, 0.0, 0.0, 0.0], [0.0, 0.0, 0.0, 0.0, 0.0, 0.0, 0.0, 0.0, 0.0, 0.0, 0.0, 0.0, 0.0], [0.0, 0.0, 0.0, 0.0, 0.0, 0.0, 0.0, 0.0, 0.0, 0.0, 0.0, 0.0, 0.0], [0.0, 0.0, 0.0, 0.0, 0.0...[truncated]\"", \""array([[0.0, 0.0, 0.0, 0.0, 0.0, 0.0, 0.0, 0.0, 0.0, 0.0, 0.0, 0.0, 0.0], [0.0, 0.0, 0.0, 0.0, 0.0, 0.0, 0.0, 0.0, 0.0, 0.0, 0.0, 0.0, 0.0], [0.0, 0.0, 0.0, 0.0, 0.0, 0.0, 0.0, 0.0, 0.0, 0.0, 0.0, 0.0, 0.0], [0.0, 0.0, 0.0, 0.0, 0.0, 0.0, 0.0, 0.0, 0.0, 0.0, 0.0, 0.0, 0.0], [0.0, 0.0, 0.0, 0.0, 0.0, 0.0, 0.0, 0.0, 0.0, 0.0, 0.0, 0.0, 0.0], [0.0, 0.0, 0.0, 0.0, 0.0, 0.0, 0.0, 0.0, 0.0, 0.0, 0.0, 0.0, 0.0], [0.0, 0.0, 0.0, 0.0, 0.0, 0.0, 0.0, 0.0, 0.0, 0.0, 0.0, 0.0, 0.0], [0.0, 0.0, 0.0, 0.0, 0.0...[truncated]\""]]""}","
import numpy as np
a, shape = test_input
result = np.pad(a, ((93 - a.shape[0], 0), (13 - a.shape[1], 0)), mode='constant', constant_values=0)
","
import numpy as np
a, shape = test_input
<<<< [ERROR START] (lib: type_error)
result = np.pad(a, ((93 - a.shape[0], 0), (13 - a.shape[1], 0)), mode='constant', constant_values=0)
[ERROR FINISH] (lib: type_error) >>>>
",lib,lib: type_error,4-4
DS1000,hallucinated,DS0500,,,,"{""error_type"": ""NameError"", ""error_message"": ""name 'n' is not defined"", ""line_no"": ""4.0"", ""test_case"": ""[[\""array([0, 1, 2, 3, 4, 5, 6, 7, 8, 9, 10, 11])\"", \""array([[0, 1, 2], [3, 4, 5], [6, 7, 8], [9, 10, 11]])\"", \""<Execution Error: name 'n' is not defined>\""], [\""array([0.9507143064099162, 0.7319939418114051, 0.5986584841970366, 0.15601864044243652, 0.15599452033620265, 0.05808361216819946, 0.8661761457749352, 0.6011150117432088, 0.7080725777960455, 0.020584494295802447, 0.9699098521619943, 0.8324426408004217, 0.21233911067827616, 0.18182496720710062, 0.18340450985343382, 0.3042422429595377, 0.5247564316322378, 0.43194501864211576, 0.2912291401980419, 0.6118528947223795, 0.13949386065204183, 0.29214464853521815, 0.3663618432936917, 0.45606998421703593, 0...[truncated]\"", \""array([[0.9507143064099162, 0.7319939418114051, 0.5986584841970366], [0.15601864044243652, 0.15599452033620265, 0.05808361216819946], [0.8661761457749352, 0.6011150117432088, 0.7080725777960455], [0.020584494295802447, 0.9699098521619943, 0.8324426408004217], [0.21233911067827616, 0.18182496720710062, 0.18340450985343382], [0.3042422429595377, 0.5247564316322378, 0.43194501864211576], [0.2912291401980419, 0.6118528947223795, 0.13949386065204183], [0.29214464853521815, 0.3663618432936917, 0.45606...[truncated]\"", \""<Execution Error: name 'n' is not defined>\""]]""}","
import numpy as np
a = test_input
result = np.array([i for i in range(0, 3 * n)]).reshape(a.shape[0] // 3, 3)
result = a
","
import numpy as np
a = test_input
<<<< [ERROR START] (dynamic: NameError)
result = np.array([i for i in range(0, 3 * n)]).reshape(a.shape[0] // 3, 3)
[ERROR FINISH] (dynamic: NameError) >>>>
result = a
",dynamic,dynamic: NameError,4-4
DS1000,hallucinated,DS0506,,,,"{""error_type"": ""ValueError"", ""error_message"": ""The truth value of a Series is ambiguous. Use a.empty, a.bool(), a.item(), a.any() or a.all()."", ""line_no"": ""5.0"", ""test_case"": ""[[\""({'a': [1, 2, 3, 4, 5], 'b': [2, -6, 0, -4, 100]},    a    b\\n0  1    2\\n1  2   -6\\n2  3    0\\n3  4   -4\\n4  5  100)\"", \""array([nan, -6.0, 0.0, -4.0, nan])\"", \""<Execution Error: The truth value of a Series is ambiguous. Use a.empty, a.bool(), a.item(), a.any() or a.all().>\""]]""}","
import numpy as np
import pandas as pd
data, df = test_input
result = df[df['a'] > 1 & df['a'] <= 4]['b']
","
import numpy as np
import pandas as pd
data, df = test_input
<<<< [ERROR START] (dynamic: ValueError)
result = df[df['a'] > 1 & df['a'] <= 4]['b']
[ERROR FINISH] (dynamic: ValueError) >>>>
",dynamic,dynamic: ValueError,5-5
DS1000,hallucinated,DS0511,,,"[{'type': 'type_error', 'function': 'plot', 'invalid_arg': 'label', 'line': 8}, {'type': 'type_error', 'function': 'savefig', 'invalid_arg': 'bbox_inches', 'line': 9}]","{""error_type"": ""RuntimeError"", ""error_message"": ""Cannot create a GUI FigureManager outside the main thread using the MacOS backend. Use a non-interactive backend like 'agg' to make plots on worker threads."", ""line_no"": ""8.0"", ""test_case"": """"}","
import numpy as np
import pandas as pd
import matplotlib.pyplot as plt
import seaborn as sns
x = 10 * np.random.randn(10)
y = x
plt.plot(x, y, label='x-y')
plt.savefig('output.png', bbox_inches ='tight')
result = None
","
import numpy as np
import pandas as pd
import matplotlib.pyplot as plt
import seaborn as sns
x = 10 * np.random.randn(10)
y = x
<<<< [ERROR START] (lib: type_error)
<<<< [ERROR START] (dynamic: RuntimeError)
plt.plot(x, y, label='x-y')
[ERROR FINISH] (lib: type_error) >>>>
[ERROR FINISH] (dynamic: RuntimeError) >>>>
<<<< [ERROR START] (lib: type_error)
plt.savefig('output.png', bbox_inches ='tight')
[ERROR FINISH] (lib: type_error) >>>>
result = None
","lib,lib,dynamic","lib: type_error,lib: type_error,dynamic: RuntimeError","8-8,9-9,8-8"
DS1000,hallucinated,DS0512,,,"[{'type': 'type_error', 'function': 'savefig', 'invalid_arg': 'bbox_inches', 'line': 10}]","{""error_type"": ""RuntimeError"", ""error_message"": ""Cannot create a GUI FigureManager outside the main thread using the MacOS backend. Use a non-interactive backend like 'agg' to make plots on worker threads."", ""line_no"": ""9.0"", ""test_case"": """"}","
import numpy as np
import pandas as pd
import matplotlib.pyplot as plt
import seaborn as sns
x = np.random.rand(10)
y = np.random.rand(10)
plt.scatter(x, y)
plt.minorticks_on()
plt.savefig('output.png', bbox_inches ='tight')
result = None
","
import numpy as np
import pandas as pd
import matplotlib.pyplot as plt
import seaborn as sns
x = np.random.rand(10)
y = np.random.rand(10)
plt.scatter(x, y)
<<<< [ERROR START] (dynamic: RuntimeError)
plt.minorticks_on()
[ERROR FINISH] (dynamic: RuntimeError) >>>>
<<<< [ERROR START] (lib: type_error)
plt.savefig('output.png', bbox_inches ='tight')
[ERROR FINISH] (lib: type_error) >>>>
result = None
","lib,dynamic","lib: type_error,dynamic: RuntimeError","10-10,9-9"
DS1000,hallucinated,DS0513,,,"[{'type': 'type_error', 'function': 'savefig', 'invalid_arg': 'bbox_inches', 'line': 10}]","{""error_type"": ""RuntimeError"", ""error_message"": ""Cannot create a GUI FigureManager outside the main thread using the MacOS backend. Use a non-interactive backend like 'agg' to make plots on worker threads."", ""line_no"": ""9.0"", ""test_case"": """"}","
import numpy as np
import pandas as pd
import matplotlib.pyplot as plt
import seaborn as sns
x = np.random.rand(10)
y = np.random.rand(10)
plt.scatter(x, y)
plt.minorticks_on()
plt.savefig('output.png', bbox_inches ='tight')
result = None
","
import numpy as np
import pandas as pd
import matplotlib.pyplot as plt
import seaborn as sns
x = np.random.rand(10)
y = np.random.rand(10)
plt.scatter(x, y)
<<<< [ERROR START] (dynamic: RuntimeError)
plt.minorticks_on()
[ERROR FINISH] (dynamic: RuntimeError) >>>>
<<<< [ERROR START] (lib: type_error)
plt.savefig('output.png', bbox_inches ='tight')
[ERROR FINISH] (lib: type_error) >>>>
result = None
","lib,dynamic","lib: type_error,dynamic: RuntimeError","10-10,9-9"
DS1000,hallucinated,DS0514,,,"[{'type': 'type_error', 'function': 'savefig', 'invalid_arg': 'bbox_inches', 'line': 10}]","{""error_type"": ""RuntimeError"", ""error_message"": ""Cannot create a GUI FigureManager outside the main thread using the MacOS backend. Use a non-interactive backend like 'agg' to make plots on worker threads."", ""line_no"": ""9.0"", ""test_case"": """"}","
import numpy as np
import pandas as pd
import matplotlib.pyplot as plt
import seaborn as sns
x = np.random.rand(10)
y = np.random.rand(10)
plt.scatter(x, y)
plt.minorticks_on()
plt.savefig('output.png', bbox_inches ='tight')
result = None
","
import numpy as np
import pandas as pd
import matplotlib.pyplot as plt
import seaborn as sns
x = np.random.rand(10)
y = np.random.rand(10)
plt.scatter(x, y)
<<<< [ERROR START] (dynamic: RuntimeError)
plt.minorticks_on()
[ERROR FINISH] (dynamic: RuntimeError) >>>>
<<<< [ERROR START] (lib: type_error)
plt.savefig('output.png', bbox_inches ='tight')
[ERROR FINISH] (lib: type_error) >>>>
result = None
","lib,dynamic","lib: type_error,dynamic: RuntimeError","10-10,9-9"
DS1000,hallucinated,DS0515,,,"[{'type': 'type_error', 'function': 'savefig', 'invalid_arg': 'bbox_inches', 'line': 8}]","{""error_type"": ""RuntimeError"", ""error_message"": ""Cannot create a GUI FigureManager outside the main thread using the MacOS backend. Use a non-interactive backend like 'agg' to make plots on worker threads."", ""line_no"": ""15.0"", ""test_case"": """"}","
import numpy as np
import pandas as pd
import matplotlib.pyplot as plt
import seaborn as sns
x = np.arange(10)
result = sns.lineplot(x=x, y=np.random.rand(10), style=x)
plt.savefig('output.png', bbox_inches ='tight')
result = None
","
import numpy as np
import pandas as pd
import matplotlib.pyplot as plt
import seaborn as sns
x = np.arange(10)
result = sns.lineplot(x=x, y=np.random.rand(10), style=x)
<<<< [ERROR START] (lib: type_error)
plt.savefig('output.png', bbox_inches ='tight')
[ERROR FINISH] (lib: type_error) >>>>
result = None
","lib,dynamic","lib: type_error,dynamic: RuntimeError","8-8,15-15"
DS1000,hallucinated,DS0516,,,"[{'type': 'type_error', 'function': 'savefig', 'invalid_arg': 'bbox_inches', 'line': 8}]","{""error_type"": ""RuntimeError"", ""error_message"": ""Cannot create a GUI FigureManager outside the main thread using the MacOS backend. Use a non-interactive backend like 'agg' to make plots on worker threads."", ""line_no"": ""15.0"", ""test_case"": """"}","
import numpy as np
import pandas as pd
import matplotlib.pyplot as plt
import seaborn as sns
x = np.arange(10)
result = sns.lineplot(x=x, y=np.random.rand(10), style=x)
plt.savefig('output.png', bbox_inches ='tight')
result = None
","
import numpy as np
import pandas as pd
import matplotlib.pyplot as plt
import seaborn as sns
x = np.arange(10)
result = sns.lineplot(x=x, y=np.random.rand(10), style=x)
<<<< [ERROR START] (lib: type_error)
plt.savefig('output.png', bbox_inches ='tight')
[ERROR FINISH] (lib: type_error) >>>>
result = None
","lib,dynamic","lib: type_error,dynamic: RuntimeError","8-8,15-15"
DS1000,hallucinated,DS0517,,,"[{'type': 'type_error', 'function': 'lineplot', 'invalid_arg': 'marker', 'line': 8}, {'type': 'type_error', 'function': 'lineplot', 'invalid_arg': 'markersize', 'line': 8}, {'type': 'type_error', 'function': 'savefig', 'invalid_arg': 'bbox_inches', 'line': 9}]","{""error_type"": ""RuntimeError"", ""error_message"": ""Cannot create a GUI FigureManager outside the main thread using the MacOS backend. Use a non-interactive backend like 'agg' to make plots on worker threads."", ""line_no"": ""10.0"", ""test_case"": """"}","
import numpy as np
import pandas as pd
import matplotlib.pyplot as plt
import seaborn as sns
x = np.arange(10)
y = np.random.randn(10)
sns.lineplot(x=x, y=y, marker='D', markersize=5)
plt.savefig('output.png', bbox_inches ='tight')
result = None
","
import numpy as np
import pandas as pd
import matplotlib.pyplot as plt
import seaborn as sns
x = np.arange(10)
y = np.random.randn(10)
<<<< [ERROR START] (lib: type_error)
<<<< [ERROR START] (lib: type_error)
sns.lineplot(x=x, y=y, marker='D', markersize=5)
[ERROR FINISH] (lib: type_error) >>>>
[ERROR FINISH] (lib: type_error) >>>>
<<<< [ERROR START] (lib: type_error)
plt.savefig('output.png', bbox_inches ='tight')
[ERROR FINISH] (lib: type_error) >>>>
<<<< [ERROR START] (dynamic: RuntimeError)
result = None
[ERROR FINISH] (dynamic: RuntimeError) >>>>
","lib,lib,lib,dynamic","lib: type_error,lib: type_error,lib: type_error,dynamic: RuntimeError","8-8,8-8,9-9,10-10"
DS1000,hallucinated,DS0518,,,"[{'type': 'type_error', 'function': 'lineplot', 'invalid_arg': 'marker', 'line': 8}, {'type': 'type_error', 'function': 'lineplot', 'invalid_arg': 'linewidth', 'line': 8}, {'type': 'type_error', 'function': 'savefig', 'invalid_arg': 'bbox_inches', 'line': 9}]","{""error_type"": ""RuntimeError"", ""error_message"": ""Cannot create a GUI FigureManager outside the main thread using the MacOS backend. Use a non-interactive backend like 'agg' to make plots on worker threads."", ""line_no"": ""10.0"", ""test_case"": """"}","
import numpy as np
import pandas as pd
import matplotlib.pyplot as plt
import seaborn as sns
x = np.arange(10)
y = np.random.randn(10)
sns.lineplot(x=x, y=y, marker='D', linewidth=2)
plt.savefig('output.png', bbox_inches ='tight')
result = None
","
import numpy as np
import pandas as pd
import matplotlib.pyplot as plt
import seaborn as sns
x = np.arange(10)
y = np.random.randn(10)
<<<< [ERROR START] (lib: type_error)
<<<< [ERROR START] (lib: type_error)
sns.lineplot(x=x, y=y, marker='D', linewidth=2)
[ERROR FINISH] (lib: type_error) >>>>
[ERROR FINISH] (lib: type_error) >>>>
<<<< [ERROR START] (lib: type_error)
plt.savefig('output.png', bbox_inches ='tight')
[ERROR FINISH] (lib: type_error) >>>>
<<<< [ERROR START] (dynamic: RuntimeError)
result = None
[ERROR FINISH] (dynamic: RuntimeError) >>>>
","lib,lib,lib,dynamic","lib: type_error,lib: type_error,lib: type_error,dynamic: RuntimeError","8-8,8-8,9-9,10-10"
DS1000,hallucinated,DS0519,,,"[{'type': 'type_error', 'function': 'savefig', 'invalid_arg': 'bbox_inches', 'line': 10}]","{""error_type"": ""RuntimeError"", ""error_message"": ""Cannot create a GUI FigureManager outside the main thread using the MacOS backend. Use a non-interactive backend like 'agg' to make plots on worker threads."", ""line_no"": ""9.0"", ""test_case"": """"}","
import numpy as np
import pandas as pd
import matplotlib.pyplot as plt
import seaborn as sns
sns.set_style(""whitegrid"")
tips = sns.load_dataset(""tips"")
ax = sns.boxplot(x=""day"", y=""total_bill"", data=tips)
ax.set_ylim(0, 40)
plt.savefig('output.png', bbox_inches ='tight')
result = None
","
import numpy as np
import pandas as pd
import matplotlib.pyplot as plt
import seaborn as sns
sns.set_style(""whitegrid"")
tips = sns.load_dataset(""tips"")
ax = sns.boxplot(x=""day"", y=""total_bill"", data=tips)
<<<< [ERROR START] (dynamic: RuntimeError)
ax.set_ylim(0, 40)
[ERROR FINISH] (dynamic: RuntimeError) >>>>
<<<< [ERROR START] (lib: type_error)
plt.savefig('output.png', bbox_inches ='tight')
[ERROR FINISH] (lib: type_error) >>>>
result = None
","lib,dynamic","lib: type_error,dynamic: RuntimeError","10-10,9-9"
DS1000,hallucinated,DS0520,,,"[{'type': 'type_error', 'function': 'fill_between', 'invalid_arg': 'color', 'line': 8}, {'type': 'type_error', 'function': 'fill_between', 'invalid_arg': 'alpha', 'line': 8}, {'type': 'type_error', 'function': 'savefig', 'invalid_arg': 'bbox_inches', 'line': 9}]","{""error_type"": ""RuntimeError"", ""error_message"": ""Cannot create a GUI FigureManager outside the main thread using the MacOS backend. Use a non-interactive backend like 'agg' to make plots on worker threads."", ""line_no"": ""10.0"", ""test_case"": """"}","
import numpy as np
import pandas as pd
import matplotlib.pyplot as plt
import seaborn as sns
x = 10 * np.random.randn(10)
plt.plot(x)
plt.fill_between([2, 4], -5, 5, color='red', alpha=0.3)
plt.savefig('output.png', bbox_inches ='tight')
result = None
","
import numpy as np
import pandas as pd
import matplotlib.pyplot as plt
import seaborn as sns
x = 10 * np.random.randn(10)
plt.plot(x)
<<<< [ERROR START] (lib: type_error)
<<<< [ERROR START] (lib: type_error)
plt.fill_between([2, 4], -5, 5, color='red', alpha=0.3)
[ERROR FINISH] (lib: type_error) >>>>
[ERROR FINISH] (lib: type_error) >>>>
<<<< [ERROR START] (lib: type_error)
plt.savefig('output.png', bbox_inches ='tight')
[ERROR FINISH] (lib: type_error) >>>>
<<<< [ERROR START] (dynamic: RuntimeError)
result = None
[ERROR FINISH] (dynamic: RuntimeError) >>>>
","lib,lib,lib,dynamic","lib: type_error,lib: type_error,lib: type_error,dynamic: RuntimeError","8-8,8-8,9-9,10-10"
DS1000,hallucinated,DS0521,,,"[{'type': 'type_error', 'function': 'savefig', 'invalid_arg': 'bbox_inches', 'line': 7}]","{""error_type"": ""RuntimeError"", ""error_message"": ""Cannot create a GUI FigureManager outside the main thread using the MacOS backend. Use a non-interactive backend like 'agg' to make plots on worker threads."", ""line_no"": ""13.0"", ""test_case"": """"}","
import numpy as np
import pandas as pd
import matplotlib.pyplot as plt
import seaborn as sns
result = sns.lineplot(x=[0, 1], y=[0, 2])
plt.savefig('output.png', bbox_inches ='tight')
result = None
","
import numpy as np
import pandas as pd
import matplotlib.pyplot as plt
import seaborn as sns
result = sns.lineplot(x=[0, 1], y=[0, 2])
<<<< [ERROR START] (lib: type_error)
plt.savefig('output.png', bbox_inches ='tight')
[ERROR FINISH] (lib: type_error) >>>>
result = None
","lib,dynamic","lib: type_error,dynamic: RuntimeError","7-7,13-13"
DS1000,hallucinated,DS0522,,,"[{'type': 'type_error', 'function': 'savefig', 'invalid_arg': 'bbox_inches', 'line': 7}]","{""error_type"": ""RuntimeError"", ""error_message"": ""Cannot create a GUI FigureManager outside the main thread using the MacOS backend. Use a non-interactive backend like 'agg' to make plots on worker threads."", ""line_no"": ""13.0"", ""test_case"": """"}","
import numpy as np
import pandas as pd
import matplotlib.pyplot as plt
import seaborn as sns
result = sns.lineplot(x=[0, 1], y=[0, 2])
plt.savefig('output.png', bbox_inches ='tight')
result = None
","
import numpy as np
import pandas as pd
import matplotlib.pyplot as plt
import seaborn as sns
result = sns.lineplot(x=[0, 1], y=[0, 2])
<<<< [ERROR START] (lib: type_error)
plt.savefig('output.png', bbox_inches ='tight')
[ERROR FINISH] (lib: type_error) >>>>
result = None
","lib,dynamic","lib: type_error,dynamic: RuntimeError","7-7,13-13"
DS1000,hallucinated,DS0523,,,"[{'type': 'type_error', 'function': 'set', 'invalid_arg': 'style', 'line': 6}, {'type': 'type_error', 'function': 'savefig', 'invalid_arg': 'bbox_inches', 'line': 18}]","{""error_type"": ""RuntimeError"", ""error_message"": ""Cannot create a GUI FigureManager outside the main thread using the MacOS backend. Use a non-interactive backend like 'agg' to make plots on worker threads."", ""line_no"": ""11.0"", ""test_case"": """"}","
import numpy
import pandas
import matplotlib.pyplot as plt
import seaborn
seaborn.set(style=""ticks"")
numpy.random.seed(0)
N = 37
_genders = [""Female"", ""Male"", ""Non-binary"", ""No Response""]
df = pandas.DataFrame(
    {
        ""Height (cm)"": numpy.random.uniform(low=130, high=200, size=N),
        ""Weight (kg)"": numpy.random.uniform(low=30, high=100, size=N),
        ""Gender"": numpy.random.choice(_genders, size=N),
    }
)
result = seaborn.relplot(x=""Height (cm)"", y=""Weight (kg)"", hue=""Gender"", data=df)
plt.savefig('output.png', bbox_inches ='tight')
result = None
","
import numpy
import pandas
import matplotlib.pyplot as plt
import seaborn
<<<< [ERROR START] (lib: type_error)
seaborn.set(style=""ticks"")
[ERROR FINISH] (lib: type_error) >>>>
numpy.random.seed(0)
N = 37
_genders = [""Female"", ""Male"", ""Non-binary"", ""No Response""]
df = pandas.DataFrame(
<<<< [ERROR START] (dynamic: RuntimeError)
    {
[ERROR FINISH] (dynamic: RuntimeError) >>>>
        ""Height (cm)"": numpy.random.uniform(low=130, high=200, size=N),
        ""Weight (kg)"": numpy.random.uniform(low=30, high=100, size=N),
        ""Gender"": numpy.random.choice(_genders, size=N),
    }
)
result = seaborn.relplot(x=""Height (cm)"", y=""Weight (kg)"", hue=""Gender"", data=df)
<<<< [ERROR START] (lib: type_error)
plt.savefig('output.png', bbox_inches ='tight')
[ERROR FINISH] (lib: type_error) >>>>
result = None
","lib,lib,dynamic","lib: type_error,lib: type_error,dynamic: RuntimeError","6-6,18-18,11-11"
DS1000,hallucinated,DS0524,,,"[{'type': 'type_error', 'function': 'savefig', 'invalid_arg': 'bbox_inches', 'line': 9}]","{""error_type"": ""RuntimeError"", ""error_message"": ""Cannot create a GUI FigureManager outside the main thread using the MacOS backend. Use a non-interactive backend like 'agg' to make plots on worker threads."", ""line_no"": ""10.0"", ""test_case"": """"}","
import numpy as np
import pandas as pd
import matplotlib.pyplot as plt
import seaborn as sns
x = np.arange(10)
y = 2 * np.random.rand(10)
sns.lineplot(x=x, y=y)
plt.savefig('output.png', bbox_inches ='tight')
result = x, y
","
import numpy as np
import pandas as pd
import matplotlib.pyplot as plt
import seaborn as sns
x = np.arange(10)
y = 2 * np.random.rand(10)
sns.lineplot(x=x, y=y)
<<<< [ERROR START] (lib: type_error)
plt.savefig('output.png', bbox_inches ='tight')
[ERROR FINISH] (lib: type_error) >>>>
<<<< [ERROR START] (dynamic: RuntimeError)
result = x, y
[ERROR FINISH] (dynamic: RuntimeError) >>>>
","lib,dynamic","lib: type_error,dynamic: RuntimeError","9-9,10-10"
DS1000,hallucinated,DS0525,,,"[{'type': 'type_error', 'function': 'savefig', 'invalid_arg': 'bbox_inches', 'line': 9}]","{""error_type"": ""RuntimeError"", ""error_message"": ""Cannot create a GUI FigureManager outside the main thread using the MacOS backend. Use a non-interactive backend like 'agg' to make plots on worker threads."", ""line_no"": ""11.0"", ""test_case"": """"}","
import numpy as np
import pandas as pd
import seaborn as sns
import matplotlib.pyplot as plt
x = np.arange(10)
y = np.sin(x)
sns.lineplot(x=x, y=y)
plt.savefig('output.png', bbox_inches ='tight')
result = x, y
","
import numpy as np
import pandas as pd
import seaborn as sns
import matplotlib.pyplot as plt
x = np.arange(10)
y = np.sin(x)
sns.lineplot(x=x, y=y)
<<<< [ERROR START] (lib: type_error)
plt.savefig('output.png', bbox_inches ='tight')
[ERROR FINISH] (lib: type_error) >>>>
result = x, y
<<<< [ERROR START] (dynamic: RuntimeError)

[ERROR FINISH] (dynamic: RuntimeError) >>>>","lib,dynamic","lib: type_error,dynamic: RuntimeError","9-9,11-11"
DS1000,hallucinated,DS0526,,,"[{'type': 'type_error', 'function': 'plot', 'invalid_arg': 'linewidth', 'line': 7}, {'type': 'type_error', 'function': 'savefig', 'invalid_arg': 'bbox_inches', 'line': 8}]","{""error_type"": ""RuntimeError"", ""error_message"": ""Cannot create a GUI FigureManager outside the main thread using the MacOS backend. Use a non-interactive backend like 'agg' to make plots on worker threads."", ""line_no"": ""10.0"", ""test_case"": """"}","
import numpy as np
import pandas as pd
import matplotlib.pyplot as plt
x = np.random.randn(10)
y = np.random.randn(10)
plt.plot(x, y, '+', linewidth=7)
plt.savefig('output.png', bbox_inches ='tight')
result = None
","
import numpy as np
import pandas as pd
import matplotlib.pyplot as plt
x = np.random.randn(10)
y = np.random.randn(10)
<<<< [ERROR START] (lib: type_error)
plt.plot(x, y, '+', linewidth=7)
[ERROR FINISH] (lib: type_error) >>>>
<<<< [ERROR START] (lib: type_error)
plt.savefig('output.png', bbox_inches ='tight')
[ERROR FINISH] (lib: type_error) >>>>
result = None
<<<< [ERROR START] (dynamic: RuntimeError)

[ERROR FINISH] (dynamic: RuntimeError) >>>>","lib,lib,dynamic","lib: type_error,lib: type_error,dynamic: RuntimeError","7-7,8-8,10-10"
DS1000,hallucinated,DS0527,,,"[{'type': 'type_error', 'function': 'plot', 'invalid_arg': 'label', 'line': 8}, {'type': 'type_error', 'function': 'legend', 'invalid_arg': 'fontsize', 'line': 9}, {'type': 'type_error', 'function': 'savefig', 'invalid_arg': 'bbox_inches', 'line': 10}]","{""error_type"": ""RuntimeError"", ""error_message"": ""Cannot create a GUI FigureManager outside the main thread using the MacOS backend. Use a non-interactive backend like 'agg' to make plots on worker threads."", ""line_no"": ""9.0"", ""test_case"": """"}","
import numpy as np
import pandas as pd
import matplotlib.pyplot as plt
import seaborn as sns
x = np.linspace(0, 2 * np.pi, 10)
y = np.cos(x)
plt.plot(x, y, label=""sin"")
plt.legend(fontsize=20)
plt.savefig('output.png', bbox_inches ='tight')
result = None
","
import numpy as np
import pandas as pd
import matplotlib.pyplot as plt
import seaborn as sns
x = np.linspace(0, 2 * np.pi, 10)
y = np.cos(x)
<<<< [ERROR START] (lib: type_error)
plt.plot(x, y, label=""sin"")
[ERROR FINISH] (lib: type_error) >>>>
<<<< [ERROR START] (lib: type_error)
<<<< [ERROR START] (dynamic: RuntimeError)
plt.legend(fontsize=20)
[ERROR FINISH] (lib: type_error) >>>>
[ERROR FINISH] (dynamic: RuntimeError) >>>>
<<<< [ERROR START] (lib: type_error)
plt.savefig('output.png', bbox_inches ='tight')
[ERROR FINISH] (lib: type_error) >>>>
result = None
","lib,lib,lib,dynamic","lib: type_error,lib: type_error,lib: type_error,dynamic: RuntimeError","8-8,9-9,10-10,9-9"
DS1000,hallucinated,DS0528,,,"[{'type': 'type_error', 'function': 'legend', 'invalid_arg': 'title', 'line': 8}, {'type': 'type_error', 'function': 'legend', 'invalid_arg': 'fontsize', 'line': 8}, {'type': 'type_error', 'function': 'savefig', 'invalid_arg': 'bbox_inches', 'line': 9}]","{""error_type"": ""RuntimeError"", ""error_message"": ""Cannot create a GUI FigureManager outside the main thread using the MacOS backend. Use a non-interactive backend like 'agg' to make plots on worker threads."", ""line_no"": ""10.0"", ""test_case"": """"}","
import numpy as np
import pandas as pd
import matplotlib.pyplot as plt
import seaborn as sns
x = np.linspace(0, 2 * np.pi, 10)
y = np.cos(x)
plt.legend(title='xyz', fontsize=20)
plt.savefig('output.png', bbox_inches ='tight')
result = None
","
import numpy as np
import pandas as pd
import matplotlib.pyplot as plt
import seaborn as sns
x = np.linspace(0, 2 * np.pi, 10)
y = np.cos(x)
<<<< [ERROR START] (lib: type_error)
<<<< [ERROR START] (lib: type_error)
plt.legend(title='xyz', fontsize=20)
[ERROR FINISH] (lib: type_error) >>>>
[ERROR FINISH] (lib: type_error) >>>>
<<<< [ERROR START] (lib: type_error)
plt.savefig('output.png', bbox_inches ='tight')
[ERROR FINISH] (lib: type_error) >>>>
<<<< [ERROR START] (dynamic: RuntimeError)
result = None
[ERROR FINISH] (dynamic: RuntimeError) >>>>
","lib,lib,lib,dynamic","lib: type_error,lib: type_error,lib: type_error,dynamic: RuntimeError","8-8,8-8,9-9,10-10"
DS1000,hallucinated,DS0529,,,"[{'type': 'type_error', 'function': 'plot', 'invalid_arg': 'lw', 'line': 8}, {'type': 'type_error', 'function': 'plot', 'invalid_arg': 'markersize', 'line': 8}, {'type': 'type_error', 'function': 'savefig', 'invalid_arg': 'bbox_inches', 'line': 10}]","{""error_type"": ""RuntimeError"", ""error_message"": ""Cannot create a GUI FigureManager outside the main thread using the MacOS backend. Use a non-interactive backend like 'agg' to make plots on worker threads."", ""line_no"": ""9.0"", ""test_case"": """"}","
import numpy as np
import pandas as pd
import matplotlib.pyplot as plt
import seaborn as sns
x = np.random.randn(10)
y = np.random.randn(10)
(l,) = plt.plot(range(10), ""o-"", lw=5, markersize=30)
l.set_facecolor((0.5, 0.5, 0.5, 0.2))
plt.savefig('output.png', bbox_inches ='tight')
result = None
","
import numpy as np
import pandas as pd
import matplotlib.pyplot as plt
import seaborn as sns
x = np.random.randn(10)
y = np.random.randn(10)
<<<< [ERROR START] (lib: type_error)
<<<< [ERROR START] (lib: type_error)
(l,) = plt.plot(range(10), ""o-"", lw=5, markersize=30)
[ERROR FINISH] (lib: type_error) >>>>
[ERROR FINISH] (lib: type_error) >>>>
<<<< [ERROR START] (dynamic: RuntimeError)
l.set_facecolor((0.5, 0.5, 0.5, 0.2))
[ERROR FINISH] (dynamic: RuntimeError) >>>>
<<<< [ERROR START] (lib: type_error)
plt.savefig('output.png', bbox_inches ='tight')
[ERROR FINISH] (lib: type_error) >>>>
result = None
","lib,lib,lib,dynamic","lib: type_error,lib: type_error,lib: type_error,dynamic: RuntimeError","8-8,8-8,10-10,9-9"
DS1000,hallucinated,DS0530,,,"[{'type': 'type_error', 'function': 'plot', 'invalid_arg': 'lw', 'line': 8}, {'type': 'type_error', 'function': 'plot', 'invalid_arg': 'markersize', 'line': 8}, {'type': 'type_error', 'function': 'savefig', 'invalid_arg': 'bbox_inches', 'line': 10}]","{""error_type"": ""RuntimeError"", ""error_message"": ""Cannot create a GUI FigureManager outside the main thread using the MacOS backend. Use a non-interactive backend like 'agg' to make plots on worker threads."", ""line_no"": ""9.0"", ""test_case"": """"}","
import numpy as np
import pandas as pd
import matplotlib.pyplot as plt
import seaborn as sns
x = np.random.randn(10)
y = np.random.randn(10)
(l,) = plt.plot(range(10), ""o-"", lw=5, markersize=30)
l.set_edgecolor('black')
plt.savefig('output.png', bbox_inches ='tight')
result = None
","
import numpy as np
import pandas as pd
import matplotlib.pyplot as plt
import seaborn as sns
x = np.random.randn(10)
y = np.random.randn(10)
<<<< [ERROR START] (lib: type_error)
<<<< [ERROR START] (lib: type_error)
(l,) = plt.plot(range(10), ""o-"", lw=5, markersize=30)
[ERROR FINISH] (lib: type_error) >>>>
[ERROR FINISH] (lib: type_error) >>>>
<<<< [ERROR START] (dynamic: RuntimeError)
l.set_edgecolor('black')
[ERROR FINISH] (dynamic: RuntimeError) >>>>
<<<< [ERROR START] (lib: type_error)
plt.savefig('output.png', bbox_inches ='tight')
[ERROR FINISH] (lib: type_error) >>>>
result = None
","lib,lib,lib,dynamic","lib: type_error,lib: type_error,lib: type_error,dynamic: RuntimeError","8-8,8-8,10-10,9-9"
DS1000,hallucinated,DS0531,,,"[{'type': 'type_error', 'function': 'plot', 'invalid_arg': 'lw', 'line': 8}, {'type': 'type_error', 'function': 'plot', 'invalid_arg': 'markersize', 'line': 8}, {'type': 'type_error', 'function': 'savefig', 'invalid_arg': 'bbox_inches', 'line': 10}]","{""error_type"": ""RuntimeError"", ""error_message"": ""Cannot create a GUI FigureManager outside the main thread using the MacOS backend. Use a non-interactive backend like 'agg' to make plots on worker threads."", ""line_no"": ""9.0"", ""test_case"": """"}","
import numpy as np
import pandas as pd
import matplotlib.pyplot as plt
import seaborn as sns
x = np.random.randn(10)
y = np.random.randn(10)
(l,) = plt.plot(range(10), ""o-"", lw=5, markersize=30)
l.set_color('red')
plt.savefig('output.png', bbox_inches ='tight')
result = None
","
import numpy as np
import pandas as pd
import matplotlib.pyplot as plt
import seaborn as sns
x = np.random.randn(10)
y = np.random.randn(10)
<<<< [ERROR START] (lib: type_error)
<<<< [ERROR START] (lib: type_error)
(l,) = plt.plot(range(10), ""o-"", lw=5, markersize=30)
[ERROR FINISH] (lib: type_error) >>>>
[ERROR FINISH] (lib: type_error) >>>>
<<<< [ERROR START] (dynamic: RuntimeError)
l.set_color('red')
[ERROR FINISH] (dynamic: RuntimeError) >>>>
<<<< [ERROR START] (lib: type_error)
plt.savefig('output.png', bbox_inches ='tight')
[ERROR FINISH] (lib: type_error) >>>>
result = None
","lib,lib,lib,dynamic","lib: type_error,lib: type_error,lib: type_error,dynamic: RuntimeError","8-8,8-8,10-10,9-9"
DS1000,hallucinated,DS0532,,,"[{'type': 'type_error', 'function': 'plot', 'invalid_arg': 'label', 'line': 8}, {'type': 'type_error', 'function': 'xticks', 'invalid_arg': 'rotation', 'line': 9}, {'type': 'type_error', 'function': 'savefig', 'invalid_arg': 'bbox_inches', 'line': 10}]","{""error_type"": ""RuntimeError"", ""error_message"": ""Cannot create a GUI FigureManager outside the main thread using the MacOS backend. Use a non-interactive backend like 'agg' to make plots on worker threads."", ""line_no"": ""9.0"", ""test_case"": """"}","
import numpy as np
import pandas as pd
import matplotlib.pyplot as plt
import seaborn as sns
x = np.linspace(0, 2 * np.pi, 10)
y = np.cos(x)
plt.plot(x, y, label=""sin"")
plt.xticks(rotation=45)
plt.savefig('output.png', bbox_inches ='tight')
result = None
","
import numpy as np
import pandas as pd
import matplotlib.pyplot as plt
import seaborn as sns
x = np.linspace(0, 2 * np.pi, 10)
y = np.cos(x)
<<<< [ERROR START] (lib: type_error)
plt.plot(x, y, label=""sin"")
[ERROR FINISH] (lib: type_error) >>>>
<<<< [ERROR START] (lib: type_error)
<<<< [ERROR START] (dynamic: RuntimeError)
plt.xticks(rotation=45)
[ERROR FINISH] (lib: type_error) >>>>
[ERROR FINISH] (dynamic: RuntimeError) >>>>
<<<< [ERROR START] (lib: type_error)
plt.savefig('output.png', bbox_inches ='tight')
[ERROR FINISH] (lib: type_error) >>>>
result = None
","lib,lib,lib,dynamic","lib: type_error,lib: type_error,lib: type_error,dynamic: RuntimeError","8-8,9-9,10-10,9-9"
DS1000,hallucinated,DS0533,,,"[{'type': 'type_error', 'function': 'plot', 'invalid_arg': 'label', 'line': 8}, {'type': 'type_error', 'function': 'xticks', 'invalid_arg': 'rotation', 'line': 9}, {'type': 'type_error', 'function': 'savefig', 'invalid_arg': 'bbox_inches', 'line': 10}]","{""error_type"": ""RuntimeError"", ""error_message"": ""Cannot create a GUI FigureManager outside the main thread using the MacOS backend. Use a non-interactive backend like 'agg' to make plots on worker threads."", ""line_no"": ""9.0"", ""test_case"": """"}","
import numpy as np
import pandas as pd
import matplotlib.pyplot as plt
import seaborn as sns
x = np.linspace(0, 2 * np.pi, 10)
y = np.cos(x)
plt.plot(x, y, label=""sin"")
plt.xticks(rotation=45)
plt.savefig('output.png', bbox_inches ='tight')
result = None
","
import numpy as np
import pandas as pd
import matplotlib.pyplot as plt
import seaborn as sns
x = np.linspace(0, 2 * np.pi, 10)
y = np.cos(x)
<<<< [ERROR START] (lib: type_error)
plt.plot(x, y, label=""sin"")
[ERROR FINISH] (lib: type_error) >>>>
<<<< [ERROR START] (lib: type_error)
<<<< [ERROR START] (dynamic: RuntimeError)
plt.xticks(rotation=45)
[ERROR FINISH] (lib: type_error) >>>>
[ERROR FINISH] (dynamic: RuntimeError) >>>>
<<<< [ERROR START] (lib: type_error)
plt.savefig('output.png', bbox_inches ='tight')
[ERROR FINISH] (lib: type_error) >>>>
result = None
","lib,lib,lib,dynamic","lib: type_error,lib: type_error,lib: type_error,dynamic: RuntimeError","8-8,9-9,10-10,9-9"
DS1000,hallucinated,DS0534,,,"[{'type': 'type_error', 'function': 'plot', 'invalid_arg': 'label', 'line': 8}, {'type': 'type_error', 'function': 'savefig', 'invalid_arg': 'bbox_inches', 'line': 10}]","{""error_type"": ""RuntimeError"", ""error_message"": ""Cannot create a GUI FigureManager outside the main thread using the MacOS backend. Use a non-interactive backend like 'agg' to make plots on worker threads."", ""line_no"": ""9.0"", ""test_case"": """"}","
import numpy as np
import pandas as pd
import matplotlib.pyplot as plt
import seaborn as sns
x = np.linspace(0, 2 * np.pi, 10)
y = np.cos(x)
plt.plot(x, y, label=""sin"")
plt.xticks(np.arange(0, 2 * np.pi, 2))
plt.savefig('output.png', bbox_inches ='tight')
result = None
","
import numpy as np
import pandas as pd
import matplotlib.pyplot as plt
import seaborn as sns
x = np.linspace(0, 2 * np.pi, 10)
y = np.cos(x)
<<<< [ERROR START] (lib: type_error)
plt.plot(x, y, label=""sin"")
[ERROR FINISH] (lib: type_error) >>>>
<<<< [ERROR START] (dynamic: RuntimeError)
plt.xticks(np.arange(0, 2 * np.pi, 2))
[ERROR FINISH] (dynamic: RuntimeError) >>>>
<<<< [ERROR START] (lib: type_error)
plt.savefig('output.png', bbox_inches ='tight')
[ERROR FINISH] (lib: type_error) >>>>
result = None
","lib,lib,dynamic","lib: type_error,lib: type_error,dynamic: RuntimeError","8-8,10-10,9-9"
DS1000,hallucinated,DS0535,,,"[{'type': 'type_error', 'function': 'savefig', 'invalid_arg': 'bbox_inches', 'line': 11}]","{""error_type"": ""RuntimeError"", ""error_message"": ""Cannot create a GUI FigureManager outside the main thread using the MacOS backend. Use a non-interactive backend like 'agg' to make plots on worker threads."", ""line_no"": ""8.0"", ""test_case"": """"}","
import numpy as np
import pandas as pd
import matplotlib.pyplot as plt
import seaborn as sns
x = np.random.randn(10)
y = np.random.randn(10)
sns.distplot(x, label=""a"", color=""0.25"")
sns.distplot(y, label=""b"", color=""0.25"")
plt.legend()
plt.savefig('output.png', bbox_inches ='tight')
result = None
","
import numpy as np
import pandas as pd
import matplotlib.pyplot as plt
import seaborn as sns
x = np.random.randn(10)
y = np.random.randn(10)
<<<< [ERROR START] (dynamic: RuntimeError)
sns.distplot(x, label=""a"", color=""0.25"")
[ERROR FINISH] (dynamic: RuntimeError) >>>>
sns.distplot(y, label=""b"", color=""0.25"")
plt.legend()
<<<< [ERROR START] (lib: type_error)
plt.savefig('output.png', bbox_inches ='tight')
[ERROR FINISH] (lib: type_error) >>>>
result = None
","lib,dynamic","lib: type_error,dynamic: RuntimeError","11-11,8-8"
DS1000,hallucinated,DS0536,,,"[{'type': 'type_error', 'function': 'savefig', 'invalid_arg': 'bbox_inches', 'line': 6}]","{""error_type"": ""RuntimeError"", ""error_message"": ""Cannot create a GUI FigureManager outside the main thread using the MacOS backend. Use a non-interactive backend like 'agg' to make plots on worker threads."", ""line_no"": ""10.0"", ""test_case"": """"}","
import numpy as np
import matplotlib.pyplot as plt
H = np.random.randn(10, 10)
plt.imshow(H, cmap='viridis')
plt.savefig('output.png', bbox_inches ='tight')
result = None
","
import numpy as np
import matplotlib.pyplot as plt
H = np.random.randn(10, 10)
plt.imshow(H, cmap='viridis')
<<<< [ERROR START] (lib: type_error)
plt.savefig('output.png', bbox_inches ='tight')
[ERROR FINISH] (lib: type_error) >>>>
result = None
","lib,dynamic","lib: type_error,dynamic: RuntimeError","6-6,10-10"
DS1000,hallucinated,DS0537,,,"[{'type': 'type_error', 'function': 'savefig', 'invalid_arg': 'bbox_inches', 'line': 6}]","{""error_type"": ""RuntimeError"", ""error_message"": ""Cannot create a GUI FigureManager outside the main thread using the MacOS backend. Use a non-interactive backend like 'agg' to make plots on worker threads."", ""line_no"": ""11.0"", ""test_case"": """"}","
import numpy as np
import matplotlib.pyplot as plt
H = np.random.randn(10, 10)
plt.imshow(H, cmap='gray')
plt.savefig('output.png', bbox_inches ='tight')
result = None
","
import numpy as np
import matplotlib.pyplot as plt
H = np.random.randn(10, 10)
plt.imshow(H, cmap='gray')
<<<< [ERROR START] (lib: type_error)
plt.savefig('output.png', bbox_inches ='tight')
[ERROR FINISH] (lib: type_error) >>>>
result = None
","lib,dynamic","lib: type_error,dynamic: RuntimeError","6-6,11-11"
DS1000,hallucinated,DS0538,,,"[{'type': 'type_error', 'function': 'xlabel', 'invalid_arg': 'ha', 'line': 8}, {'type': 'type_error', 'function': 'savefig', 'invalid_arg': 'bbox_inches', 'line': 9}]","{""error_type"": ""RuntimeError"", ""error_message"": ""Cannot create a GUI FigureManager outside the main thread using the MacOS backend. Use a non-interactive backend like 'agg' to make plots on worker threads."", ""line_no"": ""10.0"", ""test_case"": """"}","
import numpy as np
import pandas as pd
import matplotlib.pyplot as plt
import seaborn as sns
x = np.linspace(0, 2 * np.pi, 10)
y = np.cos(x)
plt.xlabel(""X"", ha='right')
plt.savefig('output.png', bbox_inches ='tight')
result = None
","
import numpy as np
import pandas as pd
import matplotlib.pyplot as plt
import seaborn as sns
x = np.linspace(0, 2 * np.pi, 10)
y = np.cos(x)
<<<< [ERROR START] (lib: type_error)
plt.xlabel(""X"", ha='right')
[ERROR FINISH] (lib: type_error) >>>>
<<<< [ERROR START] (lib: type_error)
plt.savefig('output.png', bbox_inches ='tight')
[ERROR FINISH] (lib: type_error) >>>>
<<<< [ERROR START] (dynamic: RuntimeError)
result = None
[ERROR FINISH] (dynamic: RuntimeError) >>>>
","lib,lib,dynamic","lib: type_error,lib: type_error,dynamic: RuntimeError","8-8,9-9,10-10"
DS1000,hallucinated,DS0539,,,"[{'type': 'type_error', 'function': 'savefig', 'invalid_arg': 'bbox_inches', 'line': 9}]","{""error_type"": ""RuntimeError"", ""error_message"": ""Cannot create a GUI FigureManager outside the main thread using the MacOS backend. Use a non-interactive backend like 'agg' to make plots on worker threads."", ""line_no"": ""9.0"", ""test_case"": """"}","
import numpy as np
import pandas as pd
import matplotlib.pyplot as plt
import seaborn as sns
df = sns.load_dataset(""planets"")
g = sns.boxplot(x=""method"", y=""orbital_period"", data=df)
g.set_xticklabels(g.get_xticklabels(), rotation=90)
plt.savefig('output.png', bbox_inches ='tight')
result = None
","
import numpy as np
import pandas as pd
import matplotlib.pyplot as plt
import seaborn as sns
df = sns.load_dataset(""planets"")
g = sns.boxplot(x=""method"", y=""orbital_period"", data=df)
g.set_xticklabels(g.get_xticklabels(), rotation=90)
<<<< [ERROR START] (lib: type_error)
<<<< [ERROR START] (dynamic: RuntimeError)
plt.savefig('output.png', bbox_inches ='tight')
[ERROR FINISH] (lib: type_error) >>>>
[ERROR FINISH] (dynamic: RuntimeError) >>>>
result = None
","lib,dynamic","lib: type_error,dynamic: RuntimeError","9-9,9-9"
DS1000,hallucinated,DS0540,,,"[{'type': 'type_error', 'function': 'title', 'invalid_arg': 'wrap', 'line': 9}, {'type': 'type_error', 'function': 'savefig', 'invalid_arg': 'bbox_inches', 'line': 10}]","{""error_type"": ""RuntimeError"", ""error_message"": ""Cannot create a GUI FigureManager outside the main thread using the MacOS backend. Use a non-interactive backend like 'agg' to make plots on worker threads."", ""line_no"": ""9.0"", ""test_case"": """"}","
import numpy as np
import pandas as pd
import matplotlib.pyplot as plt
y = 2 * np.random.rand(10)
x = np.arange(10)
plt.plot(x, y)
myTitle = ""Some really really long long long title I really really need - and just can't - just can't - make it any - simply any - shorter - at all.""
plt.title(myTitle, wrap=True)
plt.savefig('output.png', bbox_inches ='tight')
result = None
","
import numpy as np
import pandas as pd
import matplotlib.pyplot as plt
y = 2 * np.random.rand(10)
x = np.arange(10)
plt.plot(x, y)
myTitle = ""Some really really long long long title I really really need - and just can't - just can't - make it any - simply any - shorter - at all.""
<<<< [ERROR START] (lib: type_error)
<<<< [ERROR START] (dynamic: RuntimeError)
plt.title(myTitle, wrap=True)
[ERROR FINISH] (lib: type_error) >>>>
[ERROR FINISH] (dynamic: RuntimeError) >>>>
<<<< [ERROR START] (lib: type_error)
plt.savefig('output.png', bbox_inches ='tight')
[ERROR FINISH] (lib: type_error) >>>>
result = None
","lib,lib,dynamic","lib: type_error,lib: type_error,dynamic: RuntimeError","9-9,10-10,9-9"
DS1000,hallucinated,DS0541,,,"[{'type': 'type_error', 'function': 'savefig', 'invalid_arg': 'bbox_inches', 'line': 8}]","{""error_type"": ""RuntimeError"", ""error_message"": ""Cannot create a GUI FigureManager outside the main thread using the MacOS backend. Use a non-interactive backend like 'agg' to make plots on worker threads."", ""line_no"": ""10.0"", ""test_case"": """"}","
import numpy as np
import pandas as pd
import matplotlib.pyplot as plt
y = 2 * np.random.rand(10)
x = np.arange(10)
plt.gca().invert_yaxis()
plt.savefig('output.png', bbox_inches ='tight')
result = None
","
import numpy as np
import pandas as pd
import matplotlib.pyplot as plt
y = 2 * np.random.rand(10)
x = np.arange(10)
plt.gca().invert_yaxis()
<<<< [ERROR START] (lib: type_error)
plt.savefig('output.png', bbox_inches ='tight')
[ERROR FINISH] (lib: type_error) >>>>
result = None
<<<< [ERROR START] (dynamic: RuntimeError)

[ERROR FINISH] (dynamic: RuntimeError) >>>>","lib,dynamic","lib: type_error,dynamic: RuntimeError","8-8,10-10"
DS1000,hallucinated,DS0542,,,"[{'type': 'type_error', 'function': 'savefig', 'invalid_arg': 'bbox_inches', 'line': 10}]","{""error_type"": ""RuntimeError"", ""error_message"": ""Cannot create a GUI FigureManager outside the main thread using the MacOS backend. Use a non-interactive backend like 'agg' to make plots on worker threads."", ""line_no"": ""9.0"", ""test_case"": """"}","
import numpy as np
import pandas as pd
import matplotlib.pyplot as plt
import seaborn as sns
x = np.random.randn(10)
y = x
plt.scatter(x, y)
plt.xticks([0, 1.5])
plt.savefig('output.png', bbox_inches ='tight')
result = None
","
import numpy as np
import pandas as pd
import matplotlib.pyplot as plt
import seaborn as sns
x = np.random.randn(10)
y = x
plt.scatter(x, y)
<<<< [ERROR START] (dynamic: RuntimeError)
plt.xticks([0, 1.5])
[ERROR FINISH] (dynamic: RuntimeError) >>>>
<<<< [ERROR START] (lib: type_error)
plt.savefig('output.png', bbox_inches ='tight')
[ERROR FINISH] (lib: type_error) >>>>
result = None
","lib,dynamic","lib: type_error,dynamic: RuntimeError","10-10,9-9"
DS1000,hallucinated,DS0543,,,"[{'type': 'type_error', 'function': 'savefig', 'invalid_arg': 'bbox_inches', 'line': 10}]","{""error_type"": ""RuntimeError"", ""error_message"": ""Cannot create a GUI FigureManager outside the main thread using the MacOS backend. Use a non-interactive backend like 'agg' to make plots on worker threads."", ""line_no"": ""9.0"", ""test_case"": """"}","
import numpy as np
import pandas as pd
import matplotlib.pyplot as plt
import seaborn as sns
x = np.random.randn(10)
y = x
plt.scatter(x, y)
plt.yticks([-1, 1])
plt.savefig('output.png', bbox_inches ='tight')
result = None
","
import numpy as np
import pandas as pd
import matplotlib.pyplot as plt
import seaborn as sns
x = np.random.randn(10)
y = x
plt.scatter(x, y)
<<<< [ERROR START] (dynamic: RuntimeError)
plt.yticks([-1, 1])
[ERROR FINISH] (dynamic: RuntimeError) >>>>
<<<< [ERROR START] (lib: type_error)
plt.savefig('output.png', bbox_inches ='tight')
[ERROR FINISH] (lib: type_error) >>>>
result = None
","lib,dynamic","lib: type_error,dynamic: RuntimeError","10-10,9-9"
DS1000,hallucinated,DS0544,,,"[{'type': 'type_error', 'function': 'plot', 'invalid_arg': 'label', 'line': 11}, {'type': 'type_error', 'function': 'plot', 'invalid_arg': 'label', 'line': 12}, {'type': 'type_error', 'function': 'plot', 'invalid_arg': 'ax', 'line': 12}, {'type': 'type_error', 'function': 'plot', 'invalid_arg': 'label', 'line': 13}, {'type': 'type_error', 'function': 'plot', 'invalid_arg': 'ax', 'line': 13}, {'type': 'type_error', 'function': 'savefig', 'invalid_arg': 'bbox_inches', 'line': 15}]","{""error_type"": ""RuntimeError"", ""error_message"": ""Cannot create a GUI FigureManager outside the main thread using the MacOS backend. Use a non-interactive backend like 'agg' to make plots on worker threads."", ""line_no"": ""8.0"", ""test_case"": """"}","
import numpy as np
import pandas as pd
import matplotlib.pyplot as plt
import seaborn as sns
import numpy as np
import matplotlib.pyplot as plt
x = np.random.rand(10)
y = np.random.rand(10)
z = np.random.rand(10)
result = plt.plot(x, label='x')
result = plt.plot(y, label='y', ax=result)
result = plt.plot(z, label='z', ax=result)
plt.legend()
plt.savefig('output.png', bbox_inches ='tight')
result = None
","
import numpy as np
import pandas as pd
import matplotlib.pyplot as plt
import seaborn as sns
import numpy as np
import matplotlib.pyplot as plt
<<<< [ERROR START] (dynamic: RuntimeError)
x = np.random.rand(10)
[ERROR FINISH] (dynamic: RuntimeError) >>>>
y = np.random.rand(10)
z = np.random.rand(10)
<<<< [ERROR START] (lib: type_error)
result = plt.plot(x, label='x')
[ERROR FINISH] (lib: type_error) >>>>
<<<< [ERROR START] (lib: type_error)
<<<< [ERROR START] (lib: type_error)
result = plt.plot(y, label='y', ax=result)
[ERROR FINISH] (lib: type_error) >>>>
[ERROR FINISH] (lib: type_error) >>>>
<<<< [ERROR START] (lib: type_error)
<<<< [ERROR START] (lib: type_error)
result = plt.plot(z, label='z', ax=result)
[ERROR FINISH] (lib: type_error) >>>>
[ERROR FINISH] (lib: type_error) >>>>
plt.legend()
<<<< [ERROR START] (lib: type_error)
plt.savefig('output.png', bbox_inches ='tight')
[ERROR FINISH] (lib: type_error) >>>>
result = None
","lib,lib,lib,lib,lib,lib,dynamic","lib: type_error,lib: type_error,lib: type_error,lib: type_error,lib: type_error,lib: type_error,dynamic: RuntimeError","11-11,12-12,12-12,13-13,13-13,15-15,8-8"
DS1000,hallucinated,DS0545,,,"[{'type': 'type_error', 'function': 'scatter', 'invalid_arg': 'edgecolor', 'line': 7}, {'type': 'type_error', 'function': 'scatter', 'invalid_arg': 'facecolor', 'line': 7}, {'type': 'type_error', 'function': 'savefig', 'invalid_arg': 'bbox_inches', 'line': 8}]","{""error_type"": ""RuntimeError"", ""error_message"": ""Cannot create a GUI FigureManager outside the main thread using the MacOS backend. Use a non-interactive backend like 'agg' to make plots on worker threads."", ""line_no"": ""10.0"", ""test_case"": """"}","
import numpy as np
import pandas as pd
import matplotlib.pyplot as plt
x = np.random.randn(10)
y = np.random.randn(10)
plt.scatter(x, y, edgecolor='black', facecolor='blue')
plt.savefig('output.png', bbox_inches ='tight')
result = None
","
import numpy as np
import pandas as pd
import matplotlib.pyplot as plt
x = np.random.randn(10)
y = np.random.randn(10)
<<<< [ERROR START] (lib: type_error)
<<<< [ERROR START] (lib: type_error)
plt.scatter(x, y, edgecolor='black', facecolor='blue')
[ERROR FINISH] (lib: type_error) >>>>
[ERROR FINISH] (lib: type_error) >>>>
<<<< [ERROR START] (lib: type_error)
plt.savefig('output.png', bbox_inches ='tight')
[ERROR FINISH] (lib: type_error) >>>>
result = None
<<<< [ERROR START] (dynamic: RuntimeError)

[ERROR FINISH] (dynamic: RuntimeError) >>>>","lib,lib,lib,dynamic","lib: type_error,lib: type_error,lib: type_error,dynamic: RuntimeError","7-7,7-7,8-8,10-10"
DS1000,hallucinated,DS0546,,,"[{'type': 'type_error', 'function': 'savefig', 'invalid_arg': 'bbox_inches', 'line': 9}]","{""error_type"": ""RuntimeError"", ""error_message"": ""Cannot create a GUI FigureManager outside the main thread using the MacOS backend. Use a non-interactive backend like 'agg' to make plots on worker threads."", ""line_no"": ""10.0"", ""test_case"": """"}","
import numpy as np
import pandas as pd
import matplotlib.pyplot as plt
y = 2 * np.random.rand(10)
x = np.arange(10)
plt.xticks(np.arange(10))
plt.yticks(np.arange(10))
plt.savefig('output.png', bbox_inches ='tight')
result = None
","
import numpy as np
import pandas as pd
import matplotlib.pyplot as plt
y = 2 * np.random.rand(10)
x = np.arange(10)
plt.xticks(np.arange(10))
plt.yticks(np.arange(10))
<<<< [ERROR START] (lib: type_error)
plt.savefig('output.png', bbox_inches ='tight')
[ERROR FINISH] (lib: type_error) >>>>
<<<< [ERROR START] (dynamic: RuntimeError)
result = None
[ERROR FINISH] (dynamic: RuntimeError) >>>>
","lib,dynamic","lib: type_error,dynamic: RuntimeError","9-9,10-10"
DS1000,hallucinated,DS0547,,,"[{'type': 'type_error', 'function': 'catplot', 'invalid_arg': 'label', 'line': 11}, {'type': 'type_error', 'function': 'savefig', 'invalid_arg': 'bbox_inches', 'line': 13}]","{""error_type"": ""RuntimeError"", ""error_message"": ""Cannot create a GUI FigureManager outside the main thread using the MacOS backend. Use a non-interactive backend like 'agg' to make plots on worker threads."", ""line_no"": ""9.0"", ""test_case"": """"}","
import numpy as np
import pandas as pd
import matplotlib.pyplot as plt
import seaborn as sns
data = {
    ""reports"": [4, 24, 31, 2, 3],
    ""coverage"": [35050800, 54899767, 57890789, 62890798, 70897871],
}
df = pd.DataFrame(data)
sns.catplot(y=""coverage"", x=""reports"", kind=""bar"", data=df, label=""Total"")
plt.ticklabel_format(style='plain', axis='y')
plt.savefig('output.png', bbox_inches ='tight')
result = None
","
import numpy as np
import pandas as pd
import matplotlib.pyplot as plt
import seaborn as sns
data = {
    ""reports"": [4, 24, 31, 2, 3],
    ""coverage"": [35050800, 54899767, 57890789, 62890798, 70897871],
<<<< [ERROR START] (dynamic: RuntimeError)
}
[ERROR FINISH] (dynamic: RuntimeError) >>>>
df = pd.DataFrame(data)
<<<< [ERROR START] (lib: type_error)
sns.catplot(y=""coverage"", x=""reports"", kind=""bar"", data=df, label=""Total"")
[ERROR FINISH] (lib: type_error) >>>>
plt.ticklabel_format(style='plain', axis='y')
<<<< [ERROR START] (lib: type_error)
plt.savefig('output.png', bbox_inches ='tight')
[ERROR FINISH] (lib: type_error) >>>>
result = None
","lib,lib,dynamic","lib: type_error,lib: type_error,dynamic: RuntimeError","11-11,13-13,9-9"
DS1000,hallucinated,DS0548,,,"[{'type': 'type_error', 'function': 'savefig', 'invalid_arg': 'bbox_inches', 'line': 10}]","{""error_type"": ""RuntimeError"", ""error_message"": ""Cannot create a GUI FigureManager outside the main thread using the MacOS backend. Use a non-interactive backend like 'agg' to make plots on worker threads."", ""line_no"": ""9.0"", ""test_case"": """"}","
import numpy as np
import pandas as pd
import matplotlib.pyplot as plt
import seaborn as sns
y = 2 * np.random.rand(10)
x = np.arange(10)
ax = sns.lineplot(x=x, y=y)
ax.plot(x, y, linestyle='--')
plt.savefig('output.png', bbox_inches ='tight')
result = None
","
import numpy as np
import pandas as pd
import matplotlib.pyplot as plt
import seaborn as sns
y = 2 * np.random.rand(10)
x = np.arange(10)
ax = sns.lineplot(x=x, y=y)
<<<< [ERROR START] (dynamic: RuntimeError)
ax.plot(x, y, linestyle='--')
[ERROR FINISH] (dynamic: RuntimeError) >>>>
<<<< [ERROR START] (lib: type_error)
plt.savefig('output.png', bbox_inches ='tight')
[ERROR FINISH] (lib: type_error) >>>>
result = None
","lib,dynamic","lib: type_error,dynamic: RuntimeError","10-10,9-9"
DS1000,hallucinated,DS0549,,,"[{'type': 'type_error', 'function': 'savefig', 'invalid_arg': 'bbox_inches', 'line': 18}]","{""error_type"": ""RuntimeError"", ""error_message"": ""Cannot create a GUI FigureManager outside the main thread using the MacOS backend. Use a non-interactive backend like 'agg' to make plots on worker threads."", ""line_no"": ""10.0"", ""test_case"": """"}","
import numpy as np
import pandas as pd
import matplotlib.pyplot as plt
import seaborn as sns
x = np.linspace(0, 2 * np.pi, 400)
y1 = np.sin(x)
y2 = np.cos(x)
plt.subplot(1, 2, 1)
plt.plot(x, y1)
plt.title('sin(x)')

plt.subplot(1, 2, 2)
plt.plot(x, y2)
plt.title('cos(x)')

plt.tight_layout()
plt.savefig('output.png', bbox_inches ='tight')
result = None
","
import numpy as np
import pandas as pd
import matplotlib.pyplot as plt
import seaborn as sns
x = np.linspace(0, 2 * np.pi, 400)
y1 = np.sin(x)
y2 = np.cos(x)
plt.subplot(1, 2, 1)
<<<< [ERROR START] (dynamic: RuntimeError)
plt.plot(x, y1)
[ERROR FINISH] (dynamic: RuntimeError) >>>>
plt.title('sin(x)')

plt.subplot(1, 2, 2)
plt.plot(x, y2)
plt.title('cos(x)')

plt.tight_layout()
<<<< [ERROR START] (lib: type_error)
plt.savefig('output.png', bbox_inches ='tight')
[ERROR FINISH] (lib: type_error) >>>>
result = None
","lib,dynamic","lib: type_error,dynamic: RuntimeError","18-18,10-10"
DS1000,hallucinated,DS0550,,,"[{'type': 'type_error', 'function': 'savefig', 'invalid_arg': 'bbox_inches', 'line': 18}]","{""error_type"": ""RuntimeError"", ""error_message"": ""Cannot create a GUI FigureManager outside the main thread using the MacOS backend. Use a non-interactive backend like 'agg' to make plots on worker threads."", ""line_no"": ""10.0"", ""test_case"": """"}","
import numpy as np
import pandas as pd
import matplotlib.pyplot as plt
import seaborn as sns
x = np.linspace(0, 2 * np.pi, 400)
y1 = np.sin(x)
y2 = np.cos(x)
plt.subplot(1, 2, 1)
sns.lineplot(x=x, y=y1)
plt.axis('off')

plt.subplot(1, 2, 2)
sns.lineplot(x=x, y=y2)
plt.axis('off')

result = None
plt.savefig('output.png', bbox_inches ='tight')
result = None
","
import numpy as np
import pandas as pd
import matplotlib.pyplot as plt
import seaborn as sns
x = np.linspace(0, 2 * np.pi, 400)
y1 = np.sin(x)
y2 = np.cos(x)
plt.subplot(1, 2, 1)
<<<< [ERROR START] (dynamic: RuntimeError)
sns.lineplot(x=x, y=y1)
[ERROR FINISH] (dynamic: RuntimeError) >>>>
plt.axis('off')

plt.subplot(1, 2, 2)
sns.lineplot(x=x, y=y2)
plt.axis('off')

result = None
<<<< [ERROR START] (lib: type_error)
plt.savefig('output.png', bbox_inches ='tight')
[ERROR FINISH] (lib: type_error) >>>>
result = None
","lib,dynamic","lib: type_error,dynamic: RuntimeError","18-18,10-10"
DS1000,hallucinated,DS0551,,,"[{'type': 'type_error', 'function': 'savefig', 'invalid_arg': 'bbox_inches', 'line': 11}]","{""error_type"": ""RuntimeError"", ""error_message"": ""Cannot create a GUI FigureManager outside the main thread using the MacOS backend. Use a non-interactive backend like 'agg' to make plots on worker threads."", ""line_no"": ""9.0"", ""test_case"": """"}","
import numpy as np
import pandas as pd
import matplotlib.pyplot as plt
import seaborn as sns
x = np.arange(10)
y = np.sin(x)
df = pd.DataFrame({""x"": x, ""y"": y})
sns.lineplot(x=""x"", y=""y"", data=df)
plt.xlabel('')
plt.savefig('output.png', bbox_inches ='tight')
result = None
","
import numpy as np
import pandas as pd
import matplotlib.pyplot as plt
import seaborn as sns
x = np.arange(10)
y = np.sin(x)
df = pd.DataFrame({""x"": x, ""y"": y})
<<<< [ERROR START] (dynamic: RuntimeError)
sns.lineplot(x=""x"", y=""y"", data=df)
[ERROR FINISH] (dynamic: RuntimeError) >>>>
plt.xlabel('')
<<<< [ERROR START] (lib: type_error)
plt.savefig('output.png', bbox_inches ='tight')
[ERROR FINISH] (lib: type_error) >>>>
result = None
","lib,dynamic","lib: type_error,dynamic: RuntimeError","11-11,9-9"
DS1000,hallucinated,DS0552,,,"[{'type': 'type_error', 'function': 'savefig', 'invalid_arg': 'bbox_inches', 'line': 11}]","{""error_type"": ""RuntimeError"", ""error_message"": ""Cannot create a GUI FigureManager outside the main thread using the MacOS backend. Use a non-interactive backend like 'agg' to make plots on worker threads."", ""line_no"": ""9.0"", ""test_case"": """"}","
import numpy as np
import pandas as pd
import matplotlib.pyplot as plt
import seaborn as sns
x = np.arange(10)
y = np.sin(x)
df = pd.DataFrame({""x"": x, ""y"": y})
sns.lineplot(x=""x"", y=""y"", data=df)
plt.xticks([])
plt.savefig('output.png', bbox_inches ='tight')
result = None
","
import numpy as np
import pandas as pd
import matplotlib.pyplot as plt
import seaborn as sns
x = np.arange(10)
y = np.sin(x)
df = pd.DataFrame({""x"": x, ""y"": y})
<<<< [ERROR START] (dynamic: RuntimeError)
sns.lineplot(x=""x"", y=""y"", data=df)
[ERROR FINISH] (dynamic: RuntimeError) >>>>
plt.xticks([])
<<<< [ERROR START] (lib: type_error)
plt.savefig('output.png', bbox_inches ='tight')
[ERROR FINISH] (lib: type_error) >>>>
result = None
","lib,dynamic","lib: type_error,dynamic: RuntimeError","11-11,9-9"
DS1000,hallucinated,DS0553,,,"[{'type': 'type_error', 'function': 'grid', 'invalid_arg': 'linestyle', 'line': 10}, {'type': 'type_error', 'function': 'grid', 'invalid_arg': 'linewidth', 'line': 10}, {'type': 'type_error', 'function': 'grid', 'invalid_arg': 'color', 'line': 10}, {'type': 'type_error', 'function': 'savefig', 'invalid_arg': 'bbox_inches', 'line': 11}]","{""error_type"": ""RuntimeError"", ""error_message"": ""Cannot create a GUI FigureManager outside the main thread using the MacOS backend. Use a non-interactive backend like 'agg' to make plots on worker threads."", ""line_no"": ""9.0"", ""test_case"": """"}","
import numpy as np
import pandas as pd
import matplotlib.pyplot as plt
import seaborn as sns
x = np.arange(10)
y = np.random.randn(10)
plt.scatter(x, y)
plt.xticks([3, 4])
plt.grid(True, axis='x', linestyle='--', linewidth=0.5, color='gray')
plt.savefig('output.png', bbox_inches ='tight')
result = None
","
import numpy as np
import pandas as pd
import matplotlib.pyplot as plt
import seaborn as sns
x = np.arange(10)
y = np.random.randn(10)
plt.scatter(x, y)
<<<< [ERROR START] (dynamic: RuntimeError)
plt.xticks([3, 4])
[ERROR FINISH] (dynamic: RuntimeError) >>>>
<<<< [ERROR START] (lib: type_error)
<<<< [ERROR START] (lib: type_error)
<<<< [ERROR START] (lib: type_error)
plt.grid(True, axis='x', linestyle='--', linewidth=0.5, color='gray')
[ERROR FINISH] (lib: type_error) >>>>
[ERROR FINISH] (lib: type_error) >>>>
[ERROR FINISH] (lib: type_error) >>>>
<<<< [ERROR START] (lib: type_error)
plt.savefig('output.png', bbox_inches ='tight')
[ERROR FINISH] (lib: type_error) >>>>
result = None
","lib,lib,lib,lib,dynamic","lib: type_error,lib: type_error,lib: type_error,lib: type_error,dynamic: RuntimeError","10-10,10-10,10-10,11-11,9-9"
DS1000,hallucinated,DS0554,,,"[{'type': 'type_error', 'function': 'grid', 'invalid_arg': 'linestyle', 'line': 10}, {'type': 'type_error', 'function': 'grid', 'invalid_arg': 'color', 'line': 10}, {'type': 'type_error', 'function': 'grid', 'invalid_arg': 'linewidth', 'line': 10}, {'type': 'type_error', 'function': 'savefig', 'invalid_arg': 'bbox_inches', 'line': 11}]","{""error_type"": ""RuntimeError"", ""error_message"": ""Cannot create a GUI FigureManager outside the main thread using the MacOS backend. Use a non-interactive backend like 'agg' to make plots on worker threads."", ""line_no"": ""9.0"", ""test_case"": """"}","
import numpy as np
import pandas as pd
import matplotlib.pyplot as plt
import seaborn as sns
x = np.arange(10)
y = np.random.randn(10)
plt.scatter(x, y)
plt.yticks([3, 4])
plt.grid(axis='y', linestyle='--', color='gray', linewidth=0.5)
plt.savefig('output.png', bbox_inches ='tight')
result = None
","
import numpy as np
import pandas as pd
import matplotlib.pyplot as plt
import seaborn as sns
x = np.arange(10)
y = np.random.randn(10)
plt.scatter(x, y)
<<<< [ERROR START] (dynamic: RuntimeError)
plt.yticks([3, 4])
[ERROR FINISH] (dynamic: RuntimeError) >>>>
<<<< [ERROR START] (lib: type_error)
<<<< [ERROR START] (lib: type_error)
<<<< [ERROR START] (lib: type_error)
plt.grid(axis='y', linestyle='--', color='gray', linewidth=0.5)
[ERROR FINISH] (lib: type_error) >>>>
[ERROR FINISH] (lib: type_error) >>>>
[ERROR FINISH] (lib: type_error) >>>>
<<<< [ERROR START] (lib: type_error)
plt.savefig('output.png', bbox_inches ='tight')
[ERROR FINISH] (lib: type_error) >>>>
result = None
","lib,lib,lib,lib,dynamic","lib: type_error,lib: type_error,lib: type_error,lib: type_error,dynamic: RuntimeError","10-10,10-10,10-10,11-11,9-9"
DS1000,hallucinated,DS0555,,,"[{'type': 'type_error', 'function': 'savefig', 'invalid_arg': 'bbox_inches', 'line': 11}]","{""error_type"": ""RuntimeError"", ""error_message"": ""Cannot create a GUI FigureManager outside the main thread using the MacOS backend. Use a non-interactive backend like 'agg' to make plots on worker threads."", ""line_no"": ""9.0"", ""test_case"": """"}","
import numpy as np
import pandas as pd
import matplotlib.pyplot as plt
import seaborn as sns
x = np.arange(10)
y = np.random.randn(10)
plt.scatter(x, y)
plt.yticks([3, 4])
plt.xticks([1, 2])
plt.savefig('output.png', bbox_inches ='tight')
result = None
","
import numpy as np
import pandas as pd
import matplotlib.pyplot as plt
import seaborn as sns
x = np.arange(10)
y = np.random.randn(10)
plt.scatter(x, y)
<<<< [ERROR START] (dynamic: RuntimeError)
plt.yticks([3, 4])
[ERROR FINISH] (dynamic: RuntimeError) >>>>
plt.xticks([1, 2])
<<<< [ERROR START] (lib: type_error)
plt.savefig('output.png', bbox_inches ='tight')
[ERROR FINISH] (lib: type_error) >>>>
result = None
","lib,dynamic","lib: type_error,dynamic: RuntimeError","11-11,9-9"
DS1000,hallucinated,DS0556,,,"[{'type': 'type_error', 'function': 'savefig', 'invalid_arg': 'bbox_inches', 'line': 10}]","{""error_type"": ""RuntimeError"", ""error_message"": ""Cannot create a GUI FigureManager outside the main thread using the MacOS backend. Use a non-interactive backend like 'agg' to make plots on worker threads."", ""line_no"": ""9.0"", ""test_case"": """"}","
import numpy as np
import pandas as pd
import matplotlib.pyplot as plt
import seaborn as sns
x = np.arange(10)
y = np.random.randn(10)
plt.scatter(x, y)
plt.grid(True)
plt.savefig('output.png', bbox_inches ='tight')
result = None
","
import numpy as np
import pandas as pd
import matplotlib.pyplot as plt
import seaborn as sns
x = np.arange(10)
y = np.random.randn(10)
plt.scatter(x, y)
<<<< [ERROR START] (dynamic: RuntimeError)
plt.grid(True)
[ERROR FINISH] (dynamic: RuntimeError) >>>>
<<<< [ERROR START] (lib: type_error)
plt.savefig('output.png', bbox_inches ='tight')
[ERROR FINISH] (lib: type_error) >>>>
result = None
","lib,dynamic","lib: type_error,dynamic: RuntimeError","10-10,9-9"
DS1000,hallucinated,DS0557,,,"[{'type': 'type_error', 'function': 'plot', 'invalid_arg': 'label', 'line': 8}, {'type': 'type_error', 'function': 'legend', 'invalid_arg': 'loc', 'line': 9}, {'type': 'type_error', 'function': 'savefig', 'invalid_arg': 'bbox_inches', 'line': 10}]","{""error_type"": ""RuntimeError"", ""error_message"": ""Cannot create a GUI FigureManager outside the main thread using the MacOS backend. Use a non-interactive backend like 'agg' to make plots on worker threads."", ""line_no"": ""9.0"", ""test_case"": """"}","
import numpy as np
import pandas as pd
import matplotlib.pyplot as plt
import seaborn as sns
x = 10 * np.random.randn(10)
y = x
plt.plot(x, y, label=""x-y"")
plt.legend(loc='lower right')
plt.savefig('output.png', bbox_inches ='tight')
result = None
","
import numpy as np
import pandas as pd
import matplotlib.pyplot as plt
import seaborn as sns
x = 10 * np.random.randn(10)
y = x
<<<< [ERROR START] (lib: type_error)
plt.plot(x, y, label=""x-y"")
[ERROR FINISH] (lib: type_error) >>>>
<<<< [ERROR START] (lib: type_error)
<<<< [ERROR START] (dynamic: RuntimeError)
plt.legend(loc='lower right')
[ERROR FINISH] (lib: type_error) >>>>
[ERROR FINISH] (dynamic: RuntimeError) >>>>
<<<< [ERROR START] (lib: type_error)
plt.savefig('output.png', bbox_inches ='tight')
[ERROR FINISH] (lib: type_error) >>>>
result = None
","lib,lib,lib,dynamic","lib: type_error,lib: type_error,lib: type_error,dynamic: RuntimeError","8-8,9-9,10-10,9-9"
DS1000,hallucinated,DS0558,,,"[{'type': 'type_error', 'function': 'subplots', 'invalid_arg': 'figsize', 'line': 3}, {'type': 'type_error', 'function': 'savefig', 'invalid_arg': 'bbox_inches', 'line': 11}]","{""error_type"": ""RuntimeError"", ""error_message"": ""Cannot create a GUI FigureManager outside the main thread using the MacOS backend. Use a non-interactive backend like 'agg' to make plots on worker threads."", ""line_no"": ""4.0"", ""test_case"": """"}","
import matplotlib.pyplot as plt
fig, axes = plt.subplots(ncols=2, nrows=2, figsize=(8, 6))
axes = axes.flatten()
for ax in axes:
    ax.set_ylabel(r""$\ln\left(\frac{x_a-x_b}{x_a-x_c}\right)$"")
    ax.set_xlabel(r""$\ln\left(\frac{x_a-x_d}{x_a-x_e}\right)$"")
plt.show()
plt.clf()
plt.tight_layout(pad=3)
plt.savefig('output.png', bbox_inches ='tight')
result = None
","
import matplotlib.pyplot as plt
<<<< [ERROR START] (lib: type_error)
fig, axes = plt.subplots(ncols=2, nrows=2, figsize=(8, 6))
[ERROR FINISH] (lib: type_error) >>>>
<<<< [ERROR START] (dynamic: RuntimeError)
axes = axes.flatten()
[ERROR FINISH] (dynamic: RuntimeError) >>>>
for ax in axes:
    ax.set_ylabel(r""$\ln\left(\frac{x_a-x_b}{x_a-x_c}\right)$"")
    ax.set_xlabel(r""$\ln\left(\frac{x_a-x_d}{x_a-x_e}\right)$"")
plt.show()
plt.clf()
plt.tight_layout(pad=3)
<<<< [ERROR START] (lib: type_error)
plt.savefig('output.png', bbox_inches ='tight')
[ERROR FINISH] (lib: type_error) >>>>
result = None
","lib,lib,dynamic","lib: type_error,lib: type_error,dynamic: RuntimeError","3-3,11-11,4-4"
DS1000,hallucinated,DS0559,,,"[{'type': 'type_error', 'function': 'savefig', 'invalid_arg': 'bbox_inches', 'line': 12}]","{""error_type"": ""RuntimeError"", ""error_message"": ""Cannot create a GUI FigureManager outside the main thread using the MacOS backend. Use a non-interactive backend like 'agg' to make plots on worker threads."", ""line_no"": ""7.0"", ""test_case"": """"}","
import numpy as np
import pandas as pd
import matplotlib.pyplot as plt
x = np.arange(10)
y = np.arange(10, 20)
z = np.arange(10)
import matplotlib.pyplot as plt
plt.plot(x, y)
plt.plot(x, z)
plt.legend(['Y', 'Z'])
plt.savefig('output.png', bbox_inches ='tight')
result = None
","
import numpy as np
import pandas as pd
import matplotlib.pyplot as plt
x = np.arange(10)
y = np.arange(10, 20)
<<<< [ERROR START] (dynamic: RuntimeError)
z = np.arange(10)
[ERROR FINISH] (dynamic: RuntimeError) >>>>
import matplotlib.pyplot as plt
plt.plot(x, y)
plt.plot(x, z)
plt.legend(['Y', 'Z'])
<<<< [ERROR START] (lib: type_error)
plt.savefig('output.png', bbox_inches ='tight')
[ERROR FINISH] (lib: type_error) >>>>
result = None
","lib,dynamic","lib: type_error,dynamic: RuntimeError","12-12,7-7"
DS1000,hallucinated,DS0560,,,"[{'type': 'type_error', 'function': 'savefig', 'invalid_arg': 'bbox_inches', 'line': 13}]","{""error_type"": ""RuntimeError"", ""error_message"": ""Cannot create a GUI FigureManager outside the main thread using the MacOS backend. Use a non-interactive backend like 'agg' to make plots on worker threads."", ""line_no"": ""8.0"", ""test_case"": """"}","
import matplotlib.pyplot as plt
import numpy as np
column_labels = list(""ABCD"")
row_labels = list(""WXYZ"")
data = np.random.rand(4, 4)
fig, ax = plt.subplots()
heatmap = ax.pcolor(data, cmap=plt.cm.Blues)
ax.set_xticks(np.arange(len(column_labels)) + 0.5)
ax.set_yticks(np.arange(len(row_labels)) + 0.5)
ax.set_xticklabels(column_labels)
ax.set_yticklabels(row_labels)
plt.savefig('output.png', bbox_inches ='tight')
result = None
","
import matplotlib.pyplot as plt
import numpy as np
column_labels = list(""ABCD"")
row_labels = list(""WXYZ"")
data = np.random.rand(4, 4)
fig, ax = plt.subplots()
<<<< [ERROR START] (dynamic: RuntimeError)
heatmap = ax.pcolor(data, cmap=plt.cm.Blues)
[ERROR FINISH] (dynamic: RuntimeError) >>>>
ax.set_xticks(np.arange(len(column_labels)) + 0.5)
ax.set_yticks(np.arange(len(row_labels)) + 0.5)
ax.set_xticklabels(column_labels)
ax.set_yticklabels(row_labels)
<<<< [ERROR START] (lib: type_error)
plt.savefig('output.png', bbox_inches ='tight')
[ERROR FINISH] (lib: type_error) >>>>
result = None
","lib,dynamic","lib: type_error,dynamic: RuntimeError","13-13,8-8"
DS1000,hallucinated,DS0561,,,"[{'type': 'type_error', 'function': 'savefig', 'invalid_arg': 'bbox_inches', 'line': 8}]","{""error_type"": ""RuntimeError"", ""error_message"": ""Cannot create a GUI FigureManager outside the main thread using the MacOS backend. Use a non-interactive backend like 'agg' to make plots on worker threads."", ""line_no"": ""10.0"", ""test_case"": """"}","
import numpy as np
import pandas as pd
import matplotlib.pyplot as plt
x = np.arange(10)
y = np.arange(10)
plt.xlabel(""X"", labelpad=20)
plt.savefig('output.png', bbox_inches ='tight')
result = None
","
import numpy as np
import pandas as pd
import matplotlib.pyplot as plt
x = np.arange(10)
y = np.arange(10)
plt.xlabel(""X"", labelpad=20)
<<<< [ERROR START] (lib: type_error)
plt.savefig('output.png', bbox_inches ='tight')
[ERROR FINISH] (lib: type_error) >>>>
result = None
<<<< [ERROR START] (dynamic: RuntimeError)

[ERROR FINISH] (dynamic: RuntimeError) >>>>","lib,dynamic","lib: type_error,dynamic: RuntimeError","8-8,10-10"
DS1000,hallucinated,DS0562,,,"[{'type': 'type_error', 'function': 'plot', 'invalid_arg': 'label', 'line': 7}, {'type': 'type_error', 'function': 'savefig', 'invalid_arg': 'bbox_inches', 'line': 10}]","{""error_type"": ""RuntimeError"", ""error_message"": ""Cannot create a GUI FigureManager outside the main thread using the MacOS backend. Use a non-interactive backend like 'agg' to make plots on worker threads."", ""line_no"": ""10.0"", ""test_case"": """"}","
import numpy as np
import pandas as pd
import matplotlib.pyplot as plt
x = np.arange(10)
y = np.arange(10)
plt.plot(x, y, label='Line')
plt.xticks([])
plt.legend()
plt.savefig('output.png', bbox_inches ='tight')
result = None
","
import numpy as np
import pandas as pd
import matplotlib.pyplot as plt
x = np.arange(10)
y = np.arange(10)
<<<< [ERROR START] (lib: type_error)
plt.plot(x, y, label='Line')
[ERROR FINISH] (lib: type_error) >>>>
plt.xticks([])
plt.legend()
<<<< [ERROR START] (lib: type_error)
<<<< [ERROR START] (dynamic: RuntimeError)
plt.savefig('output.png', bbox_inches ='tight')
[ERROR FINISH] (lib: type_error) >>>>
[ERROR FINISH] (dynamic: RuntimeError) >>>>
result = None
","lib,lib,dynamic","lib: type_error,lib: type_error,dynamic: RuntimeError","7-7,10-10,10-10"
DS1000,hallucinated,DS0563,,,"[{'type': 'type_error', 'function': 'yticks', 'invalid_arg': 'rotation', 'line': 8}, {'type': 'type_error', 'function': 'savefig', 'invalid_arg': 'bbox_inches', 'line': 9}]","{""error_type"": ""RuntimeError"", ""error_message"": ""Cannot create a GUI FigureManager outside the main thread using the MacOS backend. Use a non-interactive backend like 'agg' to make plots on worker threads."", ""line_no"": ""10.0"", ""test_case"": """"}","
import numpy as np
import pandas as pd
import matplotlib.pyplot as plt
x = np.arange(10)
y = np.arange(10)
plt.plot(x, y)
plt.yticks(np.arange(10), rotation=90)
plt.savefig('output.png', bbox_inches ='tight')
result = None
","
import numpy as np
import pandas as pd
import matplotlib.pyplot as plt
x = np.arange(10)
y = np.arange(10)
plt.plot(x, y)
<<<< [ERROR START] (lib: type_error)
plt.yticks(np.arange(10), rotation=90)
[ERROR FINISH] (lib: type_error) >>>>
<<<< [ERROR START] (lib: type_error)
plt.savefig('output.png', bbox_inches ='tight')
[ERROR FINISH] (lib: type_error) >>>>
<<<< [ERROR START] (dynamic: RuntimeError)
result = None
[ERROR FINISH] (dynamic: RuntimeError) >>>>
","lib,lib,dynamic","lib: type_error,lib: type_error,dynamic: RuntimeError","8-8,9-9,10-10"
DS1000,hallucinated,DS0564,,,"[{'type': 'type_error', 'function': 'plot', 'invalid_arg': 'label', 'line': 7}, {'type': 'type_error', 'function': 'yticks', 'invalid_arg': 'rotation', 'line': 9}, {'type': 'type_error', 'function': 'yticks', 'invalid_arg': 'ha', 'line': 9}, {'type': 'type_error', 'function': 'savefig', 'invalid_arg': 'bbox_inches', 'line': 11}]","{""error_type"": ""RuntimeError"", ""error_message"": ""Cannot create a GUI FigureManager outside the main thread using the MacOS backend. Use a non-interactive backend like 'agg' to make plots on worker threads."", ""line_no"": ""10.0"", ""test_case"": """"}","
import numpy as np
import pandas as pd
import matplotlib.pyplot as plt
x = np.arange(10)
y = np.arange(10)
plt.plot(x, y, label='Y')
plt.ylabel('Y')
plt.yticks(rotation=90, ha='right')
plt.tight_layout()
plt.savefig('output.png', bbox_inches ='tight')
result = None
","
import numpy as np
import pandas as pd
import matplotlib.pyplot as plt
x = np.arange(10)
y = np.arange(10)
<<<< [ERROR START] (lib: type_error)
plt.plot(x, y, label='Y')
[ERROR FINISH] (lib: type_error) >>>>
plt.ylabel('Y')
<<<< [ERROR START] (lib: type_error)
<<<< [ERROR START] (lib: type_error)
plt.yticks(rotation=90, ha='right')
[ERROR FINISH] (lib: type_error) >>>>
[ERROR FINISH] (lib: type_error) >>>>
<<<< [ERROR START] (dynamic: RuntimeError)
plt.tight_layout()
[ERROR FINISH] (dynamic: RuntimeError) >>>>
<<<< [ERROR START] (lib: type_error)
plt.savefig('output.png', bbox_inches ='tight')
[ERROR FINISH] (lib: type_error) >>>>
result = None
","lib,lib,lib,lib,dynamic","lib: type_error,lib: type_error,lib: type_error,lib: type_error,dynamic: RuntimeError","7-7,9-9,9-9,11-11,10-10"
DS1000,hallucinated,DS0565,,,"[{'type': 'type_error', 'function': 'jointplot', 'invalid_arg': 'scatter_kws', 'line': 6}, {'type': 'type_error', 'function': 'savefig', 'invalid_arg': 'bbox_inches', 'line': 7}]","{""error_type"": ""RuntimeError"", ""error_message"": ""Cannot create a GUI FigureManager outside the main thread using the MacOS backend. Use a non-interactive backend like 'agg' to make plots on worker threads."", ""line_no"": ""11.0"", ""test_case"": """"}","
import matplotlib.pyplot as plt
import numpy as np, pandas as pd
import seaborn as sns
tips = sns.load_dataset(""tips"")
sns.jointplot(x=""total_bill"", y=""tip"", data=tips, kind='reg', color='green', scatter_kws={'color': 'blue'})
plt.savefig('output.png', bbox_inches ='tight')
result = None
","
import matplotlib.pyplot as plt
import numpy as np, pandas as pd
import seaborn as sns
tips = sns.load_dataset(""tips"")
<<<< [ERROR START] (lib: type_error)
sns.jointplot(x=""total_bill"", y=""tip"", data=tips, kind='reg', color='green', scatter_kws={'color': 'blue'})
[ERROR FINISH] (lib: type_error) >>>>
<<<< [ERROR START] (lib: type_error)
plt.savefig('output.png', bbox_inches ='tight')
[ERROR FINISH] (lib: type_error) >>>>
result = None
","lib,lib,dynamic","lib: type_error,lib: type_error,dynamic: RuntimeError","6-6,7-7,11-11"
DS1000,hallucinated,DS0566,,,"[{'type': 'type_error', 'function': 'jointplot', 'invalid_arg': 'hist_kws', 'line': 6}, {'type': 'type_error', 'function': 'savefig', 'invalid_arg': 'bbox_inches', 'line': 7}]","{""error_type"": ""RuntimeError"", ""error_message"": ""Cannot create a GUI FigureManager outside the main thread using the MacOS backend. Use a non-interactive backend like 'agg' to make plots on worker threads."", ""line_no"": ""11.0"", ""test_case"": """"}","
import matplotlib.pyplot as plt
import numpy as np, pandas as pd
import seaborn as sns
tips = sns.load_dataset(""tips"")
sns.jointplot(x=""total_bill"", y=""tip"", data=tips, kind='reg', color='green', hist_kws={'color': 'blue'})
plt.savefig('output.png', bbox_inches ='tight')
result = None
","
import matplotlib.pyplot as plt
import numpy as np, pandas as pd
import seaborn as sns
tips = sns.load_dataset(""tips"")
<<<< [ERROR START] (lib: type_error)
sns.jointplot(x=""total_bill"", y=""tip"", data=tips, kind='reg', color='green', hist_kws={'color': 'blue'})
[ERROR FINISH] (lib: type_error) >>>>
<<<< [ERROR START] (lib: type_error)
plt.savefig('output.png', bbox_inches ='tight')
[ERROR FINISH] (lib: type_error) >>>>
result = None
","lib,lib,dynamic","lib: type_error,lib: type_error,dynamic: RuntimeError","6-6,7-7,11-11"
DS1000,hallucinated,DS0567,,,"[{'type': 'type_error', 'function': 'savefig', 'invalid_arg': 'bbox_inches', 'line': 7}]","{""error_type"": ""RuntimeError"", ""error_message"": ""Cannot create a GUI FigureManager outside the main thread using the MacOS backend. Use a non-interactive backend like 'agg' to make plots on worker threads."", ""line_no"": ""11.0"", ""test_case"": """"}","
import matplotlib.pyplot as plt
import numpy as np, pandas as pd
import seaborn as sns
tips = sns.load_dataset(""tips"")
result = sns.jointplot(x=""total_bill"", y=""tip"", kind='reg', data=tips)
plt.savefig('output.png', bbox_inches ='tight')
result = None
","
import matplotlib.pyplot as plt
import numpy as np, pandas as pd
import seaborn as sns
tips = sns.load_dataset(""tips"")
result = sns.jointplot(x=""total_bill"", y=""tip"", kind='reg', data=tips)
<<<< [ERROR START] (lib: type_error)
plt.savefig('output.png', bbox_inches ='tight')
[ERROR FINISH] (lib: type_error) >>>>
result = None
","lib,dynamic","lib: type_error,dynamic: RuntimeError","7-7,11-11"
DS1000,hallucinated,DS0568,,,"[{'type': 'type_error', 'function': 'xticks', 'invalid_arg': 'rotation', 'line': 14}, {'type': 'type_error', 'function': 'savefig', 'invalid_arg': 'bbox_inches', 'line': 15}]","{""error_type"": ""RuntimeError"", ""error_message"": ""Cannot create a GUI FigureManager outside the main thread using the MacOS backend. Use a non-interactive backend like 'agg' to make plots on worker threads."", ""line_no"": ""13.0"", ""test_case"": """"}","
import matplotlib
import matplotlib.pyplot as plt
import pandas as pd
df = pd.DataFrame(
    {
        ""celltype"": [""foo"", ""bar"", ""qux"", ""woz""],
        ""s1"": [5, 9, 1, 7],
        ""s2"": [12, 90, 13, 87],
    }
)
plt.bar(df['celltype'], df['s1'])
plt.xlabel('celltype')
plt.xticks(rotation=0)
plt.savefig('output.png', bbox_inches ='tight')
result = None
","
import matplotlib
import matplotlib.pyplot as plt
import pandas as pd
df = pd.DataFrame(
    {
        ""celltype"": [""foo"", ""bar"", ""qux"", ""woz""],
        ""s1"": [5, 9, 1, 7],
        ""s2"": [12, 90, 13, 87],
    }
)
plt.bar(df['celltype'], df['s1'])
<<<< [ERROR START] (dynamic: RuntimeError)
plt.xlabel('celltype')
[ERROR FINISH] (dynamic: RuntimeError) >>>>
<<<< [ERROR START] (lib: type_error)
plt.xticks(rotation=0)
[ERROR FINISH] (lib: type_error) >>>>
<<<< [ERROR START] (lib: type_error)
plt.savefig('output.png', bbox_inches ='tight')
[ERROR FINISH] (lib: type_error) >>>>
result = None
","lib,lib,dynamic","lib: type_error,lib: type_error,dynamic: RuntimeError","14-14,15-15,13-13"
DS1000,hallucinated,DS0569,,,"[{'type': 'type_error', 'function': 'xticks', 'invalid_arg': 'rotation', 'line': 14}, {'type': 'type_error', 'function': 'savefig', 'invalid_arg': 'bbox_inches', 'line': 15}]","{""error_type"": ""RuntimeError"", ""error_message"": ""Cannot create a GUI FigureManager outside the main thread using the MacOS backend. Use a non-interactive backend like 'agg' to make plots on worker threads."", ""line_no"": ""13.0"", ""test_case"": """"}","
import matplotlib
import matplotlib.pyplot as plt
import pandas as pd
df = pd.DataFrame(
    {
        ""celltype"": [""foo"", ""bar"", ""qux"", ""woz""],
        ""s1"": [5, 9, 1, 7],
        ""s2"": [12, 90, 13, 87],
    }
)
plt.bar(df['celltype'], df['s1'])
plt.xlabel('celltype')
plt.xticks(rotation=45)
plt.savefig('output.png', bbox_inches ='tight')
result = None
","
import matplotlib
import matplotlib.pyplot as plt
import pandas as pd
df = pd.DataFrame(
    {
        ""celltype"": [""foo"", ""bar"", ""qux"", ""woz""],
        ""s1"": [5, 9, 1, 7],
        ""s2"": [12, 90, 13, 87],
    }
)
plt.bar(df['celltype'], df['s1'])
<<<< [ERROR START] (dynamic: RuntimeError)
plt.xlabel('celltype')
[ERROR FINISH] (dynamic: RuntimeError) >>>>
<<<< [ERROR START] (lib: type_error)
plt.xticks(rotation=45)
[ERROR FINISH] (lib: type_error) >>>>
<<<< [ERROR START] (lib: type_error)
plt.savefig('output.png', bbox_inches ='tight')
[ERROR FINISH] (lib: type_error) >>>>
result = None
","lib,lib,dynamic","lib: type_error,lib: type_error,dynamic: RuntimeError","14-14,15-15,13-13"
DS1000,hallucinated,DS0570,,,"[{'type': 'type_error', 'function': 'xlabel', 'invalid_arg': 'color', 'line': 8}, {'type': 'type_error', 'function': 'ylabel', 'invalid_arg': 'color', 'line': 9}, {'type': 'type_error', 'function': 'savefig', 'invalid_arg': 'bbox_inches', 'line': 10}]","{""error_type"": ""RuntimeError"", ""error_message"": ""Cannot create a GUI FigureManager outside the main thread using the MacOS backend. Use a non-interactive backend like 'agg' to make plots on worker threads."", ""line_no"": ""10.0"", ""test_case"": """"}","
import numpy as np
import pandas as pd
import matplotlib.pyplot as plt
x = np.arange(10)
y = np.arange(10)
plt.plot(x, y)
plt.xlabel('X', color='red')
plt.ylabel('Y', color='red')
plt.savefig('output.png', bbox_inches ='tight')
result = None
","
import numpy as np
import pandas as pd
import matplotlib.pyplot as plt
x = np.arange(10)
y = np.arange(10)
plt.plot(x, y)
<<<< [ERROR START] (lib: type_error)
plt.xlabel('X', color='red')
[ERROR FINISH] (lib: type_error) >>>>
<<<< [ERROR START] (lib: type_error)
plt.ylabel('Y', color='red')
[ERROR FINISH] (lib: type_error) >>>>
<<<< [ERROR START] (lib: type_error)
<<<< [ERROR START] (dynamic: RuntimeError)
plt.savefig('output.png', bbox_inches ='tight')
[ERROR FINISH] (lib: type_error) >>>>
[ERROR FINISH] (dynamic: RuntimeError) >>>>
result = None
","lib,lib,lib,dynamic","lib: type_error,lib: type_error,lib: type_error,dynamic: RuntimeError","8-8,9-9,10-10,10-10"
DS1000,hallucinated,DS0571,,,"[{'type': 'type_error', 'function': 'plot', 'invalid_arg': 'label', 'line': 7}, {'type': 'type_error', 'function': 'axhline', 'invalid_arg': 'color', 'line': 9}, {'type': 'type_error', 'function': 'axhline', 'invalid_arg': 'linestyle', 'line': 9}, {'type': 'type_error', 'function': 'savefig', 'invalid_arg': 'bbox_inches', 'line': 11}]","{""error_type"": ""RuntimeError"", ""error_message"": ""Cannot create a GUI FigureManager outside the main thread using the MacOS backend. Use a non-interactive backend like 'agg' to make plots on worker threads."", ""line_no"": ""10.0"", ""test_case"": """"}","
import numpy as np
import pandas as pd
import matplotlib.pyplot as plt
x = np.arange(10)
y = np.arange(10)
plt.plot(x, y, label='Y')
plt.xlabel('X')
plt.axhline(y=0, color='r', linestyle='-')
result = None
plt.savefig('output.png', bbox_inches ='tight')
result = None
","
import numpy as np
import pandas as pd
import matplotlib.pyplot as plt
x = np.arange(10)
y = np.arange(10)
<<<< [ERROR START] (lib: type_error)
plt.plot(x, y, label='Y')
[ERROR FINISH] (lib: type_error) >>>>
plt.xlabel('X')
<<<< [ERROR START] (lib: type_error)
<<<< [ERROR START] (lib: type_error)
plt.axhline(y=0, color='r', linestyle='-')
[ERROR FINISH] (lib: type_error) >>>>
[ERROR FINISH] (lib: type_error) >>>>
<<<< [ERROR START] (dynamic: RuntimeError)
result = None
[ERROR FINISH] (dynamic: RuntimeError) >>>>
<<<< [ERROR START] (lib: type_error)
plt.savefig('output.png', bbox_inches ='tight')
[ERROR FINISH] (lib: type_error) >>>>
result = None
","lib,lib,lib,lib,dynamic","lib: type_error,lib: type_error,lib: type_error,lib: type_error,dynamic: RuntimeError","7-7,9-9,9-9,11-11,10-10"
DS1000,hallucinated,DS0572,,,"[{'type': 'type_error', 'function': 'tick_params', 'invalid_arg': 'labelsize', 'line': 8}, {'type': 'type_error', 'function': 'tick_params', 'invalid_arg': 'rotation', 'line': 8}, {'type': 'type_error', 'function': 'savefig', 'invalid_arg': 'bbox_inches', 'line': 9}]","{""error_type"": ""RuntimeError"", ""error_message"": ""Cannot create a GUI FigureManager outside the main thread using the MacOS backend. Use a non-interactive backend like 'agg' to make plots on worker threads."", ""line_no"": ""10.0"", ""test_case"": """"}","
import numpy as np
import pandas as pd
import matplotlib.pyplot as plt
x = np.arange(10)
y = np.arange(10)
plt.plot(x, y)
plt.tick_params(axis='x', labelsize=10, rotation=90)
plt.savefig('output.png', bbox_inches ='tight')
result = None
","
import numpy as np
import pandas as pd
import matplotlib.pyplot as plt
x = np.arange(10)
y = np.arange(10)
plt.plot(x, y)
<<<< [ERROR START] (lib: type_error)
<<<< [ERROR START] (lib: type_error)
plt.tick_params(axis='x', labelsize=10, rotation=90)
[ERROR FINISH] (lib: type_error) >>>>
[ERROR FINISH] (lib: type_error) >>>>
<<<< [ERROR START] (lib: type_error)
plt.savefig('output.png', bbox_inches ='tight')
[ERROR FINISH] (lib: type_error) >>>>
<<<< [ERROR START] (dynamic: RuntimeError)
result = None
[ERROR FINISH] (dynamic: RuntimeError) >>>>
","lib,lib,lib,dynamic","lib: type_error,lib: type_error,lib: type_error,dynamic: RuntimeError","8-8,8-8,9-9,10-10"
DS1000,hallucinated,DS0573,,,"[{'type': 'type_error', 'function': 'vlines', 'invalid_arg': 'color', 'line': 3}, {'type': 'type_error', 'function': 'vlines', 'invalid_arg': 'linewidth', 'line': 3}, {'type': 'type_error', 'function': 'savefig', 'invalid_arg': 'bbox_inches', 'line': 4}]","{""error_type"": ""RuntimeError"", ""error_message"": ""Cannot create a GUI FigureManager outside the main thread using the MacOS backend. Use a non-interactive backend like 'agg' to make plots on worker threads."", ""line_no"": ""11.0"", ""test_case"": """"}","
import matplotlib.pyplot as plt
result = plt.vlines([0.22058956, 0.33088437, 2.20589566], ymin=0, ymax=1, color='r', linewidth=2)
plt.savefig('output.png', bbox_inches ='tight')
result = None
","
import matplotlib.pyplot as plt
<<<< [ERROR START] (lib: type_error)
<<<< [ERROR START] (lib: type_error)
result = plt.vlines([0.22058956, 0.33088437, 2.20589566], ymin=0, ymax=1, color='r', linewidth=2)
[ERROR FINISH] (lib: type_error) >>>>
[ERROR FINISH] (lib: type_error) >>>>
<<<< [ERROR START] (lib: type_error)
plt.savefig('output.png', bbox_inches ='tight')
[ERROR FINISH] (lib: type_error) >>>>
result = None
","lib,lib,lib,dynamic","lib: type_error,lib: type_error,lib: type_error,dynamic: RuntimeError","3-3,3-3,4-4,11-11"
DS1000,hallucinated,DS0574,,,"[{'type': 'type_error', 'function': 'xticks', 'invalid_arg': 'rotation', 'line': 8}, {'type': 'type_error', 'function': 'savefig', 'invalid_arg': 'bbox_inches', 'line': 12}]","{""error_type"": ""RuntimeError"", ""error_message"": ""Cannot create a GUI FigureManager outside the main thread using the MacOS backend. Use a non-interactive backend like 'agg' to make plots on worker threads."", ""line_no"": ""11.0"", ""test_case"": """"}","
import matplotlib.pyplot as plt
import numpy
xlabels = list(""ABCD"")
ylabels = list(""CDEF"")
rand_mat = numpy.random.rand(4, 4)
result = plt.imshow(rand_mat, cmap='viridis')
plt.xticks(range(len(xlabels)), xlabels, rotation=90)
plt.yticks(range(len(ylabels)), ylabels[::-1])
plt.gca().invert_yaxis()
plt.colorbar()
plt.savefig('output.png', bbox_inches ='tight')
result = None
","
import matplotlib.pyplot as plt
import numpy
xlabels = list(""ABCD"")
ylabels = list(""CDEF"")
rand_mat = numpy.random.rand(4, 4)
result = plt.imshow(rand_mat, cmap='viridis')
<<<< [ERROR START] (lib: type_error)
plt.xticks(range(len(xlabels)), xlabels, rotation=90)
[ERROR FINISH] (lib: type_error) >>>>
plt.yticks(range(len(ylabels)), ylabels[::-1])
plt.gca().invert_yaxis()
<<<< [ERROR START] (dynamic: RuntimeError)
plt.colorbar()
[ERROR FINISH] (dynamic: RuntimeError) >>>>
<<<< [ERROR START] (lib: type_error)
plt.savefig('output.png', bbox_inches ='tight')
[ERROR FINISH] (lib: type_error) >>>>
result = None
","lib,lib,dynamic","lib: type_error,lib: type_error,dynamic: RuntimeError","8-8,12-12,11-11"
DS1000,hallucinated,DS0575,,,"[{'type': 'type_error', 'function': 'savefig', 'invalid_arg': 'bbox_inches', 'line': 25}, {'type': 'type_error', 'function': 'savefig', 'invalid_arg': 'bbox_inches', 'line': 26}]","{""error_type"": ""RuntimeError"", ""error_message"": ""Cannot create a GUI FigureManager outside the main thread using the MacOS backend. Use a non-interactive backend like 'agg' to make plots on worker threads."", ""line_no"": ""1.0"", ""test_case"": """"}","
import numpy as np
import matplotlib.pyplot as plt
from matplotlib import rc
rc(""mathtext"", default=""regular"")
time = np.arange(10)
temp = np.random.random(10) * 30
Swdown = np.random.random(10) * 100 - 10
Rn = np.random.random(10) * 100 - 10
fig = plt.figure()
ax = fig.add_subplot(111)
ax.plot(time, Swdown, ""-"", label=""Swdown"")
ax.plot(time, Rn, ""-"", label=""Rn"")
ax2 = ax.twinx()
ax2.plot(time, temp, ""-r"", label=""temp"")
ax.legend(loc=0)
ax.grid()
ax.set_xlabel(""Time (h)"")
ax.set_ylabel(r""Radiation ($MJ\,m^{-2}\,d^{-1}$)"")
ax2.set_ylabel(r""Temperature ($^\circ$C)"")
ax2.set_ylim(0, 35)
ax.set_ylim(-20, 100)
plt.show()
plt.clf()
result = plt.savefig('output.png', bbox_inches='tight')
plt.savefig('output.png', bbox_inches ='tight')
result = None
","<<<< [ERROR START] (dynamic: RuntimeError)

[ERROR FINISH] (dynamic: RuntimeError) >>>>
import numpy as np
import matplotlib.pyplot as plt
from matplotlib import rc
rc(""mathtext"", default=""regular"")
time = np.arange(10)
temp = np.random.random(10) * 30
Swdown = np.random.random(10) * 100 - 10
Rn = np.random.random(10) * 100 - 10
fig = plt.figure()
ax = fig.add_subplot(111)
ax.plot(time, Swdown, ""-"", label=""Swdown"")
ax.plot(time, Rn, ""-"", label=""Rn"")
ax2 = ax.twinx()
ax2.plot(time, temp, ""-r"", label=""temp"")
ax.legend(loc=0)
ax.grid()
ax.set_xlabel(""Time (h)"")
ax.set_ylabel(r""Radiation ($MJ\,m^{-2}\,d^{-1}$)"")
ax2.set_ylabel(r""Temperature ($^\circ$C)"")
ax2.set_ylim(0, 35)
ax.set_ylim(-20, 100)
plt.show()
plt.clf()
<<<< [ERROR START] (lib: type_error)
result = plt.savefig('output.png', bbox_inches='tight')
[ERROR FINISH] (lib: type_error) >>>>
<<<< [ERROR START] (lib: type_error)
plt.savefig('output.png', bbox_inches ='tight')
[ERROR FINISH] (lib: type_error) >>>>
result = None
","lib,lib,dynamic","lib: type_error,lib: type_error,dynamic: RuntimeError","25-25,26-26,1-1"
DS1000,hallucinated,DS0576,,,"[{'type': 'type_error', 'function': 'subplots', 'invalid_arg': 'figsize', 'line': 7}, {'type': 'type_error', 'function': 'savefig', 'invalid_arg': 'bbox_inches', 'line': 11}, {'type': 'type_error', 'function': 'savefig', 'invalid_arg': 'bbox_inches', 'line': 12}]","{""error_type"": ""RuntimeError"", ""error_message"": ""Cannot create a GUI FigureManager outside the main thread using the MacOS backend. Use a non-interactive backend like 'agg' to make plots on worker threads."", ""line_no"": ""10.0"", ""test_case"": """"}","
import numpy as np
import pandas as pd
import matplotlib.pyplot as plt
x = np.arange(10)
y = np.arange(10)
result = plt.subplots(1, 2, figsize=(10, 5))
for ax in result:
    ax.plot(x, y)
    ax.set_title('Y')
plt.savefig('output.png', bbox_inches='tight')
plt.savefig('output.png', bbox_inches ='tight')
result = None
","
import numpy as np
import pandas as pd
import matplotlib.pyplot as plt
x = np.arange(10)
y = np.arange(10)
<<<< [ERROR START] (lib: type_error)
result = plt.subplots(1, 2, figsize=(10, 5))
[ERROR FINISH] (lib: type_error) >>>>
for ax in result:
    ax.plot(x, y)
<<<< [ERROR START] (dynamic: RuntimeError)
    ax.set_title('Y')
[ERROR FINISH] (dynamic: RuntimeError) >>>>
<<<< [ERROR START] (lib: type_error)
plt.savefig('output.png', bbox_inches='tight')
[ERROR FINISH] (lib: type_error) >>>>
<<<< [ERROR START] (lib: type_error)
plt.savefig('output.png', bbox_inches ='tight')
[ERROR FINISH] (lib: type_error) >>>>
result = None
","lib,lib,lib,dynamic","lib: type_error,lib: type_error,lib: type_error,dynamic: RuntimeError","7-7,11-11,12-12,10-10"
DS1000,hallucinated,DS0577,,,"[{'type': 'type_error', 'function': 'scatterplot', 'invalid_arg': 'markersize', 'line': 9}, {'type': 'type_error', 'function': 'savefig', 'invalid_arg': 'bbox_inches', 'line': 10}]","{""error_type"": ""RuntimeError"", ""error_message"": ""Cannot create a GUI FigureManager outside the main thread using the MacOS backend. Use a non-interactive backend like 'agg' to make plots on worker threads."", ""line_no"": ""10.0"", ""test_case"": """"}","
import numpy as np
import pandas as pd
import matplotlib.pyplot as plt
import seaborn as sns
df = sns.load_dataset(""penguins"")[
    [""bill_length_mm"", ""bill_depth_mm"", ""flipper_length_mm"", ""body_mass_g""]
]
sns.scatterplot(x=""bill_length_mm"", y=""bill_depth_mm"", data=df, markersize=30)
plt.savefig('output.png', bbox_inches ='tight')
result = None
","
import numpy as np
import pandas as pd
import matplotlib.pyplot as plt
import seaborn as sns
df = sns.load_dataset(""penguins"")[
    [""bill_length_mm"", ""bill_depth_mm"", ""flipper_length_mm"", ""body_mass_g""]
]
<<<< [ERROR START] (lib: type_error)
sns.scatterplot(x=""bill_length_mm"", y=""bill_depth_mm"", data=df, markersize=30)
[ERROR FINISH] (lib: type_error) >>>>
<<<< [ERROR START] (lib: type_error)
<<<< [ERROR START] (dynamic: RuntimeError)
plt.savefig('output.png', bbox_inches ='tight')
[ERROR FINISH] (lib: type_error) >>>>
[ERROR FINISH] (dynamic: RuntimeError) >>>>
result = None
","lib,lib,dynamic","lib: type_error,lib: type_error,dynamic: RuntimeError","9-9,10-10,10-10"
DS1000,hallucinated,DS0578,,,"[{'type': 'type_error', 'function': 'savefig', 'invalid_arg': 'bbox_inches', 'line': 11}]","{""error_type"": ""RuntimeError"", ""error_message"": ""Cannot create a GUI FigureManager outside the main thread using the MacOS backend. Use a non-interactive backend like 'agg' to make plots on worker threads."", ""line_no"": ""10.0"", ""test_case"": """"}","
import numpy as np
import pandas as pd
import matplotlib.pyplot as plt
a = [2.56422, 3.77284, 3.52623]
b = [0.15, 0.3, 0.45]
c = [58, 651, 393]
result = plt.scatter(a, b)
for i, txt in enumerate(c):
    result.text(b[i], a[i], str(txt), ha='center', va='bottom')
plt.savefig('output.png', bbox_inches ='tight')
result = None
","
import numpy as np
import pandas as pd
import matplotlib.pyplot as plt
a = [2.56422, 3.77284, 3.52623]
b = [0.15, 0.3, 0.45]
c = [58, 651, 393]
result = plt.scatter(a, b)
for i, txt in enumerate(c):
<<<< [ERROR START] (dynamic: RuntimeError)
    result.text(b[i], a[i], str(txt), ha='center', va='bottom')
[ERROR FINISH] (dynamic: RuntimeError) >>>>
<<<< [ERROR START] (lib: type_error)
plt.savefig('output.png', bbox_inches ='tight')
[ERROR FINISH] (lib: type_error) >>>>
result = None
","lib,dynamic","lib: type_error,dynamic: RuntimeError","11-11,10-10"
DS1000,hallucinated,DS0579,,,"[{'type': 'type_error', 'function': 'plot', 'invalid_arg': 'label', 'line': 7}, {'type': 'type_error', 'function': 'legend', 'invalid_arg': 'title', 'line': 8}, {'type': 'type_error', 'function': 'savefig', 'invalid_arg': 'bbox_inches', 'line': 9}]","{""error_type"": ""RuntimeError"", ""error_message"": ""Cannot create a GUI FigureManager outside the main thread using the MacOS backend. Use a non-interactive backend like 'agg' to make plots on worker threads."", ""line_no"": ""10.0"", ""test_case"": """"}","
import numpy as np
import pandas as pd
import matplotlib.pyplot as plt
x = np.arange(10)
y = np.arange(10)
plt.plot(x, y, label=""y over x"")
plt.legend(title=""Legend Title"")
plt.savefig('output.png', bbox_inches ='tight')
result = None
","
import numpy as np
import pandas as pd
import matplotlib.pyplot as plt
x = np.arange(10)
y = np.arange(10)
<<<< [ERROR START] (lib: type_error)
plt.plot(x, y, label=""y over x"")
[ERROR FINISH] (lib: type_error) >>>>
<<<< [ERROR START] (lib: type_error)
plt.legend(title=""Legend Title"")
[ERROR FINISH] (lib: type_error) >>>>
<<<< [ERROR START] (lib: type_error)
plt.savefig('output.png', bbox_inches ='tight')
[ERROR FINISH] (lib: type_error) >>>>
<<<< [ERROR START] (dynamic: RuntimeError)
result = None
[ERROR FINISH] (dynamic: RuntimeError) >>>>
","lib,lib,lib,dynamic","lib: type_error,lib: type_error,lib: type_error,dynamic: RuntimeError","7-7,8-8,9-9,10-10"
DS1000,hallucinated,DS0580,,,"[{'type': 'type_error', 'function': 'plot', 'invalid_arg': 'label', 'line': 7}, {'type': 'type_error', 'function': 'legend', 'invalid_arg': 'title', 'line': 8}, {'type': 'type_error', 'function': 'legend', 'invalid_arg': 'title_fontweight', 'line': 8}, {'type': 'type_error', 'function': 'savefig', 'invalid_arg': 'bbox_inches', 'line': 10}]","{""error_type"": ""RuntimeError"", ""error_message"": ""Cannot create a GUI FigureManager outside the main thread using the MacOS backend. Use a non-interactive backend like 'agg' to make plots on worker threads."", ""line_no"": ""10.0"", ""test_case"": """"}","
import numpy as np
import pandas as pd
import matplotlib.pyplot as plt
x = np.arange(10)
y = np.arange(10)
plt.plot(x, y, label=""y over x"")
plt.legend(title=""Legend"", title_fontweight='bold')
result = plt
plt.savefig('output.png', bbox_inches ='tight')
result = None
","
import numpy as np
import pandas as pd
import matplotlib.pyplot as plt
x = np.arange(10)
y = np.arange(10)
<<<< [ERROR START] (lib: type_error)
plt.plot(x, y, label=""y over x"")
[ERROR FINISH] (lib: type_error) >>>>
<<<< [ERROR START] (lib: type_error)
<<<< [ERROR START] (lib: type_error)
plt.legend(title=""Legend"", title_fontweight='bold')
[ERROR FINISH] (lib: type_error) >>>>
[ERROR FINISH] (lib: type_error) >>>>
result = plt
<<<< [ERROR START] (lib: type_error)
<<<< [ERROR START] (dynamic: RuntimeError)
plt.savefig('output.png', bbox_inches ='tight')
[ERROR FINISH] (lib: type_error) >>>>
[ERROR FINISH] (dynamic: RuntimeError) >>>>
result = None
","lib,lib,lib,lib,dynamic","lib: type_error,lib: type_error,lib: type_error,lib: type_error,dynamic: RuntimeError","7-7,8-8,8-8,10-10,10-10"
DS1000,hallucinated,DS0581,,,"[{'type': 'type_error', 'function': 'hist', 'invalid_arg': 'edgecolor', 'line': 7}, {'type': 'type_error', 'function': 'hist', 'invalid_arg': 'linewidth', 'line': 7}, {'type': 'type_error', 'function': 'savefig', 'invalid_arg': 'bbox_inches', 'line': 8}]","{""error_type"": ""RuntimeError"", ""error_message"": ""Cannot create a GUI FigureManager outside the main thread using the MacOS backend. Use a non-interactive backend like 'agg' to make plots on worker threads."", ""line_no"": ""11.0"", ""test_case"": """"}","
import numpy as np
import pandas as pd
import matplotlib.pyplot as plt
x = np.random.rand(10)
y = np.random.rand(10)
result = plt.hist(x, edgecolor='black', linewidth=1.2)
plt.savefig('output.png', bbox_inches ='tight')
result = None
","
import numpy as np
import pandas as pd
import matplotlib.pyplot as plt
x = np.random.rand(10)
y = np.random.rand(10)
<<<< [ERROR START] (lib: type_error)
<<<< [ERROR START] (lib: type_error)
result = plt.hist(x, edgecolor='black', linewidth=1.2)
[ERROR FINISH] (lib: type_error) >>>>
[ERROR FINISH] (lib: type_error) >>>>
<<<< [ERROR START] (lib: type_error)
plt.savefig('output.png', bbox_inches ='tight')
[ERROR FINISH] (lib: type_error) >>>>
result = None
","lib,lib,lib,dynamic","lib: type_error,lib: type_error,lib: type_error,dynamic: RuntimeError","7-7,7-7,8-8,11-11"
DS1000,hallucinated,DS0582,,,"[{'type': 'type_error', 'function': 'subplots', 'invalid_arg': 'figsize', 'line': 7}, {'type': 'type_error', 'function': 'savefig', 'invalid_arg': 'bbox_inches', 'line': 10}, {'type': 'type_error', 'function': 'savefig', 'invalid_arg': 'bbox_inches', 'line': 12}]","{""error_type"": ""RuntimeError"", ""error_message"": ""Cannot create a GUI FigureManager outside the main thread using the MacOS backend. Use a non-interactive backend like 'agg' to make plots on worker threads."", ""line_no"": ""10.0"", ""test_case"": """"}","
import numpy as np
import pandas as pd
import matplotlib.pyplot as plt
x = np.arange(10)
y = np.arange(10)
fig, (ax1, ax2) = plt.subplots(1, 2, figsize=(15, 6))
ax1.plot(x, y)
ax2.plot(x, y)
plt.savefig('output.png', bbox_inches='tight')
result = None
plt.savefig('output.png', bbox_inches ='tight')
result = None
","
import numpy as np
import pandas as pd
import matplotlib.pyplot as plt
x = np.arange(10)
y = np.arange(10)
<<<< [ERROR START] (lib: type_error)
fig, (ax1, ax2) = plt.subplots(1, 2, figsize=(15, 6))
[ERROR FINISH] (lib: type_error) >>>>
ax1.plot(x, y)
ax2.plot(x, y)
<<<< [ERROR START] (lib: type_error)
<<<< [ERROR START] (dynamic: RuntimeError)
plt.savefig('output.png', bbox_inches='tight')
[ERROR FINISH] (lib: type_error) >>>>
[ERROR FINISH] (dynamic: RuntimeError) >>>>
result = None
<<<< [ERROR START] (lib: type_error)
plt.savefig('output.png', bbox_inches ='tight')
[ERROR FINISH] (lib: type_error) >>>>
result = None
","lib,lib,lib,dynamic","lib: type_error,lib: type_error,lib: type_error,dynamic: RuntimeError","7-7,10-10,12-12,10-10"
DS1000,hallucinated,DS0583,,,"[{'type': 'type_error', 'function': 'hist', 'invalid_arg': 'alpha', 'line': 8}, {'type': 'type_error', 'function': 'savefig', 'invalid_arg': 'bbox_inches', 'line': 10}]","{""error_type"": ""RuntimeError"", ""error_message"": ""Cannot create a GUI FigureManager outside the main thread using the MacOS backend. Use a non-interactive backend like 'agg' to make plots on worker threads."", ""line_no"": ""10.0"", ""test_case"": """"}","
import numpy as np
import pandas as pd
import matplotlib.pyplot as plt
x = np.random.rand(10)
y = np.random.rand(10)
bins = np.linspace(-1, 1, 100)
plt.hist([x, y], bins=bins, alpha=0.5, label=['x', 'y'])
plt.legend()
plt.savefig('output.png', bbox_inches ='tight')
result = None
","
import numpy as np
import pandas as pd
import matplotlib.pyplot as plt
x = np.random.rand(10)
y = np.random.rand(10)
bins = np.linspace(-1, 1, 100)
<<<< [ERROR START] (lib: type_error)
plt.hist([x, y], bins=bins, alpha=0.5, label=['x', 'y'])
[ERROR FINISH] (lib: type_error) >>>>
plt.legend()
<<<< [ERROR START] (lib: type_error)
<<<< [ERROR START] (dynamic: RuntimeError)
plt.savefig('output.png', bbox_inches ='tight')
[ERROR FINISH] (lib: type_error) >>>>
[ERROR FINISH] (dynamic: RuntimeError) >>>>
result = None
","lib,lib,dynamic","lib: type_error,lib: type_error,dynamic: RuntimeError","8-8,10-10,10-10"
DS1000,hallucinated,DS0584,,,"[{'type': 'type_error', 'function': 'hist', 'invalid_arg': 'alpha', 'line': 7}, {'type': 'type_error', 'function': 'savefig', 'invalid_arg': 'bbox_inches', 'line': 9}]","{""error_type"": ""RuntimeError"", ""error_message"": ""Cannot create a GUI FigureManager outside the main thread using the MacOS backend. Use a non-interactive backend like 'agg' to make plots on worker threads."", ""line_no"": ""11.0"", ""test_case"": """"}","
import numpy as np
import pandas as pd
import matplotlib.pyplot as plt
x = np.random.rand(10)
y = np.random.rand(10)
result = plt.hist([x, y], bins=20, alpha=0.5, label=['x', 'y'])
plt.legend()
plt.savefig('output.png', bbox_inches ='tight')
result = None
","
import numpy as np
import pandas as pd
import matplotlib.pyplot as plt
x = np.random.rand(10)
y = np.random.rand(10)
<<<< [ERROR START] (lib: type_error)
result = plt.hist([x, y], bins=20, alpha=0.5, label=['x', 'y'])
[ERROR FINISH] (lib: type_error) >>>>
plt.legend()
<<<< [ERROR START] (lib: type_error)
plt.savefig('output.png', bbox_inches ='tight')
[ERROR FINISH] (lib: type_error) >>>>
result = None
<<<< [ERROR START] (dynamic: RuntimeError)

[ERROR FINISH] (dynamic: RuntimeError) >>>>","lib,lib,dynamic","lib: type_error,lib: type_error,dynamic: RuntimeError","7-7,9-9,11-11"
DS1000,hallucinated,DS0585,,,"[{'type': 'type_error', 'function': 'savefig', 'invalid_arg': 'bbox_inches', 'line': 9}]","{""error_type"": ""RuntimeError"", ""error_message"": ""Cannot create a GUI FigureManager outside the main thread using the MacOS backend. Use a non-interactive backend like 'agg' to make plots on worker threads."", ""line_no"": ""12.0"", ""test_case"": """"}","
import matplotlib.pyplot as plt
a, b = 1, 1
c, d = 3, 4
plt.plot([a, c], [b, d])
plt.xlim(0, 5)
plt.ylim(0, 5)
result = None
plt.savefig('output.png', bbox_inches ='tight')
result = None
","
import matplotlib.pyplot as plt
a, b = 1, 1
c, d = 3, 4
plt.plot([a, c], [b, d])
plt.xlim(0, 5)
plt.ylim(0, 5)
result = None
<<<< [ERROR START] (lib: type_error)
plt.savefig('output.png', bbox_inches ='tight')
[ERROR FINISH] (lib: type_error) >>>>
result = None
","lib,dynamic","lib: type_error,dynamic: RuntimeError","9-9,12-12"
DS1000,hallucinated,DS0586,,,"[{'type': 'type_error', 'function': 'savefig', 'invalid_arg': 'bbox_inches', 'line': 16}, {'type': 'type_error', 'function': 'savefig', 'invalid_arg': 'bbox_inches', 'line': 17}]","{""error_type"": ""RuntimeError"", ""error_message"": ""Cannot create a GUI FigureManager outside the main thread using the MacOS backend. Use a non-interactive backend like 'agg' to make plots on worker threads."", ""line_no"": ""10.0"", ""test_case"": """"}","
import matplotlib.pyplot as plt
import numpy as np
x = np.random.random((10, 10))
y = np.random.random((10, 10))
result = plt.figure(figsize=(10, 5))
ax1 = result.add_subplot(121)
ax2 = result.add_subplot(122)

cmap1 = ax1.imshow(x, cmap='viridis')
cmap2 = ax2.imshow(y, cmap='plasma')

fig.colorbar(cmap1, ax=ax1)
fig.colorbar(cmap2, ax=ax2)

plt.savefig('output.png', bbox_inches='tight')
plt.savefig('output.png', bbox_inches ='tight')
result = None
","
import matplotlib.pyplot as plt
import numpy as np
x = np.random.random((10, 10))
y = np.random.random((10, 10))
result = plt.figure(figsize=(10, 5))
ax1 = result.add_subplot(121)
ax2 = result.add_subplot(122)

<<<< [ERROR START] (dynamic: RuntimeError)
cmap1 = ax1.imshow(x, cmap='viridis')
[ERROR FINISH] (dynamic: RuntimeError) >>>>
cmap2 = ax2.imshow(y, cmap='plasma')

fig.colorbar(cmap1, ax=ax1)
fig.colorbar(cmap2, ax=ax2)

<<<< [ERROR START] (lib: type_error)
plt.savefig('output.png', bbox_inches='tight')
[ERROR FINISH] (lib: type_error) >>>>
<<<< [ERROR START] (lib: type_error)
plt.savefig('output.png', bbox_inches ='tight')
[ERROR FINISH] (lib: type_error) >>>>
result = None
","lib,lib,dynamic","lib: type_error,lib: type_error,dynamic: RuntimeError","16-16,17-17,10-10"
DS1000,hallucinated,DS0587,,,"[{'type': 'type_error', 'function': 'plot', 'invalid_arg': 'label', 'line': 6}, {'type': 'type_error', 'function': 'plot', 'invalid_arg': 'label', 'line': 7}, {'type': 'type_error', 'function': 'savefig', 'invalid_arg': 'bbox_inches', 'line': 9}]","{""error_type"": ""RuntimeError"", ""error_message"": ""Cannot create a GUI FigureManager outside the main thread using the MacOS backend. Use a non-interactive backend like 'agg' to make plots on worker threads."", ""line_no"": ""10.0"", ""test_case"": """"}","
import numpy as np
import pandas as pd
import matplotlib.pyplot as plt
x = np.random.random((10, 2))
plt.plot(x[:, 0], label='a')
plt.plot(x[:, 1], label='b')
plt.legend()
plt.savefig('output.png', bbox_inches ='tight')
result = None
","
import numpy as np
import pandas as pd
import matplotlib.pyplot as plt
x = np.random.random((10, 2))
<<<< [ERROR START] (lib: type_error)
plt.plot(x[:, 0], label='a')
[ERROR FINISH] (lib: type_error) >>>>
<<<< [ERROR START] (lib: type_error)
plt.plot(x[:, 1], label='b')
[ERROR FINISH] (lib: type_error) >>>>
plt.legend()
<<<< [ERROR START] (lib: type_error)
plt.savefig('output.png', bbox_inches ='tight')
[ERROR FINISH] (lib: type_error) >>>>
<<<< [ERROR START] (dynamic: RuntimeError)
result = None
[ERROR FINISH] (dynamic: RuntimeError) >>>>
","lib,lib,lib,dynamic","lib: type_error,lib: type_error,lib: type_error,dynamic: RuntimeError","6-6,7-7,9-9,10-10"
DS1000,hallucinated,DS0588,,,"[{'type': 'type_error', 'function': 'suptitle', 'invalid_arg': 'fontsize', 'line': 18}, {'type': 'type_error', 'function': 'savefig', 'invalid_arg': 'bbox_inches', 'line': 21}]","{""error_type"": ""RuntimeError"", ""error_message"": ""Cannot create a GUI FigureManager outside the main thread using the MacOS backend. Use a non-interactive backend like 'agg' to make plots on worker threads."", ""line_no"": ""10.0"", ""test_case"": """"}","
import numpy as np
import pandas as pd
import matplotlib.pyplot as plt
x = np.arange(10)
y = np.arange(10)
z = np.arange(10)
a = np.arange(10)
plt.figure(figsize=(12, 6))
plt.subplot(1, 2, 1)
plt.plot(x, y)
plt.title('Y over X')

plt.subplot(1, 2, 2)
plt.plot(a, z)
plt.title('Z over A')

plt.suptitle('Y and Z', fontsize=14)
plt.tight_layout()
result = None
plt.savefig('output.png', bbox_inches ='tight')
result = None
","
import numpy as np
import pandas as pd
import matplotlib.pyplot as plt
x = np.arange(10)
y = np.arange(10)
z = np.arange(10)
a = np.arange(10)
plt.figure(figsize=(12, 6))
<<<< [ERROR START] (dynamic: RuntimeError)
plt.subplot(1, 2, 1)
[ERROR FINISH] (dynamic: RuntimeError) >>>>
plt.plot(x, y)
plt.title('Y over X')

plt.subplot(1, 2, 2)
plt.plot(a, z)
plt.title('Z over A')

<<<< [ERROR START] (lib: type_error)
plt.suptitle('Y and Z', fontsize=14)
[ERROR FINISH] (lib: type_error) >>>>
plt.tight_layout()
result = None
<<<< [ERROR START] (lib: type_error)
plt.savefig('output.png', bbox_inches ='tight')
[ERROR FINISH] (lib: type_error) >>>>
result = None
","lib,lib,dynamic","lib: type_error,lib: type_error,dynamic: RuntimeError","18-18,21-21,10-10"
DS1000,hallucinated,DS0589,,,"[{'type': 'type_error', 'function': 'savefig', 'invalid_arg': 'bbox_inches', 'line': 7}]","{""error_type"": ""RuntimeError"", ""error_message"": ""Cannot create a GUI FigureManager outside the main thread using the MacOS backend. Use a non-interactive backend like 'agg' to make plots on worker threads."", ""line_no"": ""10.0"", ""test_case"": """"}","
import numpy as np
import pandas as pd
import matplotlib.pyplot as plt
points = [(3, 5), (5, 10), (10, 150)]
result = pd.DataFrame(points).plot(kind='line', x=0, y=1, logy=True)
plt.savefig('output.png', bbox_inches ='tight')
result = None
","
import numpy as np
import pandas as pd
import matplotlib.pyplot as plt
points = [(3, 5), (5, 10), (10, 150)]
result = pd.DataFrame(points).plot(kind='line', x=0, y=1, logy=True)
<<<< [ERROR START] (lib: type_error)
plt.savefig('output.png', bbox_inches ='tight')
[ERROR FINISH] (lib: type_error) >>>>
result = None
","lib,dynamic","lib: type_error,dynamic: RuntimeError","7-7,10-10"
DS1000,hallucinated,DS0590,,,"[{'type': 'type_error', 'function': 'plot', 'invalid_arg': 'fontsize', 'line': 7}, {'type': 'type_error', 'function': 'plot', 'invalid_arg': 'label', 'line': 7}, {'type': 'type_error', 'function': 'title', 'invalid_arg': 'fontsize', 'line': 8}, {'type': 'type_error', 'function': 'xlabel', 'invalid_arg': 'fontsize', 'line': 9}, {'type': 'type_error', 'function': 'ylabel', 'invalid_arg': 'fontsize', 'line': 10}, {'type': 'type_error', 'function': 'savefig', 'invalid_arg': 'bbox_inches', 'line': 12}]","{""error_type"": ""RuntimeError"", ""error_message"": ""Cannot create a GUI FigureManager outside the main thread using the MacOS backend. Use a non-interactive backend like 'agg' to make plots on worker threads."", ""line_no"": ""10.0"", ""test_case"": """"}","
import numpy as np
import pandas as pd
import matplotlib.pyplot as plt
x = np.arange(10)
y = np.arange(10)
plt.plot(x, y, fontsize=20, label='Line')
plt.title('Plot of y over x', fontsize=20)
plt.xlabel('X-axis', fontsize=18)
plt.ylabel('Y-axis', fontsize=16)
plt.legend()
plt.savefig('output.png', bbox_inches ='tight')
result = None
","
import numpy as np
import pandas as pd
import matplotlib.pyplot as plt
x = np.arange(10)
y = np.arange(10)
<<<< [ERROR START] (lib: type_error)
<<<< [ERROR START] (lib: type_error)
plt.plot(x, y, fontsize=20, label='Line')
[ERROR FINISH] (lib: type_error) >>>>
[ERROR FINISH] (lib: type_error) >>>>
<<<< [ERROR START] (lib: type_error)
plt.title('Plot of y over x', fontsize=20)
[ERROR FINISH] (lib: type_error) >>>>
<<<< [ERROR START] (lib: type_error)
plt.xlabel('X-axis', fontsize=18)
[ERROR FINISH] (lib: type_error) >>>>
<<<< [ERROR START] (lib: type_error)
<<<< [ERROR START] (dynamic: RuntimeError)
plt.ylabel('Y-axis', fontsize=16)
[ERROR FINISH] (lib: type_error) >>>>
[ERROR FINISH] (dynamic: RuntimeError) >>>>
plt.legend()
<<<< [ERROR START] (lib: type_error)
plt.savefig('output.png', bbox_inches ='tight')
[ERROR FINISH] (lib: type_error) >>>>
result = None
","lib,lib,lib,lib,lib,lib,dynamic","lib: type_error,lib: type_error,lib: type_error,lib: type_error,lib: type_error,lib: type_error,dynamic: RuntimeError","7-7,7-7,8-8,9-9,10-10,12-12,10-10"
DS1000,hallucinated,DS0591,,,"[{'type': 'type_error', 'function': 'savefig', 'invalid_arg': 'bbox_inches', 'line': 10}]","{""error_type"": ""RuntimeError"", ""error_message"": ""Cannot create a GUI FigureManager outside the main thread using the MacOS backend. Use a non-interactive backend like 'agg' to make plots on worker threads."", ""line_no"": ""8.0"", ""test_case"": """"}","
import matplotlib.pyplot as plt
import numpy as np
x = np.arange(10)
y = np.arange(10)
f = plt.figure()
ax = f.add_subplot(111)
ax.set_xticks(np.arange(1, 11))
ax.set_yticks(np.arange(1, 11))
plt.savefig('output.png', bbox_inches ='tight')
result = None
","
import matplotlib.pyplot as plt
import numpy as np
x = np.arange(10)
y = np.arange(10)
f = plt.figure()
ax = f.add_subplot(111)
<<<< [ERROR START] (dynamic: RuntimeError)
ax.set_xticks(np.arange(1, 11))
[ERROR FINISH] (dynamic: RuntimeError) >>>>
ax.set_yticks(np.arange(1, 11))
<<<< [ERROR START] (lib: type_error)
plt.savefig('output.png', bbox_inches ='tight')
[ERROR FINISH] (lib: type_error) >>>>
result = None
","lib,dynamic","lib: type_error,dynamic: RuntimeError","10-10,8-8"
DS1000,hallucinated,DS0592,,,"[{'type': 'type_error', 'function': 'plot', 'invalid_arg': 'c', 'line': 6}, {'type': 'type_error', 'function': 'savefig', 'invalid_arg': 'bbox_inches', 'line': 7}]","{""error_type"": ""RuntimeError"", ""error_message"": ""Cannot create a GUI FigureManager outside the main thread using the MacOS backend. Use a non-interactive backend like 'agg' to make plots on worker threads."", ""line_no"": ""11.0"", ""test_case"": """"}","
import numpy as np
import matplotlib.pyplot as plt
lines = [[(0, 1), (1, 1)], [(2, 3), (3, 3)], [(1, 2), (1, 3)]]
c = np.array([(1, 0, 0, 1), (0, 1, 0, 1), (0, 0, 1, 1)])
result = plt.plot([x for line in lines for x in line], [y for line in lines for y in line], c=c)
plt.savefig('output.png', bbox_inches ='tight')
result = None
","
import numpy as np
import matplotlib.pyplot as plt
lines = [[(0, 1), (1, 1)], [(2, 3), (3, 3)], [(1, 2), (1, 3)]]
c = np.array([(1, 0, 0, 1), (0, 1, 0, 1), (0, 0, 1, 1)])
<<<< [ERROR START] (lib: type_error)
result = plt.plot([x for line in lines for x in line], [y for line in lines for y in line], c=c)
[ERROR FINISH] (lib: type_error) >>>>
<<<< [ERROR START] (lib: type_error)
plt.savefig('output.png', bbox_inches ='tight')
[ERROR FINISH] (lib: type_error) >>>>
result = None
","lib,lib,dynamic","lib: type_error,lib: type_error,dynamic: RuntimeError","6-6,7-7,11-11"
DS1000,hallucinated,DS0593,,,"[{'type': 'type_error', 'function': 'loglog', 'invalid_arg': 'basex', 'line': 7}, {'type': 'type_error', 'function': 'loglog', 'invalid_arg': 'basey', 'line': 7}, {'type': 'type_error', 'function': 'savefig', 'invalid_arg': 'bbox_inches', 'line': 8}]","{""error_type"": ""RuntimeError"", ""error_message"": ""Cannot create a GUI FigureManager outside the main thread using the MacOS backend. Use a non-interactive backend like 'agg' to make plots on worker threads."", ""line_no"": ""10.0"", ""test_case"": """"}","
import numpy as np
import pandas as pd
import matplotlib.pyplot as plt
x = np.arange(0, 1000, 50)
y = np.arange(0, 1000, 50)
plt.loglog(x, y, basex=10, basey=10)
plt.savefig('output.png', bbox_inches ='tight')
result = None
","
import numpy as np
import pandas as pd
import matplotlib.pyplot as plt
x = np.arange(0, 1000, 50)
y = np.arange(0, 1000, 50)
<<<< [ERROR START] (lib: type_error)
<<<< [ERROR START] (lib: type_error)
plt.loglog(x, y, basex=10, basey=10)
[ERROR FINISH] (lib: type_error) >>>>
[ERROR FINISH] (lib: type_error) >>>>
<<<< [ERROR START] (lib: type_error)
plt.savefig('output.png', bbox_inches ='tight')
[ERROR FINISH] (lib: type_error) >>>>
result = None
<<<< [ERROR START] (dynamic: RuntimeError)

[ERROR FINISH] (dynamic: RuntimeError) >>>>","lib,lib,lib,dynamic","lib: type_error,lib: type_error,lib: type_error,dynamic: RuntimeError","7-7,7-7,8-8,10-10"
DS1000,hallucinated,DS0594,,,"[{'type': 'type_error', 'function': 'savefig', 'invalid_arg': 'bbox_inches', 'line': 12}]","{""error_type"": ""RuntimeError"", ""error_message"": ""Cannot create a GUI FigureManager outside the main thread using the MacOS backend. Use a non-interactive backend like 'agg' to make plots on worker threads."", ""line_no"": ""10.0"", ""test_case"": """"}","
import matplotlib.pyplot as plt
import pandas as pd
import numpy as np
df = pd.DataFrame(
    np.random.randn(50, 4),
    index=pd.date_range(""1/1/2000"", periods=50),
    columns=list(""ABCD""),
)
df = df.cumsum()
result = df.plot(subplots=True, sharex=True, sharey=True, legend=False)
plt.savefig('output.png', bbox_inches ='tight')
result = None
","
import matplotlib.pyplot as plt
import pandas as pd
import numpy as np
df = pd.DataFrame(
    np.random.randn(50, 4),
    index=pd.date_range(""1/1/2000"", periods=50),
    columns=list(""ABCD""),
)
<<<< [ERROR START] (dynamic: RuntimeError)
df = df.cumsum()
[ERROR FINISH] (dynamic: RuntimeError) >>>>
result = df.plot(subplots=True, sharex=True, sharey=True, legend=False)
<<<< [ERROR START] (lib: type_error)
plt.savefig('output.png', bbox_inches ='tight')
[ERROR FINISH] (lib: type_error) >>>>
result = None
","lib,dynamic","lib: type_error,dynamic: RuntimeError","12-12,10-10"
DS1000,hallucinated,DS0595,,,"[{'type': 'type_error', 'function': 'savefig', 'invalid_arg': 'bbox_inches', 'line': 8}, {'type': 'type_error', 'function': 'savefig', 'invalid_arg': 'bbox_inches', 'line': 9}]","{""error_type"": ""RuntimeError"", ""error_message"": ""Cannot create a GUI FigureManager outside the main thread using the MacOS backend. Use a non-interactive backend like 'agg' to make plots on worker threads."", ""line_no"": ""12.0"", ""test_case"": """"}","
import numpy as np
import matplotlib.pyplot as plt
data = [1000, 1000, 5000, 3000, 4000, 16000, 2000]
result = np.histogram(data, bins=7, density=True)[0]
plt.hist(data, bins=7, density=True)
plt.yticks(np.arange(0, 1.1, 0.1), [f'{int(i*100)}%' for i in np.arange(0, 1.1, 0.1)])
plt.savefig('output.png', bbox_inches='tight')
plt.savefig('output.png', bbox_inches ='tight')
result = None
","
import numpy as np
import matplotlib.pyplot as plt
data = [1000, 1000, 5000, 3000, 4000, 16000, 2000]
result = np.histogram(data, bins=7, density=True)[0]
plt.hist(data, bins=7, density=True)
plt.yticks(np.arange(0, 1.1, 0.1), [f'{int(i*100)}%' for i in np.arange(0, 1.1, 0.1)])
<<<< [ERROR START] (lib: type_error)
plt.savefig('output.png', bbox_inches='tight')
[ERROR FINISH] (lib: type_error) >>>>
<<<< [ERROR START] (lib: type_error)
plt.savefig('output.png', bbox_inches ='tight')
[ERROR FINISH] (lib: type_error) >>>>
result = None
","lib,lib,dynamic","lib: type_error,lib: type_error,dynamic: RuntimeError","8-8,9-9,12-12"
DS1000,hallucinated,DS0596,,,"[{'type': 'type_error', 'function': 'plot', 'invalid_arg': 'marker', 'line': 7}, {'type': 'type_error', 'function': 'plot', 'invalid_arg': 'linestyle', 'line': 7}, {'type': 'type_error', 'function': 'plot', 'invalid_arg': 'alpha', 'line': 7}, {'type': 'type_error', 'function': 'savefig', 'invalid_arg': 'bbox_inches', 'line': 8}]","{""error_type"": ""RuntimeError"", ""error_message"": ""Cannot create a GUI FigureManager outside the main thread using the MacOS backend. Use a non-interactive backend like 'agg' to make plots on worker threads."", ""line_no"": ""10.0"", ""test_case"": """"}","
import numpy as np
import pandas as pd
import matplotlib.pyplot as plt
x = np.arange(10)
y = np.arange(10)
plt.plot(x, y, marker='o', linestyle='-', alpha=0.5)
plt.savefig('output.png', bbox_inches ='tight')
result = None
","
import numpy as np
import pandas as pd
import matplotlib.pyplot as plt
x = np.arange(10)
y = np.arange(10)
<<<< [ERROR START] (lib: type_error)
<<<< [ERROR START] (lib: type_error)
<<<< [ERROR START] (lib: type_error)
plt.plot(x, y, marker='o', linestyle='-', alpha=0.5)
[ERROR FINISH] (lib: type_error) >>>>
[ERROR FINISH] (lib: type_error) >>>>
[ERROR FINISH] (lib: type_error) >>>>
<<<< [ERROR START] (lib: type_error)
plt.savefig('output.png', bbox_inches ='tight')
[ERROR FINISH] (lib: type_error) >>>>
result = None
<<<< [ERROR START] (dynamic: RuntimeError)

[ERROR FINISH] (dynamic: RuntimeError) >>>>","lib,lib,lib,lib,dynamic","lib: type_error,lib: type_error,lib: type_error,lib: type_error,dynamic: RuntimeError","7-7,7-7,7-7,8-8,10-10"
DS1000,hallucinated,DS0597,,,"[{'type': 'type_error', 'function': 'subplots', 'invalid_arg': 'figsize', 'line': 9}, {'type': 'type_error', 'function': 'savefig', 'invalid_arg': 'bbox_inches', 'line': 13}]","{""error_type"": ""RuntimeError"", ""error_message"": ""Cannot create a GUI FigureManager outside the main thread using the MacOS backend. Use a non-interactive backend like 'agg' to make plots on worker threads."", ""line_no"": ""10.0"", ""test_case"": """"}","
import numpy as np
import pandas as pd
import matplotlib.pyplot as plt
x = np.arange(10)
y = np.arange(10)
a = np.arange(10)
z = np.arange(10)
fig, (ax1, ax2) = plt.subplots(1, 2, figsize=(10, 5))
ax1.plot(x, y, label='y')
ax2.plot(a, z, label='a')
fig.legend(loc='upper right')
plt.savefig('output.png', bbox_inches ='tight')
result = None
","
import numpy as np
import pandas as pd
import matplotlib.pyplot as plt
x = np.arange(10)
y = np.arange(10)
a = np.arange(10)
z = np.arange(10)
<<<< [ERROR START] (lib: type_error)
fig, (ax1, ax2) = plt.subplots(1, 2, figsize=(10, 5))
[ERROR FINISH] (lib: type_error) >>>>
<<<< [ERROR START] (dynamic: RuntimeError)
ax1.plot(x, y, label='y')
[ERROR FINISH] (dynamic: RuntimeError) >>>>
ax2.plot(a, z, label='a')
fig.legend(loc='upper right')
<<<< [ERROR START] (lib: type_error)
plt.savefig('output.png', bbox_inches ='tight')
[ERROR FINISH] (lib: type_error) >>>>
result = None
","lib,lib,dynamic","lib: type_error,lib: type_error,dynamic: RuntimeError","9-9,13-13,10-10"
DS1000,hallucinated,DS0598,,,"[{'type': 'type_error', 'function': 'savefig', 'invalid_arg': 'bbox_inches', 'line': 11}]","{""error_type"": ""RuntimeError"", ""error_message"": ""Cannot create a GUI FigureManager outside the main thread using the MacOS backend. Use a non-interactive backend like 'agg' to make plots on worker threads."", ""line_no"": ""10.0"", ""test_case"": """"}","
import numpy as np
import pandas as pd
import matplotlib.pyplot as plt
import seaborn as sns
df = sns.load_dataset(""penguins"")[
    [""bill_length_mm"", ""bill_depth_mm"", ""flipper_length_mm"", ""body_mass_g""]
]
result = df.plot.scatter(x='bill_length_mm', y='bill_depth_mm', ax=plt.subplot(1, 2, 1))
df.plot.scatter(x='bill_length_mm', y='flipper_length_mm', ax=plt.subplot(1, 2, 2), sharey=False)
plt.savefig('output.png', bbox_inches ='tight')
result = None
","
import numpy as np
import pandas as pd
import matplotlib.pyplot as plt
import seaborn as sns
df = sns.load_dataset(""penguins"")[
    [""bill_length_mm"", ""bill_depth_mm"", ""flipper_length_mm"", ""body_mass_g""]
]
result = df.plot.scatter(x='bill_length_mm', y='bill_depth_mm', ax=plt.subplot(1, 2, 1))
<<<< [ERROR START] (dynamic: RuntimeError)
df.plot.scatter(x='bill_length_mm', y='flipper_length_mm', ax=plt.subplot(1, 2, 2), sharey=False)
[ERROR FINISH] (dynamic: RuntimeError) >>>>
<<<< [ERROR START] (lib: type_error)
plt.savefig('output.png', bbox_inches ='tight')
[ERROR FINISH] (lib: type_error) >>>>
result = None
","lib,dynamic","lib: type_error,dynamic: RuntimeError","11-11,10-10"
DS1000,hallucinated,DS0599,,,"[{'type': 'type_error', 'function': 'savefig', 'invalid_arg': 'bbox_inches', 'line': 12}]","{""error_type"": ""RuntimeError"", ""error_message"": ""Cannot create a GUI FigureManager outside the main thread using the MacOS backend. Use a non-interactive backend like 'agg' to make plots on worker threads."", ""line_no"": ""6.0"", ""test_case"": """"}","
import numpy as np
import pandas as pd
import matplotlib.pyplot as plt
x = np.arange(10)
y = np.arange(10)
fig, ax = plt.subplots(1, 1)
plt.xlim(1, 10)
plt.xticks(range(1, 10))
ax.plot(y, x)
ax.set_xticklabels(['first', 'second'] + list(ax.get_xticklabels()[2:]))
plt.savefig('output.png', bbox_inches ='tight')
result = None
","
import numpy as np
import pandas as pd
import matplotlib.pyplot as plt
x = np.arange(10)
<<<< [ERROR START] (dynamic: RuntimeError)
y = np.arange(10)
[ERROR FINISH] (dynamic: RuntimeError) >>>>
fig, ax = plt.subplots(1, 1)
plt.xlim(1, 10)
plt.xticks(range(1, 10))
ax.plot(y, x)
ax.set_xticklabels(['first', 'second'] + list(ax.get_xticklabels()[2:]))
<<<< [ERROR START] (lib: type_error)
plt.savefig('output.png', bbox_inches ='tight')
[ERROR FINISH] (lib: type_error) >>>>
result = None
","lib,dynamic","lib: type_error,dynamic: RuntimeError","12-12,6-6"
DS1000,hallucinated,DS0600,,,"[{'type': 'type_error', 'function': 'plot', 'invalid_arg': 'label', 'line': 7}, {'type': 'type_error', 'function': 'savefig', 'invalid_arg': 'bbox_inches', 'line': 8}]","{""error_type"": ""RuntimeError"", ""error_message"": ""Cannot create a GUI FigureManager outside the main thread using the MacOS backend. Use a non-interactive backend like 'agg' to make plots on worker threads."", ""line_no"": ""10.0"", ""test_case"": """"}","
import numpy as np
import pandas as pd
import matplotlib.pyplot as plt
x = np.arange(10)
y = np.arange(10)
plt.plot(x, y, label=r'$\lambda$')
plt.savefig('output.png', bbox_inches ='tight')
result = None
","
import numpy as np
import pandas as pd
import matplotlib.pyplot as plt
x = np.arange(10)
y = np.arange(10)
<<<< [ERROR START] (lib: type_error)
plt.plot(x, y, label=r'$\lambda$')
[ERROR FINISH] (lib: type_error) >>>>
<<<< [ERROR START] (lib: type_error)
plt.savefig('output.png', bbox_inches ='tight')
[ERROR FINISH] (lib: type_error) >>>>
result = None
<<<< [ERROR START] (dynamic: RuntimeError)

[ERROR FINISH] (dynamic: RuntimeError) >>>>","lib,lib,dynamic","lib: type_error,lib: type_error,dynamic: RuntimeError","7-7,8-8,10-10"
DS1000,hallucinated,DS0601,,,"[{'type': 'type_error', 'function': 'savefig', 'invalid_arg': 'bbox_inches', 'line': 10}]","{""error_type"": ""RuntimeError"", ""error_message"": ""Cannot create a GUI FigureManager outside the main thread using the MacOS backend. Use a non-interactive backend like 'agg' to make plots on worker threads."", ""line_no"": ""8.0"", ""test_case"": """"}","
import numpy as np
import pandas as pd
import matplotlib.pyplot as plt
x = np.arange(10)
y = np.arange(10)
plt.plot(y, x)
plt.xticks(range(0, 10, 2))
plt.xticks(np.append(x, [2.1, 3, 7.6]))
plt.savefig('output.png', bbox_inches ='tight')
result = None
","
import numpy as np
import pandas as pd
import matplotlib.pyplot as plt
x = np.arange(10)
y = np.arange(10)
plt.plot(y, x)
<<<< [ERROR START] (dynamic: RuntimeError)
plt.xticks(range(0, 10, 2))
[ERROR FINISH] (dynamic: RuntimeError) >>>>
plt.xticks(np.append(x, [2.1, 3, 7.6]))
<<<< [ERROR START] (lib: type_error)
plt.savefig('output.png', bbox_inches ='tight')
[ERROR FINISH] (lib: type_error) >>>>
result = None
","lib,dynamic","lib: type_error,dynamic: RuntimeError","10-10,8-8"
DS1000,hallucinated,DS0602,,,"[{'type': 'type_error', 'function': 'xticks', 'invalid_arg': 'rotation', 'line': 8}, {'type': 'type_error', 'function': 'xticks', 'invalid_arg': 'ha', 'line': 8}, {'type': 'type_error', 'function': 'savefig', 'invalid_arg': 'bbox_inches', 'line': 9}]","{""error_type"": ""RuntimeError"", ""error_message"": ""Cannot create a GUI FigureManager outside the main thread using the MacOS backend. Use a non-interactive backend like 'agg' to make plots on worker threads."", ""line_no"": ""9.0"", ""test_case"": """"}","
import numpy as np
import pandas as pd
import matplotlib.pyplot as plt
x = np.arange(2010, 2020)
y = np.arange(10)
plt.plot(x, y)
plt.xticks(rotation=-60, ha='left')
plt.savefig('output.png', bbox_inches ='tight')
result = None
","
import numpy as np
import pandas as pd
import matplotlib.pyplot as plt
x = np.arange(2010, 2020)
y = np.arange(10)
plt.plot(x, y)
<<<< [ERROR START] (lib: type_error)
<<<< [ERROR START] (lib: type_error)
plt.xticks(rotation=-60, ha='left')
[ERROR FINISH] (lib: type_error) >>>>
[ERROR FINISH] (lib: type_error) >>>>
<<<< [ERROR START] (lib: type_error)
<<<< [ERROR START] (dynamic: RuntimeError)
plt.savefig('output.png', bbox_inches ='tight')
[ERROR FINISH] (lib: type_error) >>>>
[ERROR FINISH] (dynamic: RuntimeError) >>>>
result = None
","lib,lib,lib,dynamic","lib: type_error,lib: type_error,lib: type_error,dynamic: RuntimeError","8-8,8-8,9-9,9-9"
DS1000,hallucinated,DS0603,,,"[{'type': 'type_error', 'function': 'xticks', 'invalid_arg': 'rotation', 'line': 8}, {'type': 'type_error', 'function': 'xticks', 'invalid_arg': 'ha', 'line': 8}, {'type': 'type_error', 'function': 'savefig', 'invalid_arg': 'bbox_inches', 'line': 9}]","{""error_type"": ""RuntimeError"", ""error_message"": ""Cannot create a GUI FigureManager outside the main thread using the MacOS backend. Use a non-interactive backend like 'agg' to make plots on worker threads."", ""line_no"": ""9.0"", ""test_case"": """"}","
import numpy as np
import pandas as pd
import matplotlib.pyplot as plt
x = np.arange(2010, 2020)
y = np.arange(10)
plt.plot(x, y)
plt.xticks(rotation=-60, ha='top')
plt.savefig('output.png', bbox_inches ='tight')
result = None
","
import numpy as np
import pandas as pd
import matplotlib.pyplot as plt
x = np.arange(2010, 2020)
y = np.arange(10)
plt.plot(x, y)
<<<< [ERROR START] (lib: type_error)
<<<< [ERROR START] (lib: type_error)
plt.xticks(rotation=-60, ha='top')
[ERROR FINISH] (lib: type_error) >>>>
[ERROR FINISH] (lib: type_error) >>>>
<<<< [ERROR START] (lib: type_error)
<<<< [ERROR START] (dynamic: RuntimeError)
plt.savefig('output.png', bbox_inches ='tight')
[ERROR FINISH] (lib: type_error) >>>>
[ERROR FINISH] (dynamic: RuntimeError) >>>>
result = None
","lib,lib,lib,dynamic","lib: type_error,lib: type_error,lib: type_error,dynamic: RuntimeError","8-8,8-8,9-9,9-9"
DS1000,hallucinated,DS0604,,,"[{'type': 'type_error', 'function': 'xticks', 'invalid_arg': 'alpha', 'line': 8}, {'type': 'type_error', 'function': 'savefig', 'invalid_arg': 'bbox_inches', 'line': 9}]","{""error_type"": ""RuntimeError"", ""error_message"": ""Cannot create a GUI FigureManager outside the main thread using the MacOS backend. Use a non-interactive backend like 'agg' to make plots on worker threads."", ""line_no"": ""9.0"", ""test_case"": """"}","
import numpy as np
import pandas as pd
import matplotlib.pyplot as plt
x = np.arange(2010, 2020)
y = np.arange(10)
plt.plot(x, y)
plt.xticks(alpha=0.5)
plt.savefig('output.png', bbox_inches ='tight')
result = None
","
import numpy as np
import pandas as pd
import matplotlib.pyplot as plt
x = np.arange(2010, 2020)
y = np.arange(10)
plt.plot(x, y)
<<<< [ERROR START] (lib: type_error)
plt.xticks(alpha=0.5)
[ERROR FINISH] (lib: type_error) >>>>
<<<< [ERROR START] (lib: type_error)
<<<< [ERROR START] (dynamic: RuntimeError)
plt.savefig('output.png', bbox_inches ='tight')
[ERROR FINISH] (lib: type_error) >>>>
[ERROR FINISH] (dynamic: RuntimeError) >>>>
result = None
","lib,lib,dynamic","lib: type_error,lib: type_error,dynamic: RuntimeError","8-8,9-9,9-9"
DS1000,hallucinated,DS0605,,,"[{'type': 'type_error', 'function': 'savefig', 'invalid_arg': 'bbox_inches', 'line': 9}]","{""error_type"": ""RuntimeError"", ""error_message"": ""Cannot create a GUI FigureManager outside the main thread using the MacOS backend. Use a non-interactive backend like 'agg' to make plots on worker threads."", ""line_no"": ""9.0"", ""test_case"": """"}","
import numpy as np
import pandas as pd
import matplotlib.pyplot as plt
x = np.arange(10)
y = np.arange(10)
plt.plot(x, y)
plt.margins(x=0.05, y=0.05)
plt.savefig('output.png', bbox_inches ='tight')
result = None
","
import numpy as np
import pandas as pd
import matplotlib.pyplot as plt
x = np.arange(10)
y = np.arange(10)
plt.plot(x, y)
plt.margins(x=0.05, y=0.05)
<<<< [ERROR START] (lib: type_error)
<<<< [ERROR START] (dynamic: RuntimeError)
plt.savefig('output.png', bbox_inches ='tight')
[ERROR FINISH] (lib: type_error) >>>>
[ERROR FINISH] (dynamic: RuntimeError) >>>>
result = None
","lib,dynamic","lib: type_error,dynamic: RuntimeError","9-9,9-9"
DS1000,hallucinated,DS0606,,,"[{'type': 'type_error', 'function': 'savefig', 'invalid_arg': 'bbox_inches', 'line': 9}]","{""error_type"": ""RuntimeError"", ""error_message"": ""Cannot create a GUI FigureManager outside the main thread using the MacOS backend. Use a non-interactive backend like 'agg' to make plots on worker threads."", ""line_no"": ""9.0"", ""test_case"": """"}","
import numpy as np
import pandas as pd
import matplotlib.pyplot as plt
x = np.arange(10)
y = np.arange(10)
plt.plot(x, y)
plt.margins(y=0.05, x=0.0)
plt.savefig('output.png', bbox_inches ='tight')
result = None
","
import numpy as np
import pandas as pd
import matplotlib.pyplot as plt
x = np.arange(10)
y = np.arange(10)
plt.plot(x, y)
plt.margins(y=0.05, x=0.0)
<<<< [ERROR START] (lib: type_error)
<<<< [ERROR START] (dynamic: RuntimeError)
plt.savefig('output.png', bbox_inches ='tight')
[ERROR FINISH] (lib: type_error) >>>>
[ERROR FINISH] (dynamic: RuntimeError) >>>>
result = None
","lib,dynamic","lib: type_error,dynamic: RuntimeError","9-9,9-9"
DS1000,hallucinated,DS0607,,,"[{'type': 'type_error', 'function': 'subplots', 'invalid_arg': 'figsize', 'line': 7}, {'type': 'type_error', 'function': 'savefig', 'invalid_arg': 'bbox_inches', 'line': 11}, {'type': 'type_error', 'function': 'savefig', 'invalid_arg': 'bbox_inches', 'line': 12}]","{""error_type"": ""RuntimeError"", ""error_message"": ""Cannot create a GUI FigureManager outside the main thread using the MacOS backend. Use a non-interactive backend like 'agg' to make plots on worker threads."", ""line_no"": ""10.0"", ""test_case"": """"}","
import numpy as np
import pandas as pd
import matplotlib.pyplot as plt
x = np.arange(10)
y = np.arange(10)
result = plt.subplots(1, 2, figsize=(10, 5))
for ax, i in zip(result[1], range(2)):
    ax.plot(x, y + i)
plt.suptitle(""Figure"")
plt.savefig('output.png', bbox_inches='tight')
plt.savefig('output.png', bbox_inches ='tight')
result = None
","
import numpy as np
import pandas as pd
import matplotlib.pyplot as plt
x = np.arange(10)
y = np.arange(10)
<<<< [ERROR START] (lib: type_error)
result = plt.subplots(1, 2, figsize=(10, 5))
[ERROR FINISH] (lib: type_error) >>>>
for ax, i in zip(result[1], range(2)):
    ax.plot(x, y + i)
<<<< [ERROR START] (dynamic: RuntimeError)
plt.suptitle(""Figure"")
[ERROR FINISH] (dynamic: RuntimeError) >>>>
<<<< [ERROR START] (lib: type_error)
plt.savefig('output.png', bbox_inches='tight')
[ERROR FINISH] (lib: type_error) >>>>
<<<< [ERROR START] (lib: type_error)
plt.savefig('output.png', bbox_inches ='tight')
[ERROR FINISH] (lib: type_error) >>>>
result = None
","lib,lib,lib,dynamic","lib: type_error,lib: type_error,lib: type_error,dynamic: RuntimeError","7-7,11-11,12-12,10-10"
DS1000,hallucinated,DS0608,,,"[{'type': 'type_error', 'function': 'plot', 'invalid_arg': 'label', 'line': 6}, {'type': 'type_error', 'function': 'plot', 'invalid_arg': 'label', 'line': 7}, {'type': 'type_error', 'function': 'savefig', 'invalid_arg': 'bbox_inches', 'line': 11}]","{""error_type"": ""RuntimeError"", ""error_message"": ""Cannot create a GUI FigureManager outside the main thread using the MacOS backend. Use a non-interactive backend like 'agg' to make plots on worker threads."", ""line_no"": ""13.0"", ""test_case"": """"}","
import pandas as pd
import matplotlib.pyplot as plt
values = [[1, 2], [3, 4]]
df = pd.DataFrame(values, columns=[""Type A"", ""Type B""], index=[""Index 1"", ""Index 2""])
plt.plot(df.index, df[""Type A""], label=""Type A"")
plt.plot(df.index, df[""Type B""], label=""Type B"")
plt.xlabel(""X"")
plt.ylabel(""Y"")
plt.legend()
plt.savefig('output.png', bbox_inches ='tight')
result = None
","
import pandas as pd
import matplotlib.pyplot as plt
values = [[1, 2], [3, 4]]
df = pd.DataFrame(values, columns=[""Type A"", ""Type B""], index=[""Index 1"", ""Index 2""])
<<<< [ERROR START] (lib: type_error)
plt.plot(df.index, df[""Type A""], label=""Type A"")
[ERROR FINISH] (lib: type_error) >>>>
<<<< [ERROR START] (lib: type_error)
plt.plot(df.index, df[""Type B""], label=""Type B"")
[ERROR FINISH] (lib: type_error) >>>>
plt.xlabel(""X"")
plt.ylabel(""Y"")
plt.legend()
<<<< [ERROR START] (lib: type_error)
plt.savefig('output.png', bbox_inches ='tight')
[ERROR FINISH] (lib: type_error) >>>>
result = None
<<<< [ERROR START] (dynamic: RuntimeError)

[ERROR FINISH] (dynamic: RuntimeError) >>>>","lib,lib,lib,dynamic","lib: type_error,lib: type_error,lib: type_error,dynamic: RuntimeError","6-6,7-7,11-11,13-13"
DS1000,hallucinated,DS0609,,,"[{'type': 'type_error', 'function': 'scatter', 'invalid_arg': 'hatch', 'line': 7}, {'type': 'type_error', 'function': 'savefig', 'invalid_arg': 'bbox_inches', 'line': 8}]","{""error_type"": ""RuntimeError"", ""error_message"": ""Cannot create a GUI FigureManager outside the main thread using the MacOS backend. Use a non-interactive backend like 'agg' to make plots on worker threads."", ""line_no"": ""10.0"", ""test_case"": """"}","
import numpy as np
import pandas as pd
import matplotlib.pyplot as plt
x = np.arange(10)
y = np.arange(10)
plt.scatter(x, y, marker='v', hatch='///')
plt.savefig('output.png', bbox_inches ='tight')
result = None
","
import numpy as np
import pandas as pd
import matplotlib.pyplot as plt
x = np.arange(10)
y = np.arange(10)
<<<< [ERROR START] (lib: type_error)
plt.scatter(x, y, marker='v', hatch='///')
[ERROR FINISH] (lib: type_error) >>>>
<<<< [ERROR START] (lib: type_error)
plt.savefig('output.png', bbox_inches ='tight')
[ERROR FINISH] (lib: type_error) >>>>
result = None
<<<< [ERROR START] (dynamic: RuntimeError)

[ERROR FINISH] (dynamic: RuntimeError) >>>>","lib,lib,dynamic","lib: type_error,lib: type_error,dynamic: RuntimeError","7-7,8-8,10-10"
DS1000,hallucinated,DS0610,,,"[{'type': 'type_error', 'function': 'scatter', 'invalid_arg': 'edgecolor', 'line': 7}, {'type': 'type_error', 'function': 'scatter', 'invalid_arg': 'hatch', 'line': 7}, {'type': 'type_error', 'function': 'savefig', 'invalid_arg': 'bbox_inches', 'line': 8}]","{""error_type"": ""RuntimeError"", ""error_message"": ""Cannot create a GUI FigureManager outside the main thread using the MacOS backend. Use a non-interactive backend like 'agg' to make plots on worker threads."", ""line_no"": ""10.0"", ""test_case"": """"}","
import numpy as np
import pandas as pd
import matplotlib.pyplot as plt
x = np.arange(10)
y = np.arange(10)
result = plt.scatter(x, y, edgecolor='none', marker='v', hatch='|')
plt.savefig('output.png', bbox_inches ='tight')
result = None
","
import numpy as np
import pandas as pd
import matplotlib.pyplot as plt
x = np.arange(10)
y = np.arange(10)
<<<< [ERROR START] (lib: type_error)
<<<< [ERROR START] (lib: type_error)
result = plt.scatter(x, y, edgecolor='none', marker='v', hatch='|')
[ERROR FINISH] (lib: type_error) >>>>
[ERROR FINISH] (lib: type_error) >>>>
<<<< [ERROR START] (lib: type_error)
plt.savefig('output.png', bbox_inches ='tight')
[ERROR FINISH] (lib: type_error) >>>>
result = None
<<<< [ERROR START] (dynamic: RuntimeError)

[ERROR FINISH] (dynamic: RuntimeError) >>>>","lib,lib,lib,dynamic","lib: type_error,lib: type_error,lib: type_error,dynamic: RuntimeError","7-7,7-7,8-8,10-10"
DS1000,hallucinated,DS0611,,,"[{'type': 'type_error', 'function': 'scatter', 'invalid_arg': 'hatch', 'line': 7}, {'type': 'type_error', 'function': 'savefig', 'invalid_arg': 'bbox_inches', 'line': 8}]","{""error_type"": ""RuntimeError"", ""error_message"": ""Cannot create a GUI FigureManager outside the main thread using the MacOS backend. Use a non-interactive backend like 'agg' to make plots on worker threads."", ""line_no"": ""10.0"", ""test_case"": """"}","
import numpy as np
import pandas as pd
import matplotlib.pyplot as plt
x = np.arange(10)
y = np.arange(10)
plt.scatter(x, y, marker='*', hatch='*')
plt.savefig('output.png', bbox_inches ='tight')
result = None
","
import numpy as np
import pandas as pd
import matplotlib.pyplot as plt
x = np.arange(10)
y = np.arange(10)
<<<< [ERROR START] (lib: type_error)
plt.scatter(x, y, marker='*', hatch='*')
[ERROR FINISH] (lib: type_error) >>>>
<<<< [ERROR START] (lib: type_error)
plt.savefig('output.png', bbox_inches ='tight')
[ERROR FINISH] (lib: type_error) >>>>
result = None
<<<< [ERROR START] (dynamic: RuntimeError)

[ERROR FINISH] (dynamic: RuntimeError) >>>>","lib,lib,dynamic","lib: type_error,lib: type_error,dynamic: RuntimeError","7-7,8-8,10-10"
DS1000,hallucinated,DS0612,,,"[{'type': 'type_error', 'function': 'savefig', 'invalid_arg': 'bbox_inches', 'line': 8}]","{""error_type"": ""RuntimeError"", ""error_message"": ""Cannot create a GUI FigureManager outside the main thread using the MacOS backend. Use a non-interactive backend like 'agg' to make plots on worker threads."", ""line_no"": ""10.0"", ""test_case"": """"}","
import numpy as np
import pandas as pd
import matplotlib.pyplot as plt
x = np.arange(10)
y = np.arange(10)
plt.scatter(x, y, s=100, marker='*v')
plt.savefig('output.png', bbox_inches ='tight')
result = None
","
import numpy as np
import pandas as pd
import matplotlib.pyplot as plt
x = np.arange(10)
y = np.arange(10)
plt.scatter(x, y, s=100, marker='*v')
<<<< [ERROR START] (lib: type_error)
plt.savefig('output.png', bbox_inches ='tight')
[ERROR FINISH] (lib: type_error) >>>>
result = None
<<<< [ERROR START] (dynamic: RuntimeError)

[ERROR FINISH] (dynamic: RuntimeError) >>>>","lib,dynamic","lib: type_error,dynamic: RuntimeError","8-8,10-10"
DS1000,hallucinated,DS0613,,,"[{'type': 'type_error', 'function': 'savefig', 'invalid_arg': 'bbox_inches', 'line': 6}]","{""error_type"": ""RuntimeError"", ""error_message"": ""Cannot create a GUI FigureManager outside the main thread using the MacOS backend. Use a non-interactive backend like 'agg' to make plots on worker threads."", ""line_no"": ""11.0"", ""test_case"": """"}","
import matplotlib.pyplot as plt
import numpy as np
data = np.random.random((10, 10))
plt.imshow(data, extent=[1, 5, 1, 4], origin='lower')
plt.savefig('output.png', bbox_inches ='tight')
result = None
","
import matplotlib.pyplot as plt
import numpy as np
data = np.random.random((10, 10))
plt.imshow(data, extent=[1, 5, 1, 4], origin='lower')
<<<< [ERROR START] (lib: type_error)
plt.savefig('output.png', bbox_inches ='tight')
[ERROR FINISH] (lib: type_error) >>>>
result = None
","lib,dynamic","lib: type_error,dynamic: RuntimeError","6-6,11-11"
DS1000,hallucinated,DS0614,,,"[{'type': 'type_error', 'function': 'savefig', 'invalid_arg': 'bbox_inches', 'line': 7}]","{""error_type"": ""RuntimeError"", ""error_message"": ""Cannot create a GUI FigureManager outside the main thread using the MacOS backend. Use a non-interactive backend like 'agg' to make plots on worker threads."", ""line_no"": ""10.0"", ""test_case"": """"}","
import matplotlib.pyplot as plt
import numpy as np
x = np.linspace(0.1, 2 * np.pi, 41)
y = np.exp(np.sin(x))
plt.stem(x, y, orientation='horizontal')
plt.savefig('output.png', bbox_inches ='tight')
result = None
","
import matplotlib.pyplot as plt
import numpy as np
x = np.linspace(0.1, 2 * np.pi, 41)
y = np.exp(np.sin(x))
plt.stem(x, y, orientation='horizontal')
<<<< [ERROR START] (lib: type_error)
plt.savefig('output.png', bbox_inches ='tight')
[ERROR FINISH] (lib: type_error) >>>>
result = None
","lib,dynamic","lib: type_error,dynamic: RuntimeError","7-7,10-10"
DS1000,hallucinated,DS0615,,,"[{'type': 'type_error', 'function': 'bar', 'invalid_arg': 'color', 'line': 5}, {'type': 'type_error', 'function': 'savefig', 'invalid_arg': 'bbox_inches', 'line': 6}]","{""error_type"": ""RuntimeError"", ""error_message"": ""Cannot create a GUI FigureManager outside the main thread using the MacOS backend. Use a non-interactive backend like 'agg' to make plots on worker threads."", ""line_no"": ""15.0"", ""test_case"": """"}","
import matplotlib.pyplot as plt
d = {""a"": 4, ""b"": 5, ""c"": 7}
c = {""a"": ""red"", ""c"": ""green"", ""b"": ""blue""}
result = plt.bar(d.keys(), d.values(), color=[c[key] for key in d])
plt.savefig('output.png', bbox_inches ='tight')
result = None
","
import matplotlib.pyplot as plt
d = {""a"": 4, ""b"": 5, ""c"": 7}
c = {""a"": ""red"", ""c"": ""green"", ""b"": ""blue""}
<<<< [ERROR START] (lib: type_error)
result = plt.bar(d.keys(), d.values(), color=[c[key] for key in d])
[ERROR FINISH] (lib: type_error) >>>>
<<<< [ERROR START] (lib: type_error)
plt.savefig('output.png', bbox_inches ='tight')
[ERROR FINISH] (lib: type_error) >>>>
result = None
","lib,lib,dynamic","lib: type_error,lib: type_error,dynamic: RuntimeError","5-5,6-6,15-15"
DS1000,hallucinated,DS0616,,,"[{'type': 'type_error', 'function': 'axvline', 'invalid_arg': 'color', 'line': 3}, {'type': 'type_error', 'function': 'axvline', 'invalid_arg': 'linestyle', 'line': 3}, {'type': 'type_error', 'function': 'axvline', 'invalid_arg': 'label', 'line': 3}, {'type': 'type_error', 'function': 'savefig', 'invalid_arg': 'bbox_inches', 'line': 4}]","{""error_type"": ""RuntimeError"", ""error_message"": ""Cannot create a GUI FigureManager outside the main thread using the MacOS backend. Use a non-interactive backend like 'agg' to make plots on worker threads."", ""line_no"": ""11.0"", ""test_case"": """"}","
import matplotlib.pyplot as plt
result = plt.axvline(x=3, color='r', linestyle='-', label='cutoff')
plt.savefig('output.png', bbox_inches ='tight')
result = None
","
import matplotlib.pyplot as plt
<<<< [ERROR START] (lib: type_error)
<<<< [ERROR START] (lib: type_error)
<<<< [ERROR START] (lib: type_error)
result = plt.axvline(x=3, color='r', linestyle='-', label='cutoff')
[ERROR FINISH] (lib: type_error) >>>>
[ERROR FINISH] (lib: type_error) >>>>
[ERROR FINISH] (lib: type_error) >>>>
<<<< [ERROR START] (lib: type_error)
plt.savefig('output.png', bbox_inches ='tight')
[ERROR FINISH] (lib: type_error) >>>>
result = None
","lib,lib,lib,lib,dynamic","lib: type_error,lib: type_error,lib: type_error,lib: type_error,dynamic: RuntimeError","3-3,3-3,3-3,4-4,11-11"
DS1000,hallucinated,DS0617,,,"[{'type': 'type_error', 'function': 'bar', 'invalid_arg': 'orientation', 'line': 5}, {'type': 'type_error', 'function': 'bar', 'invalid_arg': 'color', 'line': 5}, {'type': 'type_error', 'function': 'bar', 'invalid_arg': 'alpha', 'line': 5}, {'type': 'type_error', 'function': 'savefig', 'invalid_arg': 'bbox_inches', 'line': 6}]","{""error_type"": ""RuntimeError"", ""error_message"": ""Cannot create a GUI FigureManager outside the main thread using the MacOS backend. Use a non-interactive backend like 'agg' to make plots on worker threads."", ""line_no"": ""11.0"", ""test_case"": """"}","
import matplotlib.pyplot as plt
labels = [""a"", ""b""]
height = [3, 4]
result = plt.bar(labels, height, orientation='vertical', color='blue', alpha=0.7)
plt.savefig('output.png', bbox_inches ='tight')
result = None
","
import matplotlib.pyplot as plt
labels = [""a"", ""b""]
height = [3, 4]
<<<< [ERROR START] (lib: type_error)
<<<< [ERROR START] (lib: type_error)
<<<< [ERROR START] (lib: type_error)
result = plt.bar(labels, height, orientation='vertical', color='blue', alpha=0.7)
[ERROR FINISH] (lib: type_error) >>>>
[ERROR FINISH] (lib: type_error) >>>>
[ERROR FINISH] (lib: type_error) >>>>
<<<< [ERROR START] (lib: type_error)
plt.savefig('output.png', bbox_inches ='tight')
[ERROR FINISH] (lib: type_error) >>>>
result = None
","lib,lib,lib,lib,dynamic","lib: type_error,lib: type_error,lib: type_error,lib: type_error,dynamic: RuntimeError","5-5,5-5,5-5,6-6,11-11"
DS1000,hallucinated,DS0618,,,"[{'type': 'type_error', 'function': 'savefig', 'invalid_arg': 'bbox_inches', 'line': 6}]","{""error_type"": ""RuntimeError"", ""error_message"": ""Cannot create a GUI FigureManager outside the main thread using the MacOS backend. Use a non-interactive backend like 'agg' to make plots on worker threads."", ""line_no"": ""12.0"", ""test_case"": """"}","
import matplotlib.pyplot as plt
l = [""a"", ""b"", ""c""]
data = [225, 90, 50]
result = plt.pie(data, labels=l, wedgeprops=dict(width=0.4))
plt.savefig('output.png', bbox_inches ='tight')
result = None
","
import matplotlib.pyplot as plt
l = [""a"", ""b"", ""c""]
data = [225, 90, 50]
result = plt.pie(data, labels=l, wedgeprops=dict(width=0.4))
<<<< [ERROR START] (lib: type_error)
plt.savefig('output.png', bbox_inches ='tight')
[ERROR FINISH] (lib: type_error) >>>>
result = None
","lib,dynamic","lib: type_error,dynamic: RuntimeError","6-6,12-12"
DS1000,hallucinated,DS0619,,,"[{'type': 'type_error', 'function': 'savefig', 'invalid_arg': 'bbox_inches', 'line': 8}]","{""error_type"": ""RuntimeError"", ""error_message"": ""Cannot create a GUI FigureManager outside the main thread using the MacOS backend. Use a non-interactive backend like 'agg' to make plots on worker threads."", ""line_no"": ""10.0"", ""test_case"": """"}","
import numpy as np
import pandas as pd
import matplotlib.pyplot as plt
x = np.arange(10)
y = np.arange(10)
plt.plot(x, y, 'b--')
plt.savefig('output.png', bbox_inches ='tight')
result = None
","
import numpy as np
import pandas as pd
import matplotlib.pyplot as plt
x = np.arange(10)
y = np.arange(10)
plt.plot(x, y, 'b--')
<<<< [ERROR START] (lib: type_error)
plt.savefig('output.png', bbox_inches ='tight')
[ERROR FINISH] (lib: type_error) >>>>
result = None
<<<< [ERROR START] (dynamic: RuntimeError)

[ERROR FINISH] (dynamic: RuntimeError) >>>>","lib,dynamic","lib: type_error,dynamic: RuntimeError","8-8,10-10"
DS1000,hallucinated,DS0620,,,"[{'type': 'type_error', 'function': 'grid', 'invalid_arg': 'linestyle', 'line': 8}, {'type': 'type_error', 'function': 'grid', 'invalid_arg': 'color', 'line': 8}, {'type': 'type_error', 'function': 'grid', 'invalid_arg': 'linestyle', 'line': 9}, {'type': 'type_error', 'function': 'grid', 'invalid_arg': 'color', 'line': 9}, {'type': 'type_error', 'function': 'savefig', 'invalid_arg': 'bbox_inches', 'line': 10}]","{""error_type"": ""RuntimeError"", ""error_message"": ""Cannot create a GUI FigureManager outside the main thread using the MacOS backend. Use a non-interactive backend like 'agg' to make plots on worker threads."", ""line_no"": ""10.0"", ""test_case"": """"}","
import numpy as np
import pandas as pd
import matplotlib.pyplot as plt
x = np.arange(10)
y = np.arange(10)
plt.minorticks_on()
plt.grid(which='minor', linestyle='--', color='gray')
plt.grid(which='major', linestyle='', color='')
plt.savefig('output.png', bbox_inches ='tight')
result = None
","
import numpy as np
import pandas as pd
import matplotlib.pyplot as plt
x = np.arange(10)
y = np.arange(10)
plt.minorticks_on()
<<<< [ERROR START] (lib: type_error)
<<<< [ERROR START] (lib: type_error)
plt.grid(which='minor', linestyle='--', color='gray')
[ERROR FINISH] (lib: type_error) >>>>
[ERROR FINISH] (lib: type_error) >>>>
<<<< [ERROR START] (lib: type_error)
<<<< [ERROR START] (lib: type_error)
plt.grid(which='major', linestyle='', color='')
[ERROR FINISH] (lib: type_error) >>>>
[ERROR FINISH] (lib: type_error) >>>>
<<<< [ERROR START] (lib: type_error)
<<<< [ERROR START] (dynamic: RuntimeError)
plt.savefig('output.png', bbox_inches ='tight')
[ERROR FINISH] (lib: type_error) >>>>
[ERROR FINISH] (dynamic: RuntimeError) >>>>
result = None
","lib,lib,lib,lib,lib,dynamic","lib: type_error,lib: type_error,lib: type_error,lib: type_error,lib: type_error,dynamic: RuntimeError","8-8,8-8,9-9,9-9,10-10,10-10"
DS1000,hallucinated,DS0621,,,"[{'type': 'type_error', 'function': 'legend', 'invalid_arg': 'title', 'line': 9}, {'type': 'type_error', 'function': 'savefig', 'invalid_arg': 'bbox_inches', 'line': 10}]","{""error_type"": ""RuntimeError"", ""error_message"": ""Cannot create a GUI FigureManager outside the main thread using the MacOS backend. Use a non-interactive backend like 'agg' to make plots on worker threads."", ""line_no"": ""11.0"", ""test_case"": """"}","
import matplotlib.pyplot as plt
labels = [""Walking"", ""Talking"", ""Sleeping"", ""Working""]
sizes = [23, 45, 12, 20]
colors = [""red"", ""blue"", ""green"", ""yellow""]
plt.pie(sizes, labels=labels, colors=colors, autopct='%1.1f%%', startangle=90)
plt.axis('equal')  # Equal aspect ratio ensures that pie is drawn as a circle.
plt.title('Activity Distribution')
plt.legend(title='Activities')
plt.savefig('output.png', bbox_inches ='tight')
result = None
","
import matplotlib.pyplot as plt
labels = [""Walking"", ""Talking"", ""Sleeping"", ""Working""]
sizes = [23, 45, 12, 20]
colors = [""red"", ""blue"", ""green"", ""yellow""]
plt.pie(sizes, labels=labels, colors=colors, autopct='%1.1f%%', startangle=90)
plt.axis('equal')  # Equal aspect ratio ensures that pie is drawn as a circle.
plt.title('Activity Distribution')
<<<< [ERROR START] (lib: type_error)
plt.legend(title='Activities')
[ERROR FINISH] (lib: type_error) >>>>
<<<< [ERROR START] (lib: type_error)
plt.savefig('output.png', bbox_inches ='tight')
[ERROR FINISH] (lib: type_error) >>>>
<<<< [ERROR START] (dynamic: RuntimeError)
result = None
[ERROR FINISH] (dynamic: RuntimeError) >>>>
","lib,lib,dynamic","lib: type_error,lib: type_error,dynamic: RuntimeError","9-9,10-10,11-11"
DS1000,hallucinated,DS0622,,,"[{'type': 'type_error', 'function': 'legend', 'invalid_arg': 'title', 'line': 9}, {'type': 'type_error', 'function': 'savefig', 'invalid_arg': 'bbox_inches', 'line': 10}]","{""error_type"": ""RuntimeError"", ""error_message"": ""Cannot create a GUI FigureManager outside the main thread using the MacOS backend. Use a non-interactive backend like 'agg' to make plots on worker threads."", ""line_no"": ""11.0"", ""test_case"": """"}","
import matplotlib.pyplot as plt
labels = [""Walking"", ""Talking"", ""Sleeping"", ""Working""]
sizes = [23, 45, 12, 20]
colors = [""red"", ""blue"", ""green"", ""yellow""]
plt.pie(sizes, labels=labels, colors=colors, autopct='%1.1f%%', startangle=90)
plt.axis('equal')  # Equal aspect ratio ensures that pie is drawn as a circle.
plt.title('Activity Distribution')
plt.legend(title='Activities')
plt.savefig('output.png', bbox_inches ='tight')
result = None
","
import matplotlib.pyplot as plt
labels = [""Walking"", ""Talking"", ""Sleeping"", ""Working""]
sizes = [23, 45, 12, 20]
colors = [""red"", ""blue"", ""green"", ""yellow""]
plt.pie(sizes, labels=labels, colors=colors, autopct='%1.1f%%', startangle=90)
plt.axis('equal')  # Equal aspect ratio ensures that pie is drawn as a circle.
plt.title('Activity Distribution')
<<<< [ERROR START] (lib: type_error)
plt.legend(title='Activities')
[ERROR FINISH] (lib: type_error) >>>>
<<<< [ERROR START] (lib: type_error)
plt.savefig('output.png', bbox_inches ='tight')
[ERROR FINISH] (lib: type_error) >>>>
<<<< [ERROR START] (dynamic: RuntimeError)
result = None
[ERROR FINISH] (dynamic: RuntimeError) >>>>
","lib,lib,dynamic","lib: type_error,lib: type_error,dynamic: RuntimeError","9-9,10-10,11-11"
DS1000,hallucinated,DS0623,,,"[{'type': 'type_error', 'function': 'plot', 'invalid_arg': 'color', 'line': 7}, {'type': 'type_error', 'function': 'plot', 'invalid_arg': 'markerfacecolor', 'line': 7}, {'type': 'type_error', 'function': 'plot', 'invalid_arg': 'markeredgecolor', 'line': 7}, {'type': 'type_error', 'function': 'plot', 'invalid_arg': 'markersize', 'line': 7}, {'type': 'type_error', 'function': 'savefig', 'invalid_arg': 'bbox_inches', 'line': 8}]","{""error_type"": ""RuntimeError"", ""error_message"": ""Cannot create a GUI FigureManager outside the main thread using the MacOS backend. Use a non-interactive backend like 'agg' to make plots on worker threads."", ""line_no"": ""10.0"", ""test_case"": """"}","
import numpy as np
import pandas as pd
import matplotlib.pyplot as plt
x = np.arange(10)
y = np.arange(10)
plt.plot(x, y, 'o-', color='blue', markerfacecolor='none', markeredgecolor='black', markersize=5)
plt.savefig('output.png', bbox_inches ='tight')
result = None
","
import numpy as np
import pandas as pd
import matplotlib.pyplot as plt
x = np.arange(10)
y = np.arange(10)
<<<< [ERROR START] (lib: type_error)
<<<< [ERROR START] (lib: type_error)
<<<< [ERROR START] (lib: type_error)
<<<< [ERROR START] (lib: type_error)
plt.plot(x, y, 'o-', color='blue', markerfacecolor='none', markeredgecolor='black', markersize=5)
[ERROR FINISH] (lib: type_error) >>>>
[ERROR FINISH] (lib: type_error) >>>>
[ERROR FINISH] (lib: type_error) >>>>
[ERROR FINISH] (lib: type_error) >>>>
<<<< [ERROR START] (lib: type_error)
plt.savefig('output.png', bbox_inches ='tight')
[ERROR FINISH] (lib: type_error) >>>>
result = None
<<<< [ERROR START] (dynamic: RuntimeError)

[ERROR FINISH] (dynamic: RuntimeError) >>>>","lib,lib,lib,lib,lib,dynamic","lib: type_error,lib: type_error,lib: type_error,lib: type_error,lib: type_error,dynamic: RuntimeError","7-7,7-7,7-7,7-7,8-8,10-10"
DS1000,hallucinated,DS0624,,,"[{'type': 'type_error', 'function': 'axvline', 'invalid_arg': 'color', 'line': 10}, {'type': 'type_error', 'function': 'savefig', 'invalid_arg': 'bbox_inches', 'line': 11}]","{""error_type"": ""RuntimeError"", ""error_message"": ""Cannot create a GUI FigureManager outside the main thread using the MacOS backend. Use a non-interactive backend like 'agg' to make plots on worker threads."", ""line_no"": ""10.0"", ""test_case"": """"}","
import numpy as np
import pandas as pd
import matplotlib.pyplot as plt
import seaborn as sns
df = sns.load_dataset(""penguins"")[
    [""bill_length_mm"", ""bill_depth_mm"", ""flipper_length_mm"", ""body_mass_g""]
]
sns.distplot(df[""bill_length_mm""], color=""blue"")
plt.axvline(x=55, color='green')
plt.savefig('output.png', bbox_inches ='tight')
result = None
","
import numpy as np
import pandas as pd
import matplotlib.pyplot as plt
import seaborn as sns
df = sns.load_dataset(""penguins"")[
    [""bill_length_mm"", ""bill_depth_mm"", ""flipper_length_mm"", ""body_mass_g""]
]
sns.distplot(df[""bill_length_mm""], color=""blue"")
<<<< [ERROR START] (lib: type_error)
<<<< [ERROR START] (dynamic: RuntimeError)
plt.axvline(x=55, color='green')
[ERROR FINISH] (lib: type_error) >>>>
[ERROR FINISH] (dynamic: RuntimeError) >>>>
<<<< [ERROR START] (lib: type_error)
plt.savefig('output.png', bbox_inches ='tight')
[ERROR FINISH] (lib: type_error) >>>>
result = None
","lib,lib,dynamic","lib: type_error,lib: type_error,dynamic: RuntimeError","10-10,11-11,10-10"
DS1000,hallucinated,DS0625,,,"[{'type': 'type_error', 'function': 'bar', 'invalid_arg': 'color', 'line': 6}, {'type': 'type_error', 'function': 'bar', 'invalid_arg': 'label', 'line': 6}, {'type': 'type_error', 'function': 'bar', 'invalid_arg': 'color', 'line': 7}, {'type': 'type_error', 'function': 'bar', 'invalid_arg': 'label', 'line': 7}, {'type': 'type_error', 'function': 'savefig', 'invalid_arg': 'bbox_inches', 'line': 9}]","{""error_type"": ""RuntimeError"", ""error_message"": ""Cannot create a GUI FigureManager outside the main thread using the MacOS backend. Use a non-interactive backend like 'agg' to make plots on worker threads."", ""line_no"": ""11.0"", ""test_case"": """"}","
import matplotlib.pyplot as plt
import numpy as np
blue_bar = (23, 25, 17)
orange_bar = (19, 18, 14)
result = plt.bar(range(len(blue_bar)), blue_bar, color=blue_bar, label='Blue Bar')
plt.bar(range(len(blue_bar), len(blue_bar) + len(orange_bar)), orange_bar, color=orange_bar, label='Orange Bar')
plt.legend()
plt.savefig('output.png', bbox_inches ='tight')
result = None
","
import matplotlib.pyplot as plt
import numpy as np
blue_bar = (23, 25, 17)
orange_bar = (19, 18, 14)
<<<< [ERROR START] (lib: type_error)
<<<< [ERROR START] (lib: type_error)
result = plt.bar(range(len(blue_bar)), blue_bar, color=blue_bar, label='Blue Bar')
[ERROR FINISH] (lib: type_error) >>>>
[ERROR FINISH] (lib: type_error) >>>>
<<<< [ERROR START] (lib: type_error)
<<<< [ERROR START] (lib: type_error)
plt.bar(range(len(blue_bar), len(blue_bar) + len(orange_bar)), orange_bar, color=orange_bar, label='Orange Bar')
[ERROR FINISH] (lib: type_error) >>>>
[ERROR FINISH] (lib: type_error) >>>>
plt.legend()
<<<< [ERROR START] (lib: type_error)
plt.savefig('output.png', bbox_inches ='tight')
[ERROR FINISH] (lib: type_error) >>>>
result = None
<<<< [ERROR START] (dynamic: RuntimeError)

[ERROR FINISH] (dynamic: RuntimeError) >>>>","lib,lib,lib,lib,lib,dynamic","lib: type_error,lib: type_error,lib: type_error,lib: type_error,lib: type_error,dynamic: RuntimeError","6-6,6-6,7-7,7-7,9-9,11-11"
DS1000,hallucinated,DS0626,,,"[{'type': 'type_error', 'function': 'plot', 'invalid_arg': 'label', 'line': 10}, {'type': 'type_error', 'function': 'plot', 'invalid_arg': 'label', 'line': 11}, {'type': 'type_error', 'function': 'legend', 'invalid_arg': 'loc', 'line': 12}, {'type': 'type_error', 'function': 'plot', 'invalid_arg': 'label', 'line': 15}, {'type': 'type_error', 'function': 'legend', 'invalid_arg': 'loc', 'line': 16}, {'type': 'type_error', 'function': 'savefig', 'invalid_arg': 'bbox_inches', 'line': 19}]","{""error_type"": ""RuntimeError"", ""error_message"": ""Cannot create a GUI FigureManager outside the main thread using the MacOS backend. Use a non-interactive backend like 'agg' to make plots on worker threads."", ""line_no"": ""10.0"", ""test_case"": """"}","
import numpy as np
import pandas as pd
import matplotlib.pyplot as plt
x = np.arange(10)
y = np.random.rand(10)
z = np.random.rand(10)
a = np.arange(10)
plt.subplot(1, 2, 1)
plt.plot(x, y, label='y over x')
plt.plot(a, z, label='z over a')
plt.legend(loc='upper right')

plt.subplot(1, 2, 2)
plt.plot(a, z, label='z over a')
plt.legend(loc='upper right')

plt.tight_layout()
plt.savefig('output.png', bbox_inches ='tight')
result = None
","
import numpy as np
import pandas as pd
import matplotlib.pyplot as plt
x = np.arange(10)
y = np.random.rand(10)
z = np.random.rand(10)
a = np.arange(10)
plt.subplot(1, 2, 1)
<<<< [ERROR START] (lib: type_error)
<<<< [ERROR START] (dynamic: RuntimeError)
plt.plot(x, y, label='y over x')
[ERROR FINISH] (lib: type_error) >>>>
[ERROR FINISH] (dynamic: RuntimeError) >>>>
<<<< [ERROR START] (lib: type_error)
plt.plot(a, z, label='z over a')
[ERROR FINISH] (lib: type_error) >>>>
<<<< [ERROR START] (lib: type_error)
plt.legend(loc='upper right')
[ERROR FINISH] (lib: type_error) >>>>

plt.subplot(1, 2, 2)
<<<< [ERROR START] (lib: type_error)
plt.plot(a, z, label='z over a')
[ERROR FINISH] (lib: type_error) >>>>
<<<< [ERROR START] (lib: type_error)
plt.legend(loc='upper right')
[ERROR FINISH] (lib: type_error) >>>>

plt.tight_layout()
<<<< [ERROR START] (lib: type_error)
plt.savefig('output.png', bbox_inches ='tight')
[ERROR FINISH] (lib: type_error) >>>>
result = None
","lib,lib,lib,lib,lib,lib,dynamic","lib: type_error,lib: type_error,lib: type_error,lib: type_error,lib: type_error,lib: type_error,dynamic: RuntimeError","10-10,11-11,12-12,15-15,16-16,19-19,10-10"
DS1000,hallucinated,DS0627,,,"[{'type': 'type_error', 'function': 'savefig', 'invalid_arg': 'bbox_inches', 'line': 9}]","{""error_type"": ""RuntimeError"", ""error_message"": ""Cannot create a GUI FigureManager outside the main thread using the MacOS backend. Use a non-interactive backend like 'agg' to make plots on worker threads."", ""line_no"": ""10.0"", ""test_case"": """"}","
import numpy as np
import pandas as pd
import matplotlib.pyplot as plt
import matplotlib
x = np.arange(10)
y = np.linspace(0, 1, 10)
plt.scatter(x, y, c=y, cmap='Spectral')
plt.savefig('output.png', bbox_inches ='tight')
result = None
","
import numpy as np
import pandas as pd
import matplotlib.pyplot as plt
import matplotlib
x = np.arange(10)
y = np.linspace(0, 1, 10)
plt.scatter(x, y, c=y, cmap='Spectral')
<<<< [ERROR START] (lib: type_error)
plt.savefig('output.png', bbox_inches ='tight')
[ERROR FINISH] (lib: type_error) >>>>
<<<< [ERROR START] (dynamic: RuntimeError)
result = None
[ERROR FINISH] (dynamic: RuntimeError) >>>>
","lib,dynamic","lib: type_error,dynamic: RuntimeError","9-9,10-10"
DS1000,hallucinated,DS0628,,,"[{'type': 'type_error', 'function': 'plot', 'invalid_arg': 'marker', 'line': 7}, {'type': 'type_error', 'function': 'savefig', 'invalid_arg': 'bbox_inches', 'line': 10}]","{""error_type"": ""RuntimeError"", ""error_message"": ""Cannot create a GUI FigureManager outside the main thread using the MacOS backend. Use a non-interactive backend like 'agg' to make plots on worker threads."", ""line_no"": ""10.0"", ""test_case"": """"}","
import numpy as np
import pandas as pd
import matplotlib.pyplot as plt
x = np.arange(10)
y = np.arange(10)
plt.plot(x, y, marker='o')
plt.xticks(np.arange(0, 11, 1))
result = None
plt.savefig('output.png', bbox_inches ='tight')
result = None
","
import numpy as np
import pandas as pd
import matplotlib.pyplot as plt
x = np.arange(10)
y = np.arange(10)
<<<< [ERROR START] (lib: type_error)
plt.plot(x, y, marker='o')
[ERROR FINISH] (lib: type_error) >>>>
plt.xticks(np.arange(0, 11, 1))
result = None
<<<< [ERROR START] (lib: type_error)
<<<< [ERROR START] (dynamic: RuntimeError)
plt.savefig('output.png', bbox_inches ='tight')
[ERROR FINISH] (lib: type_error) >>>>
[ERROR FINISH] (dynamic: RuntimeError) >>>>
result = None
","lib,lib,dynamic","lib: type_error,lib: type_error,dynamic: RuntimeError","7-7,10-10,10-10"
DS1000,hallucinated,DS0629,,,"[{'type': 'type_error', 'function': 'savefig', 'invalid_arg': 'bbox_inches', 'line': 8}]","{""error_type"": ""RuntimeError"", ""error_message"": ""Cannot create a GUI FigureManager outside the main thread using the MacOS backend. Use a non-interactive backend like 'agg' to make plots on worker threads."", ""line_no"": ""10.0"", ""test_case"": """"}","
import numpy as np
import pandas as pd
import matplotlib.pyplot as plt
import seaborn as sns
df = sns.load_dataset(""penguins"")[[""bill_length_mm"", ""species"", ""sex""]]
result = sns.catplot(data=df, x=""bill_length_mm"", hue=""sex"", col=""species"", kind=""bar"", sharey=False)
plt.savefig('output.png', bbox_inches ='tight')
result = None
","
import numpy as np
import pandas as pd
import matplotlib.pyplot as plt
import seaborn as sns
df = sns.load_dataset(""penguins"")[[""bill_length_mm"", ""species"", ""sex""]]
result = sns.catplot(data=df, x=""bill_length_mm"", hue=""sex"", col=""species"", kind=""bar"", sharey=False)
<<<< [ERROR START] (lib: type_error)
plt.savefig('output.png', bbox_inches ='tight')
[ERROR FINISH] (lib: type_error) >>>>
result = None
<<<< [ERROR START] (dynamic: RuntimeError)

[ERROR FINISH] (dynamic: RuntimeError) >>>>","lib,dynamic","lib: type_error,dynamic: RuntimeError","8-8,10-10"
DS1000,hallucinated,DS0630,,,"[{'type': 'type_error', 'function': 'savefig', 'invalid_arg': 'bbox_inches', 'line': 4}]","{""error_type"": ""RuntimeError"", ""error_message"": ""Cannot create a GUI FigureManager outside the main thread using the MacOS backend. Use a non-interactive backend like 'agg' to make plots on worker threads."", ""line_no"": ""13.0"", ""test_case"": """"}","
import matplotlib.pyplot as plt
result = plt.Circle((0.5, 0.5), 0.2)
plt.savefig('output.png', bbox_inches ='tight')
result = None
","
import matplotlib.pyplot as plt
result = plt.Circle((0.5, 0.5), 0.2)
<<<< [ERROR START] (lib: type_error)
plt.savefig('output.png', bbox_inches ='tight')
[ERROR FINISH] (lib: type_error) >>>>
result = None
","lib,dynamic","lib: type_error,dynamic: RuntimeError","4-4,13-13"
DS1000,hallucinated,DS0631,,,"[{'type': 'type_error', 'function': 'title', 'invalid_arg': 'fontsize', 'line': 7}, {'type': 'type_error', 'function': 'savefig', 'invalid_arg': 'bbox_inches', 'line': 8}]","{""error_type"": ""RuntimeError"", ""error_message"": ""Cannot create a GUI FigureManager outside the main thread using the MacOS backend. Use a non-interactive backend like 'agg' to make plots on worker threads."", ""line_no"": ""10.0"", ""test_case"": """"}","
import numpy as np
import pandas as pd
import matplotlib.pyplot as plt
x = np.arange(10)
y = np.arange(10)
plt.title(r'$\bf{\phi}$', fontsize=16)
plt.savefig('output.png', bbox_inches ='tight')
result = None
","
import numpy as np
import pandas as pd
import matplotlib.pyplot as plt
x = np.arange(10)
y = np.arange(10)
<<<< [ERROR START] (lib: type_error)
plt.title(r'$\bf{\phi}$', fontsize=16)
[ERROR FINISH] (lib: type_error) >>>>
<<<< [ERROR START] (lib: type_error)
plt.savefig('output.png', bbox_inches ='tight')
[ERROR FINISH] (lib: type_error) >>>>
result = None
<<<< [ERROR START] (dynamic: RuntimeError)

[ERROR FINISH] (dynamic: RuntimeError) >>>>","lib,lib,dynamic","lib: type_error,lib: type_error,dynamic: RuntimeError","7-7,8-8,10-10"
DS1000,hallucinated,DS0632,,,"[{'type': 'type_error', 'function': 'plot', 'invalid_arg': 'label', 'line': 7}, {'type': 'type_error', 'function': 'legend', 'invalid_arg': 'handlelength', 'line': 8}, {'type': 'type_error', 'function': 'savefig', 'invalid_arg': 'bbox_inches', 'line': 10}]","{""error_type"": ""RuntimeError"", ""error_message"": ""Cannot create a GUI FigureManager outside the main thread using the MacOS backend. Use a non-interactive backend like 'agg' to make plots on worker threads."", ""line_no"": ""10.0"", ""test_case"": """"}","
import numpy as np
import pandas as pd
import matplotlib.pyplot as plt
x = np.arange(10)
y = np.arange(10)
plt.plot(x, y, label='Line')
plt.legend(handlelength=0.1)
result = None
plt.savefig('output.png', bbox_inches ='tight')
result = None
","
import numpy as np
import pandas as pd
import matplotlib.pyplot as plt
x = np.arange(10)
y = np.arange(10)
<<<< [ERROR START] (lib: type_error)
plt.plot(x, y, label='Line')
[ERROR FINISH] (lib: type_error) >>>>
<<<< [ERROR START] (lib: type_error)
plt.legend(handlelength=0.1)
[ERROR FINISH] (lib: type_error) >>>>
result = None
<<<< [ERROR START] (lib: type_error)
<<<< [ERROR START] (dynamic: RuntimeError)
plt.savefig('output.png', bbox_inches ='tight')
[ERROR FINISH] (lib: type_error) >>>>
[ERROR FINISH] (dynamic: RuntimeError) >>>>
result = None
","lib,lib,lib,dynamic","lib: type_error,lib: type_error,lib: type_error,dynamic: RuntimeError","7-7,8-8,10-10,10-10"
DS1000,hallucinated,DS0633,,,"[{'type': 'type_error', 'function': 'plot', 'invalid_arg': 'label', 'line': 7}, {'type': 'type_error', 'function': 'legend', 'invalid_arg': 'handlelength', 'line': 8}, {'type': 'type_error', 'function': 'savefig', 'invalid_arg': 'bbox_inches', 'line': 9}]","{""error_type"": ""RuntimeError"", ""error_message"": ""Cannot create a GUI FigureManager outside the main thread using the MacOS backend. Use a non-interactive backend like 'agg' to make plots on worker threads."", ""line_no"": ""10.0"", ""test_case"": """"}","
import numpy as np
import pandas as pd
import matplotlib.pyplot as plt
x = np.arange(10)
y = np.arange(10)
plt.plot(x, y, label='Line')
plt.legend(handlelength=0.3)
plt.savefig('output.png', bbox_inches ='tight')
result = None
","
import numpy as np
import pandas as pd
import matplotlib.pyplot as plt
x = np.arange(10)
y = np.arange(10)
<<<< [ERROR START] (lib: type_error)
plt.plot(x, y, label='Line')
[ERROR FINISH] (lib: type_error) >>>>
<<<< [ERROR START] (lib: type_error)
plt.legend(handlelength=0.3)
[ERROR FINISH] (lib: type_error) >>>>
<<<< [ERROR START] (lib: type_error)
plt.savefig('output.png', bbox_inches ='tight')
[ERROR FINISH] (lib: type_error) >>>>
<<<< [ERROR START] (dynamic: RuntimeError)
result = None
[ERROR FINISH] (dynamic: RuntimeError) >>>>
","lib,lib,lib,dynamic","lib: type_error,lib: type_error,lib: type_error,dynamic: RuntimeError","7-7,8-8,9-9,10-10"
DS1000,hallucinated,DS0634,,,"[{'type': 'type_error', 'function': 'plot', 'invalid_arg': 'label', 'line': 7}, {'type': 'type_error', 'function': 'plot', 'invalid_arg': 'label', 'line': 8}, {'type': 'type_error', 'function': 'legend', 'invalid_arg': 'ncol', 'line': 9}, {'type': 'type_error', 'function': 'savefig', 'invalid_arg': 'bbox_inches', 'line': 10}]","{""error_type"": ""RuntimeError"", ""error_message"": ""Cannot create a GUI FigureManager outside the main thread using the MacOS backend. Use a non-interactive backend like 'agg' to make plots on worker threads."", ""line_no"": ""8.0"", ""test_case"": """"}","
import numpy as np
import pandas as pd
import matplotlib.pyplot as plt
x = np.arange(10)
y = np.arange(10)
plt.plot(x, y, label=""Line"")
plt.plot(y, x, label=""Flipped"")
plt.legend(ncol=2)
plt.savefig('output.png', bbox_inches ='tight')
result = None
","
import numpy as np
import pandas as pd
import matplotlib.pyplot as plt
x = np.arange(10)
y = np.arange(10)
<<<< [ERROR START] (lib: type_error)
plt.plot(x, y, label=""Line"")
[ERROR FINISH] (lib: type_error) >>>>
<<<< [ERROR START] (lib: type_error)
<<<< [ERROR START] (dynamic: RuntimeError)
plt.plot(y, x, label=""Flipped"")
[ERROR FINISH] (lib: type_error) >>>>
[ERROR FINISH] (dynamic: RuntimeError) >>>>
<<<< [ERROR START] (lib: type_error)
plt.legend(ncol=2)
[ERROR FINISH] (lib: type_error) >>>>
<<<< [ERROR START] (lib: type_error)
plt.savefig('output.png', bbox_inches ='tight')
[ERROR FINISH] (lib: type_error) >>>>
result = None
","lib,lib,lib,lib,dynamic","lib: type_error,lib: type_error,lib: type_error,lib: type_error,dynamic: RuntimeError","7-7,8-8,9-9,10-10,8-8"
DS1000,hallucinated,DS0635,,,"[{'type': 'type_error', 'function': 'plot', 'invalid_arg': 'marker', 'line': 7}, {'type': 'type_error', 'function': 'plot', 'invalid_arg': 'label', 'line': 7}, {'type': 'type_error', 'function': 'scatter', 'invalid_arg': 'color', 'line': 9}, {'type': 'type_error', 'function': 'scatter', 'invalid_arg': 'label', 'line': 9}, {'type': 'type_error', 'function': 'savefig', 'invalid_arg': 'bbox_inches', 'line': 10}]","{""error_type"": ""RuntimeError"", ""error_message"": ""Cannot create a GUI FigureManager outside the main thread using the MacOS backend. Use a non-interactive backend like 'agg' to make plots on worker threads."", ""line_no"": ""9.0"", ""test_case"": """"}","
import numpy as np
import pandas as pd
import matplotlib.pyplot as plt
x = np.arange(10)
y = np.arange(10)
plt.plot(x, y, marker=""*"", label=""Line"")
plt.legend()
plt.scatter(x[::2], y[::2], marker=""o"", color='red', label=""Markers"")
plt.savefig('output.png', bbox_inches ='tight')
result = None
","
import numpy as np
import pandas as pd
import matplotlib.pyplot as plt
x = np.arange(10)
y = np.arange(10)
<<<< [ERROR START] (lib: type_error)
<<<< [ERROR START] (lib: type_error)
plt.plot(x, y, marker=""*"", label=""Line"")
[ERROR FINISH] (lib: type_error) >>>>
[ERROR FINISH] (lib: type_error) >>>>
plt.legend()
<<<< [ERROR START] (lib: type_error)
<<<< [ERROR START] (lib: type_error)
<<<< [ERROR START] (dynamic: RuntimeError)
plt.scatter(x[::2], y[::2], marker=""o"", color='red', label=""Markers"")
[ERROR FINISH] (lib: type_error) >>>>
[ERROR FINISH] (lib: type_error) >>>>
[ERROR FINISH] (dynamic: RuntimeError) >>>>
<<<< [ERROR START] (lib: type_error)
plt.savefig('output.png', bbox_inches ='tight')
[ERROR FINISH] (lib: type_error) >>>>
result = None
","lib,lib,lib,lib,lib,dynamic","lib: type_error,lib: type_error,lib: type_error,lib: type_error,lib: type_error,dynamic: RuntimeError","7-7,7-7,9-9,9-9,10-10,9-9"
DS1000,hallucinated,DS0636,,,"[{'type': 'type_error', 'function': 'savefig', 'invalid_arg': 'bbox_inches', 'line': 7}]","{""error_type"": ""RuntimeError"", ""error_message"": ""Cannot create a GUI FigureManager outside the main thread using the MacOS backend. Use a non-interactive backend like 'agg' to make plots on worker threads."", ""line_no"": ""10.0"", ""test_case"": """"}","
import matplotlib.pyplot as plt
import numpy as np
data = np.random.random((10, 10))
plt.imshow(data, cmap='viridis')
plt.colorbar()
plt.savefig('output.png', bbox_inches ='tight')
result = None
","
import matplotlib.pyplot as plt
import numpy as np
data = np.random.random((10, 10))
plt.imshow(data, cmap='viridis')
plt.colorbar()
<<<< [ERROR START] (lib: type_error)
plt.savefig('output.png', bbox_inches ='tight')
[ERROR FINISH] (lib: type_error) >>>>
result = None
","lib,dynamic","lib: type_error,dynamic: RuntimeError","7-7,10-10"
DS1000,hallucinated,DS0637,,,"[{'type': 'type_error', 'function': 'title', 'invalid_arg': 'fontweight', 'line': 7}, {'type': 'type_error', 'function': 'savefig', 'invalid_arg': 'bbox_inches', 'line': 8}]","{""error_type"": ""RuntimeError"", ""error_message"": ""Cannot create a GUI FigureManager outside the main thread using the MacOS backend. Use a non-interactive backend like 'agg' to make plots on worker threads."", ""line_no"": ""10.0"", ""test_case"": """"}","
import numpy as np
import pandas as pd
import matplotlib.pyplot as plt
x = np.arange(10)
y = np.arange(10)
plt.title('Figure\n1', fontweight='bold')
plt.savefig('output.png', bbox_inches ='tight')
result = None
","
import numpy as np
import pandas as pd
import matplotlib.pyplot as plt
x = np.arange(10)
y = np.arange(10)
<<<< [ERROR START] (lib: type_error)
plt.title('Figure\n1', fontweight='bold')
[ERROR FINISH] (lib: type_error) >>>>
<<<< [ERROR START] (lib: type_error)
plt.savefig('output.png', bbox_inches ='tight')
[ERROR FINISH] (lib: type_error) >>>>
result = None
<<<< [ERROR START] (dynamic: RuntimeError)

[ERROR FINISH] (dynamic: RuntimeError) >>>>","lib,lib,dynamic","lib: type_error,lib: type_error,dynamic: RuntimeError","7-7,8-8,10-10"
DS1000,hallucinated,DS0638,,,"[{'type': 'type_error', 'function': 'savefig', 'invalid_arg': 'bbox_inches', 'line': 13}]","{""error_type"": ""RuntimeError"", ""error_message"": ""Cannot create a GUI FigureManager outside the main thread using the MacOS backend. Use a non-interactive backend like 'agg' to make plots on worker threads."", ""line_no"": ""11.0"", ""test_case"": """"}","
import matplotlib.pyplot as plt
import seaborn as sns
import pandas as pd
df = pd.DataFrame(
    {
        ""id"": [""1"", ""2"", ""1"", ""2"", ""2""],
        ""x"": [123, 22, 356, 412, 54],
        ""y"": [120, 12, 35, 41, 45],
    }
)
sns.pairplot(df, x_vars=['x'], y_vars=['y'], hue='id', diag_kind=None, plot_kws={'legend': False})
plt.savefig('output.png', bbox_inches ='tight')
result = None
","
import matplotlib.pyplot as plt
import seaborn as sns
import pandas as pd
df = pd.DataFrame(
    {
        ""id"": [""1"", ""2"", ""1"", ""2"", ""2""],
        ""x"": [123, 22, 356, 412, 54],
        ""y"": [120, 12, 35, 41, 45],
    }
<<<< [ERROR START] (dynamic: RuntimeError)
)
[ERROR FINISH] (dynamic: RuntimeError) >>>>
sns.pairplot(df, x_vars=['x'], y_vars=['y'], hue='id', diag_kind=None, plot_kws={'legend': False})
<<<< [ERROR START] (lib: type_error)
plt.savefig('output.png', bbox_inches ='tight')
[ERROR FINISH] (lib: type_error) >>>>
result = None
","lib,dynamic","lib: type_error,dynamic: RuntimeError","13-13,11-11"
DS1000,hallucinated,DS0639,,,"[{'type': 'type_error', 'function': 'savefig', 'invalid_arg': 'bbox_inches', 'line': 9}]","{""error_type"": ""RuntimeError"", ""error_message"": ""Cannot create a GUI FigureManager outside the main thread using the MacOS backend. Use a non-interactive backend like 'agg' to make plots on worker threads."", ""line_no"": ""10.0"", ""test_case"": """"}","
import numpy as np
import pandas as pd
import matplotlib.pyplot as plt
x = np.arange(10)
y = np.arange(10)
plt.plot(x, y)
plt.gca().invert_xaxis()
plt.savefig('output.png', bbox_inches ='tight')
result = None
","
import numpy as np
import pandas as pd
import matplotlib.pyplot as plt
x = np.arange(10)
y = np.arange(10)
plt.plot(x, y)
plt.gca().invert_xaxis()
<<<< [ERROR START] (lib: type_error)
plt.savefig('output.png', bbox_inches ='tight')
[ERROR FINISH] (lib: type_error) >>>>
<<<< [ERROR START] (dynamic: RuntimeError)
result = None
[ERROR FINISH] (dynamic: RuntimeError) >>>>
","lib,dynamic","lib: type_error,dynamic: RuntimeError","9-9,10-10"
DS1000,hallucinated,DS0640,,,"[{'type': 'type_error', 'function': 'savefig', 'invalid_arg': 'bbox_inches', 'line': 10}]","{""error_type"": ""RuntimeError"", ""error_message"": ""Cannot create a GUI FigureManager outside the main thread using the MacOS backend. Use a non-interactive backend like 'agg' to make plots on worker threads."", ""line_no"": ""8.0"", ""test_case"": """"}","
import numpy as np
import pandas as pd
import matplotlib.pyplot as plt
x = np.arange(11)
y = np.arange(11)
plt.xlim(0, 10)
plt.ylim(0, 10)
plt.plot(x, y, 'o')
plt.savefig('output.png', bbox_inches ='tight')
result = None
","
import numpy as np
import pandas as pd
import matplotlib.pyplot as plt
x = np.arange(11)
y = np.arange(11)
plt.xlim(0, 10)
<<<< [ERROR START] (dynamic: RuntimeError)
plt.ylim(0, 10)
[ERROR FINISH] (dynamic: RuntimeError) >>>>
plt.plot(x, y, 'o')
<<<< [ERROR START] (lib: type_error)
plt.savefig('output.png', bbox_inches ='tight')
[ERROR FINISH] (lib: type_error) >>>>
result = None
","lib,dynamic","lib: type_error,dynamic: RuntimeError","10-10,8-8"
DS1000,hallucinated,DS0641,,,"[{'type': 'type_error', 'function': 'scatter', 'invalid_arg': 'edgecolor', 'line': 7}, {'type': 'type_error', 'function': 'savefig', 'invalid_arg': 'bbox_inches', 'line': 8}]","{""error_type"": ""RuntimeError"", ""error_message"": ""Cannot create a GUI FigureManager outside the main thread using the MacOS backend. Use a non-interactive backend like 'agg' to make plots on worker threads."", ""line_no"": ""10.0"", ""test_case"": """"}","
import numpy as np
import pandas as pd
import matplotlib.pyplot as plt
x = np.arange(10)
y = np.arange(10)
plt.scatter(x, y, s=50, c='red', edgecolor='black')
plt.savefig('output.png', bbox_inches ='tight')
result = None
","
import numpy as np
import pandas as pd
import matplotlib.pyplot as plt
x = np.arange(10)
y = np.arange(10)
<<<< [ERROR START] (lib: type_error)
plt.scatter(x, y, s=50, c='red', edgecolor='black')
[ERROR FINISH] (lib: type_error) >>>>
<<<< [ERROR START] (lib: type_error)
plt.savefig('output.png', bbox_inches ='tight')
[ERROR FINISH] (lib: type_error) >>>>
result = None
<<<< [ERROR START] (dynamic: RuntimeError)

[ERROR FINISH] (dynamic: RuntimeError) >>>>","lib,lib,dynamic","lib: type_error,lib: type_error,dynamic: RuntimeError","7-7,8-8,10-10"
DS1000,hallucinated,DS0642,,,"[{'type': 'type_error', 'function': 'subplots', 'invalid_arg': 'figsize', 'line': 7}, {'type': 'type_error', 'function': 'savefig', 'invalid_arg': 'bbox_inches', 'line': 10}, {'type': 'type_error', 'function': 'savefig', 'invalid_arg': 'bbox_inches', 'line': 11}]","{""error_type"": ""RuntimeError"", ""error_message"": ""Cannot create a GUI FigureManager outside the main thread using the MacOS backend. Use a non-interactive backend like 'agg' to make plots on worker threads."", ""line_no"": ""10.0"", ""test_case"": """"}","
import numpy as np
import pandas as pd
import matplotlib.pyplot as plt
x = np.arange(10)
y = np.arange(10)
result = plt.subplots(2, 2, figsize=(15, 15))
for ax in result.flatten():
    ax.plot(x, y)
plt.savefig('output.png', bbox_inches='tight')
plt.savefig('output.png', bbox_inches ='tight')
result = None
","
import numpy as np
import pandas as pd
import matplotlib.pyplot as plt
x = np.arange(10)
y = np.arange(10)
<<<< [ERROR START] (lib: type_error)
result = plt.subplots(2, 2, figsize=(15, 15))
[ERROR FINISH] (lib: type_error) >>>>
for ax in result.flatten():
    ax.plot(x, y)
<<<< [ERROR START] (lib: type_error)
<<<< [ERROR START] (dynamic: RuntimeError)
plt.savefig('output.png', bbox_inches='tight')
[ERROR FINISH] (lib: type_error) >>>>
[ERROR FINISH] (dynamic: RuntimeError) >>>>
<<<< [ERROR START] (lib: type_error)
plt.savefig('output.png', bbox_inches ='tight')
[ERROR FINISH] (lib: type_error) >>>>
result = None
","lib,lib,lib,dynamic","lib: type_error,lib: type_error,lib: type_error,dynamic: RuntimeError","7-7,10-10,11-11,10-10"
DS1000,hallucinated,DS0643,,,"[{'type': 'type_error', 'function': 'hist', 'invalid_arg': 'edgecolor', 'line': 6}, {'type': 'type_error', 'function': 'hist', 'invalid_arg': 'width', 'line': 6}, {'type': 'type_error', 'function': 'savefig', 'invalid_arg': 'bbox_inches', 'line': 7}]","{""error_type"": ""RuntimeError"", ""error_message"": ""Cannot create a GUI FigureManager outside the main thread using the MacOS backend. Use a non-interactive backend like 'agg' to make plots on worker threads."", ""line_no"": ""10.0"", ""test_case"": """"}","
import numpy as np
import pandas as pd
import matplotlib.pyplot as plt
x = np.random.rand(100) * 10
result = plt.hist(x, bins=5, range=(0, 10), edgecolor='black', width=2)
plt.savefig('output.png', bbox_inches ='tight')
result = None
","
import numpy as np
import pandas as pd
import matplotlib.pyplot as plt
x = np.random.rand(100) * 10
<<<< [ERROR START] (lib: type_error)
<<<< [ERROR START] (lib: type_error)
result = plt.hist(x, bins=5, range=(0, 10), edgecolor='black', width=2)
[ERROR FINISH] (lib: type_error) >>>>
[ERROR FINISH] (lib: type_error) >>>>
<<<< [ERROR START] (lib: type_error)
plt.savefig('output.png', bbox_inches ='tight')
[ERROR FINISH] (lib: type_error) >>>>
result = None
","lib,lib,lib,dynamic","lib: type_error,lib: type_error,lib: type_error,dynamic: RuntimeError","6-6,6-6,7-7,10-10"
DS1000,hallucinated,DS0644,,,"[{'type': 'type_error', 'function': 'fill_between', 'invalid_arg': 'alpha', 'line': 7}, {'type': 'type_error', 'function': 'savefig', 'invalid_arg': 'bbox_inches', 'line': 8}]","{""error_type"": ""RuntimeError"", ""error_message"": ""Cannot create a GUI FigureManager outside the main thread using the MacOS backend. Use a non-interactive backend like 'agg' to make plots on worker threads."", ""line_no"": ""11.0"", ""test_case"": """"}","
from matplotlib import pyplot as plt
import numpy as np
x = np.arange(10)
y = np.arange(1, 11)
error = np.random.random(y.shape)
plt.fill_between(x, y - error, y + error, alpha=0.2)
plt.savefig('output.png', bbox_inches ='tight')
result = None
","
from matplotlib import pyplot as plt
import numpy as np
x = np.arange(10)
y = np.arange(1, 11)
error = np.random.random(y.shape)
<<<< [ERROR START] (lib: type_error)
plt.fill_between(x, y - error, y + error, alpha=0.2)
[ERROR FINISH] (lib: type_error) >>>>
<<<< [ERROR START] (lib: type_error)
plt.savefig('output.png', bbox_inches ='tight')
[ERROR FINISH] (lib: type_error) >>>>
result = None
","lib,lib,dynamic","lib: type_error,lib: type_error,dynamic: RuntimeError","7-7,8-8,11-11"
DS1000,hallucinated,DS0645,,,"[{'type': 'type_error', 'function': 'plot', 'invalid_arg': 'linewidth', 'line': 8}, {'type': 'type_error', 'function': 'plot', 'invalid_arg': 'linewidth', 'line': 9}, {'type': 'type_error', 'function': 'savefig', 'invalid_arg': 'bbox_inches', 'line': 10}]","{""error_type"": ""RuntimeError"", ""error_message"": ""Cannot create a GUI FigureManager outside the main thread using the MacOS backend. Use a non-interactive backend like 'agg' to make plots on worker threads."", ""line_no"": ""9.0"", ""test_case"": """"}","
import matplotlib.pyplot as plt
import numpy as np
xvec = np.linspace(-5.0, 5.0, 100)
x, y = np.meshgrid(xvec, xvec)
z = -np.hypot(x, y)
plt.contourf(x, y, z)
plt.plot([0, 0], [-5, 5], 'w-', linewidth=2)
plt.plot([-5, 5], [0, 0], 'w-', linewidth=2)
plt.savefig('output.png', bbox_inches ='tight')
result = None
","
import matplotlib.pyplot as plt
import numpy as np
xvec = np.linspace(-5.0, 5.0, 100)
x, y = np.meshgrid(xvec, xvec)
z = -np.hypot(x, y)
plt.contourf(x, y, z)
<<<< [ERROR START] (lib: type_error)
plt.plot([0, 0], [-5, 5], 'w-', linewidth=2)
[ERROR FINISH] (lib: type_error) >>>>
<<<< [ERROR START] (lib: type_error)
<<<< [ERROR START] (dynamic: RuntimeError)
plt.plot([-5, 5], [0, 0], 'w-', linewidth=2)
[ERROR FINISH] (lib: type_error) >>>>
[ERROR FINISH] (dynamic: RuntimeError) >>>>
<<<< [ERROR START] (lib: type_error)
plt.savefig('output.png', bbox_inches ='tight')
[ERROR FINISH] (lib: type_error) >>>>
result = None
","lib,lib,lib,dynamic","lib: type_error,lib: type_error,lib: type_error,dynamic: RuntimeError","8-8,9-9,10-10,9-9"
DS1000,hallucinated,DS0646,,,"[{'type': 'type_error', 'function': 'savefig', 'invalid_arg': 'bbox_inches', 'line': 9}]","{""error_type"": ""RuntimeError"", ""error_message"": ""Cannot create a GUI FigureManager outside the main thread using the MacOS backend. Use a non-interactive backend like 'agg' to make plots on worker threads."", ""line_no"": ""8.0"", ""test_case"": """"}","
import matplotlib.pyplot as plt
import numpy as np
box_position, box_height, box_errors = np.arange(4), np.ones(4), np.arange(1, 5)
c = [""r"", ""r"", ""b"", ""b""]
fig, ax = plt.subplots()
ax.bar(box_position, box_height, color=""yellow"")
ax.errorbar(box_position, box_height, yerr=box_errors, fmt='o', capsize=5, color=c)
plt.savefig('output.png', bbox_inches ='tight')
result = None
","
import matplotlib.pyplot as plt
import numpy as np
box_position, box_height, box_errors = np.arange(4), np.ones(4), np.arange(1, 5)
c = [""r"", ""r"", ""b"", ""b""]
fig, ax = plt.subplots()
ax.bar(box_position, box_height, color=""yellow"")
<<<< [ERROR START] (dynamic: RuntimeError)
ax.errorbar(box_position, box_height, yerr=box_errors, fmt='o', capsize=5, color=c)
[ERROR FINISH] (dynamic: RuntimeError) >>>>
<<<< [ERROR START] (lib: type_error)
plt.savefig('output.png', bbox_inches ='tight')
[ERROR FINISH] (lib: type_error) >>>>
result = None
","lib,dynamic","lib: type_error,dynamic: RuntimeError","9-9,8-8"
DS1000,hallucinated,DS0647,,,"[{'type': 'type_error', 'function': 'suptitle', 'invalid_arg': 'y', 'line': 16}, {'type': 'type_error', 'function': 'savefig', 'invalid_arg': 'bbox_inches', 'line': 19}]","{""error_type"": ""RuntimeError"", ""error_message"": ""Cannot create a GUI FigureManager outside the main thread using the MacOS backend. Use a non-interactive backend like 'agg' to make plots on worker threads."", ""line_no"": ""10.0"", ""test_case"": """"}","
import numpy as np
import pandas as pd
import matplotlib.pyplot as plt
x = np.arange(10)
y = np.arange(10)
z = np.arange(10)
a = np.arange(10)
plt.subplot(1, 2, 1)
plt.plot(x, y)
plt.title('Y')

plt.subplot(1, 2, 2)
plt.plot(a, z)
plt.title('Z')
plt.suptitle('Z', y=1.15)  # Raise the title of the second subplot

result = None
plt.savefig('output.png', bbox_inches ='tight')
result = None
","
import numpy as np
import pandas as pd
import matplotlib.pyplot as plt
x = np.arange(10)
y = np.arange(10)
z = np.arange(10)
a = np.arange(10)
plt.subplot(1, 2, 1)
<<<< [ERROR START] (dynamic: RuntimeError)
plt.plot(x, y)
[ERROR FINISH] (dynamic: RuntimeError) >>>>
plt.title('Y')

plt.subplot(1, 2, 2)
plt.plot(a, z)
plt.title('Z')
<<<< [ERROR START] (lib: type_error)
plt.suptitle('Z', y=1.15)  # Raise the title of the second subplot
[ERROR FINISH] (lib: type_error) >>>>

result = None
<<<< [ERROR START] (lib: type_error)
plt.savefig('output.png', bbox_inches ='tight')
[ERROR FINISH] (lib: type_error) >>>>
result = None
","lib,lib,dynamic","lib: type_error,lib: type_error,dynamic: RuntimeError","16-16,19-19,10-10"
DS1000,hallucinated,DS0648,,,"[{'type': 'type_error', 'function': 'subplots', 'invalid_arg': 'figsize', 'line': 7}, {'type': 'type_error', 'function': 'savefig', 'invalid_arg': 'bbox_inches', 'line': 14}]","{""error_type"": ""RuntimeError"", ""error_message"": ""Cannot create a GUI FigureManager outside the main thread using the MacOS backend. Use a non-interactive backend like 'agg' to make plots on worker threads."", ""line_no"": ""10.0"", ""test_case"": """"}","
import numpy as np
import pandas as pd
import matplotlib.pyplot as plt
x = np.arange(10)
y = np.arange(10)
fig, axs = plt.subplots(4, 4, figsize=(5, 5))
for ax in axs.flat:
    ax.plot(x, y)
    ax.set_xticks(np.arange(10))
    ax.set_yticks(np.arange(10))
plt.tight_layout()
result = None
plt.savefig('output.png', bbox_inches ='tight')
result = None
","
import numpy as np
import pandas as pd
import matplotlib.pyplot as plt
x = np.arange(10)
y = np.arange(10)
<<<< [ERROR START] (lib: type_error)
fig, axs = plt.subplots(4, 4, figsize=(5, 5))
[ERROR FINISH] (lib: type_error) >>>>
for ax in axs.flat:
    ax.plot(x, y)
<<<< [ERROR START] (dynamic: RuntimeError)
    ax.set_xticks(np.arange(10))
[ERROR FINISH] (dynamic: RuntimeError) >>>>
    ax.set_yticks(np.arange(10))
plt.tight_layout()
result = None
<<<< [ERROR START] (lib: type_error)
plt.savefig('output.png', bbox_inches ='tight')
[ERROR FINISH] (lib: type_error) >>>>
result = None
","lib,lib,dynamic","lib: type_error,lib: type_error,dynamic: RuntimeError","7-7,14-14,10-10"
DS1000,hallucinated,DS0649,,,"[{'type': 'type_error', 'function': 'matshow', 'invalid_arg': 'cmap', 'line': 5}, {'type': 'type_error', 'function': 'matshow', 'invalid_arg': 'figsize', 'line': 5}, {'type': 'type_error', 'function': 'savefig', 'invalid_arg': 'bbox_inches', 'line': 6}]","{""error_type"": ""RuntimeError"", ""error_message"": ""Cannot create a GUI FigureManager outside the main thread using the MacOS backend. Use a non-interactive backend like 'agg' to make plots on worker threads."", ""line_no"": ""10.0"", ""test_case"": """"}","
import matplotlib.pyplot as plt
import numpy as np
d = np.random.random((10, 10))
plt.matshow(d, cmap='viridis', figsize=(8, 8))
plt.savefig('output.png', bbox_inches ='tight')
result = None
","
import matplotlib.pyplot as plt
import numpy as np
d = np.random.random((10, 10))
<<<< [ERROR START] (lib: type_error)
<<<< [ERROR START] (lib: type_error)
plt.matshow(d, cmap='viridis', figsize=(8, 8))
[ERROR FINISH] (lib: type_error) >>>>
[ERROR FINISH] (lib: type_error) >>>>
<<<< [ERROR START] (lib: type_error)
plt.savefig('output.png', bbox_inches ='tight')
[ERROR FINISH] (lib: type_error) >>>>
result = None
","lib,lib,lib,dynamic","lib: type_error,lib: type_error,lib: type_error,dynamic: RuntimeError","5-5,5-5,6-6,10-10"
DS1000,hallucinated,DS0650,,,"[{'type': 'type_error', 'function': 'savefig', 'invalid_arg': 'bbox_inches', 'line': 10}]","{""error_type"": ""RuntimeError"", ""error_message"": ""Cannot create a GUI FigureManager outside the main thread using the MacOS backend. Use a non-interactive backend like 'agg' to make plots on worker threads."", ""line_no"": ""12.0"", ""test_case"": """"}","
import numpy as np
import pandas as pd
import matplotlib.pyplot as plt
import seaborn as sns
df = sns.load_dataset(""penguins"")[
    [""bill_length_mm"", ""bill_depth_mm"", ""flipper_length_mm"", ""body_mass_g""]
].head(10)
result = df.style.set_table_styles([{'selector': 'td', 'props': [('text-align', 'center')]}]).set_table_attributes('style=""width: 100%""').set_caption(""Penguin Dataset"").render()
plt.savefig('output.png', bbox_inches ='tight')
result = None
","
import numpy as np
import pandas as pd
import matplotlib.pyplot as plt
import seaborn as sns
df = sns.load_dataset(""penguins"")[
    [""bill_length_mm"", ""bill_depth_mm"", ""flipper_length_mm"", ""body_mass_g""]
].head(10)
result = df.style.set_table_styles([{'selector': 'td', 'props': [('text-align', 'center')]}]).set_table_attributes('style=""width: 100%""').set_caption(""Penguin Dataset"").render()
<<<< [ERROR START] (lib: type_error)
plt.savefig('output.png', bbox_inches ='tight')
[ERROR FINISH] (lib: type_error) >>>>
result = None
<<<< [ERROR START] (dynamic: RuntimeError)

[ERROR FINISH] (dynamic: RuntimeError) >>>>","lib,dynamic","lib: type_error,dynamic: RuntimeError","10-10,12-12"
DS1000,hallucinated,DS0651,,,"[{'type': 'type_error', 'function': 'xticks', 'invalid_arg': 'rotation', 'line': 8}, {'type': 'type_error', 'function': 'xticks', 'invalid_arg': 'ha', 'line': 8}, {'type': 'type_error', 'function': 'xticks', 'invalid_arg': 'va', 'line': 8}, {'type': 'type_error', 'function': 'xticks', 'invalid_arg': 'labelpad', 'line': 8}, {'type': 'type_error', 'function': 'savefig', 'invalid_arg': 'bbox_inches', 'line': 10}]","{""error_type"": ""RuntimeError"", ""error_message"": ""Cannot create a GUI FigureManager outside the main thread using the MacOS backend. Use a non-interactive backend like 'agg' to make plots on worker threads."", ""line_no"": ""10.0"", ""test_case"": """"}","
import numpy as np
import pandas as pd
import matplotlib.pyplot as plt
x = np.arange(10)
y = np.arange(10)
plt.plot(x, y)
plt.xticks(rotation=45, ha='right', va='top', labelpad=10)
plt.tight_layout()
plt.savefig('output.png', bbox_inches ='tight')
result = None
","
import numpy as np
import pandas as pd
import matplotlib.pyplot as plt
x = np.arange(10)
y = np.arange(10)
plt.plot(x, y)
<<<< [ERROR START] (lib: type_error)
<<<< [ERROR START] (lib: type_error)
<<<< [ERROR START] (lib: type_error)
<<<< [ERROR START] (lib: type_error)
plt.xticks(rotation=45, ha='right', va='top', labelpad=10)
[ERROR FINISH] (lib: type_error) >>>>
[ERROR FINISH] (lib: type_error) >>>>
[ERROR FINISH] (lib: type_error) >>>>
[ERROR FINISH] (lib: type_error) >>>>
plt.tight_layout()
<<<< [ERROR START] (lib: type_error)
<<<< [ERROR START] (dynamic: RuntimeError)
plt.savefig('output.png', bbox_inches ='tight')
[ERROR FINISH] (lib: type_error) >>>>
[ERROR FINISH] (dynamic: RuntimeError) >>>>
result = None
","lib,lib,lib,lib,lib,dynamic","lib: type_error,lib: type_error,lib: type_error,lib: type_error,lib: type_error,dynamic: RuntimeError","8-8,8-8,8-8,8-8,10-10,10-10"
DS1000,hallucinated,DS0652,,,"[{'type': 'type_error', 'function': 'tick_params', 'invalid_arg': 'which', 'line': 9}, {'type': 'type_error', 'function': 'tick_params', 'invalid_arg': 'labelsize', 'line': 9}, {'type': 'type_error', 'function': 'savefig', 'invalid_arg': 'bbox_inches', 'line': 11}]","{""error_type"": ""RuntimeError"", ""error_message"": ""Cannot create a GUI FigureManager outside the main thread using the MacOS backend. Use a non-interactive backend like 'agg' to make plots on worker threads."", ""line_no"": ""10.0"", ""test_case"": """"}","
import numpy as np
import pandas as pd
import matplotlib.pyplot as plt
x = np.arange(10)
y = np.arange(10)
plt.plot(x, y)
plt.xticks(np.arange(10))
plt.tick_params(axis='both', which='major', labelsize=10)
plt.tight_layout()
plt.savefig('output.png', bbox_inches ='tight')
result = None
","
import numpy as np
import pandas as pd
import matplotlib.pyplot as plt
x = np.arange(10)
y = np.arange(10)
plt.plot(x, y)
plt.xticks(np.arange(10))
<<<< [ERROR START] (lib: type_error)
<<<< [ERROR START] (lib: type_error)
plt.tick_params(axis='both', which='major', labelsize=10)
[ERROR FINISH] (lib: type_error) >>>>
[ERROR FINISH] (lib: type_error) >>>>
<<<< [ERROR START] (dynamic: RuntimeError)
plt.tight_layout()
[ERROR FINISH] (dynamic: RuntimeError) >>>>
<<<< [ERROR START] (lib: type_error)
plt.savefig('output.png', bbox_inches ='tight')
[ERROR FINISH] (lib: type_error) >>>>
result = None
","lib,lib,lib,dynamic","lib: type_error,lib: type_error,lib: type_error,dynamic: RuntimeError","9-9,9-9,11-11,10-10"
DS1000,hallucinated,DS0653,,,"[{'type': 'type_error', 'function': 'tick_params', 'invalid_arg': 'which', 'line': 9}, {'type': 'type_error', 'function': 'tick_params', 'invalid_arg': 'bottom', 'line': 9}, {'type': 'type_error', 'function': 'savefig', 'invalid_arg': 'bbox_inches', 'line': 11}]","{""error_type"": ""RuntimeError"", ""error_message"": ""Cannot create a GUI FigureManager outside the main thread using the MacOS backend. Use a non-interactive backend like 'agg' to make plots on worker threads."", ""line_no"": ""10.0"", ""test_case"": """"}","
import numpy as np
import pandas as pd
import matplotlib.pyplot as plt
x = np.arange(10)
y = np.arange(10)
plt.plot(x, y)
plt.xticks(x)
plt.tick_params(axis='x', which='major', bottom=False)
result = None
plt.savefig('output.png', bbox_inches ='tight')
result = None
","
import numpy as np
import pandas as pd
import matplotlib.pyplot as plt
x = np.arange(10)
y = np.arange(10)
plt.plot(x, y)
plt.xticks(x)
<<<< [ERROR START] (lib: type_error)
<<<< [ERROR START] (lib: type_error)
plt.tick_params(axis='x', which='major', bottom=False)
[ERROR FINISH] (lib: type_error) >>>>
[ERROR FINISH] (lib: type_error) >>>>
<<<< [ERROR START] (dynamic: RuntimeError)
result = None
[ERROR FINISH] (dynamic: RuntimeError) >>>>
<<<< [ERROR START] (lib: type_error)
plt.savefig('output.png', bbox_inches ='tight')
[ERROR FINISH] (lib: type_error) >>>>
result = None
","lib,lib,lib,dynamic","lib: type_error,lib: type_error,lib: type_error,dynamic: RuntimeError","9-9,9-9,11-11,10-10"
DS1000,hallucinated,DS0654,,,"[{'type': 'type_error', 'function': 'savefig', 'invalid_arg': 'bbox_inches', 'line': 10}]","{""error_type"": ""RuntimeError"", ""error_message"": ""Cannot create a GUI FigureManager outside the main thread using the MacOS backend. Use a non-interactive backend like 'agg' to make plots on worker threads."", ""line_no"": ""11.0"", ""test_case"": """"}","
import numpy as np
import pandas as pd
import matplotlib.pyplot as plt
import seaborn as sns
df = sns.load_dataset(""exercise"")
result = sns.catplot(x=""time"", y=""pulse"", hue=""diet"", col=""group"", kind=""scatter"", sharey=False, sharex=False)
result.fig.suptitle(""Group: Fat"", y=1.02)
result.fig.suptitle(""Group: No Fat"", y=1.04)
plt.savefig('output.png', bbox_inches ='tight')
result = None
","
import numpy as np
import pandas as pd
import matplotlib.pyplot as plt
import seaborn as sns
df = sns.load_dataset(""exercise"")
result = sns.catplot(x=""time"", y=""pulse"", hue=""diet"", col=""group"", kind=""scatter"", sharey=False, sharex=False)
result.fig.suptitle(""Group: Fat"", y=1.02)
result.fig.suptitle(""Group: No Fat"", y=1.04)
<<<< [ERROR START] (lib: type_error)
plt.savefig('output.png', bbox_inches ='tight')
[ERROR FINISH] (lib: type_error) >>>>
<<<< [ERROR START] (dynamic: RuntimeError)
result = None
[ERROR FINISH] (dynamic: RuntimeError) >>>>
","lib,dynamic","lib: type_error,dynamic: RuntimeError","10-10,11-11"
DS1000,hallucinated,DS0655,,,"[{'type': 'type_error', 'function': 'savefig', 'invalid_arg': 'bbox_inches', 'line': 8}]","{""error_type"": ""RuntimeError"", ""error_message"": ""Cannot create a GUI FigureManager outside the main thread using the MacOS backend. Use a non-interactive backend like 'agg' to make plots on worker threads."", ""line_no"": ""10.0"", ""test_case"": """"}","
import numpy as np
import pandas as pd
import matplotlib.pyplot as plt
import seaborn as sns
df = sns.load_dataset(""exercise"")
result = sns.catplot(x=""time"", y=""pulse"", hue=""diet"", col=""time"", kind=""scatter"", palette=""viridis"", height=4, aspect=1)
plt.savefig('output.png', bbox_inches ='tight')
result = None
","
import numpy as np
import pandas as pd
import matplotlib.pyplot as plt
import seaborn as sns
df = sns.load_dataset(""exercise"")
result = sns.catplot(x=""time"", y=""pulse"", hue=""diet"", col=""time"", kind=""scatter"", palette=""viridis"", height=4, aspect=1)
<<<< [ERROR START] (lib: type_error)
plt.savefig('output.png', bbox_inches ='tight')
[ERROR FINISH] (lib: type_error) >>>>
result = None
<<<< [ERROR START] (dynamic: RuntimeError)

[ERROR FINISH] (dynamic: RuntimeError) >>>>","lib,dynamic","lib: type_error,dynamic: RuntimeError","8-8,10-10"
DS1000,hallucinated,DS0656,,,"[{'type': 'type_error', 'function': 'savefig', 'invalid_arg': 'bbox_inches', 'line': 8}]","{""error_type"": ""RuntimeError"", ""error_message"": ""Cannot create a GUI FigureManager outside the main thread using the MacOS backend. Use a non-interactive backend like 'agg' to make plots on worker threads."", ""line_no"": ""10.0"", ""test_case"": """"}","
import numpy as np
import pandas as pd
import matplotlib.pyplot as plt
import seaborn as sns
df = sns.load_dataset(""exercise"")
result = sns.catplot(x=""time"", y=None, hue=""diet"", col=""kind"", kind=""scatter"", data=df)
plt.savefig('output.png', bbox_inches ='tight')
result = None
","
import numpy as np
import pandas as pd
import matplotlib.pyplot as plt
import seaborn as sns
df = sns.load_dataset(""exercise"")
result = sns.catplot(x=""time"", y=None, hue=""diet"", col=""kind"", kind=""scatter"", data=df)
<<<< [ERROR START] (lib: type_error)
plt.savefig('output.png', bbox_inches ='tight')
[ERROR FINISH] (lib: type_error) >>>>
result = None
<<<< [ERROR START] (dynamic: RuntimeError)

[ERROR FINISH] (dynamic: RuntimeError) >>>>","lib,dynamic","lib: type_error,dynamic: RuntimeError","8-8,10-10"
DS1000,hallucinated,DS0657,,,"[{'type': 'type_error', 'function': 'plot', 'invalid_arg': 'label', 'line': 7}, {'type': 'type_error', 'function': 'legend', 'invalid_arg': 'fontsize', 'line': 8}, {'type': 'type_error', 'function': 'savefig', 'invalid_arg': 'bbox_inches', 'line': 9}]","{""error_type"": ""RuntimeError"", ""error_message"": ""Cannot create a GUI FigureManager outside the main thread using the MacOS backend. Use a non-interactive backend like 'agg' to make plots on worker threads."", ""line_no"": ""10.0"", ""test_case"": """"}","
import numpy as np
import pandas as pd
import matplotlib.pyplot as plt
x = np.arange(10)
y = np.arange(10)
plt.plot(x, y, label=""y"")
plt.legend(fontsize=8)
plt.savefig('output.png', bbox_inches ='tight')
result = None
","
import numpy as np
import pandas as pd
import matplotlib.pyplot as plt
x = np.arange(10)
y = np.arange(10)
<<<< [ERROR START] (lib: type_error)
plt.plot(x, y, label=""y"")
[ERROR FINISH] (lib: type_error) >>>>
<<<< [ERROR START] (lib: type_error)
plt.legend(fontsize=8)
[ERROR FINISH] (lib: type_error) >>>>
<<<< [ERROR START] (lib: type_error)
plt.savefig('output.png', bbox_inches ='tight')
[ERROR FINISH] (lib: type_error) >>>>
<<<< [ERROR START] (dynamic: RuntimeError)
result = None
[ERROR FINISH] (dynamic: RuntimeError) >>>>
","lib,lib,lib,dynamic","lib: type_error,lib: type_error,lib: type_error,dynamic: RuntimeError","7-7,8-8,9-9,10-10"
DS1000,hallucinated,DS0658,,,"[{'type': 'type_error', 'function': 'savefig', 'invalid_arg': 'bbox_inches', 'line': 8}]","{""error_type"": ""RuntimeError"", ""error_message"": ""Cannot create a GUI FigureManager outside the main thread using the MacOS backend. Use a non-interactive backend like 'agg' to make plots on worker threads."", ""line_no"": ""10.0"", ""test_case"": """"}","
import numpy as np
import pandas as pd
import matplotlib.pyplot as plt
x = np.arange(10)
y = np.arange(10)
plt.figure(figsize=(5, 5), dpi=300)
plt.savefig('output.png', bbox_inches ='tight')
result = None
","
import numpy as np
import pandas as pd
import matplotlib.pyplot as plt
x = np.arange(10)
y = np.arange(10)
plt.figure(figsize=(5, 5), dpi=300)
<<<< [ERROR START] (lib: type_error)
plt.savefig('output.png', bbox_inches ='tight')
[ERROR FINISH] (lib: type_error) >>>>
result = None
<<<< [ERROR START] (dynamic: RuntimeError)

[ERROR FINISH] (dynamic: RuntimeError) >>>>","lib,dynamic","lib: type_error,dynamic: RuntimeError","8-8,10-10"
DS1000,hallucinated,DS0659,,,"[{'type': 'type_error', 'function': 'plot', 'invalid_arg': 'label', 'line': 7}, {'type': 'type_error', 'function': 'legend', 'invalid_arg': 'frameon', 'line': 8}, {'type': 'type_error', 'function': 'savefig', 'invalid_arg': 'bbox_inches', 'line': 9}]","{""error_type"": ""RuntimeError"", ""error_message"": ""Cannot create a GUI FigureManager outside the main thread using the MacOS backend. Use a non-interactive backend like 'agg' to make plots on worker threads."", ""line_no"": ""10.0"", ""test_case"": """"}","
import numpy as np
import pandas as pd
import matplotlib.pyplot as plt
x = np.arange(10)
y = np.arange(10)
plt.plot(x, y, label=""y"")
plt.legend(frameon=False)
plt.savefig('output.png', bbox_inches ='tight')
result = None
","
import numpy as np
import pandas as pd
import matplotlib.pyplot as plt
x = np.arange(10)
y = np.arange(10)
<<<< [ERROR START] (lib: type_error)
plt.plot(x, y, label=""y"")
[ERROR FINISH] (lib: type_error) >>>>
<<<< [ERROR START] (lib: type_error)
plt.legend(frameon=False)
[ERROR FINISH] (lib: type_error) >>>>
<<<< [ERROR START] (lib: type_error)
plt.savefig('output.png', bbox_inches ='tight')
[ERROR FINISH] (lib: type_error) >>>>
<<<< [ERROR START] (dynamic: RuntimeError)
result = None
[ERROR FINISH] (dynamic: RuntimeError) >>>>
","lib,lib,lib,dynamic","lib: type_error,lib: type_error,lib: type_error,dynamic: RuntimeError","7-7,8-8,9-9,10-10"
DS1000,hallucinated,DS0660,,,"[{'type': 'type_error', 'function': 'plot', 'invalid_arg': 'label', 'line': 10}, {'type': 'type_error', 'function': 'plot', 'invalid_arg': 'label', 'line': 11}, {'type': 'type_error', 'function': 'plot', 'invalid_arg': 'label', 'line': 12}, {'type': 'type_error', 'function': 'savefig', 'invalid_arg': 'bbox_inches', 'line': 14}]","{""error_type"": ""RuntimeError"", ""error_message"": ""Cannot create a GUI FigureManager outside the main thread using the MacOS backend. Use a non-interactive backend like 'agg' to make plots on worker threads."", ""line_no"": ""10.0"", ""test_case"": """"}","
import numpy as np
import math
import matplotlib
import matplotlib.pyplot as plt
t = np.linspace(0, 2 * math.pi, 400)
a = np.sin(t)
b = np.cos(t)
c = a + b
plt.plot(t, a, label='sin(t)')
plt.plot(t, b, label='cos(t)')
plt.plot(t, c, label='sin(t) + cos(t)')
plt.legend()
plt.savefig('output.png', bbox_inches ='tight')
result = None
","
import numpy as np
import math
import matplotlib
import matplotlib.pyplot as plt
t = np.linspace(0, 2 * math.pi, 400)
a = np.sin(t)
b = np.cos(t)
c = a + b
<<<< [ERROR START] (lib: type_error)
<<<< [ERROR START] (dynamic: RuntimeError)
plt.plot(t, a, label='sin(t)')
[ERROR FINISH] (lib: type_error) >>>>
[ERROR FINISH] (dynamic: RuntimeError) >>>>
<<<< [ERROR START] (lib: type_error)
plt.plot(t, b, label='cos(t)')
[ERROR FINISH] (lib: type_error) >>>>
<<<< [ERROR START] (lib: type_error)
plt.plot(t, c, label='sin(t) + cos(t)')
[ERROR FINISH] (lib: type_error) >>>>
plt.legend()
<<<< [ERROR START] (lib: type_error)
plt.savefig('output.png', bbox_inches ='tight')
[ERROR FINISH] (lib: type_error) >>>>
result = None
","lib,lib,lib,lib,dynamic","lib: type_error,lib: type_error,lib: type_error,lib: type_error,dynamic: RuntimeError","10-10,11-11,12-12,14-14,10-10"
DS1000,hallucinated,DS0661,,,"[{'type': 'type_error', 'function': 'savefig', 'invalid_arg': 'bbox_inches', 'line': 8}]","{""error_type"": ""RuntimeError"", ""error_message"": ""Cannot create a GUI FigureManager outside the main thread using the MacOS backend. Use a non-interactive backend like 'agg' to make plots on worker threads."", ""line_no"": ""10.0"", ""test_case"": """"}","
import numpy as np
import pandas as pd
import matplotlib.pyplot as plt
import seaborn as sns
df = sns.load_dataset(""penguins"")[[""bill_length_mm"", ""species"", ""sex""]]
sns.stripplot(x=""sex"", y=""bill_length_mm"", hue=""species"", data=df, palette=""Set1"", dodge=True, legend=False)
plt.savefig('output.png', bbox_inches ='tight')
result = None
","
import numpy as np
import pandas as pd
import matplotlib.pyplot as plt
import seaborn as sns
df = sns.load_dataset(""penguins"")[[""bill_length_mm"", ""species"", ""sex""]]
sns.stripplot(x=""sex"", y=""bill_length_mm"", hue=""species"", data=df, palette=""Set1"", dodge=True, legend=False)
<<<< [ERROR START] (lib: type_error)
plt.savefig('output.png', bbox_inches ='tight')
[ERROR FINISH] (lib: type_error) >>>>
result = None
<<<< [ERROR START] (dynamic: RuntimeError)

[ERROR FINISH] (dynamic: RuntimeError) >>>>","lib,dynamic","lib: type_error,dynamic: RuntimeError","8-8,10-10"
DS1000,hallucinated,DS0662,,,"[{'type': 'type_error', 'function': 'savefig', 'invalid_arg': 'bbox_inches', 'line': 15}]","{""error_type"": ""RuntimeError"", ""error_message"": ""Cannot create a GUI FigureManager outside the main thread using the MacOS backend. Use a non-interactive backend like 'agg' to make plots on worker threads."", ""line_no"": ""21.0"", ""test_case"": """"}","
import seaborn as sns
import matplotlib.pylab as plt
import pandas
import numpy as np
df = pandas.DataFrame(
    {
        ""a"": np.arange(1, 31),
        ""b"": [""A"",] * 10 + [""B"",] * 10 + [""C"",] * 10,
        ""c"": np.random.rand(30),
    }
)
g = sns.FacetGrid(df, col=""b"")
g.map(sns.pointplot, ""a"", ""c"", order=np.arange(1, 31), xticks=np.arange(1, 31, 2))
plt.savefig('output.png', bbox_inches ='tight')
result = None
","
import seaborn as sns
import matplotlib.pylab as plt
import pandas
import numpy as np
df = pandas.DataFrame(
    {
        ""a"": np.arange(1, 31),
        ""b"": [""A"",] * 10 + [""B"",] * 10 + [""C"",] * 10,
        ""c"": np.random.rand(30),
    }
)
g = sns.FacetGrid(df, col=""b"")
g.map(sns.pointplot, ""a"", ""c"", order=np.arange(1, 31), xticks=np.arange(1, 31, 2))
<<<< [ERROR START] (lib: type_error)
plt.savefig('output.png', bbox_inches ='tight')
[ERROR FINISH] (lib: type_error) >>>>
result = None
","lib,dynamic","lib: type_error,dynamic: RuntimeError","15-15,21-21"
DS1000,hallucinated,DS0663,,,"[{'type': 'type_error', 'function': 'gca', 'invalid_arg': 'projection', 'line': 8}, {'type': 'type_error', 'function': 'savefig', 'invalid_arg': 'bbox_inches', 'line': 11}]","{""error_type"": ""RuntimeError"", ""error_message"": ""Cannot create a GUI FigureManager outside the main thread using the MacOS backend. Use a non-interactive backend like 'agg' to make plots on worker threads."", ""line_no"": ""9.0"", ""test_case"": """"}","
import matplotlib.pyplot as plt
from mpl_toolkits.mplot3d import Axes3D
import numpy as np
x = np.random.random(10)
y = np.random.random(10)
z = np.random.random(10)
ax = plt.gca(projection='3d')
ax.scatter(x, y, z)
ax.view_init(elev=50, azim=100)
plt.savefig('output.png', bbox_inches ='tight')
result = None
","
import matplotlib.pyplot as plt
from mpl_toolkits.mplot3d import Axes3D
import numpy as np
x = np.random.random(10)
y = np.random.random(10)
z = np.random.random(10)
<<<< [ERROR START] (lib: type_error)
ax = plt.gca(projection='3d')
[ERROR FINISH] (lib: type_error) >>>>
<<<< [ERROR START] (dynamic: RuntimeError)
ax.scatter(x, y, z)
[ERROR FINISH] (dynamic: RuntimeError) >>>>
ax.view_init(elev=50, azim=100)
<<<< [ERROR START] (lib: type_error)
plt.savefig('output.png', bbox_inches ='tight')
[ERROR FINISH] (lib: type_error) >>>>
result = None
","lib,lib,dynamic","lib: type_error,lib: type_error,dynamic: RuntimeError","8-8,11-11,9-9"
DS1000,hallucinated,DS0664,,,"[{'type': 'type_error', 'function': 'savefig', 'invalid_arg': 'bbox_inches', 'line': 12}, {'type': 'type_error', 'function': 'savefig', 'invalid_arg': 'bbox_inches', 'line': 13}]","{""error_type"": ""RuntimeError"", ""error_message"": ""Cannot create a GUI FigureManager outside the main thread using the MacOS backend. Use a non-interactive backend like 'agg' to make plots on worker threads."", ""line_no"": ""10.0"", ""test_case"": """"}","
import numpy as np
import pandas as pd
import matplotlib.pyplot as plt
x = np.arange(10)
y = np.arange(10)
plt.plot(x, y)
plt.xlabel(""x"")
plt.ylabel(""y"")
plt.xticks([])
plt.yticks([])
plt.savefig('output.png', bbox_inches='tight')
plt.savefig('output.png', bbox_inches ='tight')
result = None
","
import numpy as np
import pandas as pd
import matplotlib.pyplot as plt
x = np.arange(10)
y = np.arange(10)
plt.plot(x, y)
plt.xlabel(""x"")
plt.ylabel(""y"")
<<<< [ERROR START] (dynamic: RuntimeError)
plt.xticks([])
[ERROR FINISH] (dynamic: RuntimeError) >>>>
plt.yticks([])
<<<< [ERROR START] (lib: type_error)
plt.savefig('output.png', bbox_inches='tight')
[ERROR FINISH] (lib: type_error) >>>>
<<<< [ERROR START] (lib: type_error)
plt.savefig('output.png', bbox_inches ='tight')
[ERROR FINISH] (lib: type_error) >>>>
result = None
","lib,lib,dynamic","lib: type_error,lib: type_error,dynamic: RuntimeError","12-12,13-13,10-10"
DS1000,hallucinated,DS0665,,,"[{'type': 'type_error', 'function': 'savefig', 'invalid_arg': 'bbox_inches', 'line': 16}]","{""error_type"": ""RuntimeError"", ""error_message"": ""Cannot create a GUI FigureManager outside the main thread using the MacOS backend. Use a non-interactive backend like 'agg' to make plots on worker threads."", ""line_no"": ""9.0"", ""test_case"": """"}","
import numpy as np
import pandas as pd
import matplotlib.pyplot as plt
x = np.random.random((10, 10))
from matplotlib import gridspec
nrow = 2
ncol = 2
fig = plt.figure(figsize=(ncol + 1, nrow + 1))
gs = gridspec.GridSpec(nrow, ncol, figure=fig)
for i in range(nrow):
    for j in range(ncol):
        ax = fig.add_subplot(gs[i, j])
        ax.imshow(x, cmap='viridis')
        ax.axis('off')
plt.savefig('output.png', bbox_inches ='tight')
result = None
","
import numpy as np
import pandas as pd
import matplotlib.pyplot as plt
x = np.random.random((10, 10))
from matplotlib import gridspec
nrow = 2
ncol = 2
<<<< [ERROR START] (dynamic: RuntimeError)
fig = plt.figure(figsize=(ncol + 1, nrow + 1))
[ERROR FINISH] (dynamic: RuntimeError) >>>>
gs = gridspec.GridSpec(nrow, ncol, figure=fig)
for i in range(nrow):
    for j in range(ncol):
        ax = fig.add_subplot(gs[i, j])
        ax.imshow(x, cmap='viridis')
        ax.axis('off')
<<<< [ERROR START] (lib: type_error)
plt.savefig('output.png', bbox_inches ='tight')
[ERROR FINISH] (lib: type_error) >>>>
result = None
","lib,dynamic","lib: type_error,dynamic: RuntimeError","16-16,9-9"
DS1000,hallucinated,DS0666,,,"[{'type': 'module_not_found', 'module': 'tensorflow', 'line': 2}]","{""error_type"": ""ModuleNotFoundError"", ""error_message"": ""No module named 'tensorflow'"", ""line_no"": ""1.0"", ""test_case"": """"}","
import tensorflow as tf
x = test_input
x.assign(1)
result = x.numpy()
result = x
","<<<< [ERROR START] (dynamic: ModuleNotFoundError)

[ERROR FINISH] (dynamic: ModuleNotFoundError) >>>>
<<<< [ERROR START] (lib: module_not_found)
import tensorflow as tf
[ERROR FINISH] (lib: module_not_found) >>>>
x = test_input
x.assign(1)
result = x.numpy()
result = x
","lib,dynamic","lib: module_not_found,dynamic: ModuleNotFoundError","2-2,1-1"
DS1000,hallucinated,DS0667,,,"[{'type': 'module_not_found', 'module': 'tensorflow', 'line': 2}]","{""error_type"": ""ModuleNotFoundError"", ""error_message"": ""No module named 'tensorflow'"", ""line_no"": ""1.0"", ""test_case"": """"}","
import tensorflow as tf
x = test_input
x.assign(114514)
result = x.numpy()
result = x
","<<<< [ERROR START] (dynamic: ModuleNotFoundError)

[ERROR FINISH] (dynamic: ModuleNotFoundError) >>>>
<<<< [ERROR START] (lib: module_not_found)
import tensorflow as tf
[ERROR FINISH] (lib: module_not_found) >>>>
x = test_input
x.assign(114514)
result = x.numpy()
result = x
","lib,dynamic","lib: module_not_found,dynamic: ModuleNotFoundError","2-2,1-1"
DS1000,hallucinated,DS0668,,,"[{'type': 'module_not_found', 'module': 'tensorflow', 'line': 2}]","{""error_type"": ""ModuleNotFoundError"", ""error_message"": ""No module named 'tensorflow'"", ""line_no"": ""1.0"", ""test_case"": """"}","
import tensorflow as tf
labels = test_input
result = tf.one_hot(labels, depth=10, dtype=tf.int32)
","<<<< [ERROR START] (dynamic: ModuleNotFoundError)

[ERROR FINISH] (dynamic: ModuleNotFoundError) >>>>
<<<< [ERROR START] (lib: module_not_found)
import tensorflow as tf
[ERROR FINISH] (lib: module_not_found) >>>>
labels = test_input
result = tf.one_hot(labels, depth=10, dtype=tf.int32)
","lib,dynamic","lib: module_not_found,dynamic: ModuleNotFoundError","2-2,1-1"
DS1000,hallucinated,DS0669,,,"[{'type': 'module_not_found', 'module': 'tensorflow', 'line': 2}]","{""error_type"": ""ModuleNotFoundError"", ""error_message"": ""No module named 'tensorflow'"", ""line_no"": ""1.0"", ""test_case"": """"}","
import tensorflow as tf
labels = test_input
result = tf.one_hot(labels, depth=10, dtype=tf.int32)
","<<<< [ERROR START] (dynamic: ModuleNotFoundError)

[ERROR FINISH] (dynamic: ModuleNotFoundError) >>>>
<<<< [ERROR START] (lib: module_not_found)
import tensorflow as tf
[ERROR FINISH] (lib: module_not_found) >>>>
labels = test_input
result = tf.one_hot(labels, depth=10, dtype=tf.int32)
","lib,dynamic","lib: module_not_found,dynamic: ModuleNotFoundError","2-2,1-1"
DS1000,hallucinated,DS0670,,,"[{'type': 'module_not_found', 'module': 'tensorflow', 'line': 2}]","{""error_type"": ""ModuleNotFoundError"", ""error_message"": ""No module named 'tensorflow'"", ""line_no"": ""1.0"", ""test_case"": """"}","
import tensorflow as tf
labels = test_input
result = tf.one_hot(labels, depth=10, dtype=tf.int32)
","<<<< [ERROR START] (dynamic: ModuleNotFoundError)

[ERROR FINISH] (dynamic: ModuleNotFoundError) >>>>
<<<< [ERROR START] (lib: module_not_found)
import tensorflow as tf
[ERROR FINISH] (lib: module_not_found) >>>>
labels = test_input
result = tf.one_hot(labels, depth=10, dtype=tf.int32)
","lib,dynamic","lib: module_not_found,dynamic: ModuleNotFoundError","2-2,1-1"
DS1000,hallucinated,DS0671,"{""type"": ""IndentationError"", ""value"": 5, ""message"": ""expected an indented block after function definition on line 4 (<unknown>, line 5)""}",,,"{""error_type"": ""ModuleNotFoundError"", ""error_message"": ""No module named 'tensorflow'"", ""line_no"": ""1.0"", ""test_case"": """"}","
import tensorflow as tf
labels = test_input
def f(labels):
import tensorflow as tf

labels = test_input
result = tf.one_hot(labels, depth=10, dtype=tf.int32)
result = f(labels)
","<<<< [ERROR START] (dynamic: ModuleNotFoundError)

[ERROR FINISH] (dynamic: ModuleNotFoundError) >>>>
import tensorflow as tf
labels = test_input
def f(labels):
<<<< [ERROR START] (ast: IndentationError)
import tensorflow as tf
[ERROR FINISH] (ast: IndentationError) >>>>

labels = test_input
result = tf.one_hot(labels, depth=10, dtype=tf.int32)
result = f(labels)
","ast,dynamic","ast: IndentationError,dynamic: ModuleNotFoundError","5-5,1-1"
DS1000,hallucinated,DS0672,,,"[{'type': 'module_not_found', 'module': 'tensorflow', 'line': 2}]","{""error_type"": ""ModuleNotFoundError"", ""error_message"": ""No module named 'tensorflow'"", ""line_no"": ""1.0"", ""test_case"": """"}","
import tensorflow as tf
labels = test_input
result = tf.one_hot(labels, depth=10, dtype=tf.int32)
","<<<< [ERROR START] (dynamic: ModuleNotFoundError)

[ERROR FINISH] (dynamic: ModuleNotFoundError) >>>>
<<<< [ERROR START] (lib: module_not_found)
import tensorflow as tf
[ERROR FINISH] (lib: module_not_found) >>>>
labels = test_input
result = tf.one_hot(labels, depth=10, dtype=tf.int32)
","lib,dynamic","lib: module_not_found,dynamic: ModuleNotFoundError","2-2,1-1"
DS1000,hallucinated,DS0673,,,"[{'type': 'module_not_found', 'module': 'tensorflow', 'line': 2}]","{""error_type"": ""ModuleNotFoundError"", ""error_message"": ""No module named 'tensorflow'"", ""line_no"": ""1.0"", ""test_case"": """"}","
import tensorflow as tf
input = test_input
tf.compat.v1.disable_eager_execution()
ds = ds.flat_map(lambda x: tf.data.Dataset.from_tensor_slices(x))
","<<<< [ERROR START] (dynamic: ModuleNotFoundError)

[ERROR FINISH] (dynamic: ModuleNotFoundError) >>>>
<<<< [ERROR START] (lib: module_not_found)
import tensorflow as tf
[ERROR FINISH] (lib: module_not_found) >>>>
input = test_input
tf.compat.v1.disable_eager_execution()
ds = ds.flat_map(lambda x: tf.data.Dataset.from_tensor_slices(x))
","lib,dynamic","lib: module_not_found,dynamic: ModuleNotFoundError","2-2,1-1"
DS1000,hallucinated,DS0674,"{""type"": ""IndentationError"", ""value"": 6, ""message"": ""expected an indented block after function definition on line 5 (<unknown>, line 6)""}",,,"{""error_type"": ""ModuleNotFoundError"", ""error_message"": ""No module named 'tensorflow'"", ""line_no"": ""1.0"", ""test_case"": """"}","
import tensorflow as tf
input = test_input
tf.compat.v1.disable_eager_execution()
def f(input):
result = ds.flat_map(lambda x: tf.data.Dataset.from_tensor_slices(x)).batch(1).to_list()
result = f(input)
","<<<< [ERROR START] (dynamic: ModuleNotFoundError)

[ERROR FINISH] (dynamic: ModuleNotFoundError) >>>>
import tensorflow as tf
input = test_input
tf.compat.v1.disable_eager_execution()
def f(input):
<<<< [ERROR START] (ast: IndentationError)
result = ds.flat_map(lambda x: tf.data.Dataset.from_tensor_slices(x)).batch(1).to_list()
[ERROR FINISH] (ast: IndentationError) >>>>
result = f(input)
","ast,dynamic","ast: IndentationError,dynamic: ModuleNotFoundError","6-6,1-1"
DS1000,hallucinated,DS0675,,,"[{'type': 'module_not_found', 'module': 'tensorflow', 'line': 2}]","{""error_type"": ""ModuleNotFoundError"", ""error_message"": ""No module named 'tensorflow'"", ""line_no"": ""1.0"", ""test_case"": """"}","
import tensorflow as tf
lengths = test_input
result = tf.pad(tf.ones([len(lengths), 8]), [[0, 0], [1, 0]], mode='CONSTANT', constant_values=0)
","<<<< [ERROR START] (dynamic: ModuleNotFoundError)

[ERROR FINISH] (dynamic: ModuleNotFoundError) >>>>
<<<< [ERROR START] (lib: module_not_found)
import tensorflow as tf
[ERROR FINISH] (lib: module_not_found) >>>>
lengths = test_input
result = tf.pad(tf.ones([len(lengths), 8]), [[0, 0], [1, 0]], mode='CONSTANT', constant_values=0)
","lib,dynamic","lib: module_not_found,dynamic: ModuleNotFoundError","2-2,1-1"
DS1000,hallucinated,DS0676,,,"[{'type': 'module_not_found', 'module': 'tensorflow', 'line': 2}]","{""error_type"": ""ModuleNotFoundError"", ""error_message"": ""No module named 'tensorflow'"", ""line_no"": ""1.0"", ""test_case"": """"}","
import tensorflow as tf
lengths = test_input
result = tf.pad(tf.expand_dims(lengths, -1), [[0, 8 - lengths], [0, 0]], mode='CONSTANT', constant_values=1)
","<<<< [ERROR START] (dynamic: ModuleNotFoundError)

[ERROR FINISH] (dynamic: ModuleNotFoundError) >>>>
<<<< [ERROR START] (lib: module_not_found)
import tensorflow as tf
[ERROR FINISH] (lib: module_not_found) >>>>
lengths = test_input
result = tf.pad(tf.expand_dims(lengths, -1), [[0, 8 - lengths], [0, 0]], mode='CONSTANT', constant_values=1)
","lib,dynamic","lib: module_not_found,dynamic: ModuleNotFoundError","2-2,1-1"
DS1000,hallucinated,DS0677,,,"[{'type': 'module_not_found', 'module': 'tensorflow', 'line': 2}]","{""error_type"": ""ModuleNotFoundError"", ""error_message"": ""No module named 'tensorflow'"", ""line_no"": ""1.0"", ""test_case"": """"}","
import tensorflow as tf
lengths = test_input
result = tf.one_hot(lengths, depth=8, on_value=1, off_value=0)
","<<<< [ERROR START] (dynamic: ModuleNotFoundError)

[ERROR FINISH] (dynamic: ModuleNotFoundError) >>>>
<<<< [ERROR START] (lib: module_not_found)
import tensorflow as tf
[ERROR FINISH] (lib: module_not_found) >>>>
lengths = test_input
result = tf.one_hot(lengths, depth=8, on_value=1, off_value=0)
","lib,dynamic","lib: module_not_found,dynamic: ModuleNotFoundError","2-2,1-1"
DS1000,hallucinated,DS0678,"{""type"": ""IndentationError"", ""value"": 5, ""message"": ""expected an indented block after function definition on line 4 (<unknown>, line 5)""}",,,"{""error_type"": ""ModuleNotFoundError"", ""error_message"": ""No module named 'tensorflow'"", ""line_no"": ""1.0"", ""test_case"": """"}","
import tensorflow as tf
lengths = test_input
def f(lengths):
result = tf.sequence_mask(lengths, maxlen=8)
result = f(lengths)
","<<<< [ERROR START] (dynamic: ModuleNotFoundError)

[ERROR FINISH] (dynamic: ModuleNotFoundError) >>>>
import tensorflow as tf
lengths = test_input
def f(lengths):
<<<< [ERROR START] (ast: IndentationError)
result = tf.sequence_mask(lengths, maxlen=8)
[ERROR FINISH] (ast: IndentationError) >>>>
result = f(lengths)
","ast,dynamic","ast: IndentationError,dynamic: ModuleNotFoundError","5-5,1-1"
DS1000,hallucinated,DS0679,,,"[{'type': 'module_not_found', 'module': 'tensorflow', 'line': 2}]","{""error_type"": ""ModuleNotFoundError"", ""error_message"": ""No module named 'tensorflow'"", ""line_no"": ""1.0"", ""test_case"": """"}","
import tensorflow as tf
lengths = test_input
result = tf.pad(tf.ones([len(lengths), 1]), [[0, 8 - lengths], [0, 0]], mode='CONSTANT', constant_values=1)
","<<<< [ERROR START] (dynamic: ModuleNotFoundError)

[ERROR FINISH] (dynamic: ModuleNotFoundError) >>>>
<<<< [ERROR START] (lib: module_not_found)
import tensorflow as tf
[ERROR FINISH] (lib: module_not_found) >>>>
lengths = test_input
result = tf.pad(tf.ones([len(lengths), 1]), [[0, 8 - lengths], [0, 0]], mode='CONSTANT', constant_values=1)
","lib,dynamic","lib: module_not_found,dynamic: ModuleNotFoundError","2-2,1-1"
DS1000,hallucinated,DS0680,,,"[{'type': 'module_not_found', 'module': 'tensorflow', 'line': 2}]","{""error_type"": ""ModuleNotFoundError"", ""error_message"": ""No module named 'tensorflow'"", ""line_no"": ""1.0"", ""test_case"": """"}","
import tensorflow as tf
a,b = test_input
result = tf.einsum('i,j->ij', a, b)
if result.shape == [12,2]:
    result = tf.reshape(result, [3,4,2])
","<<<< [ERROR START] (dynamic: ModuleNotFoundError)

[ERROR FINISH] (dynamic: ModuleNotFoundError) >>>>
<<<< [ERROR START] (lib: module_not_found)
import tensorflow as tf
[ERROR FINISH] (lib: module_not_found) >>>>
a,b = test_input
result = tf.einsum('i,j->ij', a, b)
if result.shape == [12,2]:
    result = tf.reshape(result, [3,4,2])
","lib,dynamic","lib: module_not_found,dynamic: ModuleNotFoundError","2-2,1-1"
DS1000,hallucinated,DS0681,"{""type"": ""IndentationError"", ""value"": 5, ""message"": ""expected an indented block after function definition on line 4 (<unknown>, line 5)""}",,,"{""error_type"": ""ModuleNotFoundError"", ""error_message"": ""No module named 'tensorflow'"", ""line_no"": ""1.0"", ""test_case"": """"}","
import tensorflow as tf
a,b = test_input
def f(a,b):
result = tf.stack([tf.expand_dims(a, -1), tf.expand_dims(b, 0)], axis=-1)
result = tf.reduce_prod(result, axis=-1)
result = f(a,b)
if result.shape == [12,2]:
    result = tf.reshape(result, [3,4,2])
","<<<< [ERROR START] (dynamic: ModuleNotFoundError)

[ERROR FINISH] (dynamic: ModuleNotFoundError) >>>>
import tensorflow as tf
a,b = test_input
def f(a,b):
<<<< [ERROR START] (ast: IndentationError)
result = tf.stack([tf.expand_dims(a, -1), tf.expand_dims(b, 0)], axis=-1)
[ERROR FINISH] (ast: IndentationError) >>>>
result = tf.reduce_prod(result, axis=-1)
result = f(a,b)
if result.shape == [12,2]:
    result = tf.reshape(result, [3,4,2])
","ast,dynamic","ast: IndentationError,dynamic: ModuleNotFoundError","5-5,1-1"
DS1000,hallucinated,DS0682,,,"[{'type': 'module_not_found', 'module': 'tensorflow', 'line': 2}]","{""error_type"": ""ModuleNotFoundError"", ""error_message"": ""No module named 'tensorflow'"", ""line_no"": ""1.0"", ""test_case"": """"}","
import tensorflow as tf
import numpy as np
a = test_input
result = tf.reshape(a, (50, 100, -1))
","<<<< [ERROR START] (dynamic: ModuleNotFoundError)

[ERROR FINISH] (dynamic: ModuleNotFoundError) >>>>
<<<< [ERROR START] (lib: module_not_found)
import tensorflow as tf
[ERROR FINISH] (lib: module_not_found) >>>>
import numpy as np
a = test_input
result = tf.reshape(a, (50, 100, -1))
","lib,dynamic","lib: module_not_found,dynamic: ModuleNotFoundError","2-2,1-1"
DS1000,hallucinated,DS0683,,,"[{'type': 'module_not_found', 'module': 'tensorflow', 'line': 2}]","{""error_type"": ""ModuleNotFoundError"", ""error_message"": ""No module named 'tensorflow'"", ""line_no"": ""1.0"", ""test_case"": """"}","
import tensorflow as tf
import numpy as np
a = test_input
result = tf.expand_dims(a, axis=2)
","<<<< [ERROR START] (dynamic: ModuleNotFoundError)

[ERROR FINISH] (dynamic: ModuleNotFoundError) >>>>
<<<< [ERROR START] (lib: module_not_found)
import tensorflow as tf
[ERROR FINISH] (lib: module_not_found) >>>>
import numpy as np
a = test_input
result = tf.expand_dims(a, axis=2)
","lib,dynamic","lib: module_not_found,dynamic: ModuleNotFoundError","2-2,1-1"
DS1000,hallucinated,DS0684,,,"[{'type': 'module_not_found', 'module': 'tensorflow', 'line': 2}]","{""error_type"": ""ModuleNotFoundError"", ""error_message"": ""No module named 'tensorflow'"", ""line_no"": ""1.0"", ""test_case"": """"}","
import tensorflow as tf
import numpy as np
a = test_input
result = tf.expand_dims(a, axis=0)
","<<<< [ERROR START] (dynamic: ModuleNotFoundError)

[ERROR FINISH] (dynamic: ModuleNotFoundError) >>>>
<<<< [ERROR START] (lib: module_not_found)
import tensorflow as tf
[ERROR FINISH] (lib: module_not_found) >>>>
import numpy as np
a = test_input
result = tf.expand_dims(a, axis=0)
","lib,dynamic","lib: module_not_found,dynamic: ModuleNotFoundError","2-2,1-1"
DS1000,hallucinated,DS0685,,,"[{'type': 'module_not_found', 'module': 'tensorflow', 'line': 2}]","{""error_type"": ""ModuleNotFoundError"", ""error_message"": ""No module named 'tensorflow'"", ""line_no"": ""1.0"", ""test_case"": """"}","
import tensorflow as tf
import numpy as np
A = test_input
result = tf.reduce_sum(A, axis=1)
","<<<< [ERROR START] (dynamic: ModuleNotFoundError)

[ERROR FINISH] (dynamic: ModuleNotFoundError) >>>>
<<<< [ERROR START] (lib: module_not_found)
import tensorflow as tf
[ERROR FINISH] (lib: module_not_found) >>>>
import numpy as np
A = test_input
result = tf.reduce_sum(A, axis=1)
","lib,dynamic","lib: module_not_found,dynamic: ModuleNotFoundError","2-2,1-1"
DS1000,hallucinated,DS0686,,,"[{'type': 'module_not_found', 'module': 'tensorflow', 'line': 2}]","{""error_type"": ""ModuleNotFoundError"", ""error_message"": ""No module named 'tensorflow'"", ""line_no"": ""1.0"", ""test_case"": """"}","
import tensorflow as tf
import numpy as np
A = test_input
result = tf.reduce_prod(A, axis=1)
","<<<< [ERROR START] (dynamic: ModuleNotFoundError)

[ERROR FINISH] (dynamic: ModuleNotFoundError) >>>>
<<<< [ERROR START] (lib: module_not_found)
import tensorflow as tf
[ERROR FINISH] (lib: module_not_found) >>>>
import numpy as np
A = test_input
result = tf.reduce_prod(A, axis=1)
","lib,dynamic","lib: module_not_found,dynamic: ModuleNotFoundError","2-2,1-1"
DS1000,hallucinated,DS0687,,,"[{'type': 'module_not_found', 'module': 'tensorflow', 'line': 3}]","{""error_type"": ""ModuleNotFoundError"", ""error_message"": ""No module named 'tensorflow'"", ""line_no"": ""1.0"", ""test_case"": """"}","
import numpy as np
import tensorflow as tf
A = test_input
result = tf.math.reciprocal(A)
","<<<< [ERROR START] (dynamic: ModuleNotFoundError)

[ERROR FINISH] (dynamic: ModuleNotFoundError) >>>>
import numpy as np
<<<< [ERROR START] (lib: module_not_found)
import tensorflow as tf
[ERROR FINISH] (lib: module_not_found) >>>>
A = test_input
result = tf.math.reciprocal(A)
","lib,dynamic","lib: module_not_found,dynamic: ModuleNotFoundError","3-3,1-1"
DS1000,hallucinated,DS0688,,,"[{'type': 'module_not_found', 'module': 'tensorflow', 'line': 2}]","{""error_type"": ""ModuleNotFoundError"", ""error_message"": ""No module named 'tensorflow'"", ""line_no"": ""1.0"", ""test_case"": """"}","
import tensorflow as tf
a,b = test_input
result = tf.reduce_sum(tf.square(tf.subtract(a, b)), axis=1)
","<<<< [ERROR START] (dynamic: ModuleNotFoundError)

[ERROR FINISH] (dynamic: ModuleNotFoundError) >>>>
<<<< [ERROR START] (lib: module_not_found)
import tensorflow as tf
[ERROR FINISH] (lib: module_not_found) >>>>
a,b = test_input
result = tf.reduce_sum(tf.square(tf.subtract(a, b)), axis=1)
","lib,dynamic","lib: module_not_found,dynamic: ModuleNotFoundError","2-2,1-1"
DS1000,hallucinated,DS0689,,,"[{'type': 'module_not_found', 'module': 'tensorflow', 'line': 2}]","{""error_type"": ""ModuleNotFoundError"", ""error_message"": ""No module named 'tensorflow'"", ""line_no"": ""1.0"", ""test_case"": """"}","
import tensorflow as tf
a,b = test_input
result = tf.sqrt(tf.reduce_sum(tf.square(a - b), axis=0))
","<<<< [ERROR START] (dynamic: ModuleNotFoundError)

[ERROR FINISH] (dynamic: ModuleNotFoundError) >>>>
<<<< [ERROR START] (lib: module_not_found)
import tensorflow as tf
[ERROR FINISH] (lib: module_not_found) >>>>
a,b = test_input
result = tf.sqrt(tf.reduce_sum(tf.square(a - b), axis=0))
","lib,dynamic","lib: module_not_found,dynamic: ModuleNotFoundError","2-2,1-1"
DS1000,hallucinated,DS0690,"{""type"": ""IndentationError"", ""value"": 5, ""message"": ""expected an indented block after function definition on line 4 (<unknown>, line 5)""}",,,"{""error_type"": ""ModuleNotFoundError"", ""error_message"": ""No module named 'tensorflow'"", ""line_no"": ""1.0"", ""test_case"": """"}","
import tensorflow as tf
A,B = test_input
def f(A,B):
result = tf.sqrt(tf.reduce_sum(tf.square(tf.subtract(A, B)), axis=1))
result = f(A,B)
","<<<< [ERROR START] (dynamic: ModuleNotFoundError)

[ERROR FINISH] (dynamic: ModuleNotFoundError) >>>>
import tensorflow as tf
A,B = test_input
def f(A,B):
<<<< [ERROR START] (ast: IndentationError)
result = tf.sqrt(tf.reduce_sum(tf.square(tf.subtract(A, B)), axis=1))
[ERROR FINISH] (ast: IndentationError) >>>>
result = f(A,B)
","ast,dynamic","ast: IndentationError,dynamic: ModuleNotFoundError","5-5,1-1"
DS1000,hallucinated,DS0691,,,"[{'type': 'module_not_found', 'module': 'tensorflow', 'line': 2}]","{""error_type"": ""ModuleNotFoundError"", ""error_message"": ""No module named 'tensorflow'"", ""line_no"": ""1.0"", ""test_case"": """"}","
import tensorflow as tf
x,y,z = test_input
result = x[:, y, z]
","<<<< [ERROR START] (dynamic: ModuleNotFoundError)

[ERROR FINISH] (dynamic: ModuleNotFoundError) >>>>
<<<< [ERROR START] (lib: module_not_found)
import tensorflow as tf
[ERROR FINISH] (lib: module_not_found) >>>>
x,y,z = test_input
result = x[:, y, z]
","lib,dynamic","lib: module_not_found,dynamic: ModuleNotFoundError","2-2,1-1"
DS1000,hallucinated,DS0692,,,"[{'type': 'module_not_found', 'module': 'tensorflow', 'line': 2}]","{""error_type"": ""ModuleNotFoundError"", ""error_message"": ""No module named 'tensorflow'"", ""line_no"": ""1.0"", ""test_case"": """"}","
import tensorflow as tf
x,row,col = test_input
result = tf.gather_nd(x, tf.stack([row, col], axis=1))
","<<<< [ERROR START] (dynamic: ModuleNotFoundError)

[ERROR FINISH] (dynamic: ModuleNotFoundError) >>>>
<<<< [ERROR START] (lib: module_not_found)
import tensorflow as tf
[ERROR FINISH] (lib: module_not_found) >>>>
x,row,col = test_input
result = tf.gather_nd(x, tf.stack([row, col], axis=1))
","lib,dynamic","lib: module_not_found,dynamic: ModuleNotFoundError","2-2,1-1"
DS1000,hallucinated,DS0693,"{""type"": ""IndentationError"", ""value"": 5, ""message"": ""expected an indented block after function definition on line 4 (<unknown>, line 5)""}",,,"{""error_type"": ""ModuleNotFoundError"", ""error_message"": ""No module named 'tensorflow'"", ""line_no"": ""1.0"", ""test_case"": """"}","
import tensorflow as tf
x,y,z = test_input
def f(x,y,z):
result = tf.gather_nd(x, tf.stack([y, z], axis=1))
result = f(x,y,z)
","<<<< [ERROR START] (dynamic: ModuleNotFoundError)

[ERROR FINISH] (dynamic: ModuleNotFoundError) >>>>
import tensorflow as tf
x,y,z = test_input
def f(x,y,z):
<<<< [ERROR START] (ast: IndentationError)
result = tf.gather_nd(x, tf.stack([y, z], axis=1))
[ERROR FINISH] (ast: IndentationError) >>>>
result = f(x,y,z)
","ast,dynamic","ast: IndentationError,dynamic: ModuleNotFoundError","5-5,1-1"
DS1000,hallucinated,DS0694,,,"[{'type': 'module_not_found', 'module': 'tensorflow', 'line': 2}]","{""error_type"": ""ModuleNotFoundError"", ""error_message"": ""No module named 'tensorflow'"", ""line_no"": ""1.0"", ""test_case"": """"}","
import tensorflow as tf
import numpy as np
A,B = test_input
result = tf.reduce_sum(tf.einsum('bns,bns->bn', A, B), axis=2)
","<<<< [ERROR START] (dynamic: ModuleNotFoundError)

[ERROR FINISH] (dynamic: ModuleNotFoundError) >>>>
<<<< [ERROR START] (lib: module_not_found)
import tensorflow as tf
[ERROR FINISH] (lib: module_not_found) >>>>
import numpy as np
A,B = test_input
result = tf.reduce_sum(tf.einsum('bns,bns->bn', A, B), axis=2)
","lib,dynamic","lib: module_not_found,dynamic: ModuleNotFoundError","2-2,1-1"
DS1000,hallucinated,DS0695,,,"[{'type': 'module_not_found', 'module': 'tensorflow', 'line': 2}]","{""error_type"": ""ModuleNotFoundError"", ""error_message"": ""No module named 'tensorflow'"", ""line_no"": ""1.0"", ""test_case"": """"}","
import tensorflow as tf
import numpy as np
A,B = test_input
result = tf.reduce_sum(tf.einsum('bij,bkj->bik', A, B), axis=2)
","<<<< [ERROR START] (dynamic: ModuleNotFoundError)

[ERROR FINISH] (dynamic: ModuleNotFoundError) >>>>
<<<< [ERROR START] (lib: module_not_found)
import tensorflow as tf
[ERROR FINISH] (lib: module_not_found) >>>>
import numpy as np
A,B = test_input
result = tf.reduce_sum(tf.einsum('bij,bkj->bik', A, B), axis=2)
","lib,dynamic","lib: module_not_found,dynamic: ModuleNotFoundError","2-2,1-1"
DS1000,hallucinated,DS0696,,,"[{'type': 'module_not_found', 'module': 'tensorflow', 'line': 2}]","{""error_type"": ""ModuleNotFoundError"", ""error_message"": ""No module named 'tensorflow'"", ""line_no"": ""1.0"", ""test_case"": """"}","
import tensorflow as tf
x = test_input
result = tf.strings.unicode_decode(x, 'UTF-8')
","<<<< [ERROR START] (dynamic: ModuleNotFoundError)

[ERROR FINISH] (dynamic: ModuleNotFoundError) >>>>
<<<< [ERROR START] (lib: module_not_found)
import tensorflow as tf
[ERROR FINISH] (lib: module_not_found) >>>>
x = test_input
result = tf.strings.unicode_decode(x, 'UTF-8')
","lib,dynamic","lib: module_not_found,dynamic: ModuleNotFoundError","2-2,1-1"
DS1000,hallucinated,DS0697,"{""type"": ""IndentationError"", ""value"": 5, ""message"": ""expected an indented block after function definition on line 4 (<unknown>, line 5)""}",,,"{""error_type"": ""ModuleNotFoundError"", ""error_message"": ""No module named 'tensorflow'"", ""line_no"": ""1.0"", ""test_case"": """"}","
import tensorflow as tf
x = test_input
def f(x):
import tensorflow as tf

x = test_input
result = tf.strings.unicode_decode(x, 'UTF-8')
result = f(x)
","<<<< [ERROR START] (dynamic: ModuleNotFoundError)

[ERROR FINISH] (dynamic: ModuleNotFoundError) >>>>
import tensorflow as tf
x = test_input
def f(x):
<<<< [ERROR START] (ast: IndentationError)
import tensorflow as tf
[ERROR FINISH] (ast: IndentationError) >>>>

x = test_input
result = tf.strings.unicode_decode(x, 'UTF-8')
result = f(x)
","ast,dynamic","ast: IndentationError,dynamic: ModuleNotFoundError","5-5,1-1"
DS1000,hallucinated,DS0698,,,"[{'type': 'module_not_found', 'module': 'tensorflow', 'line': 2}]","{""error_type"": ""ModuleNotFoundError"", ""error_message"": ""No module named 'tensorflow'"", ""line_no"": ""1.0"", ""test_case"": """"}","
import tensorflow as tf
x = test_input
result = tf.reduce_sum(x, axis=-1) / (tf.reduce_sum(tf.cast(x != 0, tf.float32), axis=-1) + 1e-6)
","<<<< [ERROR START] (dynamic: ModuleNotFoundError)

[ERROR FINISH] (dynamic: ModuleNotFoundError) >>>>
<<<< [ERROR START] (lib: module_not_found)
import tensorflow as tf
[ERROR FINISH] (lib: module_not_found) >>>>
x = test_input
result = tf.reduce_sum(x, axis=-1) / (tf.reduce_sum(tf.cast(x != 0, tf.float32), axis=-1) + 1e-6)
","lib,dynamic","lib: module_not_found,dynamic: ModuleNotFoundError","2-2,1-1"
DS1000,hallucinated,DS0699,,,"[{'type': 'module_not_found', 'module': 'tensorflow', 'line': 2}]","{""error_type"": ""ModuleNotFoundError"", ""error_message"": ""No module named 'tensorflow'"", ""line_no"": ""1.0"", ""test_case"": """"}","
import tensorflow as tf
x = test_input
result = tf.math.reduce_variance(x, axis=-1, keepdims=True)
","<<<< [ERROR START] (dynamic: ModuleNotFoundError)

[ERROR FINISH] (dynamic: ModuleNotFoundError) >>>>
<<<< [ERROR START] (lib: module_not_found)
import tensorflow as tf
[ERROR FINISH] (lib: module_not_found) >>>>
x = test_input
result = tf.math.reduce_variance(x, axis=-1, keepdims=True)
","lib,dynamic","lib: module_not_found,dynamic: ModuleNotFoundError","2-2,1-1"
DS1000,hallucinated,DS0700,"{""type"": ""IndentationError"", ""value"": 5, ""message"": ""expected an indented block after function definition on line 4 (<unknown>, line 5)""}",,,"{""error_type"": ""ModuleNotFoundError"", ""error_message"": ""No module named 'tensorflow'"", ""line_no"": ""1.0"", ""test_case"": """"}","
import tensorflow as tf
x = test_input
def f(x):
result = tf.reduce_sum(x, axis=-1) / (tf.reduce_sum(tf.cast(x != 0, tf.float32), axis=-1) + 1e-6)
result = f(x)
","<<<< [ERROR START] (dynamic: ModuleNotFoundError)

[ERROR FINISH] (dynamic: ModuleNotFoundError) >>>>
import tensorflow as tf
x = test_input
def f(x):
<<<< [ERROR START] (ast: IndentationError)
result = tf.reduce_sum(x, axis=-1) / (tf.reduce_sum(tf.cast(x != 0, tf.float32), axis=-1) + 1e-6)
[ERROR FINISH] (ast: IndentationError) >>>>
result = f(x)
","ast,dynamic","ast: IndentationError,dynamic: ModuleNotFoundError","5-5,1-1"
DS1000,hallucinated,DS0701,,,"[{'type': 'module_not_found', 'module': 'tensorflow', 'line': 2}]","{""error_type"": ""ModuleNotFoundError"", ""error_message"": ""No module named 'tensorflow'"", ""line_no"": ""1.0"", ""test_case"": """"}","
import tensorflow as tf
FLAG = test_input
result = tf.reduce_sum(tf.matmul(A, B)).numpy().numpy()
","<<<< [ERROR START] (dynamic: ModuleNotFoundError)

[ERROR FINISH] (dynamic: ModuleNotFoundError) >>>>
<<<< [ERROR START] (lib: module_not_found)
import tensorflow as tf
[ERROR FINISH] (lib: module_not_found) >>>>
FLAG = test_input
result = tf.reduce_sum(tf.matmul(A, B)).numpy().numpy()
","lib,dynamic","lib: module_not_found,dynamic: ModuleNotFoundError","2-2,1-1"
DS1000,hallucinated,DS0702,,,"[{'type': 'module_not_found', 'module': 'tensorflow', 'line': 2}]","{""error_type"": ""ModuleNotFoundError"", ""error_message"": ""No module named 'tensorflow'"", ""line_no"": ""1.0"", ""test_case"": """"}","
import tensorflow as tf
a = test_input
result = tf.argmax(a, axis=1)
","<<<< [ERROR START] (dynamic: ModuleNotFoundError)

[ERROR FINISH] (dynamic: ModuleNotFoundError) >>>>
<<<< [ERROR START] (lib: module_not_found)
import tensorflow as tf
[ERROR FINISH] (lib: module_not_found) >>>>
a = test_input
result = tf.argmax(a, axis=1)
","lib,dynamic","lib: module_not_found,dynamic: ModuleNotFoundError","2-2,1-1"
DS1000,hallucinated,DS0703,,,"[{'type': 'module_not_found', 'module': 'tensorflow', 'line': 2}]","{""error_type"": ""ModuleNotFoundError"", ""error_message"": ""No module named 'tensorflow'"", ""line_no"": ""1.0"", ""test_case"": """"}","
import tensorflow as tf
a = test_input
result = tf.argmax(a, axis=1)
","<<<< [ERROR START] (dynamic: ModuleNotFoundError)

[ERROR FINISH] (dynamic: ModuleNotFoundError) >>>>
<<<< [ERROR START] (lib: module_not_found)
import tensorflow as tf
[ERROR FINISH] (lib: module_not_found) >>>>
a = test_input
result = tf.argmax(a, axis=1)
","lib,dynamic","lib: module_not_found,dynamic: ModuleNotFoundError","2-2,1-1"
DS1000,hallucinated,DS0704,"{""type"": ""IndentationError"", ""value"": 5, ""message"": ""expected an indented block after function definition on line 4 (<unknown>, line 5)""}",,,"{""error_type"": ""ModuleNotFoundError"", ""error_message"": ""No module named 'tensorflow'"", ""line_no"": ""1.0"", ""test_case"": """"}","
import tensorflow as tf
a = test_input
def f(a):
result = tf.argmax(a, axis=1)
result = f(a)
","<<<< [ERROR START] (dynamic: ModuleNotFoundError)

[ERROR FINISH] (dynamic: ModuleNotFoundError) >>>>
import tensorflow as tf
a = test_input
def f(a):
<<<< [ERROR START] (ast: IndentationError)
result = tf.argmax(a, axis=1)
[ERROR FINISH] (ast: IndentationError) >>>>
result = f(a)
","ast,dynamic","ast: IndentationError,dynamic: ModuleNotFoundError","5-5,1-1"
DS1000,hallucinated,DS0705,,,"[{'type': 'module_not_found', 'module': 'tensorflow', 'line': 2}]","{""error_type"": ""ModuleNotFoundError"", ""error_message"": ""No module named 'tensorflow'"", ""line_no"": ""1.0"", ""test_case"": """"}","
import tensorflow as tf
a = test_input
result = tf.argmin(a, axis=1)
","<<<< [ERROR START] (dynamic: ModuleNotFoundError)

[ERROR FINISH] (dynamic: ModuleNotFoundError) >>>>
<<<< [ERROR START] (lib: module_not_found)
import tensorflow as tf
[ERROR FINISH] (lib: module_not_found) >>>>
a = test_input
result = tf.argmin(a, axis=1)
","lib,dynamic","lib: module_not_found,dynamic: ModuleNotFoundError","2-2,1-1"
DS1000,hallucinated,DS0706,,,"[{'type': 'module_not_found', 'module': 'tensorflow', 'line': 6}, {'type': 'module_not_found', 'module': 'tensorflow.keras.models', 'line': 7}, {'type': 'module_not_found', 'module': 'tensorflow.keras.layers', 'line': 8}]","{""error_type"": ""ModuleNotFoundError"", ""error_message"": ""No module named 'tensorflow'"", ""line_no"": ""1.0"", ""test_case"": ""[[\""114514\"", \""1\"", \""<Execution Error: No module named 'tensorflow'>\""]]""}","
import shutil
import os
if os.path.exists('my_model'):
    shutil.rmtree('my_model')
import tensorflow as tf
from tensorflow.keras.models import Sequential
from tensorflow.keras.layers import Dense
FLAG = test_input
network_layout = []
for i in range(3):
    network_layout.append(8)
model = Sequential()
inputdim = 4
activation = 'relu'
outputdim = 2
opt='rmsprop'
epochs = 50
model.add(Dense(network_layout[0],
                name=""Input"",
                input_dim=inputdim,
                kernel_initializer='he_normal',
                activation=activation))
for numneurons in network_layout[1:]:
    model.add(Dense(numneurons,
                    kernel_initializer = 'he_normal',
                    activation=activation))
model.add(Dense(outputdim,
                name=""Output"",
                kernel_initializer=""he_normal"",
                activation=""relu""))
model.compile(optimizer=opt,loss='mse',metrics=['mse','mae','mape'])
result = 0
try:
    assert os.path.exists(""export"")
    p = os.path.join(""export"", ""1"")
    assert os.path.exists(p)
    assert os.path.exists(os.path.join(p, ""assets""))
    assert os.path.exists(os.path.join(p, ""saved_model.pb""))
    p = os.path.join(p, ""variables"")
    assert os.path.exists(p)
    assert os.path.exists(os.path.join(p, ""variables.data-00000-of-00001""))
    assert os.path.exists(os.path.join(p, ""variables.index""))
    result = 1
except:
    result = 0
","<<<< [ERROR START] (dynamic: ModuleNotFoundError)

[ERROR FINISH] (dynamic: ModuleNotFoundError) >>>>
import shutil
import os
if os.path.exists('my_model'):
    shutil.rmtree('my_model')
<<<< [ERROR START] (lib: module_not_found)
import tensorflow as tf
[ERROR FINISH] (lib: module_not_found) >>>>
<<<< [ERROR START] (lib: module_not_found)
from tensorflow.keras.models import Sequential
[ERROR FINISH] (lib: module_not_found) >>>>
<<<< [ERROR START] (lib: module_not_found)
from tensorflow.keras.layers import Dense
[ERROR FINISH] (lib: module_not_found) >>>>
FLAG = test_input
network_layout = []
for i in range(3):
    network_layout.append(8)
model = Sequential()
inputdim = 4
activation = 'relu'
outputdim = 2
opt='rmsprop'
epochs = 50
model.add(Dense(network_layout[0],
                name=""Input"",
                input_dim=inputdim,
                kernel_initializer='he_normal',
                activation=activation))
for numneurons in network_layout[1:]:
    model.add(Dense(numneurons,
                    kernel_initializer = 'he_normal',
                    activation=activation))
model.add(Dense(outputdim,
                name=""Output"",
                kernel_initializer=""he_normal"",
                activation=""relu""))
model.compile(optimizer=opt,loss='mse',metrics=['mse','mae','mape'])
result = 0
try:
    assert os.path.exists(""export"")
    p = os.path.join(""export"", ""1"")
    assert os.path.exists(p)
    assert os.path.exists(os.path.join(p, ""assets""))
    assert os.path.exists(os.path.join(p, ""saved_model.pb""))
    p = os.path.join(p, ""variables"")
    assert os.path.exists(p)
    assert os.path.exists(os.path.join(p, ""variables.data-00000-of-00001""))
    assert os.path.exists(os.path.join(p, ""variables.index""))
    result = 1
except:
    result = 0
","lib,lib,lib,dynamic","lib: module_not_found,lib: module_not_found,lib: module_not_found,dynamic: ModuleNotFoundError","6-6,7-7,8-8,1-1"
DS1000,hallucinated,DS0707,,,"[{'type': 'module_not_found', 'module': 'tensorflow', 'line': 2}, {'type': 'module_not_found', 'module': 'tensorflow', 'line': 4}]","{""error_type"": ""ModuleNotFoundError"", ""error_message"": ""No module named 'tensorflow'"", ""line_no"": ""1.0"", ""test_case"": """"}","
import tensorflow as tf
seed_x = test_input
import tensorflow as tf

seed_x = test_input
tf.random.set_seed(10)
result = tf.random.uniform(shape=(10,), minval=1, maxval=5, dtype=tf.int32)
","<<<< [ERROR START] (dynamic: ModuleNotFoundError)

[ERROR FINISH] (dynamic: ModuleNotFoundError) >>>>
<<<< [ERROR START] (lib: module_not_found)
import tensorflow as tf
[ERROR FINISH] (lib: module_not_found) >>>>
seed_x = test_input
<<<< [ERROR START] (lib: module_not_found)
import tensorflow as tf
[ERROR FINISH] (lib: module_not_found) >>>>

seed_x = test_input
tf.random.set_seed(10)
result = tf.random.uniform(shape=(10,), minval=1, maxval=5, dtype=tf.int32)
","lib,lib,dynamic","lib: module_not_found,lib: module_not_found,dynamic: ModuleNotFoundError","2-2,4-4,1-1"
DS1000,hallucinated,DS0708,,,"[{'type': 'module_not_found', 'module': 'tensorflow', 'line': 2}, {'type': 'module_not_found', 'module': 'tensorflow', 'line': 4}]","{""error_type"": ""ModuleNotFoundError"", ""error_message"": ""No module named 'tensorflow'"", ""line_no"": ""1.0"", ""test_case"": """"}","
import tensorflow as tf
seed_x = test_input
import tensorflow as tf

seed_x = test_input
result = tf.random.uniform(shape=[114], minval=2, maxval=6, dtype=tf.int32)
tf.random.set_seed(seed_x)
","<<<< [ERROR START] (dynamic: ModuleNotFoundError)

[ERROR FINISH] (dynamic: ModuleNotFoundError) >>>>
<<<< [ERROR START] (lib: module_not_found)
import tensorflow as tf
[ERROR FINISH] (lib: module_not_found) >>>>
seed_x = test_input
<<<< [ERROR START] (lib: module_not_found)
import tensorflow as tf
[ERROR FINISH] (lib: module_not_found) >>>>

seed_x = test_input
result = tf.random.uniform(shape=[114], minval=2, maxval=6, dtype=tf.int32)
tf.random.set_seed(seed_x)
","lib,lib,dynamic","lib: module_not_found,lib: module_not_found,dynamic: ModuleNotFoundError","2-2,4-4,1-1"
DS1000,hallucinated,DS0709,"{""type"": ""IndentationError"", ""value"": 5, ""message"": ""expected an indented block after function definition on line 4 (<unknown>, line 5)""}",,,"{""error_type"": ""ModuleNotFoundError"", ""error_message"": ""No module named 'tensorflow'"", ""line_no"": ""1.0"", ""test_case"": """"}","
import tensorflow as tf
seed_x = test_input
def f(seed_x):
import tensorflow as tf

seed_x = test_input
tf.random.set_seed(10)
result = tf.random.uniform(shape=(10,), minval=1, maxval=5, dtype=tf.int32)
result = f(seed_x)
","<<<< [ERROR START] (dynamic: ModuleNotFoundError)

[ERROR FINISH] (dynamic: ModuleNotFoundError) >>>>
import tensorflow as tf
seed_x = test_input
def f(seed_x):
<<<< [ERROR START] (ast: IndentationError)
import tensorflow as tf
[ERROR FINISH] (ast: IndentationError) >>>>

seed_x = test_input
tf.random.set_seed(10)
result = tf.random.uniform(shape=(10,), minval=1, maxval=5, dtype=tf.int32)
result = f(seed_x)
","ast,dynamic","ast: IndentationError,dynamic: ModuleNotFoundError","5-5,1-1"
DS1000,hallucinated,DS0710,,,"[{'type': 'module_not_found', 'module': 'tensorflow', 'line': 2}]","{""error_type"": ""ModuleNotFoundError"", ""error_message"": ""No module named 'tensorflow'"", ""line_no"": ""1.0"", ""test_case"": """"}","
import tensorflow as tf
FLAG = test_input
result = tf.__version__
","<<<< [ERROR START] (dynamic: ModuleNotFoundError)

[ERROR FINISH] (dynamic: ModuleNotFoundError) >>>>
<<<< [ERROR START] (lib: module_not_found)
import tensorflow as tf
[ERROR FINISH] (lib: module_not_found) >>>>
FLAG = test_input
result = tf.__version__
","lib,dynamic","lib: module_not_found,dynamic: ModuleNotFoundError","2-2,1-1"
DS1000,hallucinated,DS0711,,,,"{""error_type"": ""ModuleNotFoundError"", ""error_message"": ""No module named 'scipy'"", ""line_no"": ""1.0"", ""test_case"": ""[[\""(array([ 1,  7, 20, 50, 79]), array([10, 19, 30, 35, 51]))\"", \""array([8.462956072171163, 6.6186746339494915])\"", \""<Execution Error: No module named 'scipy'>\""]]""}","
import numpy as np
import scipy
x, y = test_input
result = np.polyfit(np.log(x), y, 1)
","<<<< [ERROR START] (dynamic: ModuleNotFoundError)

[ERROR FINISH] (dynamic: ModuleNotFoundError) >>>>
import numpy as np
import scipy
x, y = test_input
result = np.polyfit(np.log(x), y, 1)
",dynamic,dynamic: ModuleNotFoundError,1-1
DS1000,hallucinated,DS0712,,,,"{""error_type"": ""ModuleNotFoundError"", ""error_message"": ""No module named 'scipy'"", ""line_no"": ""1.0"", ""test_case"": ""[[\""(array([ 1,  7, 20, 50, 79]), array([10, 19, 30, 35, 51]))\"", \""array([6.6186746339494915, 8.462956072171163])\"", \""<Execution Error: No module named 'scipy'>\""]]""}","
import numpy as np
import scipy
x, y = test_input
result = np.polyfit(x, y, 1)
","<<<< [ERROR START] (dynamic: ModuleNotFoundError)

[ERROR FINISH] (dynamic: ModuleNotFoundError) >>>>
import numpy as np
import scipy
x, y = test_input
result = np.polyfit(x, y, 1)
",dynamic,dynamic: ModuleNotFoundError,1-1
DS1000,hallucinated,DS0713,,,,"{""error_type"": ""ModuleNotFoundError"", ""error_message"": ""No module named 'scipy'"", ""line_no"": ""3.0"", ""test_case"": """"}","
import numpy as np
import scipy.optimize
x, y, p0 = test_input
from scipy.optimize import curve_fit

def exp_func(x, A, B, C):
    return A * np.exp(B * x) + C

result = curve_fit(exp_func, x, y, p0=p0)
","
import numpy as np
<<<< [ERROR START] (dynamic: ModuleNotFoundError)
import scipy.optimize
[ERROR FINISH] (dynamic: ModuleNotFoundError) >>>>
x, y, p0 = test_input
from scipy.optimize import curve_fit

def exp_func(x, A, B, C):
    return A * np.exp(B * x) + C

result = curve_fit(exp_func, x, y, p0=p0)
",dynamic,dynamic: ModuleNotFoundError,3-3
DS1000,hallucinated,DS0714,,,,"{""error_type"": ""ModuleNotFoundError"", ""error_message"": ""No module named 'scipy'"", ""line_no"": ""3.0"", ""test_case"": """"}","
from scipy import stats
import numpy as np
np.random.seed(42)
x, y = test_input
from scipy.stats import ks_2samp
result = ks_2samp(x, z)
result = [statistic, p_value]
","
from scipy import stats
<<<< [ERROR START] (dynamic: ModuleNotFoundError)
import numpy as np
[ERROR FINISH] (dynamic: ModuleNotFoundError) >>>>
np.random.seed(42)
x, y = test_input
from scipy.stats import ks_2samp
result = ks_2samp(x, z)
result = [statistic, p_value]
",dynamic,dynamic: ModuleNotFoundError,3-3
DS1000,hallucinated,DS0715,,,,"{""error_type"": ""ModuleNotFoundError"", ""error_message"": ""No module named 'scipy'"", ""line_no"": ""3.0"", ""test_case"": """"}","
from scipy import stats
import numpy as np
x, y, alpha = test_input
from scipy.stats import kstest
import numpy as np

x, y, alpha = test_input
result = kstest(x, y)[1] < alpha
","
from scipy import stats
<<<< [ERROR START] (dynamic: ModuleNotFoundError)
import numpy as np
[ERROR FINISH] (dynamic: ModuleNotFoundError) >>>>
x, y, alpha = test_input
from scipy.stats import kstest
import numpy as np

x, y, alpha = test_input
result = kstest(x, y)[1] < alpha
",dynamic,dynamic: ModuleNotFoundError,3-3
DS1000,hallucinated,DS0716,,,,"{""error_type"": ""ModuleNotFoundError"", ""error_message"": ""No module named 'scipy'"", ""line_no"": ""3.0"", ""test_case"": """"}","
import scipy.optimize as optimize
from math import sqrt, sin, pi, cos
initial_guess = test_input
result = minimize(lambda x: f(x[0], x[1], x[2]), initial_guess, method='BFGS')
","
import scipy.optimize as optimize
<<<< [ERROR START] (dynamic: ModuleNotFoundError)
from math import sqrt, sin, pi, cos
[ERROR FINISH] (dynamic: ModuleNotFoundError) >>>>
initial_guess = test_input
result = minimize(lambda x: f(x[0], x[1], x[2]), initial_guess, method='BFGS')
",dynamic,dynamic: ModuleNotFoundError,3-3
DS1000,hallucinated,DS0717,,,,"{""error_type"": ""ModuleNotFoundError"", ""error_message"": ""No module named 'scipy'"", ""line_no"": ""3.0"", ""test_case"": """"}","
import numpy as np
import scipy.stats
z_scores = test_input
result = scipy.stats.norm.cdf(z_scores)
result = p_values
","
import numpy as np
<<<< [ERROR START] (dynamic: ModuleNotFoundError)
import scipy.stats
[ERROR FINISH] (dynamic: ModuleNotFoundError) >>>>
z_scores = test_input
result = scipy.stats.norm.cdf(z_scores)
result = p_values
",dynamic,dynamic: ModuleNotFoundError,3-3
DS1000,hallucinated,DS0718,,,,"{""error_type"": ""ModuleNotFoundError"", ""error_message"": ""No module named 'scipy'"", ""line_no"": ""3.0"", ""test_case"": """"}","
import numpy as np
import scipy.stats
z_scores, mu, sigma = test_input
result = scipy.stats.norm.cdf(z_scores)
result = p_values
","
import numpy as np
<<<< [ERROR START] (dynamic: ModuleNotFoundError)
import scipy.stats
[ERROR FINISH] (dynamic: ModuleNotFoundError) >>>>
z_scores, mu, sigma = test_input
result = scipy.stats.norm.cdf(z_scores)
result = p_values
",dynamic,dynamic: ModuleNotFoundError,3-3
DS1000,hallucinated,DS0719,,,,"{""error_type"": ""ModuleNotFoundError"", ""error_message"": ""No module named 'scipy'"", ""line_no"": ""3.0"", ""test_case"": """"}","
import numpy as np
import scipy.stats
p_values = test_input
result = -scipy.stats.norm.ppf(p_values)
result = z_scores
","
import numpy as np
<<<< [ERROR START] (dynamic: ModuleNotFoundError)
import scipy.stats
[ERROR FINISH] (dynamic: ModuleNotFoundError) >>>>
p_values = test_input
result = -scipy.stats.norm.ppf(p_values)
result = z_scores
",dynamic,dynamic: ModuleNotFoundError,3-3
DS1000,hallucinated,DS0720,,,,"{""error_type"": ""ModuleNotFoundError"", ""error_message"": ""No module named 'scipy'"", ""line_no"": ""3.0"", ""test_case"": """"}","
import numpy as np
from scipy import stats
x, mu, stddev = test_input
result = lognorm.cdf(x, s=stddev, loc=0, scale=np.exp(mu))
","
import numpy as np
<<<< [ERROR START] (dynamic: ModuleNotFoundError)
from scipy import stats
[ERROR FINISH] (dynamic: ModuleNotFoundError) >>>>
x, mu, stddev = test_input
result = lognorm.cdf(x, s=stddev, loc=0, scale=np.exp(mu))
",dynamic,dynamic: ModuleNotFoundError,3-3
DS1000,hallucinated,DS0721,,,,"{""error_type"": ""ModuleNotFoundError"", ""error_message"": ""No module named 'scipy'"", ""line_no"": ""1.0"", ""test_case"": ""[[\""(1.744, 2.0785)\"", \""[np.float64(49.60447864913669), np.float64(5.720178435942544)]\"", \""<Execution Error: No module named 'scipy'>\""]]""}","
import numpy as np
from scipy import stats
mu, stddev = test_input
import numpy as np
from scipy import stats

mu, stddev = test_input
result = [stats.lognorm.mean(loc=0, s=stddev, scale=np.exp(mu)), stats.lognorm.median(loc=0, s=stddev, scale=np.exp(mu))]
result = [expected_value, median]
","<<<< [ERROR START] (dynamic: ModuleNotFoundError)

[ERROR FINISH] (dynamic: ModuleNotFoundError) >>>>
import numpy as np
from scipy import stats
mu, stddev = test_input
import numpy as np
from scipy import stats

mu, stddev = test_input
result = [stats.lognorm.mean(loc=0, s=stddev, scale=np.exp(mu)), stats.lognorm.median(loc=0, s=stddev, scale=np.exp(mu))]
result = [expected_value, median]
",dynamic,dynamic: ModuleNotFoundError,1-1
DS1000,hallucinated,DS0722,,,,"{""error_type"": ""ModuleNotFoundError"", ""error_message"": ""No module named 'scipy'"", ""line_no"": ""3.0"", ""test_case"": """"}","
from scipy import sparse
import numpy as np
sa, sb = test_input
result = sa.multiply(sb)
","
from scipy import sparse
<<<< [ERROR START] (dynamic: ModuleNotFoundError)
import numpy as np
[ERROR FINISH] (dynamic: ModuleNotFoundError) >>>>
sa, sb = test_input
result = sa.multiply(sb)
",dynamic,dynamic: ModuleNotFoundError,3-3
DS1000,hallucinated,DS0723,"{""type"": ""IndentationError"", ""value"": 6, ""message"": ""expected an indented block after function definition on line 5 (<unknown>, line 6)""}",,,"{""error_type"": ""ModuleNotFoundError"", ""error_message"": ""No module named 'scipy'"", ""line_no"": ""3.0"", ""test_case"": """"}","
from scipy import sparse
import numpy as np
sA, sB = test_input
def f(sA, sB):
result = sA.multiply(c)
result = f(sA, sB)
","
from scipy import sparse
<<<< [ERROR START] (dynamic: ModuleNotFoundError)
import numpy as np
[ERROR FINISH] (dynamic: ModuleNotFoundError) >>>>
sA, sB = test_input
def f(sA, sB):
<<<< [ERROR START] (ast: IndentationError)
result = sA.multiply(c)
[ERROR FINISH] (ast: IndentationError) >>>>
result = f(sA, sB)
","ast,dynamic","ast: IndentationError,dynamic: ModuleNotFoundError","6-6,3-3"
DS1000,hallucinated,DS0724,,,,"{""error_type"": ""ModuleNotFoundError"", ""error_message"": ""No module named 'scipy'"", ""line_no"": ""3.0"", ""test_case"": """"}","
import numpy as np
import scipy.interpolate
points, V, request = test_input
import numpy as np
import scipy.interpolate

# Assuming 'test_input' is defined and contains the data
points, V, request = test_input

# Extract x, y, z coordinates from the data
x, y, z, _ = points

# Create a grid from the points
grid_x, grid_y, grid_z = np.meshgrid(x, y, z, indexing='ij')

# Flatten the grid coordinates and values
grid_coords = np.column_stack((grid_x.ravel(), grid_y.ravel(), grid_z.ravel()))
grid_values = V.ravel()

# Create a linear interpolator
interpolator = scipy.interpolate.LinearNDInterpolator(grid_coords, grid_values)

# Interpolate the value at the specified point
result = interpolator([25, 20, -30])
","
import numpy as np
<<<< [ERROR START] (dynamic: ModuleNotFoundError)
import scipy.interpolate
[ERROR FINISH] (dynamic: ModuleNotFoundError) >>>>
points, V, request = test_input
import numpy as np
import scipy.interpolate

# Assuming 'test_input' is defined and contains the data
points, V, request = test_input

# Extract x, y, z coordinates from the data
x, y, z, _ = points

# Create a grid from the points
grid_x, grid_y, grid_z = np.meshgrid(x, y, z, indexing='ij')

# Flatten the grid coordinates and values
grid_coords = np.column_stack((grid_x.ravel(), grid_y.ravel(), grid_z.ravel()))
grid_values = V.ravel()

# Create a linear interpolator
interpolator = scipy.interpolate.LinearNDInterpolator(grid_coords, grid_values)

# Interpolate the value at the specified point
result = interpolator([25, 20, -30])
",dynamic,dynamic: ModuleNotFoundError,3-3
DS1000,hallucinated,DS0725,,,,"{""error_type"": ""ModuleNotFoundError"", ""error_message"": ""No module named 'scipy'"", ""line_no"": ""3.0"", ""test_case"": """"}","
import numpy as np
import scipy.interpolate
points, V, request = test_input
import numpy as np
import scipy.interpolate

# Extracting data into separate arrays
x, y, z, V = zip(*data)

# Creating a regular grid from the irregular points
xi, yi, zi = np.mgrid[min(x):max(x):10j, min(y):max(y):10j, min(z):max(z):10j]
V_interp = scipy.interpolate.griddata((x, y, z), V, (xi, yi, zi), method='linear')

# Interpolating the values at the specified points
result = [scipy.interpolate.griddata((x, y, z), V, (25, 20, -30), method='linear'),
           scipy.interpolate.griddata((x, y, z), V, (27, 20, -32), method='linear')]
","
import numpy as np
<<<< [ERROR START] (dynamic: ModuleNotFoundError)
import scipy.interpolate
[ERROR FINISH] (dynamic: ModuleNotFoundError) >>>>
points, V, request = test_input
import numpy as np
import scipy.interpolate

# Extracting data into separate arrays
x, y, z, V = zip(*data)

# Creating a regular grid from the irregular points
xi, yi, zi = np.mgrid[min(x):max(x):10j, min(y):max(y):10j, min(z):max(z):10j]
V_interp = scipy.interpolate.griddata((x, y, z), V, (xi, yi, zi), method='linear')

# Interpolating the values at the specified points
result = [scipy.interpolate.griddata((x, y, z), V, (25, 20, -30), method='linear'),
           scipy.interpolate.griddata((x, y, z), V, (27, 20, -32), method='linear')]
",dynamic,dynamic: ModuleNotFoundError,3-3
DS1000,hallucinated,DS0726,,,"[{'type': 'name_error', 'name': 'misc', 'line': 2}]","{""error_type"": ""ModuleNotFoundError"", ""error_message"": ""No module named 'scipy'"", ""line_no"": ""3.0"", ""test_case"": """"}","
from scipy import misc
from scipy.ndimage import rotate
import numpy as np
data_orig, x0, y0, angle = test_input
from scipy import ndimage

# Calculate the center of the image
center_x, center_y = data_orig.shape[1] // 2, data_orig.shape[0] // 2

# Translate the image so that the center is at (0,0)
translated_data = ndimage.shift(data_orig, (-center_x, -center_y))

# Rotate the translated image
data_rot = ndimage.rotate(translated_data, angle)

# Calculate the new coordinates after rotation
xrot, yrot = ndimage.shift((x0 - center_x, y0 - center_y), (angle / 180 * np.pi, 0)).astype(int)

result = [data_rot, (xrot, yrot)]
result = [data_rot, (xrot, yrot)]
","
<<<< [ERROR START] (lib: name_error)
from scipy import misc
[ERROR FINISH] (lib: name_error) >>>>
<<<< [ERROR START] (dynamic: ModuleNotFoundError)
from scipy.ndimage import rotate
[ERROR FINISH] (dynamic: ModuleNotFoundError) >>>>
import numpy as np
data_orig, x0, y0, angle = test_input
from scipy import ndimage

# Calculate the center of the image
center_x, center_y = data_orig.shape[1] // 2, data_orig.shape[0] // 2

# Translate the image so that the center is at (0,0)
translated_data = ndimage.shift(data_orig, (-center_x, -center_y))

# Rotate the translated image
data_rot = ndimage.rotate(translated_data, angle)

# Calculate the new coordinates after rotation
xrot, yrot = ndimage.shift((x0 - center_x, y0 - center_y), (angle / 180 * np.pi, 0)).astype(int)

result = [data_rot, (xrot, yrot)]
result = [data_rot, (xrot, yrot)]
","lib,dynamic","lib: name_error,dynamic: ModuleNotFoundError","2-2,3-3"
DS1000,hallucinated,DS0727,,,,"{""error_type"": ""ModuleNotFoundError"", ""error_message"": ""No module named 'scipy'"", ""line_no"": ""3.0"", ""test_case"": """"}","
import numpy as np
from scipy.sparse import csr_matrix
arr = test_input
M = csr_matrix(arr)
result = M.diagonal()
","
import numpy as np
<<<< [ERROR START] (dynamic: ModuleNotFoundError)
from scipy.sparse import csr_matrix
[ERROR FINISH] (dynamic: ModuleNotFoundError) >>>>
arr = test_input
M = csr_matrix(arr)
result = M.diagonal()
",dynamic,dynamic: ModuleNotFoundError,3-3
DS1000,hallucinated,DS0728,,,,"{""error_type"": ""ModuleNotFoundError"", ""error_message"": ""No module named 'scipy'"", ""line_no"": ""4.0"", ""test_case"": """"}","
from scipy import stats
import random
import numpy as np
def poisson_simul(rate, T):
    time = random.expovariate(rate)
    times = [0]
    while (times[-1] < T):
        times.append(time+times[-1])
        time = random.expovariate(rate)
    return times[1:]
rate, T, times = test_input
result = kstest(times, ""uniform"")
","
from scipy import stats
import random
<<<< [ERROR START] (dynamic: ModuleNotFoundError)
import numpy as np
[ERROR FINISH] (dynamic: ModuleNotFoundError) >>>>
def poisson_simul(rate, T):
    time = random.expovariate(rate)
    times = [0]
    while (times[-1] < T):
        times.append(time+times[-1])
        time = random.expovariate(rate)
    return times[1:]
rate, T, times = test_input
result = kstest(times, ""uniform"")
",dynamic,dynamic: ModuleNotFoundError,4-4
DS1000,hallucinated,DS0729,"{""type"": ""IndentationError"", ""value"": 14, ""message"": ""expected an indented block after function definition on line 13 (<unknown>, line 14)""}",,,"{""error_type"": ""ModuleNotFoundError"", ""error_message"": ""No module named 'scipy'"", ""line_no"": ""4.0"", ""test_case"": """"}","
from scipy import stats
import random
import numpy as np
def poisson_simul(rate, T):
    time = random.expovariate(rate)
    times = [0]
    while (times[-1] < T):
        times.append(time+times[-1])
        time = random.expovariate(rate)
    return times[1:]
rate, T, times = test_input
def f(times, rate, T):
result = kstest(times, ""uniform"")
result = f(times, rate, T)
","
from scipy import stats
import random
<<<< [ERROR START] (dynamic: ModuleNotFoundError)
import numpy as np
[ERROR FINISH] (dynamic: ModuleNotFoundError) >>>>
def poisson_simul(rate, T):
    time = random.expovariate(rate)
    times = [0]
    while (times[-1] < T):
        times.append(time+times[-1])
        time = random.expovariate(rate)
    return times[1:]
rate, T, times = test_input
def f(times, rate, T):
<<<< [ERROR START] (ast: IndentationError)
result = kstest(times, ""uniform"")
[ERROR FINISH] (ast: IndentationError) >>>>
result = f(times, rate, T)
","ast,dynamic","ast: IndentationError,dynamic: ModuleNotFoundError","14-14,4-4"
DS1000,hallucinated,DS0730,,,,"{""error_type"": ""ModuleNotFoundError"", ""error_message"": ""No module named 'scipy'"", ""line_no"": ""4.0"", ""test_case"": """"}","
from scipy import stats
import random
import numpy as np
def poisson_simul(rate, T):
    time = random.expovariate(rate)
    times = [0]
    while (times[-1] < T):
        times.append(time+times[-1])
        time = random.expovariate(rate)
    return times[1:]
rate, T, times = test_input
result = kstest(times, ""uniform"")[1] <= 0.05
","
from scipy import stats
import random
<<<< [ERROR START] (dynamic: ModuleNotFoundError)
import numpy as np
[ERROR FINISH] (dynamic: ModuleNotFoundError) >>>>
def poisson_simul(rate, T):
    time = random.expovariate(rate)
    times = [0]
    while (times[-1] < T):
        times.append(time+times[-1])
        time = random.expovariate(rate)
    return times[1:]
rate, T, times = test_input
result = kstest(times, ""uniform"")[1] <= 0.05
",dynamic,dynamic: ModuleNotFoundError,4-4
DS1000,hallucinated,DS0731,,,,"{""error_type"": ""ModuleNotFoundError"", ""error_message"": ""No module named 'scipy'"", ""line_no"": ""2.0"", ""test_case"": """"}","
from scipy import sparse
c1, c2 = test_input
from scipy.sparse import vstack

Feature = vstack([c1, c2])
result = Feature
","
<<<< [ERROR START] (dynamic: ModuleNotFoundError)
from scipy import sparse
[ERROR FINISH] (dynamic: ModuleNotFoundError) >>>>
c1, c2 = test_input
from scipy.sparse import vstack

Feature = vstack([c1, c2])
result = Feature
",dynamic,dynamic: ModuleNotFoundError,2-2
DS1000,hallucinated,DS0732,,,,"{""error_type"": ""ModuleNotFoundError"", ""error_message"": ""No module named 'scipy'"", ""line_no"": ""2.0"", ""test_case"": """"}","
from scipy import sparse
c1, c2 = test_input
from scipy.sparse import hstack
result = hstack([c1, c2])
result = Feature
","
<<<< [ERROR START] (dynamic: ModuleNotFoundError)
from scipy import sparse
[ERROR FINISH] (dynamic: ModuleNotFoundError) >>>>
c1, c2 = test_input
from scipy.sparse import hstack
result = hstack([c1, c2])
result = Feature
",dynamic,dynamic: ModuleNotFoundError,2-2
DS1000,hallucinated,DS0733,,,,"{""error_type"": ""ModuleNotFoundError"", ""error_message"": ""No module named 'scipy'"", ""line_no"": ""2.0"", ""test_case"": """"}","
from scipy import sparse
c1, c2 = test_input
from scipy import sparse

c1, c2 = test_input
result = sparse.vstack([c1, c2])
result = Feature
","
<<<< [ERROR START] (dynamic: ModuleNotFoundError)
from scipy import sparse
[ERROR FINISH] (dynamic: ModuleNotFoundError) >>>>
c1, c2 = test_input
from scipy import sparse

c1, c2 = test_input
result = sparse.vstack([c1, c2])
result = Feature
",dynamic,dynamic: ModuleNotFoundError,2-2
DS1000,hallucinated,DS0734,,,"[{'type': 'attribute_error', 'object': 'scipy', 'attribute': 'spatial', 'line': 7}]","{""error_type"": ""ModuleNotFoundError"", ""error_message"": ""No module named 'scipy'"", ""line_no"": ""3.0"", ""test_case"": """"}","
import numpy as np
import scipy.spatial
import scipy.optimize
np.random.seed(100)
points1, N, points2 = test_input
result = scipy.optimize.linear_sum_assignment(scipy.spatial.distance.cdist(points1, points2))
","
import numpy as np
<<<< [ERROR START] (dynamic: ModuleNotFoundError)
import scipy.spatial
[ERROR FINISH] (dynamic: ModuleNotFoundError) >>>>
import scipy.optimize
np.random.seed(100)
points1, N, points2 = test_input
<<<< [ERROR START] (lib: attribute_error)
result = scipy.optimize.linear_sum_assignment(scipy.spatial.distance.cdist(points1, points2))
[ERROR FINISH] (lib: attribute_error) >>>>
","lib,dynamic","lib: attribute_error,dynamic: ModuleNotFoundError","7-7,3-3"
DS1000,hallucinated,DS0735,,,"[{'type': 'attribute_error', 'object': 'scipy', 'attribute': 'spatial', 'line': 6}]","{""error_type"": ""ModuleNotFoundError"", ""error_message"": ""No module named 'scipy'"", ""line_no"": ""3.0"", ""test_case"": """"}","
import numpy as np
import scipy.spatial
import scipy.optimize
points1, N, points2 = test_input
result = scipy.optimize.linear_sum_assignment(scipy.spatial.distance.cdist(points1, points2, 'cityblock'))
","
import numpy as np
<<<< [ERROR START] (dynamic: ModuleNotFoundError)
import scipy.spatial
[ERROR FINISH] (dynamic: ModuleNotFoundError) >>>>
import scipy.optimize
points1, N, points2 = test_input
<<<< [ERROR START] (lib: attribute_error)
result = scipy.optimize.linear_sum_assignment(scipy.spatial.distance.cdist(points1, points2, 'cityblock'))
[ERROR FINISH] (lib: attribute_error) >>>>
","lib,dynamic","lib: attribute_error,dynamic: ModuleNotFoundError","6-6,3-3"
DS1000,hallucinated,DS0736,,,,"{""error_type"": ""ModuleNotFoundError"", ""error_message"": ""No module named 'scipy'"", ""line_no"": ""4.0"", ""test_case"": """"}","
from scipy import sparse
import numpy as np
a, b = test_input
result = b.tocsr().setdiag(0).tocsr()
result = b
","
from scipy import sparse
import numpy as np
<<<< [ERROR START] (dynamic: ModuleNotFoundError)
a, b = test_input
[ERROR FINISH] (dynamic: ModuleNotFoundError) >>>>
result = b.tocsr().setdiag(0).tocsr()
result = b
",dynamic,dynamic: ModuleNotFoundError,4-4
DS1000,hallucinated,DS0737,,,,"{""error_type"": ""ModuleNotFoundError"", ""error_message"": ""No module named 'scipy'"", ""line_no"": ""3.0"", ""test_case"": """"}","
import numpy as np
from scipy import ndimage
img = test_input
threshold = 0.75
result = np.sum(img > threshold)
","
import numpy as np
<<<< [ERROR START] (dynamic: ModuleNotFoundError)
from scipy import ndimage
[ERROR FINISH] (dynamic: ModuleNotFoundError) >>>>
img = test_input
threshold = 0.75
result = np.sum(img > threshold)
",dynamic,dynamic: ModuleNotFoundError,3-3
DS1000,hallucinated,DS0738,,,,"{""error_type"": ""ModuleNotFoundError"", ""error_message"": ""No module named 'scipy'"", ""line_no"": ""3.0"", ""test_case"": """"}","
import numpy as np
from scipy import ndimage
img = test_input
threshold = 0.75
result = np.sum(img < threshold)
","
import numpy as np
<<<< [ERROR START] (dynamic: ModuleNotFoundError)
from scipy import ndimage
[ERROR FINISH] (dynamic: ModuleNotFoundError) >>>>
img = test_input
threshold = 0.75
result = np.sum(img < threshold)
",dynamic,dynamic: ModuleNotFoundError,3-3
DS1000,hallucinated,DS0739,,"[{'type': 'missing_return', 'function': 'f', 'start_line': 4, 'end_line': 5}]",,"{""error_type"": ""ModuleNotFoundError"", ""error_message"": ""No module named 'scipy'"", ""line_no"": ""3.0"", ""test_case"": """"}","
import numpy as np
from scipy import ndimage
def f(img):
    threshold = 0.75
result = np.sum(img > threshold)
img = test_input
result = f(img)
","
import numpy as np
<<<< [ERROR START] (dynamic: ModuleNotFoundError)
from scipy import ndimage
[ERROR FINISH] (dynamic: ModuleNotFoundError) >>>>
def f(img):
    threshold = 0.75
result = np.sum(img > threshold)
img = test_input
result = f(img)
",dynamic,dynamic: ModuleNotFoundError,3-3
DS1000,hallucinated,DS0740,,,,"{""error_type"": ""ModuleNotFoundError"", ""error_message"": ""No module named 'scipy'"", ""line_no"": ""3.0"", ""test_case"": """"}","
import numpy as np
from scipy import ndimage
img = test_input
threshold = 0.75
import numpy as np

# Assuming 'test_input' is already defined and contains the 2D numpy array
result = []
for i in range(img.shape[0]):
    for j in range(img.shape[1]):
        if img[i, j] > threshold:
            # Calculate the center of mass of the region
            x_center = j + 0.5
            y_center = i + 0.5
            # Calculate the distance from the top-left corner (0,0)
            distance = np.sqrt(x_center**2 + y_center**2)
            result.append(distance)

# Convert the result to a NumPy array for consistency
result = np.array(result)
","
import numpy as np
<<<< [ERROR START] (dynamic: ModuleNotFoundError)
from scipy import ndimage
[ERROR FINISH] (dynamic: ModuleNotFoundError) >>>>
img = test_input
threshold = 0.75
import numpy as np

# Assuming 'test_input' is already defined and contains the 2D numpy array
result = []
for i in range(img.shape[0]):
    for j in range(img.shape[1]):
        if img[i, j] > threshold:
            # Calculate the center of mass of the region
            x_center = j + 0.5
            y_center = i + 0.5
            # Calculate the distance from the top-left corner (0,0)
            distance = np.sqrt(x_center**2 + y_center**2)
            result.append(distance)

# Convert the result to a NumPy array for consistency
result = np.array(result)
",dynamic,dynamic: ModuleNotFoundError,3-3
DS1000,hallucinated,DS0741,,,,"{""error_type"": ""ModuleNotFoundError"", ""error_message"": ""No module named 'scipy'"", ""line_no"": ""3.0"", ""test_case"": """"}","
import numpy as np
from scipy.sparse import lil_matrix
from scipy import sparse
M = test_input
result = M + M.T - sparse.diags(M.diagonal())
result = M
","
import numpy as np
<<<< [ERROR START] (dynamic: ModuleNotFoundError)
from scipy.sparse import lil_matrix
[ERROR FINISH] (dynamic: ModuleNotFoundError) >>>>
from scipy import sparse
M = test_input
result = M + M.T - sparse.diags(M.diagonal())
result = M
",dynamic,dynamic: ModuleNotFoundError,3-3
DS1000,hallucinated,DS0742,"{""type"": ""IndentationError"", ""value"": 5, ""message"": ""expected an indented block after function definition on line 4 (<unknown>, line 5)""}",,,"{""error_type"": ""ModuleNotFoundError"", ""error_message"": ""No module named 'scipy'"", ""line_no"": ""3.0"", ""test_case"": """"}","
import numpy as np
from scipy.sparse import lil_matrix
def f(sA):
result = sA + sA.T
sA = test_input
result = f(sA)
","
import numpy as np
<<<< [ERROR START] (dynamic: ModuleNotFoundError)
from scipy.sparse import lil_matrix
[ERROR FINISH] (dynamic: ModuleNotFoundError) >>>>
def f(sA):
<<<< [ERROR START] (ast: IndentationError)
result = sA + sA.T
[ERROR FINISH] (ast: IndentationError) >>>>
sA = test_input
result = f(sA)
","ast,dynamic","ast: IndentationError,dynamic: ModuleNotFoundError","5-5,3-3"
DS1000,hallucinated,DS0743,,,"[{'type': 'attribute_error', 'object': 'scipy', 'attribute': 'ndimage', 'line': 12}, {'type': 'attribute_error', 'object': 'scipy', 'attribute': 'ndimage', 'line': 23}]","{""error_type"": ""ModuleNotFoundError"", ""error_message"": ""No module named 'scipy'"", ""line_no"": ""4.0"", ""test_case"": """"}","
import numpy as np
import scipy.ndimage
square = test_input
import numpy as np
import scipy.ndimage

# Assuming test_input is your binary numpy array
square = test_input

# Use scipy.ndimage.label to label connected components
labeled_array, num_features = scipy.ndimage.label(square)

# Create an array of the same shape as square, filled with zeros
result = np.zeros_like(square)

# Iterate over each labeled component
for i in range(1, num_features + 1):
    # Find the coordinates of the current component
    component_coords = np.argwhere(labeled_array == i)
    
    # Check if the component is completely surrounded by zeros
    if np.all(scipy.ndimage.binary_erosion(component_coords, structure=np.ones((3, 3))) == 0):
        # If it is, set the component to zero in the result
        result[labeled_array == i] = 0
result = square
","
import numpy as np
import scipy.ndimage
<<<< [ERROR START] (dynamic: ModuleNotFoundError)
square = test_input
[ERROR FINISH] (dynamic: ModuleNotFoundError) >>>>
import numpy as np
import scipy.ndimage

# Assuming test_input is your binary numpy array
square = test_input

# Use scipy.ndimage.label to label connected components
<<<< [ERROR START] (lib: attribute_error)
labeled_array, num_features = scipy.ndimage.label(square)
[ERROR FINISH] (lib: attribute_error) >>>>

# Create an array of the same shape as square, filled with zeros
result = np.zeros_like(square)

# Iterate over each labeled component
for i in range(1, num_features + 1):
    # Find the coordinates of the current component
    component_coords = np.argwhere(labeled_array == i)
    
    # Check if the component is completely surrounded by zeros
<<<< [ERROR START] (lib: attribute_error)
    if np.all(scipy.ndimage.binary_erosion(component_coords, structure=np.ones((3, 3))) == 0):
[ERROR FINISH] (lib: attribute_error) >>>>
        # If it is, set the component to zero in the result
        result[labeled_array == i] = 0
result = square
","lib,lib,dynamic","lib: attribute_error,lib: attribute_error,dynamic: ModuleNotFoundError","12-12,23-23,4-4"
DS1000,hallucinated,DS0744,,,"[{'type': 'attribute_error', 'object': 'scipy', 'attribute': 'ndimage', 'line': 12}, {'type': 'attribute_error', 'object': 'scipy', 'attribute': 'ndimage', 'line': 20}]","{""error_type"": ""ModuleNotFoundError"", ""error_message"": ""No module named 'scipy'"", ""line_no"": ""4.0"", ""test_case"": """"}","
import numpy as np
import scipy.ndimage
square = test_input
import numpy as np
import scipy.ndimage

# Assuming test_input is your input array
square = test_input

# Use scipy.ndimage.label to label connected components
labeled_array, num_features = scipy.ndimage.label(square)

# Create an array of the same shape as labeled_array filled with zeros
background = np.zeros_like(labeled_array)

# Use scipy.ndimage.find_objects to find the bounding boxes of each labeled component
for i in range(1, num_features + 1):
    # Find the bounding box of the current component
    bbox = scipy.ndimage.find_objects(labeled_array == i)[0]
    
    # Extract the bounding box from the original array
    component = square[bbox]
    
    # Check if the component is completely surrounded by zeros
    if np.all(component == 0):
        # Set the entire component to zero in the background array
        background[bbox] = 0

# Assign the background array to result
result = background
result = square
","
import numpy as np
import scipy.ndimage
<<<< [ERROR START] (dynamic: ModuleNotFoundError)
square = test_input
[ERROR FINISH] (dynamic: ModuleNotFoundError) >>>>
import numpy as np
import scipy.ndimage

# Assuming test_input is your input array
square = test_input

# Use scipy.ndimage.label to label connected components
<<<< [ERROR START] (lib: attribute_error)
labeled_array, num_features = scipy.ndimage.label(square)
[ERROR FINISH] (lib: attribute_error) >>>>

# Create an array of the same shape as labeled_array filled with zeros
background = np.zeros_like(labeled_array)

# Use scipy.ndimage.find_objects to find the bounding boxes of each labeled component
for i in range(1, num_features + 1):
    # Find the bounding box of the current component
<<<< [ERROR START] (lib: attribute_error)
    bbox = scipy.ndimage.find_objects(labeled_array == i)[0]
[ERROR FINISH] (lib: attribute_error) >>>>
    
    # Extract the bounding box from the original array
    component = square[bbox]
    
    # Check if the component is completely surrounded by zeros
    if np.all(component == 0):
        # Set the entire component to zero in the background array
        background[bbox] = 0

# Assign the background array to result
result = background
result = square
","lib,lib,dynamic","lib: attribute_error,lib: attribute_error,dynamic: ModuleNotFoundError","12-12,20-20,4-4"
DS1000,hallucinated,DS0745,,,,"{""error_type"": ""ModuleNotFoundError"", ""error_message"": ""No module named 'scipy'"", ""line_no"": ""4.0"", ""test_case"": """"}","
import numpy as np
from scipy.sparse import csr_matrix
col = test_input
import numpy as np
from scipy.sparse import csr_matrix

col = test_input
mean, std_deviation = col.mean(), col.std()
result = [mean, std_deviation]
result = [mean, standard_deviation]
","
import numpy as np
from scipy.sparse import csr_matrix
<<<< [ERROR START] (dynamic: ModuleNotFoundError)
col = test_input
[ERROR FINISH] (dynamic: ModuleNotFoundError) >>>>
import numpy as np
from scipy.sparse import csr_matrix

col = test_input
mean, std_deviation = col.mean(), col.std()
result = [mean, std_deviation]
result = [mean, standard_deviation]
",dynamic,dynamic: ModuleNotFoundError,4-4
DS1000,hallucinated,DS0746,,,,"{""error_type"": ""ModuleNotFoundError"", ""error_message"": ""No module named 'scipy'"", ""line_no"": ""4.0"", ""test_case"": """"}","
import numpy as np
from scipy.sparse import csr_matrix
col = test_input
import numpy as np
from scipy.sparse import csr_matrix

col = test_input
max_val = col.max()
min_val = col.min()
result = [max_val, min_val]
result = [Max, Min]
","
import numpy as np
from scipy.sparse import csr_matrix
<<<< [ERROR START] (dynamic: ModuleNotFoundError)
col = test_input
[ERROR FINISH] (dynamic: ModuleNotFoundError) >>>>
import numpy as np
from scipy.sparse import csr_matrix

col = test_input
max_val = col.max()
min_val = col.min()
result = [max_val, min_val]
result = [Max, Min]
",dynamic,dynamic: ModuleNotFoundError,4-4
DS1000,hallucinated,DS0747,,,,"{""error_type"": ""ModuleNotFoundError"", ""error_message"": ""No module named 'scipy'"", ""line_no"": ""4.0"", ""test_case"": """"}","
import numpy as np
from scipy.sparse import csr_matrix
col = test_input
import numpy as np
from scipy.sparse import csr_matrix

col = test_input
median = np.median(col.toarray())
mode = np.argmax(np.bincount(col.toarray()))
result = [median, mode]
result = [Median, Mode]
","
import numpy as np
from scipy.sparse import csr_matrix
<<<< [ERROR START] (dynamic: ModuleNotFoundError)
col = test_input
[ERROR FINISH] (dynamic: ModuleNotFoundError) >>>>
import numpy as np
from scipy.sparse import csr_matrix

col = test_input
median = np.median(col.toarray())
mode = np.argmax(np.bincount(col.toarray()))
result = [median, mode]
result = [Median, Mode]
",dynamic,dynamic: ModuleNotFoundError,4-4
DS1000,hallucinated,DS0748,,,,"{""error_type"": ""ModuleNotFoundError"", ""error_message"": ""No module named 'scipy'"", ""line_no"": ""3.0"", ""test_case"": """"}","
from scipy.optimize import curve_fit
import numpy as np
z, Ua, tau, degree = test_input
from scipy.optimize import curve_fit
import numpy as np

z, Ua, tau, degree = test_input
# Define the fourier series function for arbitrary order
def fourier_series(x, *coefficients):
    return sum(coefficients[i] * np.cos((i + 1) * np.pi / tau * x) for i in range(len(coefficients)))

# Initial guess for coefficients
initial_guess = [0] * len(z)

# Fit the data
popt, pcov = curve_fit(fourier_series, z, Ua, p0=initial_guess)

# Store the result
result = [popt, pcov]
result = [popt, pcov]
","
from scipy.optimize import curve_fit
<<<< [ERROR START] (dynamic: ModuleNotFoundError)
import numpy as np
[ERROR FINISH] (dynamic: ModuleNotFoundError) >>>>
z, Ua, tau, degree = test_input
from scipy.optimize import curve_fit
import numpy as np

z, Ua, tau, degree = test_input
# Define the fourier series function for arbitrary order
def fourier_series(x, *coefficients):
    return sum(coefficients[i] * np.cos((i + 1) * np.pi / tau * x) for i in range(len(coefficients)))

# Initial guess for coefficients
initial_guess = [0] * len(z)

# Fit the data
popt, pcov = curve_fit(fourier_series, z, Ua, p0=initial_guess)

# Store the result
result = [popt, pcov]
result = [popt, pcov]
",dynamic,dynamic: ModuleNotFoundError,3-3
DS1000,hallucinated,DS0749,,,"[{'type': 'attribute_error', 'object': 'scipy', 'attribute': 'spatial', 'line': 5}]","{""error_type"": ""ModuleNotFoundError"", ""error_message"": ""No module named 'scipy'"", ""line_no"": ""4.0"", ""test_case"": """"}","
import numpy as np
import scipy.spatial.distance
example_array = test_input
result = scipy.spatial.distance.cdist(example_array.reshape(-1, 1), example_array.reshape(-1, 1), 'euclidean').reshape(example_array.shape[0], example_array.shape[0])
","
import numpy as np
import scipy.spatial.distance
<<<< [ERROR START] (dynamic: ModuleNotFoundError)
example_array = test_input
[ERROR FINISH] (dynamic: ModuleNotFoundError) >>>>
<<<< [ERROR START] (lib: attribute_error)
result = scipy.spatial.distance.cdist(example_array.reshape(-1, 1), example_array.reshape(-1, 1), 'euclidean').reshape(example_array.shape[0], example_array.shape[0])
[ERROR FINISH] (lib: attribute_error) >>>>
","lib,dynamic","lib: attribute_error,dynamic: ModuleNotFoundError","5-5,4-4"
DS1000,hallucinated,DS0750,,,"[{'type': 'attribute_error', 'object': 'scipy', 'attribute': 'spatial', 'line': 5}]","{""error_type"": ""ModuleNotFoundError"", ""error_message"": ""No module named 'scipy'"", ""line_no"": ""4.0"", ""test_case"": """"}","
import numpy as np
import scipy.spatial.distance
example_array = test_input
result = scipy.spatial.distance.cdist(example_array.reshape(-1, 1), example_array.reshape(-1, 1), 'cityblock').reshape(example_array.shape[0], example_array.shape[0])
","
import numpy as np
import scipy.spatial.distance
<<<< [ERROR START] (dynamic: ModuleNotFoundError)
example_array = test_input
[ERROR FINISH] (dynamic: ModuleNotFoundError) >>>>
<<<< [ERROR START] (lib: attribute_error)
result = scipy.spatial.distance.cdist(example_array.reshape(-1, 1), example_array.reshape(-1, 1), 'cityblock').reshape(example_array.shape[0], example_array.shape[0])
[ERROR FINISH] (lib: attribute_error) >>>>
","lib,dynamic","lib: attribute_error,dynamic: ModuleNotFoundError","5-5,4-4"
DS1000,hallucinated,DS0751,"{""type"": ""IndentationError"", ""value"": 6, ""message"": ""expected an indented block after function definition on line 5 (<unknown>, line 6)""}",,,"{""error_type"": ""ModuleNotFoundError"", ""error_message"": ""No module named 'scipy'"", ""line_no"": ""4.0"", ""test_case"": """"}","
import numpy as np
import scipy.spatial.distance
example_array = test_input
def f(example_array):
import numpy as np
import scipy.spatial.distance

example_array = test_input
result = scipy.spatial.distance.cdist(example_array, example_array, 'euclidean')
result = f(example_array)
","
import numpy as np
import scipy.spatial.distance
<<<< [ERROR START] (dynamic: ModuleNotFoundError)
example_array = test_input
[ERROR FINISH] (dynamic: ModuleNotFoundError) >>>>
def f(example_array):
<<<< [ERROR START] (ast: IndentationError)
import numpy as np
[ERROR FINISH] (ast: IndentationError) >>>>
import scipy.spatial.distance

example_array = test_input
result = scipy.spatial.distance.cdist(example_array, example_array, 'euclidean')
result = f(example_array)
","ast,dynamic","ast: IndentationError,dynamic: ModuleNotFoundError","6-6,4-4"
DS1000,hallucinated,DS0752,,,,"{""error_type"": ""ModuleNotFoundError"", ""error_message"": ""No module named 'scipy'"", ""line_no"": ""3.0"", ""test_case"": """"}","
from scipy import interpolate
import numpy as np
x, y, x_val = test_input
result = interpolate.splev(x_val, tck, der=0)
","
from scipy import interpolate
<<<< [ERROR START] (dynamic: ModuleNotFoundError)
import numpy as np
[ERROR FINISH] (dynamic: ModuleNotFoundError) >>>>
x, y, x_val = test_input
result = interpolate.splev(x_val, tck, der=0)
",dynamic,dynamic: ModuleNotFoundError,3-3
DS1000,hallucinated,DS0753,,,,"{""error_type"": ""ModuleNotFoundError"", ""error_message"": ""No module named 'scipy'"", ""line_no"": ""3.0"", ""test_case"": """"}","
import numpy as np
import scipy.stats as ss
x1, x2, x3, x4 = test_input
result = ss.anderson_ksamp([x1, x2, x3, x4])
result = [statistic, critical_values, significance_level]
","
import numpy as np
<<<< [ERROR START] (dynamic: ModuleNotFoundError)
import scipy.stats as ss
[ERROR FINISH] (dynamic: ModuleNotFoundError) >>>>
x1, x2, x3, x4 = test_input
result = ss.anderson_ksamp([x1, x2, x3, x4])
result = [statistic, critical_values, significance_level]
",dynamic,dynamic: ModuleNotFoundError,3-3
DS1000,hallucinated,DS0754,,,,"{""error_type"": ""ModuleNotFoundError"", ""error_message"": ""No module named 'scipy'"", ""line_no"": ""3.0"", ""test_case"": """"}","
import numpy as np
import scipy.stats as ss
x1, x2 = test_input
result = ss.anderson_ksamp([x1, x2]).significance_level < 0.05
","
import numpy as np
<<<< [ERROR START] (dynamic: ModuleNotFoundError)
import scipy.stats as ss
[ERROR FINISH] (dynamic: ModuleNotFoundError) >>>>
x1, x2 = test_input
result = ss.anderson_ksamp([x1, x2]).significance_level < 0.05
",dynamic,dynamic: ModuleNotFoundError,3-3
DS1000,hallucinated,DS0755,,,,"{""error_type"": ""ModuleNotFoundError"", ""error_message"": ""No module named 'scipy'"", ""line_no"": ""5.0"", ""test_case"": """"}","
import pandas as pd
import numpy as np
import scipy.stats as stats
df = test_input
result = df.apply(lambda x: stats.kendalltau(x[:-1], x[1:])[0], axis=1)
result = df
","
import pandas as pd
import numpy as np
import scipy.stats as stats
<<<< [ERROR START] (dynamic: ModuleNotFoundError)
df = test_input
[ERROR FINISH] (dynamic: ModuleNotFoundError) >>>>
result = df.apply(lambda x: stats.kendalltau(x[:-1], x[1:])[0], axis=1)
result = df
",dynamic,dynamic: ModuleNotFoundError,5-5
DS1000,hallucinated,DS0756,,,,"{""error_type"": ""ModuleNotFoundError"", ""error_message"": ""No module named 'scipy'"", ""line_no"": ""2.0"", ""test_case"": """"}","
from scipy import sparse
sa = test_input
result = sa.nnz == 0
","
<<<< [ERROR START] (dynamic: ModuleNotFoundError)
from scipy import sparse
[ERROR FINISH] (dynamic: ModuleNotFoundError) >>>>
sa = test_input
result = sa.nnz == 0
",dynamic,dynamic: ModuleNotFoundError,2-2
DS1000,hallucinated,DS0757,,,,"{""error_type"": ""ModuleNotFoundError"", ""error_message"": ""No module named 'scipy'"", ""line_no"": ""2.0"", ""test_case"": """"}","
from scipy import sparse
sa = test_input
result = sa.nnz == 0
","
<<<< [ERROR START] (dynamic: ModuleNotFoundError)
from scipy import sparse
[ERROR FINISH] (dynamic: ModuleNotFoundError) >>>>
sa = test_input
result = sa.nnz == 0
",dynamic,dynamic: ModuleNotFoundError,2-2
DS1000,hallucinated,DS0758,,,,"{""error_type"": ""ModuleNotFoundError"", ""error_message"": ""No module named 'scipy'"", ""line_no"": ""3.0"", ""test_case"": """"}","
import numpy as np
from scipy.linalg import block_diag
a = test_input
result = block_diag(*a)
","
import numpy as np
<<<< [ERROR START] (dynamic: ModuleNotFoundError)
from scipy.linalg import block_diag
[ERROR FINISH] (dynamic: ModuleNotFoundError) >>>>
a = test_input
result = block_diag(*a)
",dynamic,dynamic: ModuleNotFoundError,3-3
DS1000,hallucinated,DS0759,,,,"{""error_type"": ""ModuleNotFoundError"", ""error_message"": ""No module named 'scipy'"", ""line_no"": ""3.0"", ""test_case"": """"}","
import numpy as np
from scipy import stats
pre_course_scores, during_course_scores = test_input
result = stats.ranksums(pre_course_scores, during_course_scores).pvalue
result = p_value
","
import numpy as np
<<<< [ERROR START] (dynamic: ModuleNotFoundError)
from scipy import stats
[ERROR FINISH] (dynamic: ModuleNotFoundError) >>>>
pre_course_scores, during_course_scores = test_input
result = stats.ranksums(pre_course_scores, during_course_scores).pvalue
result = p_value
",dynamic,dynamic: ModuleNotFoundError,3-3
DS1000,hallucinated,DS0760,"{""type"": ""IndentationError"", ""value"": 5, ""message"": ""expected an indented block after function definition on line 4 (<unknown>, line 5)""}",,,"{""error_type"": ""ModuleNotFoundError"", ""error_message"": ""No module named 'scipy'"", ""line_no"": ""3.0"", ""test_case"": """"}","
import numpy as np
from scipy import stats
def f(pre_course_scores, during_course_scores):
result = stats.ranksums(pre_course_scores, during_course_scores).pvalue
pre_course_scores, during_course_scores = test_input
result = f(pre_course_scores, during_course_scores)
","
import numpy as np
<<<< [ERROR START] (dynamic: ModuleNotFoundError)
from scipy import stats
[ERROR FINISH] (dynamic: ModuleNotFoundError) >>>>
def f(pre_course_scores, during_course_scores):
<<<< [ERROR START] (ast: IndentationError)
result = stats.ranksums(pre_course_scores, during_course_scores).pvalue
[ERROR FINISH] (ast: IndentationError) >>>>
pre_course_scores, during_course_scores = test_input
result = f(pre_course_scores, during_course_scores)
","ast,dynamic","ast: IndentationError,dynamic: ModuleNotFoundError","5-5,3-3"
DS1000,hallucinated,DS0761,,,,"{""error_type"": ""NameError"", ""error_message"": ""name 'kurtosis_result' is not defined"", ""line_no"": ""7.0"", ""test_case"": ""[[\""array([1.0, 2.0, 2.5, 400.0, 6.0, 0.0])\"", \""4.198860780044808\"", \""<Execution Error: name 'kurtosis_result' is not defined>\""], [\""array([0.4967141530112327, -0.13826430117118466, 0.6476885381006925, 1.5230298564080254, -0.23415337472333597, -0.23413695694918055, 1.5792128155073915, 0.7674347291529088, -0.4694743859349521, 0.5425600435859647])\"", \""1.9177163101358279\"", \""<Execution Error: name 'kurtosis_result' is not defined>\""]]""}","
import numpy as np
a = test_input
import numpy as np
a = test_input
result = np.mean((a - np.mean(a))**4) / np.std(a)**4
result = kurtosis_result
","
import numpy as np
a = test_input
import numpy as np
a = test_input
result = np.mean((a - np.mean(a))**4) / np.std(a)**4
<<<< [ERROR START] (dynamic: NameError)
result = kurtosis_result
[ERROR FINISH] (dynamic: NameError) >>>>
",dynamic,dynamic: NameError,7-7
DS1000,hallucinated,DS0762,,,,"{""error_type"": ""ModuleNotFoundError"", ""error_message"": ""No module named 'scipy'"", ""line_no"": ""3.0"", ""test_case"": """"}","
import numpy as np
import scipy.stats
a = test_input
import scipy.stats

result = scipy.stats.kurtosis(a, fisher=False)
result = kurtosis_result
","
import numpy as np
<<<< [ERROR START] (dynamic: ModuleNotFoundError)
import scipy.stats
[ERROR FINISH] (dynamic: ModuleNotFoundError) >>>>
a = test_input
import scipy.stats

result = scipy.stats.kurtosis(a, fisher=False)
result = kurtosis_result
",dynamic,dynamic: ModuleNotFoundError,3-3
DS1000,hallucinated,DS0763,,,,"{""error_type"": ""ModuleNotFoundError"", ""error_message"": ""No module named 'scipy'"", ""line_no"": ""3.0"", ""test_case"": """"}","
import numpy as np
import scipy.interpolate
s, t = test_input
x, y = np.ogrid[-1:1:10j,-2:0:10j]
z = (x + y)*np.exp(-6.0 * (x * x + y * y))
result = scipy.interpolate.interp2d(x.ravel(), y.ravel(), z.ravel(), kind='cubic')(s, t)
","
import numpy as np
<<<< [ERROR START] (dynamic: ModuleNotFoundError)
import scipy.interpolate
[ERROR FINISH] (dynamic: ModuleNotFoundError) >>>>
s, t = test_input
x, y = np.ogrid[-1:1:10j,-2:0:10j]
z = (x + y)*np.exp(-6.0 * (x * x + y * y))
result = scipy.interpolate.interp2d(x.ravel(), y.ravel(), z.ravel(), kind='cubic')(s, t)
",dynamic,dynamic: ModuleNotFoundError,3-3
DS1000,hallucinated,DS0764,,"[{'type': 'missing_return', 'function': 'f', 'start_line': 5, 'end_line': 7}]",,"{""error_type"": ""ModuleNotFoundError"", ""error_message"": ""No module named 'scipy'"", ""line_no"": ""3.0"", ""test_case"": """"}","
import numpy as np
import scipy.interpolate
s, t = test_input
def f(s, t):
    x, y = np.ogrid[-1:1:10j,-2:0:10j]
    z = (x + y)*np.exp(-6.0 * (x * x + y * y))
result = scipy.interpolate.interp2d(s, t, z, kind='cubic')(s, t)
result = f(s, t)
","
import numpy as np
<<<< [ERROR START] (dynamic: ModuleNotFoundError)
import scipy.interpolate
[ERROR FINISH] (dynamic: ModuleNotFoundError) >>>>
s, t = test_input
def f(s, t):
    x, y = np.ogrid[-1:1:10j,-2:0:10j]
    z = (x + y)*np.exp(-6.0 * (x * x + y * y))
result = scipy.interpolate.interp2d(s, t, z, kind='cubic')(s, t)
result = f(s, t)
",dynamic,dynamic: ModuleNotFoundError,3-3
DS1000,hallucinated,DS0765,,,"[{'type': 'attribute_error', 'object': 'scipy', 'attribute': 'spatial', 'line': 4}]","{""error_type"": ""ModuleNotFoundError"", ""error_message"": ""No module named 'scipy'"", ""line_no"": ""3.0"", ""test_case"": """"}","
import scipy.spatial
points, extraPoints = test_input
vor = scipy.spatial.Voronoi(points)
result = np.array([vor.point_region[vor.find_simplex(point)] for point in extraPoints])
","
import scipy.spatial
<<<< [ERROR START] (dynamic: ModuleNotFoundError)
points, extraPoints = test_input
[ERROR FINISH] (dynamic: ModuleNotFoundError) >>>>
<<<< [ERROR START] (lib: attribute_error)
vor = scipy.spatial.Voronoi(points)
[ERROR FINISH] (lib: attribute_error) >>>>
result = np.array([vor.point_region[vor.find_simplex(point)] for point in extraPoints])
","lib,dynamic","lib: attribute_error,dynamic: ModuleNotFoundError","4-4,3-3"
DS1000,hallucinated,DS0766,,,"[{'type': 'attribute_error', 'object': 'scipy', 'attribute': 'spatial', 'line': 4}]","{""error_type"": ""ModuleNotFoundError"", ""error_message"": ""No module named 'scipy'"", ""line_no"": ""3.0"", ""test_case"": """"}","
import scipy.spatial
points, extraPoints = test_input
vor = scipy.spatial.Voronoi(points)
result = np.zeros(len(extraPoints), dtype=int)
for i, point in enumerate(extraPoints):
    region = vor.point_region[i]
    if region != -1:  # -1 indicates a point outside the convex hull
        result[region] += 1
","
import scipy.spatial
<<<< [ERROR START] (dynamic: ModuleNotFoundError)
points, extraPoints = test_input
[ERROR FINISH] (dynamic: ModuleNotFoundError) >>>>
<<<< [ERROR START] (lib: attribute_error)
vor = scipy.spatial.Voronoi(points)
[ERROR FINISH] (lib: attribute_error) >>>>
result = np.zeros(len(extraPoints), dtype=int)
for i, point in enumerate(extraPoints):
    region = vor.point_region[i]
    if region != -1:  # -1 indicates a point outside the convex hull
        result[region] += 1
","lib,dynamic","lib: attribute_error,dynamic: ModuleNotFoundError","4-4,3-3"
DS1000,hallucinated,DS0767,,,,"{""error_type"": ""ModuleNotFoundError"", ""error_message"": ""No module named 'scipy'"", ""line_no"": ""3.0"", ""test_case"": """"}","
import numpy as np
import scipy.sparse as sparse
vectors, max_vector_size = test_input
result = sparse.vstack(vectors).tocsr()
","
import numpy as np
<<<< [ERROR START] (dynamic: ModuleNotFoundError)
import scipy.sparse as sparse
[ERROR FINISH] (dynamic: ModuleNotFoundError) >>>>
vectors, max_vector_size = test_input
result = sparse.vstack(vectors).tocsr()
",dynamic,dynamic: ModuleNotFoundError,3-3
DS1000,hallucinated,DS0768,,,"[{'type': 'attribute_error', 'object': 'scipy', 'attribute': 'ndimage', 'line': 5}]","{""error_type"": ""ModuleNotFoundError"", ""error_message"": ""No module named 'scipy'"", ""line_no"": ""3.0"", ""test_case"": """"}","
import numpy as np
import scipy.ndimage
a = test_input
b = scipy.ndimage.shift(b, (0, 1))
result = b
","
import numpy as np
<<<< [ERROR START] (dynamic: ModuleNotFoundError)
import scipy.ndimage
[ERROR FINISH] (dynamic: ModuleNotFoundError) >>>>
a = test_input
<<<< [ERROR START] (lib: attribute_error)
b = scipy.ndimage.shift(b, (0, 1))
[ERROR FINISH] (lib: attribute_error) >>>>
result = b
","lib,dynamic","lib: attribute_error,dynamic: ModuleNotFoundError","5-5,3-3"
DS1000,hallucinated,DS0769,,,,"{""error_type"": ""ModuleNotFoundError"", ""error_message"": ""No module named 'scipy'"", ""line_no"": ""4.0"", ""test_case"": """"}","
import numpy as np
from scipy.sparse import csr_matrix
M, row, column = test_input
result = M[row, column]
","
import numpy as np
from scipy.sparse import csr_matrix
<<<< [ERROR START] (dynamic: ModuleNotFoundError)
M, row, column = test_input
[ERROR FINISH] (dynamic: ModuleNotFoundError) >>>>
result = M[row, column]
",dynamic,dynamic: ModuleNotFoundError,4-4
DS1000,hallucinated,DS0770,,,,"{""error_type"": ""ModuleNotFoundError"", ""error_message"": ""No module named 'scipy'"", ""line_no"": ""4.0"", ""test_case"": """"}","
import numpy as np
from scipy.sparse import csr_matrix
M, row, column = test_input
result = M[row, column]
","
import numpy as np
from scipy.sparse import csr_matrix
<<<< [ERROR START] (dynamic: ModuleNotFoundError)
M, row, column = test_input
[ERROR FINISH] (dynamic: ModuleNotFoundError) >>>>
result = M[row, column]
",dynamic,dynamic: ModuleNotFoundError,4-4
DS1000,hallucinated,DS0771,,,,"{""error_type"": ""ModuleNotFoundError"", ""error_message"": ""No module named 'scipy'"", ""line_no"": ""4.0"", ""test_case"": """"}","
import numpy as np
import scipy.interpolate
x, array, x_new = test_input
import numpy as np
from scipy.interpolate import interp1d

# Assuming x, array, and x_new are already defined as per the task description
result = np.apply_along_axis(lambda arr: interp1d(x, arr)(x_new), 0, array)
result = new_array
","
import numpy as np
import scipy.interpolate
<<<< [ERROR START] (dynamic: ModuleNotFoundError)
x, array, x_new = test_input
[ERROR FINISH] (dynamic: ModuleNotFoundError) >>>>
import numpy as np
from scipy.interpolate import interp1d

# Assuming x, array, and x_new are already defined as per the task description
result = np.apply_along_axis(lambda arr: interp1d(x, arr)(x_new), 0, array)
result = new_array
",dynamic,dynamic: ModuleNotFoundError,4-4
DS1000,hallucinated,DS0772,,,"[{'type': 'attribute_error', 'object': 'scipy', 'attribute': 'integrate', 'line': 8}]","{""error_type"": ""ModuleNotFoundError"", ""error_message"": ""No module named 'scipy'"", ""line_no"": ""4.0"", ""test_case"": """"}","
import scipy.integrate
import math
import numpy as np
x, u, o2 = test_input
def NDfx(x):
    return((1/math.sqrt((2*math.pi)))*(math.e**((-.5)*(x**2))))
result = scipy.integrate.quad(NDfx, -dev, dev)[0]
result = prob
","
import scipy.integrate
import math
<<<< [ERROR START] (dynamic: ModuleNotFoundError)
import numpy as np
[ERROR FINISH] (dynamic: ModuleNotFoundError) >>>>
x, u, o2 = test_input
def NDfx(x):
    return((1/math.sqrt((2*math.pi)))*(math.e**((-.5)*(x**2))))
<<<< [ERROR START] (lib: attribute_error)
result = scipy.integrate.quad(NDfx, -dev, dev)[0]
[ERROR FINISH] (lib: attribute_error) >>>>
result = prob
","lib,dynamic","lib: attribute_error,dynamic: ModuleNotFoundError","8-8,4-4"
DS1000,hallucinated,DS0773,"{""type"": ""IndentationError"", ""value"": 9, ""message"": ""expected an indented block after function definition on line 8 (<unknown>, line 9)""}",,,"{""error_type"": ""ModuleNotFoundError"", ""error_message"": ""No module named 'scipy'"", ""line_no"": ""4.0"", ""test_case"": """"}","
import scipy.integrate
import math
import numpy as np
x, u, o2 = test_input
def NDfx(x):
    return((1/math.sqrt((2*math.pi)))*(math.e**((-.5)*(x**2))))
def f(x, u, o2):
result = scipy.integrate.quad(NDfx, -dev, dev)[0]
result = f(x, u, o2)
","
import scipy.integrate
import math
<<<< [ERROR START] (dynamic: ModuleNotFoundError)
import numpy as np
[ERROR FINISH] (dynamic: ModuleNotFoundError) >>>>
x, u, o2 = test_input
def NDfx(x):
    return((1/math.sqrt((2*math.pi)))*(math.e**((-.5)*(x**2))))
def f(x, u, o2):
<<<< [ERROR START] (ast: IndentationError)
result = scipy.integrate.quad(NDfx, -dev, dev)[0]
[ERROR FINISH] (ast: IndentationError) >>>>
result = f(x, u, o2)
","ast,dynamic","ast: IndentationError,dynamic: ModuleNotFoundError","9-9,4-4"
DS1000,hallucinated,DS0774,,,"[{'type': 'attribute_error', 'object': 'sf', 'attribute': 'dctmtx', 'line': 5}]","{""error_type"": ""ModuleNotFoundError"", ""error_message"": ""No module named 'scipy'"", ""line_no"": ""3.0"", ""test_case"": """"}","
import numpy as np
import scipy.fft as sf
N = test_input
result = sf.dctmtx(N)
","
import numpy as np
<<<< [ERROR START] (dynamic: ModuleNotFoundError)
import scipy.fft as sf
[ERROR FINISH] (dynamic: ModuleNotFoundError) >>>>
N = test_input
<<<< [ERROR START] (lib: attribute_error)
result = sf.dctmtx(N)
[ERROR FINISH] (lib: attribute_error) >>>>
","lib,dynamic","lib: attribute_error,dynamic: ModuleNotFoundError","5-5,3-3"
DS1000,hallucinated,DS0775,,,,"{""error_type"": ""ModuleNotFoundError"", ""error_message"": ""No module named 'scipy'"", ""line_no"": ""3.0"", ""test_case"": """"}","
from scipy import sparse
import numpy as np
matrix = test_input
result = diags(matrix, [-1, 0, 1], (5, 5)).toarray()
","
from scipy import sparse
<<<< [ERROR START] (dynamic: ModuleNotFoundError)
import numpy as np
[ERROR FINISH] (dynamic: ModuleNotFoundError) >>>>
matrix = test_input
result = diags(matrix, [-1, 0, 1], (5, 5)).toarray()
",dynamic,dynamic: ModuleNotFoundError,3-3
DS1000,hallucinated,DS0776,,,"[{'type': 'attribute_error', 'object': 'scipy', 'attribute': 'special', 'line': 14}]","{""error_type"": ""ModuleNotFoundError"", ""error_message"": ""No module named 'scipy'"", ""line_no"": ""4.0"", ""test_case"": """"}","
import numpy as np
import scipy.stats
N, p = test_input
import numpy as np

# Assuming test_input is a tuple (N, p)
N, p = test_input

# Create a 2D binomial distribution probability matrix M
M = np.zeros((N + 1, N + 1))
for i in range(N + 1):
    for j in range(i + 1):
        M[i, j] = scipy.special.binom(i, j) * (p ** j) * ((1 - p) ** (i - j))

# Assign other values to 0
M[M != 0] = 1
","
import numpy as np
import scipy.stats
<<<< [ERROR START] (dynamic: ModuleNotFoundError)
N, p = test_input
[ERROR FINISH] (dynamic: ModuleNotFoundError) >>>>
import numpy as np

# Assuming test_input is a tuple (N, p)
N, p = test_input

# Create a 2D binomial distribution probability matrix M
M = np.zeros((N + 1, N + 1))
for i in range(N + 1):
    for j in range(i + 1):
<<<< [ERROR START] (lib: attribute_error)
        M[i, j] = scipy.special.binom(i, j) * (p ** j) * ((1 - p) ** (i - j))
[ERROR FINISH] (lib: attribute_error) >>>>

# Assign other values to 0
M[M != 0] = 1
","lib,dynamic","lib: attribute_error,dynamic: ModuleNotFoundError","14-14,4-4"
DS1000,hallucinated,DS0777,,,,"{""error_type"": ""ModuleNotFoundError"", ""error_message"": ""No module named 'scipy'"", ""line_no"": ""4.0"", ""test_case"": """"}","
import pandas as pd
import io
from scipy import stats
df = test_input
result = df.apply(stats.zscore, axis=1)
","
import pandas as pd
import io
<<<< [ERROR START] (dynamic: ModuleNotFoundError)
from scipy import stats
[ERROR FINISH] (dynamic: ModuleNotFoundError) >>>>
df = test_input
result = df.apply(stats.zscore, axis=1)
",dynamic,dynamic: ModuleNotFoundError,4-4
DS1000,hallucinated,DS0778,,,,"{""error_type"": ""ModuleNotFoundError"", ""error_message"": ""No module named 'scipy'"", ""line_no"": ""4.0"", ""test_case"": """"}","
import pandas as pd
import io
from scipy import stats
df = test_input
result = df.apply(stats.zscore, axis=1)
","
import pandas as pd
import io
<<<< [ERROR START] (dynamic: ModuleNotFoundError)
from scipy import stats
[ERROR FINISH] (dynamic: ModuleNotFoundError) >>>>
df = test_input
result = df.apply(stats.zscore, axis=1)
",dynamic,dynamic: ModuleNotFoundError,4-4
DS1000,hallucinated,DS0779,,,,"{""error_type"": ""ModuleNotFoundError"", ""error_message"": ""No module named 'scipy'"", ""line_no"": ""4.0"", ""test_case"": """"}","
import pandas as pd
import io
from scipy import stats
df = test_input
result = df.assign(zscore=df.apply(lambda x: stats.zscore(x.dropna()), axis=1))
","
import pandas as pd
import io
<<<< [ERROR START] (dynamic: ModuleNotFoundError)
from scipy import stats
[ERROR FINISH] (dynamic: ModuleNotFoundError) >>>>
df = test_input
result = df.assign(zscore=df.apply(lambda x: stats.zscore(x.dropna()), axis=1))
",dynamic,dynamic: ModuleNotFoundError,4-4
DS1000,hallucinated,DS0780,,,,"{""error_type"": ""ModuleNotFoundError"", ""error_message"": ""No module named 'scipy'"", ""line_no"": ""5.0"", ""test_case"": """"}","
import pandas as pd
import io
import numpy as np
from scipy import stats
df = test_input
result = df.assign(
    zscore=df.apply(lambda x: stats.zscore(x.dropna()), axis=1)
).round(3)
","
import pandas as pd
import io
import numpy as np
<<<< [ERROR START] (dynamic: ModuleNotFoundError)
from scipy import stats
[ERROR FINISH] (dynamic: ModuleNotFoundError) >>>>
df = test_input
result = df.assign(
    zscore=df.apply(lambda x: stats.zscore(x.dropna()), axis=1)
).round(3)
",dynamic,dynamic: ModuleNotFoundError,5-5
DS1000,hallucinated,DS0781,,,,"{""error_type"": ""ModuleNotFoundError"", ""error_message"": ""No module named 'scipy'"", ""line_no"": ""3.0"", ""test_case"": """"}","
import scipy
import scipy.optimize
import numpy as np
def test_func(x):
    return (x[0])**2+(x[1])**2
def test_grad(x):
    return [2*x[0],2*x[1]]
starting_point, direction = test_input
result = scipy.optimize.line_search(test_func, test_grad, starting_point, direction)[0]
","
import scipy
<<<< [ERROR START] (dynamic: ModuleNotFoundError)
import scipy.optimize
[ERROR FINISH] (dynamic: ModuleNotFoundError) >>>>
import numpy as np
def test_func(x):
    return (x[0])**2+(x[1])**2
def test_grad(x):
    return [2*x[0],2*x[1]]
starting_point, direction = test_input
result = scipy.optimize.line_search(test_func, test_grad, starting_point, direction)[0]
",dynamic,dynamic: ModuleNotFoundError,3-3
DS1000,hallucinated,DS0782,,,,"{""error_type"": ""ModuleNotFoundError"", ""error_message"": ""No module named 'scipy'"", ""line_no"": ""3.0"", ""test_case"": """"}","
import numpy as np
from scipy.spatial import distance
shape = test_input
import numpy as np

# Assuming 'test_input' is a 2D array representing the image
shape = test_input.shape
mid = np.array([(shape[0] // 2, shape[1] // 2)] * shape[0] * shape[1]).reshape(shape[0], shape[1], 2)

result = distance.cdist(np.dstack((np.arange(shape[0]), np.arange(shape[1]))), mid)
","
import numpy as np
<<<< [ERROR START] (dynamic: ModuleNotFoundError)
from scipy.spatial import distance
[ERROR FINISH] (dynamic: ModuleNotFoundError) >>>>
shape = test_input
import numpy as np

# Assuming 'test_input' is a 2D array representing the image
shape = test_input.shape
mid = np.array([(shape[0] // 2, shape[1] // 2)] * shape[0] * shape[1]).reshape(shape[0], shape[1], 2)

result = distance.cdist(np.dstack((np.arange(shape[0]), np.arange(shape[1]))), mid)
",dynamic,dynamic: ModuleNotFoundError,3-3
DS1000,hallucinated,DS0783,,,,"{""error_type"": ""ModuleNotFoundError"", ""error_message"": ""No module named 'scipy'"", ""line_no"": ""3.0"", ""test_case"": """"}","
import numpy as np
from scipy.spatial import distance
shape = test_input
import numpy as np

# Assuming 'test_input' is your 3D image array
result = np.abs(test_input - np.array([test_input.shape[0] // 2, test_input.shape[1] // 2])).sum(axis=2)
","
import numpy as np
<<<< [ERROR START] (dynamic: ModuleNotFoundError)
from scipy.spatial import distance
[ERROR FINISH] (dynamic: ModuleNotFoundError) >>>>
shape = test_input
import numpy as np

# Assuming 'test_input' is your 3D image array
result = np.abs(test_input - np.array([test_input.shape[0] // 2, test_input.shape[1] // 2])).sum(axis=2)
",dynamic,dynamic: ModuleNotFoundError,3-3
DS1000,hallucinated,DS0784,"{""type"": ""IndentationError"", ""value"": 6, ""message"": ""expected an indented block after function definition on line 5 (<unknown>, line 6)""}",,,"{""error_type"": ""ModuleNotFoundError"", ""error_message"": ""No module named 'scipy'"", ""line_no"": ""3.0"", ""test_case"": """"}","
import numpy as np
from scipy.spatial import distance
shape = test_input
def f(shape = (6, 6)):
import numpy as np
from scipy.spatial import distance

shape = test_input
mid = np.array([[i, j] for i in range(shape[0]) for j in range(shape[1])])
result = distance.cdist(mid, mid, 'euclidean')
result = f(shape)
","
import numpy as np
<<<< [ERROR START] (dynamic: ModuleNotFoundError)
from scipy.spatial import distance
[ERROR FINISH] (dynamic: ModuleNotFoundError) >>>>
shape = test_input
def f(shape = (6, 6)):
<<<< [ERROR START] (ast: IndentationError)
import numpy as np
[ERROR FINISH] (ast: IndentationError) >>>>
from scipy.spatial import distance

shape = test_input
mid = np.array([[i, j] for i in range(shape[0]) for j in range(shape[1])])
result = distance.cdist(mid, mid, 'euclidean')
result = f(shape)
","ast,dynamic","ast: IndentationError,dynamic: ModuleNotFoundError","6-6,3-3"
DS1000,hallucinated,DS0785,,,"[{'type': 'attribute_error', 'object': 'scipy', 'attribute': 'ndimage', 'line': 5}]","{""error_type"": ""ModuleNotFoundError"", ""error_message"": ""No module named 'scipy'"", ""line_no"": ""3.0"", ""test_case"": """"}","
import numpy as np
import scipy.ndimage
x, shape = test_input
result = scipy.ndimage.zoom(x, [2, 1], order=1)
","
import numpy as np
<<<< [ERROR START] (dynamic: ModuleNotFoundError)
import scipy.ndimage
[ERROR FINISH] (dynamic: ModuleNotFoundError) >>>>
x, shape = test_input
<<<< [ERROR START] (lib: attribute_error)
result = scipy.ndimage.zoom(x, [2, 1], order=1)
[ERROR FINISH] (lib: attribute_error) >>>>
","lib,dynamic","lib: attribute_error,dynamic: ModuleNotFoundError","5-5,3-3"
DS1000,hallucinated,DS0786,,,,"{""error_type"": ""ModuleNotFoundError"", ""error_message"": ""No module named 'scipy'"", ""line_no"": ""1.0"", ""test_case"": ""[[\""(array([[0.37454012, 0.95071431, 0.73199394, 0.59865848, 0.15601864],\\n       [0.15599452, 0.05808361, 0.86617615, 0.60111501, 0.70807258],\\n       [0.02058449, 0.96990985, 0.83244264, 0.21233911, 0.18182497]]), array([ 504.36854591, 1218.45747136,  491.29393108]), array([ 2,  3,  1,  4, 20]))\"", \""(array([[0.37454012, 0.95071431, 0.73199394, 0.59865848, 0.15601864],\\n       [0.15599452, 0.05808361, 0.86617615, 0.60111501, 0.70807258],\\n       [0.02058449, 0.96990985, 0.83244264, 0.21233911, 0.18182497]]), array([ 504.36854591, 1218.45747136,  491.29393108]))\"", \""<Execution Error: No module named 'scipy'>\""], [\""(array([[0.37454012, 0.95071431, 0.73199394, 0.59865848, 0.15601864,\\n        0.15599452],\\n       [0.05808361, 0.86617615, 0.60111501, 0.70807258, 0.02058449,\\n        0.96990985],\\n       [0.83244264, 0.21233911, 0.18182497, 0.18340451, 0.30424224,\\n        0.52475643],\\n       [0.43194502, 0.29122914, 0.61185289, 0.13949386, 0.29214465,\\n        0.36636184]]), array([239.65906309, 264.15686963,  82.06645711,  85.26990064]), array([2, 3, 1, 4, 2, 0]))\"", \""(array([[0.37454012, 0.95071431, 0.73199394, 0.59865848, 0.15601864,\\n        0.15599452],\\n       [0.05808361, 0.86617615, 0.60111501, 0.70807258, 0.02058449,\\n        0.96990985],\\n       [0.83244264, 0.21233911, 0.18182497, 0.18340451, 0.30424224,\\n        0.52475643],\\n       [0.43194502, 0.29122914, 0.61185289, 0.13949386, 0.29214465,\\n        0.36636184]]), array([239.65906309, 264.15686963,  82.06645711,  85.26990064]))\"", \""<Execution Error: No module named 'scipy'>\""]]""}","
import scipy.optimize
import numpy as np
a, y, x0 = test_input
result = scipy.optimize.minimize(lambda x: np.sum((a @ x**2 - y)**2), x0)
result = out
","<<<< [ERROR START] (dynamic: ModuleNotFoundError)

[ERROR FINISH] (dynamic: ModuleNotFoundError) >>>>
import scipy.optimize
import numpy as np
a, y, x0 = test_input
result = scipy.optimize.minimize(lambda x: np.sum((a @ x**2 - y)**2), x0)
result = out
",dynamic,dynamic: ModuleNotFoundError,1-1
DS1000,hallucinated,DS0787,,,,"{""error_type"": ""ModuleNotFoundError"", ""error_message"": ""No module named 'scipy'"", ""line_no"": ""3.0"", ""test_case"": """"}","
import scipy.optimize
import numpy as np
a, x_true, y, x0, x_lower_bounds = test_input
result = scipy.optimize.minimize(lambda x: np.sum((a @ x**2 - y)**2), x0, bounds=[(x_lower_bounds[i], None) for i in range(len(x_lower_bounds))], method='L-BFGS-B')
result = out
","
import scipy.optimize
<<<< [ERROR START] (dynamic: ModuleNotFoundError)
import numpy as np
[ERROR FINISH] (dynamic: ModuleNotFoundError) >>>>
a, x_true, y, x0, x_lower_bounds = test_input
result = scipy.optimize.minimize(lambda x: np.sum((a @ x**2 - y)**2), x0, bounds=[(x_lower_bounds[i], None) for i in range(len(x_lower_bounds))], method='L-BFGS-B')
result = out
",dynamic,dynamic: ModuleNotFoundError,3-3
DS1000,hallucinated,DS0788,,,"[{'type': 'attribute_error', 'object': 'scipy', 'attribute': 'integrate', 'line': 5}]","{""error_type"": ""ModuleNotFoundError"", ""error_message"": ""No module named 'scipy'"", ""line_no"": ""3.0"", ""test_case"": """"}","
import scipy.integrate
import numpy as np
N0, time_span = test_input
sol = scipy.integrate.solve_ivp(fun=lambda t, y: -100*y + np.sin(t), t_span=time_span, y0=[N0,])
result = sol.y
","
import scipy.integrate
<<<< [ERROR START] (dynamic: ModuleNotFoundError)
import numpy as np
[ERROR FINISH] (dynamic: ModuleNotFoundError) >>>>
N0, time_span = test_input
<<<< [ERROR START] (lib: attribute_error)
sol = scipy.integrate.solve_ivp(fun=lambda t, y: -100*y + np.sin(t), t_span=time_span, y0=[N0,])
[ERROR FINISH] (lib: attribute_error) >>>>
result = sol.y
","lib,dynamic","lib: attribute_error,dynamic: ModuleNotFoundError","5-5,3-3"
DS1000,hallucinated,DS0789,,,"[{'type': 'attribute_error', 'object': 'scipy', 'attribute': 'integrate', 'line': 5}]","{""error_type"": ""ModuleNotFoundError"", ""error_message"": ""No module named 'scipy'"", ""line_no"": ""3.0"", ""test_case"": """"}","
import scipy.integrate
import numpy as np
N0, time_span = test_input
sol = scipy.integrate.solve_ivp(fun=lambda t, N1: -100 * N1 + (t - np.sin(t)) if 0 < t < 2*np.pi else 2*np.pi, t_span=[0, 100e-3], y0=[N0,])
result = sol.y
","
import scipy.integrate
<<<< [ERROR START] (dynamic: ModuleNotFoundError)
import numpy as np
[ERROR FINISH] (dynamic: ModuleNotFoundError) >>>>
N0, time_span = test_input
<<<< [ERROR START] (lib: attribute_error)
sol = scipy.integrate.solve_ivp(fun=lambda t, N1: -100 * N1 + (t - np.sin(t)) if 0 < t < 2*np.pi else 2*np.pi, t_span=[0, 100e-3], y0=[N0,])
[ERROR FINISH] (lib: attribute_error) >>>>
result = sol.y
","lib,dynamic","lib: attribute_error,dynamic: ModuleNotFoundError","5-5,3-3"
DS1000,hallucinated,DS0790,,,"[{'type': 'attribute_error', 'object': 'scipy', 'attribute': 'integrate', 'line': 5}]","{""error_type"": ""ModuleNotFoundError"", ""error_message"": ""No module named 'scipy'"", ""line_no"": ""3.0"", ""test_case"": """"}","
import scipy.integrate
import numpy as np
N0, time_span = test_input
sol = scipy.integrate.solve_ivp(fun=lambda t, y: -100 * y - np.cos(t), t_span=time_span, y0=[N0,])
result = sol.y
","
import scipy.integrate
<<<< [ERROR START] (dynamic: ModuleNotFoundError)
import numpy as np
[ERROR FINISH] (dynamic: ModuleNotFoundError) >>>>
N0, time_span = test_input
<<<< [ERROR START] (lib: attribute_error)
sol = scipy.integrate.solve_ivp(fun=lambda t, y: -100 * y - np.cos(t), t_span=time_span, y0=[N0,])
[ERROR FINISH] (lib: attribute_error) >>>>
result = sol.y
","lib,dynamic","lib: attribute_error,dynamic: ModuleNotFoundError","5-5,3-3"
DS1000,hallucinated,DS0791,,,,"{""error_type"": ""ModuleNotFoundError"", ""error_message"": ""No module named 'scipy'"", ""line_no"": ""3.0"", ""test_case"": """"}","
import numpy as np
from scipy.optimize import minimize
def function(x):
    return -1*(18*x[0]+16*x[1]+12*x[2]+11*x[3])
I = test_input
x0=I
cons=[]
steadystate={'type':'eq', 'fun': lambda x: x.sum()-I.sum() }
cons.append(steadystate)
for t in range(4):
    cons.append({'type': 'ineq', 'fun': lambda x, t=t: x[t]})
out=minimize(function, x0, method=""SLSQP"", constraints=cons)
x=out[""x""]
result = x
","
import numpy as np
<<<< [ERROR START] (dynamic: ModuleNotFoundError)
from scipy.optimize import minimize
[ERROR FINISH] (dynamic: ModuleNotFoundError) >>>>
def function(x):
    return -1*(18*x[0]+16*x[1]+12*x[2]+11*x[3])
I = test_input
x0=I
cons=[]
steadystate={'type':'eq', 'fun': lambda x: x.sum()-I.sum() }
cons.append(steadystate)
for t in range(4):
    cons.append({'type': 'ineq', 'fun': lambda x, t=t: x[t]})
out=minimize(function, x0, method=""SLSQP"", constraints=cons)
x=out[""x""]
result = x
",dynamic,dynamic: ModuleNotFoundError,3-3
DS1000,hallucinated,DS0792,,,,"{""error_type"": ""ModuleNotFoundError"", ""error_message"": ""No module named 'scipy'"", ""line_no"": ""3.0"", ""test_case"": """"}","
from scipy import sparse
sa, sb = test_input
result = sa + sb
","
from scipy import sparse
<<<< [ERROR START] (dynamic: ModuleNotFoundError)
sa, sb = test_input
[ERROR FINISH] (dynamic: ModuleNotFoundError) >>>>
result = sa + sb
",dynamic,dynamic: ModuleNotFoundError,3-3
DS1000,hallucinated,DS0793,,,,"{""error_type"": ""ModuleNotFoundError"", ""error_message"": ""No module named 'scipy'"", ""line_no"": ""3.0"", ""test_case"": """"}","
from scipy import sparse
sa, sb = test_input
result = sa.tocsr() + sb.tocsr()
","
from scipy import sparse
<<<< [ERROR START] (dynamic: ModuleNotFoundError)
sa, sb = test_input
[ERROR FINISH] (dynamic: ModuleNotFoundError) >>>>
result = sa.tocsr() + sb.tocsr()
",dynamic,dynamic: ModuleNotFoundError,3-3
DS1000,hallucinated,DS0794,,,,"{""error_type"": ""ModuleNotFoundError"", ""error_message"": ""No module named 'scipy'"", ""line_no"": ""3.0"", ""test_case"": """"}","
import scipy.integrate
c, low, high = test_input
import numpy as np

# Assuming test_input is a tuple containing c, low, and high
c, low, high = test_input

# Initialize an empty list to store results
results = []

# Loop through each value of c
for c_val in c:
    # Define the integrand function
    def integrand(x):
        return 2 * x * c_val
    
    # Perform the integration
    result, error = integrate.quad(integrand, 0, 1)
    
    # Append the result to the list
    results.append(result)

# Convert the list to a NumPy array
results = np.array(results)
","
import scipy.integrate
<<<< [ERROR START] (dynamic: ModuleNotFoundError)
c, low, high = test_input
[ERROR FINISH] (dynamic: ModuleNotFoundError) >>>>
import numpy as np

# Assuming test_input is a tuple containing c, low, and high
c, low, high = test_input

# Initialize an empty list to store results
results = []

# Loop through each value of c
for c_val in c:
    # Define the integrand function
    def integrand(x):
        return 2 * x * c_val
    
    # Perform the integration
    result, error = integrate.quad(integrand, 0, 1)
    
    # Append the result to the list
    results.append(result)

# Convert the list to a NumPy array
results = np.array(results)
",dynamic,dynamic: ModuleNotFoundError,3-3
DS1000,hallucinated,DS0795,"{""type"": ""IndentationError"", ""value"": 5, ""message"": ""expected an indented block after function definition on line 4 (<unknown>, line 5)""}",,,"{""error_type"": ""ModuleNotFoundError"", ""error_message"": ""No module named 'scipy'"", ""line_no"": ""3.0"", ""test_case"": """"}","
import scipy.integrate
c, low, high = test_input
def f(c=5, low=0, high=1):
import numpy as np

c_values = np.linspace(0, 10, 10)  # Example values for c
results = []

for c in c_values:
    eqn = lambda x: 2 * x * c
    result, error = integrate.quad(eqn, 0, 1)
    results.append(result)

result = np.array(results)
result = f(c, low, high)
","
import scipy.integrate
<<<< [ERROR START] (dynamic: ModuleNotFoundError)
c, low, high = test_input
[ERROR FINISH] (dynamic: ModuleNotFoundError) >>>>
def f(c=5, low=0, high=1):
<<<< [ERROR START] (ast: IndentationError)
import numpy as np
[ERROR FINISH] (ast: IndentationError) >>>>

c_values = np.linspace(0, 10, 10)  # Example values for c
results = []

for c in c_values:
    eqn = lambda x: 2 * x * c
    result, error = integrate.quad(eqn, 0, 1)
    results.append(result)

result = np.array(results)
result = f(c, low, high)
","ast,dynamic","ast: IndentationError,dynamic: ModuleNotFoundError","5-5,3-3"
DS1000,hallucinated,DS0796,,,,"{""error_type"": ""ModuleNotFoundError"", ""error_message"": ""No module named 'scipy'"", ""line_no"": ""3.0"", ""test_case"": """"}","
import numpy as np
from scipy import sparse
V, x = test_input
result = V.multiply(1) + x * V
result = V
","
import numpy as np
<<<< [ERROR START] (dynamic: ModuleNotFoundError)
from scipy import sparse
[ERROR FINISH] (dynamic: ModuleNotFoundError) >>>>
V, x = test_input
result = V.multiply(1) + x * V
result = V
",dynamic,dynamic: ModuleNotFoundError,3-3
DS1000,hallucinated,DS0797,,,,"{""error_type"": ""ModuleNotFoundError"", ""error_message"": ""No module named 'scipy'"", ""line_no"": ""2.0"", ""test_case"": """"}","
from scipy import sparse
V, x = test_input
result = V.multiply(1) + x * V
result = V
","
<<<< [ERROR START] (dynamic: ModuleNotFoundError)
from scipy import sparse
[ERROR FINISH] (dynamic: ModuleNotFoundError) >>>>
V, x = test_input
result = V.multiply(1) + x * V
result = V
",dynamic,dynamic: ModuleNotFoundError,2-2
DS1000,hallucinated,DS0798,,,,"{""error_type"": ""ModuleNotFoundError"", ""error_message"": ""No module named 'scipy'"", ""line_no"": ""3.0"", ""test_case"": """"}","
from scipy import sparse
V, x, y = test_input
result = V + x * V.nonzero()
result = V
","
from scipy import sparse
<<<< [ERROR START] (dynamic: ModuleNotFoundError)
V, x, y = test_input
[ERROR FINISH] (dynamic: ModuleNotFoundError) >>>>
result = V + x * V.nonzero()
result = V
",dynamic,dynamic: ModuleNotFoundError,3-3
DS1000,hallucinated,DS0799,,,,"{""error_type"": ""ModuleNotFoundError"", ""error_message"": ""No module named 'scipy'"", ""line_no"": ""3.0"", ""test_case"": """"}","
from scipy import sparse
import numpy as np
import math
sa = test_input
result = sa.multiply(1 / sa.power(2).sum(axis=0)**0.5)
result = sa
","
from scipy import sparse
<<<< [ERROR START] (dynamic: ModuleNotFoundError)
import numpy as np
[ERROR FINISH] (dynamic: ModuleNotFoundError) >>>>
import math
sa = test_input
result = sa.multiply(1 / sa.power(2).sum(axis=0)**0.5)
result = sa
",dynamic,dynamic: ModuleNotFoundError,3-3
DS1000,hallucinated,DS0800,,,,"{""error_type"": ""ModuleNotFoundError"", ""error_message"": ""No module named 'scipy'"", ""line_no"": ""3.0"", ""test_case"": """"}","
from scipy import sparse
import numpy as np
import math
sa = test_input
result = sa.multiply(sa.T).tocsr()
result = sa
","
from scipy import sparse
<<<< [ERROR START] (dynamic: ModuleNotFoundError)
import numpy as np
[ERROR FINISH] (dynamic: ModuleNotFoundError) >>>>
import math
sa = test_input
result = sa.multiply(sa.T).tocsr()
result = sa
",dynamic,dynamic: ModuleNotFoundError,3-3
DS1000,hallucinated,DS0801,,,,"{""error_type"": ""ModuleNotFoundError"", ""error_message"": ""No module named 'scipy'"", ""line_no"": ""1.0"", ""test_case"": ""[[\""array([[26, 3, 0], [3, 195, 1], [0, 1, 17]])\"", \""array([[1, 1, 0], [1, 1, 1], [0, 1, 1]])\"", \""<Execution Error: No module named 'scipy'>\""], [\""array([[6, 3, 7, 4, 6, 9], [2, 6, 7, 4, 3, 7], [7, 2, 5, 4, 1, 7], [5, 1, 4, 0, 9, 5], [8, 0, 9, 2, 6, 3]])\"", \""array([[1, 1, 1, 1, 1, 1], [1, 1, 1, 1, 1, 1], [1, 1, 1, 1, 1, 1], [1, 1, 1, 0, 1, 1], [1, 0, 1, 1, 1, 1]])\"", \""<Execution Error: No module named 'scipy'>\""]]""}","
import scipy
import numpy as np
a = test_input
import numpy as np

# Assuming 'test_input' is your integer matrix
a = test_input

# Convert the matrix to binary by checking if each element is greater than 0
result = (a > 0).astype(int)
result = a
","<<<< [ERROR START] (dynamic: ModuleNotFoundError)

[ERROR FINISH] (dynamic: ModuleNotFoundError) >>>>
import scipy
import numpy as np
a = test_input
import numpy as np

# Assuming 'test_input' is your integer matrix
a = test_input

# Convert the matrix to binary by checking if each element is greater than 0
result = (a > 0).astype(int)
result = a
",dynamic,dynamic: ModuleNotFoundError,1-1
DS1000,hallucinated,DS0802,,,,"{""error_type"": ""ModuleNotFoundError"", ""error_message"": ""No module named 'scipy'"", ""line_no"": ""1.0"", ""test_case"": ""[[\""array([[26, 3, 0], [3, 195, 1], [0, 1, 17]])\"", \""array([[0, 0, 1], [0, 0, 0], [1, 0, 0]])\"", \""<Execution Error: No module named 'scipy'>\""], [\""array([[6, 3, 7, 4, 6, 9], [2, 6, 7, 4, 3, 7], [7, 2, 5, 4, 1, 7], [5, 1, 4, 0, 9, 5], [8, 0, 9, 2, 6, 3]])\"", \""array([[0, 0, 0, 0, 0, 0], [0, 0, 0, 0, 0, 0], [0, 0, 0, 0, 0, 0], [0, 0, 0, 1, 0, 0], [0, 1, 0, 0, 0, 0]])\"", \""<Execution Error: No module named 'scipy'>\""]]""}","
import scipy
import numpy as np
a = test_input
result = (a > 0).astype(int)
result = a
","<<<< [ERROR START] (dynamic: ModuleNotFoundError)

[ERROR FINISH] (dynamic: ModuleNotFoundError) >>>>
import scipy
import numpy as np
a = test_input
result = (a > 0).astype(int)
result = a
",dynamic,dynamic: ModuleNotFoundError,1-1
DS1000,hallucinated,DS0803,,,"[{'type': 'attribute_error', 'object': 'scipy', 'attribute': 'spatial', 'line': 9}]","{""error_type"": ""ModuleNotFoundError"", ""error_message"": ""No module named 'scipy'"", ""line_no"": ""3.0"", ""test_case"": """"}","
import scipy.spatial
import numpy as np
centroids, data = test_input
import scipy.spatial
import numpy as np

# Assuming centroids and data are already defined as per the task description
result = np.argmin(scipy.spatial.distance.cdist(data, centroids), axis=1)
","
import scipy.spatial
<<<< [ERROR START] (dynamic: ModuleNotFoundError)
import numpy as np
[ERROR FINISH] (dynamic: ModuleNotFoundError) >>>>
centroids, data = test_input
import scipy.spatial
import numpy as np

# Assuming centroids and data are already defined as per the task description
<<<< [ERROR START] (lib: attribute_error)
result = np.argmin(scipy.spatial.distance.cdist(data, centroids), axis=1)
[ERROR FINISH] (lib: attribute_error) >>>>
","lib,dynamic","lib: attribute_error,dynamic: ModuleNotFoundError","9-9,3-3"
DS1000,hallucinated,DS0804,,,"[{'type': 'attribute_error', 'object': 'scipy', 'attribute': 'spatial', 'line': 12}]","{""error_type"": ""ModuleNotFoundError"", ""error_message"": ""No module named 'scipy'"", ""line_no"": ""3.0"", ""test_case"": """"}","
import numpy as np
import scipy.spatial
centroids, data = test_input
import numpy as np
import scipy.spatial

# Assuming centroids and data are already defined as per the task description
result = []
for cluster_id in range(len(centroids)):
    # Find the index of the closest data point to the centroid
    closest_index = scipy.spatial.distance.cdist([centroids[cluster_id]], data).argmin()
    # Append the closest data point to the result list
    result.append(data[closest_index])
","
import numpy as np
<<<< [ERROR START] (dynamic: ModuleNotFoundError)
import scipy.spatial
[ERROR FINISH] (dynamic: ModuleNotFoundError) >>>>
centroids, data = test_input
import numpy as np
import scipy.spatial

# Assuming centroids and data are already defined as per the task description
result = []
for cluster_id in range(len(centroids)):
    # Find the index of the closest data point to the centroid
<<<< [ERROR START] (lib: attribute_error)
    closest_index = scipy.spatial.distance.cdist([centroids[cluster_id]], data).argmin()
[ERROR FINISH] (lib: attribute_error) >>>>
    # Append the closest data point to the result list
    result.append(data[closest_index])
","lib,dynamic","lib: attribute_error,dynamic: ModuleNotFoundError","12-12,3-3"
DS1000,hallucinated,DS0805,,,,"{""error_type"": ""ModuleNotFoundError"", ""error_message"": ""No module named 'scipy'"", ""line_no"": ""3.0"", ""test_case"": """"}","
import scipy.spatial
import numpy as np
centroids, data, k = test_input
result = np.argsort(data, axis=1)[:, :k]
","
import scipy.spatial
<<<< [ERROR START] (dynamic: ModuleNotFoundError)
import numpy as np
[ERROR FINISH] (dynamic: ModuleNotFoundError) >>>>
centroids, data, k = test_input
result = np.argsort(data, axis=1)[:, :k]
",dynamic,dynamic: ModuleNotFoundError,3-3
DS1000,hallucinated,DS0806,,,,"{""error_type"": ""ModuleNotFoundError"", ""error_message"": ""No module named 'scipy'"", ""line_no"": ""3.0"", ""test_case"": """"}","
import numpy as np
from scipy.optimize import fsolve
def eqn(x, a, b):
    return x + 2*a - b**2
xdata, bdata = test_input
result = fsolve(lambda x: eqn(x, xdata, bdata), x0=np.linspace(0, 1, len(xdata)))
","
import numpy as np
<<<< [ERROR START] (dynamic: ModuleNotFoundError)
from scipy.optimize import fsolve
[ERROR FINISH] (dynamic: ModuleNotFoundError) >>>>
def eqn(x, a, b):
    return x + 2*a - b**2
xdata, bdata = test_input
result = fsolve(lambda x: eqn(x, xdata, bdata), x0=np.linspace(0, 1, len(xdata)))
",dynamic,dynamic: ModuleNotFoundError,3-3
DS1000,hallucinated,DS0807,,,,"{""error_type"": ""ModuleNotFoundError"", ""error_message"": ""No module named 'scipy'"", ""line_no"": ""3.0"", ""test_case"": """"}","
import numpy as np
from scipy.optimize import fsolve
def eqn(x, a, b):
    return x + 2*a - b**2
xdata, adata = test_input
result = np.array([fsolve(lambda b: eqn(b, xdata[i], adata[i]), 0.5) for i in range(len(xdata))])
","
import numpy as np
<<<< [ERROR START] (dynamic: ModuleNotFoundError)
from scipy.optimize import fsolve
[ERROR FINISH] (dynamic: ModuleNotFoundError) >>>>
def eqn(x, a, b):
    return x + 2*a - b**2
xdata, adata = test_input
result = np.array([fsolve(lambda b: eqn(b, xdata[i], adata[i]), 0.5) for i in range(len(xdata))])
",dynamic,dynamic: ModuleNotFoundError,3-3
DS1000,hallucinated,DS0808,,,,"{""error_type"": ""ModuleNotFoundError"", ""error_message"": ""No module named 'scipy'"", ""line_no"": ""3.0"", ""test_case"": """"}","
import numpy as np
import scipy as sp
from scipy import integrate,stats
def bekkers(x, a, m, d):
    p = a*np.exp((-1*(x**(1/3) - m)**2)/(2*d**2))*x**(-2/3)
    return(p)
range_start, range_end, estimated_a, estimated_m, estimated_d, sample_data = test_input
result = stats.kstest(sample_data, lambda x: bekkers(x, estimated_a, estimated_m, estimated_d))
","
import numpy as np
<<<< [ERROR START] (dynamic: ModuleNotFoundError)
import scipy as sp
[ERROR FINISH] (dynamic: ModuleNotFoundError) >>>>
from scipy import integrate,stats
def bekkers(x, a, m, d):
    p = a*np.exp((-1*(x**(1/3) - m)**2)/(2*d**2))*x**(-2/3)
    return(p)
range_start, range_end, estimated_a, estimated_m, estimated_d, sample_data = test_input
result = stats.kstest(sample_data, lambda x: bekkers(x, estimated_a, estimated_m, estimated_d))
",dynamic,dynamic: ModuleNotFoundError,3-3
DS1000,hallucinated,DS0809,,,,"{""error_type"": ""ModuleNotFoundError"", ""error_message"": ""No module named 'scipy'"", ""line_no"": ""3.0"", ""test_case"": """"}","
import numpy as np
import scipy as sp
from scipy import integrate,stats
def bekkers(x, a, m, d):
    p = a*np.exp((-1*(x**(1/3) - m)**2)/(2*d**2))*x**(-2/3)
    return(p)
range_start, range_end, estimated_a, estimated_m, estimated_d, sample_data = test_input
result = scipy.stats.kstest(sample_data, lambda x: bekkers(x, estimated_a, estimated_m, estimated_d), alternative='two-sided') < 0.05
","
import numpy as np
<<<< [ERROR START] (dynamic: ModuleNotFoundError)
import scipy as sp
[ERROR FINISH] (dynamic: ModuleNotFoundError) >>>>
from scipy import integrate,stats
def bekkers(x, a, m, d):
    p = a*np.exp((-1*(x**(1/3) - m)**2)/(2*d**2))*x**(-2/3)
    return(p)
range_start, range_end, estimated_a, estimated_m, estimated_d, sample_data = test_input
result = scipy.stats.kstest(sample_data, lambda x: bekkers(x, estimated_a, estimated_m, estimated_d), alternative='two-sided') < 0.05
",dynamic,dynamic: ModuleNotFoundError,3-3
DS1000,hallucinated,DS0810,,,"[{'type': 'type_error', 'function': 'Grouper', 'invalid_arg': 'freq', 'line': 6}, {'type': 'attribute_error', 'object': 'integrate', 'attribute': 'trapz', 'line': 6}]","{""error_type"": ""ModuleNotFoundError"", ""error_message"": ""No module named 'scipy'"", ""line_no"": ""4.0"", ""test_case"": """"}","
import pandas as pd
import io
from scipy import integrate
df = test_input
result = df.groupby(pd.Grouper(freq='25S')).apply(lambda x: integrate.trapz(x['A'], x.index))
result = integral_df
","
import pandas as pd
import io
<<<< [ERROR START] (dynamic: ModuleNotFoundError)
from scipy import integrate
[ERROR FINISH] (dynamic: ModuleNotFoundError) >>>>
df = test_input
<<<< [ERROR START] (lib: type_error)
<<<< [ERROR START] (lib: attribute_error)
result = df.groupby(pd.Grouper(freq='25S')).apply(lambda x: integrate.trapz(x['A'], x.index))
[ERROR FINISH] (lib: type_error) >>>>
[ERROR FINISH] (lib: attribute_error) >>>>
result = integral_df
","lib,lib,dynamic","lib: type_error,lib: attribute_error,dynamic: ModuleNotFoundError","6-6,6-6,4-4"
DS1000,hallucinated,DS0811,,,,"{""error_type"": ""ModuleNotFoundError"", ""error_message"": ""No module named 'scipy'"", ""line_no"": ""4.0"", ""test_case"": """"}","
import scipy.interpolate
x, y, eval = test_input
from scipy.interpolate import griddata

# Define the grid and values
x = np.array([(2, 2), (1, 2), (2, 3), (3, 2), (2, 1)])
y = np.array([5, 7, 8, 10, 3])

# Define the query point
query_point = np.array([[2.7, 2.3]])

# Perform linear interpolation
result = griddata(x, y, query_point, method='linear')
","
import scipy.interpolate
x, y, eval = test_input
<<<< [ERROR START] (dynamic: ModuleNotFoundError)
from scipy.interpolate import griddata
[ERROR FINISH] (dynamic: ModuleNotFoundError) >>>>

# Define the grid and values
x = np.array([(2, 2), (1, 2), (2, 3), (3, 2), (2, 1)])
y = np.array([5, 7, 8, 10, 3])

# Define the query point
query_point = np.array([[2.7, 2.3]])

# Perform linear interpolation
result = griddata(x, y, query_point, method='linear')
",dynamic,dynamic: ModuleNotFoundError,4-4
DS1000,hallucinated,DS0812,,,,"{""error_type"": ""ModuleNotFoundError"", ""error_message"": ""No module named 'scipy'"", ""line_no"": ""1.0"", ""test_case"": ""[[\""DataFrame({'A1': [0, 1, 2, 3, 2, 1, 6, 0, 1, 1, 7, 10]})\"", \""array([0.0, 0.029411764705882353, 0.058823529411764705, 0.08823529411764706, 0.058823529411764705, 0.029411764705882353, 0.17647058823529413, 0.0, 0.029411764705882353, 0.029411764705882353, 0.20588235294117646, 0.29411764705882354])\"", \""<Execution Error: No module named 'scipy'>\""]]""}","
import scipy.optimize as sciopt
import numpy as np
import pandas as pd
a = test_input
result = a.value_counts(normalize=True)
result = weights
","<<<< [ERROR START] (dynamic: ModuleNotFoundError)

[ERROR FINISH] (dynamic: ModuleNotFoundError) >>>>
import scipy.optimize as sciopt
import numpy as np
import pandas as pd
a = test_input
result = a.value_counts(normalize=True)
result = weights
",dynamic,dynamic: ModuleNotFoundError,1-1
DS1000,hallucinated,DS0813,,,,"{""error_type"": ""ModuleNotFoundError"", ""error_message"": ""No module named 'scipy'"", ""line_no"": ""1.0"", ""test_case"": ""[[\""(array([0.5, 0.7]), array([1.5, 1.8]), array([[1247.04, 1274.9 , 1277.81, 1259.51, 1246.06, 1230.2 , 1207.37,\\n        1192.  , 1180.84, 1182.76, 1194.76, 1222.65],\\n       [ 589.  ,  581.29,  576.1 ,  570.28,  566.45,  575.99,  601.1 ,\\n         620.6 ,  637.04,  631.68,  611.79,  599.19]]), array([1872.81, 1875.41, 1871.43, 1865.94, 1854.8 , 1839.2 , 1827.82,\\n       1831.73, 1846.68, 1856.56, 1861.02, 1867.15]))\"", \""(array([0.5, 0.7]), array([1.5, 1.8]))\"", \""<Execution Error: No module named 'scipy'>\""], [\""(array([1. , 0.7]), array([1.5, 1.1]), array([[1247.04, 1274.9 , 1277.81, 1259.51, 1246.06, 1230.2 , 1207.37,\\n        1192.  , 1180.84, 1182.76, 1194.76, 1222.65],\\n       [ 589.  ,  581.29,  576.1 ,  570.28,  566.45,  575.99,  601.1 ,\\n         620.6 ,  637.04,  631.68,  611.79,  599.19]]), array([1872.81, 1875.41, 1871.43, 1865.94, 1854.8 , 1839.2 , 1827.82,\\n       1831.73, 1846.68, 1856.56, 1861.02, 1867.15]))\"", \""(array([1. , 0.7]), array([1.5, 1.1]))\"", \""<Execution Error: No module named 'scipy'>\""]]""}","
import numpy as np
import scipy.optimize as sciopt
fp   = lambda p, x: p[0]*x[0]+p[1]*x[1]
e    = lambda p, x, y: ((fp(p,x)-y)**2).sum()
pmin, pmax, x, y = test_input
result = sciopt.fminbound(e, pmin.flatten(), pmax.flatten(), args=(x, y))
","<<<< [ERROR START] (dynamic: ModuleNotFoundError)

[ERROR FINISH] (dynamic: ModuleNotFoundError) >>>>
import numpy as np
import scipy.optimize as sciopt
fp   = lambda p, x: p[0]*x[0]+p[1]*x[1]
e    = lambda p, x, y: ((fp(p,x)-y)**2).sum()
pmin, pmax, x, y = test_input
result = sciopt.fminbound(e, pmin.flatten(), pmax.flatten(), args=(x, y))
",dynamic,dynamic: ModuleNotFoundError,1-1
DS1000,hallucinated,DS0814,,,,"{""error_type"": ""ModuleNotFoundError"", ""error_message"": ""No module named 'scipy'"", ""line_no"": ""3.0"", ""test_case"": """"}","
import numpy as np
from scipy import signal
arr, n = test_input
result = np.where((np.diff(arr) <= 0) & (np.diff(arr) >= 0))[0]
","
import numpy as np
<<<< [ERROR START] (dynamic: ModuleNotFoundError)
from scipy import signal
[ERROR FINISH] (dynamic: ModuleNotFoundError) >>>>
arr, n = test_input
result = np.where((np.diff(arr) <= 0) & (np.diff(arr) >= 0))[0]
",dynamic,dynamic: ModuleNotFoundError,3-3
DS1000,hallucinated,DS0815,,,,"{""error_type"": ""ModuleNotFoundError"", ""error_message"": ""No module named 'scipy'"", ""line_no"": ""3.0"", ""test_case"": """"}","
import numpy as np
from scipy import signal
arr, n = test_input
result = np.argwhere((np.diff(arr, axis=1, prepend=np.zeros((arr.shape[0], 1))) <= 0) & 
                     (np.diff(arr, axis=1, append=np.zeros((arr.shape[0], 1))) >= 0))
","
import numpy as np
<<<< [ERROR START] (dynamic: ModuleNotFoundError)
from scipy import signal
[ERROR FINISH] (dynamic: ModuleNotFoundError) >>>>
arr, n = test_input
result = np.argwhere((np.diff(arr, axis=1, prepend=np.zeros((arr.shape[0], 1))) <= 0) & 
                     (np.diff(arr, axis=1, append=np.zeros((arr.shape[0], 1))) >= 0))
",dynamic,dynamic: ModuleNotFoundError,3-3
DS1000,hallucinated,DS0816,,,,"{""error_type"": ""ModuleNotFoundError"", ""error_message"": ""No module named 'scipy'"", ""line_no"": ""4.0"", ""test_case"": """"}","
from scipy import stats
import pandas as pd
import numpy as np
LETTERS = list('ABCDEFGHIJKLMNOPQRSTUVWXYZ')
df = test_input
result = df.select_dtypes(include=[np.number]).apply(lambda x: (np.abs(stats.zscore(x)) < 3).all())
result = df
","
from scipy import stats
import pandas as pd
<<<< [ERROR START] (dynamic: ModuleNotFoundError)
import numpy as np
[ERROR FINISH] (dynamic: ModuleNotFoundError) >>>>
LETTERS = list('ABCDEFGHIJKLMNOPQRSTUVWXYZ')
df = test_input
result = df.select_dtypes(include=[np.number]).apply(lambda x: (np.abs(stats.zscore(x)) < 3).all())
result = df
",dynamic,dynamic: ModuleNotFoundError,4-4
DS1000,hallucinated,DS0817,,,,"{""error_type"": ""ModuleNotFoundError"", ""error_message"": ""No module named 'sklearn'"", ""line_no"": ""4.0"", ""test_case"": """"}","
import pandas as pd
import numpy as np
from sklearn.datasets import load_iris
data = test_input
data1 = pd.DataFrame(data.data, columns=data.feature_names)
result = data1
","
import pandas as pd
import numpy as np
<<<< [ERROR START] (dynamic: ModuleNotFoundError)
from sklearn.datasets import load_iris
[ERROR FINISH] (dynamic: ModuleNotFoundError) >>>>
data = test_input
data1 = pd.DataFrame(data.data, columns=data.feature_names)
result = data1
",dynamic,dynamic: ModuleNotFoundError,4-4
DS1000,hallucinated,DS0818,,,,"{""error_type"": ""ModuleNotFoundError"", ""error_message"": ""No module named 'sklearn'"", ""line_no"": ""4.0"", ""test_case"": """"}","
import pandas as pd
import numpy as np
from sklearn.datasets import load_iris
data = test_input
result = pd.DataFrame(data.data, columns=data.feature_names)
result = data1
","
import pandas as pd
import numpy as np
<<<< [ERROR START] (dynamic: ModuleNotFoundError)
from sklearn.datasets import load_iris
[ERROR FINISH] (dynamic: ModuleNotFoundError) >>>>
data = test_input
result = pd.DataFrame(data.data, columns=data.feature_names)
result = data1
",dynamic,dynamic: ModuleNotFoundError,4-4
DS1000,hallucinated,DS0819,,,,"{""error_type"": ""ModuleNotFoundError"", ""error_message"": ""No module named 'sklearn'"", ""line_no"": ""3.0"", ""test_case"": """"}","
import pandas as pd
import numpy as np
from sklearn.datasets import fetch_california_housing
data = test_input
result = pd.DataFrame(data.data, columns=data.feature_names)
result = data1
","
import pandas as pd
<<<< [ERROR START] (dynamic: ModuleNotFoundError)
import numpy as np
[ERROR FINISH] (dynamic: ModuleNotFoundError) >>>>
from sklearn.datasets import fetch_california_housing
data = test_input
result = pd.DataFrame(data.data, columns=data.feature_names)
result = data1
",dynamic,dynamic: ModuleNotFoundError,3-3
DS1000,hallucinated,DS0820,"{""type"": ""IndentationError"", ""value"": 7, ""message"": ""expected an indented block after function definition on line 6 (<unknown>, line 7)""}",,,"{""error_type"": ""ModuleNotFoundError"", ""error_message"": ""No module named 'sklearn'"", ""line_no"": ""4.0"", ""test_case"": """"}","
import pandas as pd
import numpy as np
from sklearn.datasets import load_iris
data = test_input
def solve(data):
import pandas as pd
import numpy as np
from sklearn.datasets import load_iris
data = load_iris()
data1 = pd.DataFrame(data.data, columns=data.feature_names)
result = data1
data1 = solve(data)
result = data1
","
import pandas as pd
import numpy as np
<<<< [ERROR START] (dynamic: ModuleNotFoundError)
from sklearn.datasets import load_iris
[ERROR FINISH] (dynamic: ModuleNotFoundError) >>>>
data = test_input
def solve(data):
<<<< [ERROR START] (ast: IndentationError)
import pandas as pd
[ERROR FINISH] (ast: IndentationError) >>>>
import numpy as np
from sklearn.datasets import load_iris
data = load_iris()
data1 = pd.DataFrame(data.data, columns=data.feature_names)
result = data1
data1 = solve(data)
result = data1
","ast,dynamic","ast: IndentationError,dynamic: ModuleNotFoundError","7-7,4-4"
DS1000,hallucinated,DS0821,,,,"{""error_type"": ""ModuleNotFoundError"", ""error_message"": ""No module named 'sklearn'"", ""line_no"": ""3.0"", ""test_case"": """"}","
import pandas as pd
import numpy as np
import sklearn
df = test_input
df_out = pd.get_dummies(df['Col3'], prefix='Apple', prefix_sep='_')
result = pd.concat([df[['Col1', 'Col2']], df_out], axis=1)
result = df_out
","
import pandas as pd
<<<< [ERROR START] (dynamic: ModuleNotFoundError)
import numpy as np
[ERROR FINISH] (dynamic: ModuleNotFoundError) >>>>
import sklearn
df = test_input
df_out = pd.get_dummies(df['Col3'], prefix='Apple', prefix_sep='_')
result = pd.concat([df[['Col1', 'Col2']], df_out], axis=1)
result = df_out
",dynamic,dynamic: ModuleNotFoundError,3-3
DS1000,hallucinated,DS0822,,,,"{""error_type"": ""ModuleNotFoundError"", ""error_message"": ""No module named 'sklearn'"", ""line_no"": ""3.0"", ""test_case"": """"}","
import pandas as pd
import numpy as np
import sklearn
df = test_input
df_out = df.join(df['Col3'].str.get_dummies(sep=', ')).drop('Col3', axis=1)
result = df_out
","
import pandas as pd
<<<< [ERROR START] (dynamic: ModuleNotFoundError)
import numpy as np
[ERROR FINISH] (dynamic: ModuleNotFoundError) >>>>
import sklearn
df = test_input
df_out = df.join(df['Col3'].str.get_dummies(sep=', ')).drop('Col3', axis=1)
result = df_out
",dynamic,dynamic: ModuleNotFoundError,3-3
DS1000,hallucinated,DS0823,,,,"{""error_type"": ""ModuleNotFoundError"", ""error_message"": ""No module named 'sklearn'"", ""line_no"": ""3.0"", ""test_case"": """"}","
import pandas as pd
import numpy as np
import sklearn
df = test_input
df_out = pd.get_dummies(df, columns=[df.columns[-1]], prefix='', prefix_sep='')
result = df_out
","
import pandas as pd
<<<< [ERROR START] (dynamic: ModuleNotFoundError)
import numpy as np
[ERROR FINISH] (dynamic: ModuleNotFoundError) >>>>
import sklearn
df = test_input
df_out = pd.get_dummies(df, columns=[df.columns[-1]], prefix='', prefix_sep='')
result = df_out
",dynamic,dynamic: ModuleNotFoundError,3-3
DS1000,hallucinated,DS0824,,,,"{""error_type"": ""ModuleNotFoundError"", ""error_message"": ""No module named 'sklearn'"", ""line_no"": ""3.0"", ""test_case"": """"}","
import pandas as pd
import numpy as np
import sklearn
df = test_input
df_out = pd.get_dummies(df, columns=[df.columns[-1]], prefix=df.columns[-1])
result = df_out
","
import pandas as pd
<<<< [ERROR START] (dynamic: ModuleNotFoundError)
import numpy as np
[ERROR FINISH] (dynamic: ModuleNotFoundError) >>>>
import sklearn
df = test_input
df_out = pd.get_dummies(df, columns=[df.columns[-1]], prefix=df.columns[-1])
result = df_out
",dynamic,dynamic: ModuleNotFoundError,3-3
DS1000,hallucinated,DS0825,,,,"{""error_type"": ""ModuleNotFoundError"", ""error_message"": ""No module named 'sklearn'"", ""line_no"": ""3.0"", ""test_case"": """"}","
import pandas as pd
import numpy as np
import sklearn
df = test_input
df_out = pd.get_dummies(df, columns=[df.columns[-1]], prefix=df.columns[-1])
result = df_out
","
import pandas as pd
<<<< [ERROR START] (dynamic: ModuleNotFoundError)
import numpy as np
[ERROR FINISH] (dynamic: ModuleNotFoundError) >>>>
import sklearn
df = test_input
df_out = pd.get_dummies(df, columns=[df.columns[-1]], prefix=df.columns[-1])
result = df_out
",dynamic,dynamic: ModuleNotFoundError,3-3
DS1000,hallucinated,DS0826,,,,"{""error_type"": ""ModuleNotFoundError"", ""error_message"": ""No module named 'sklearn'"", ""line_no"": ""4.0"", ""test_case"": """"}","
import pandas as pd
import numpy as np
import sklearn.svm as suppmach
X, y, x_test = test_input
svmmodel=suppmach.LinearSVC(random_state=42)
result = 1 / (1 + np.exp(-predicted_test_scores))
result = proba
","
import pandas as pd
import numpy as np
<<<< [ERROR START] (dynamic: ModuleNotFoundError)
import sklearn.svm as suppmach
[ERROR FINISH] (dynamic: ModuleNotFoundError) >>>>
X, y, x_test = test_input
svmmodel=suppmach.LinearSVC(random_state=42)
result = 1 / (1 + np.exp(-predicted_test_scores))
result = proba
",dynamic,dynamic: ModuleNotFoundError,4-4
DS1000,hallucinated,DS0827,,,,"{""error_type"": ""ModuleNotFoundError"", ""error_message"": ""No module named 'sklearn'"", ""line_no"": ""4.0"", ""test_case"": """"}","
import pandas as pd
import numpy as np
from sklearn import svm
X, y, x_predict = test_input
model = svm.LinearSVC(random_state=42)
result = model.predict_proba(x_predict)[:, 1]
result = proba
","
import pandas as pd
import numpy as np
<<<< [ERROR START] (dynamic: ModuleNotFoundError)
from sklearn import svm
[ERROR FINISH] (dynamic: ModuleNotFoundError) >>>>
X, y, x_predict = test_input
model = svm.LinearSVC(random_state=42)
result = model.predict_proba(x_predict)[:, 1]
result = proba
",dynamic,dynamic: ModuleNotFoundError,4-4
DS1000,hallucinated,DS0828,,,,"{""error_type"": ""ModuleNotFoundError"", ""error_message"": ""No module named 'scipy'"", ""line_no"": ""3.0"", ""test_case"": """"}","
import pandas as pd
import numpy as np
from scipy.sparse import csr_matrix
df_origin, transform_output = test_input
result = pd.concat([df_origin, pd.DataFrame(transform_output.toarray())], axis=1)
result = df
","
import pandas as pd
<<<< [ERROR START] (dynamic: ModuleNotFoundError)
import numpy as np
[ERROR FINISH] (dynamic: ModuleNotFoundError) >>>>
from scipy.sparse import csr_matrix
df_origin, transform_output = test_input
result = pd.concat([df_origin, pd.DataFrame(transform_output.toarray())], axis=1)
result = df
",dynamic,dynamic: ModuleNotFoundError,3-3
DS1000,hallucinated,DS0829,,,,"{""error_type"": ""ModuleNotFoundError"", ""error_message"": ""No module named 'scipy'"", ""line_no"": ""3.0"", ""test_case"": """"}","
import pandas as pd
import numpy as np
from scipy.sparse import csr_matrix
df_origin, transform_output = test_input
result = pd.concat([df_origin, pd.DataFrame(transform_output.toarray())], axis=1)
result = df
","
import pandas as pd
<<<< [ERROR START] (dynamic: ModuleNotFoundError)
import numpy as np
[ERROR FINISH] (dynamic: ModuleNotFoundError) >>>>
from scipy.sparse import csr_matrix
df_origin, transform_output = test_input
result = pd.concat([df_origin, pd.DataFrame(transform_output.toarray())], axis=1)
result = df
",dynamic,dynamic: ModuleNotFoundError,3-3
DS1000,hallucinated,DS0830,"{""type"": ""IndentationError"", ""value"": 7, ""message"": ""expected an indented block after function definition on line 6 (<unknown>, line 7)""}",,,"{""error_type"": ""ModuleNotFoundError"", ""error_message"": ""No module named 'scipy'"", ""line_no"": ""3.0"", ""test_case"": """"}","
import pandas as pd
import numpy as np
from scipy.sparse import csr_matrix
df_origin, transform_output = test_input
def solve(df, transform_output):
df = pd.DataFrame(transform_output.toarray(), columns=transform_output.get_feature_names_out())
df = solve(df_origin, transform_output)
result = df
","
import pandas as pd
<<<< [ERROR START] (dynamic: ModuleNotFoundError)
import numpy as np
[ERROR FINISH] (dynamic: ModuleNotFoundError) >>>>
from scipy.sparse import csr_matrix
df_origin, transform_output = test_input
def solve(df, transform_output):
<<<< [ERROR START] (ast: IndentationError)
df = pd.DataFrame(transform_output.toarray(), columns=transform_output.get_feature_names_out())
[ERROR FINISH] (ast: IndentationError) >>>>
df = solve(df_origin, transform_output)
result = df
","ast,dynamic","ast: IndentationError,dynamic: ModuleNotFoundError","7-7,3-3"
DS1000,hallucinated,DS0831,,,,"{""error_type"": ""ModuleNotFoundError"", ""error_message"": ""No module named 'sklearn'"", ""line_no"": ""3.0"", ""test_case"": """"}","
import pandas as pd
import numpy as np
from sklearn.pipeline import Pipeline
from sklearn.svm import SVC
from sklearn.decomposition import PCA
from sklearn.preprocessing import PolynomialFeatures
estimators = test_input
clf = Pipeline(estimators)
result = len(clf.named_steps)
result = len(clf.steps)
","
import pandas as pd
<<<< [ERROR START] (dynamic: ModuleNotFoundError)
import numpy as np
[ERROR FINISH] (dynamic: ModuleNotFoundError) >>>>
from sklearn.pipeline import Pipeline
from sklearn.svm import SVC
from sklearn.decomposition import PCA
from sklearn.preprocessing import PolynomialFeatures
estimators = test_input
clf = Pipeline(estimators)
result = len(clf.named_steps)
result = len(clf.steps)
",dynamic,dynamic: ModuleNotFoundError,3-3
DS1000,hallucinated,DS0832,,,,"{""error_type"": ""ModuleNotFoundError"", ""error_message"": ""No module named 'sklearn'"", ""line_no"": ""3.0"", ""test_case"": """"}","
import pandas as pd
import numpy as np
from sklearn.pipeline import Pipeline
from sklearn.svm import SVC
from sklearn.decomposition import PCA
from sklearn.preprocessing import PolynomialFeatures
estimators = test_input
clf = Pipeline(estimators)
result = len(clf.named_steps)
result = len(clf.steps)
","
import pandas as pd
<<<< [ERROR START] (dynamic: ModuleNotFoundError)
import numpy as np
[ERROR FINISH] (dynamic: ModuleNotFoundError) >>>>
from sklearn.pipeline import Pipeline
from sklearn.svm import SVC
from sklearn.decomposition import PCA
from sklearn.preprocessing import PolynomialFeatures
estimators = test_input
clf = Pipeline(estimators)
result = len(clf.named_steps)
result = len(clf.steps)
",dynamic,dynamic: ModuleNotFoundError,3-3
DS1000,hallucinated,DS0833,,,,"{""error_type"": ""ModuleNotFoundError"", ""error_message"": ""No module named 'sklearn'"", ""line_no"": ""3.0"", ""test_case"": """"}","
import pandas as pd
import numpy as np
from sklearn.pipeline import Pipeline
from sklearn.svm import SVC
from sklearn.decomposition import PCA
from sklearn.preprocessing import PolynomialFeatures
estimators = test_input
clf = Pipeline(estimators)
result = clf.named_steps
result = str(clf.named_steps)
","
import pandas as pd
<<<< [ERROR START] (dynamic: ModuleNotFoundError)
import numpy as np
[ERROR FINISH] (dynamic: ModuleNotFoundError) >>>>
from sklearn.pipeline import Pipeline
from sklearn.svm import SVC
from sklearn.decomposition import PCA
from sklearn.preprocessing import PolynomialFeatures
estimators = test_input
clf = Pipeline(estimators)
result = clf.named_steps
result = str(clf.named_steps)
",dynamic,dynamic: ModuleNotFoundError,3-3
DS1000,hallucinated,DS0834,,,,"{""error_type"": ""ModuleNotFoundError"", ""error_message"": ""No module named 'sklearn'"", ""line_no"": ""3.0"", ""test_case"": """"}","
import pandas as pd
import numpy as np
from sklearn.pipeline import Pipeline
from sklearn.svm import SVC
from sklearn.decomposition import PCA
from sklearn.preprocessing import PolynomialFeatures
estimators = test_input
clf = Pipeline(estimators)
result = len(clf.named_steps)
result = len(clf.steps)
","
import pandas as pd
<<<< [ERROR START] (dynamic: ModuleNotFoundError)
import numpy as np
[ERROR FINISH] (dynamic: ModuleNotFoundError) >>>>
from sklearn.pipeline import Pipeline
from sklearn.svm import SVC
from sklearn.decomposition import PCA
from sklearn.preprocessing import PolynomialFeatures
estimators = test_input
clf = Pipeline(estimators)
result = len(clf.named_steps)
result = len(clf.steps)
",dynamic,dynamic: ModuleNotFoundError,3-3
DS1000,hallucinated,DS0835,,,,"{""error_type"": ""ModuleNotFoundError"", ""error_message"": ""No module named 'sklearn'"", ""line_no"": ""3.0"", ""test_case"": """"}","
import pandas as pd
import numpy as np
from sklearn.pipeline import Pipeline
from sklearn.svm import SVC
from sklearn.decomposition import PCA
from sklearn.preprocessing import PolynomialFeatures
estimators = test_input
clf = Pipeline(estimators)
result = len(clf.named_steps)
result = len(clf.steps)
","
import pandas as pd
<<<< [ERROR START] (dynamic: ModuleNotFoundError)
import numpy as np
[ERROR FINISH] (dynamic: ModuleNotFoundError) >>>>
from sklearn.pipeline import Pipeline
from sklearn.svm import SVC
from sklearn.decomposition import PCA
from sklearn.preprocessing import PolynomialFeatures
estimators = test_input
clf = Pipeline(estimators)
result = len(clf.named_steps)
result = len(clf.steps)
",dynamic,dynamic: ModuleNotFoundError,3-3
DS1000,hallucinated,DS0836,,,,"{""error_type"": ""ModuleNotFoundError"", ""error_message"": ""No module named 'sklearn'"", ""line_no"": ""3.0"", ""test_case"": """"}","
import pandas as pd
import numpy as np
from sklearn.pipeline import Pipeline
from sklearn.svm import SVC
from sklearn.decomposition import PCA
from sklearn.preprocessing import PolynomialFeatures
estimators = test_input
clf = Pipeline(estimators)
result = clf.named_steps
result = str(clf.named_steps)
","
import pandas as pd
<<<< [ERROR START] (dynamic: ModuleNotFoundError)
import numpy as np
[ERROR FINISH] (dynamic: ModuleNotFoundError) >>>>
from sklearn.pipeline import Pipeline
from sklearn.svm import SVC
from sklearn.decomposition import PCA
from sklearn.preprocessing import PolynomialFeatures
estimators = test_input
clf = Pipeline(estimators)
result = clf.named_steps
result = str(clf.named_steps)
",dynamic,dynamic: ModuleNotFoundError,3-3
DS1000,hallucinated,DS0837,,,"[{'type': 'module_not_found', 'module': 'xgboost.sklearn', 'line': 4}]","{""error_type"": ""ModuleNotFoundError"", ""error_message"": ""No module named 'xgboost'"", ""line_no"": ""3.0"", ""test_case"": """"}","
import pandas as pd
import numpy as np
import xgboost.sklearn as xgb
from sklearn.model_selection import GridSearchCV
from sklearn.model_selection import TimeSeriesSplit
gridsearch, testX, testY, trainX, trainY = test_input
gridsearch.fit(trainX, trainY, eval_set=[(testX, testY)], eval_metric='mae', early_stopping_rounds=42)
b = gridsearch.score(trainX, trainY)
c = gridsearch.predict(trainX)
result = (b, c)
","
import pandas as pd
<<<< [ERROR START] (dynamic: ModuleNotFoundError)
import numpy as np
[ERROR FINISH] (dynamic: ModuleNotFoundError) >>>>
<<<< [ERROR START] (lib: module_not_found)
import xgboost.sklearn as xgb
[ERROR FINISH] (lib: module_not_found) >>>>
from sklearn.model_selection import GridSearchCV
from sklearn.model_selection import TimeSeriesSplit
gridsearch, testX, testY, trainX, trainY = test_input
gridsearch.fit(trainX, trainY, eval_set=[(testX, testY)], eval_metric='mae', early_stopping_rounds=42)
b = gridsearch.score(trainX, trainY)
c = gridsearch.predict(trainX)
result = (b, c)
","lib,dynamic","lib: module_not_found,dynamic: ModuleNotFoundError","4-4,3-3"
DS1000,hallucinated,DS0838,,,"[{'type': 'module_not_found', 'module': 'xgboost.sklearn', 'line': 4}]","{""error_type"": ""ModuleNotFoundError"", ""error_message"": ""No module named 'xgboost'"", ""line_no"": ""3.0"", ""test_case"": """"}","
import pandas as pd
import numpy as np
import xgboost.sklearn as xgb
from sklearn.model_selection import GridSearchCV
from sklearn.model_selection import TimeSeriesSplit
gridsearch, testX, testY, trainX, trainY = test_input
gridsearch.fit(trainX, trainY, eval_set=[(testX, testY)], eval_metric=""mae"", early_stopping_rounds=42)
b = gridsearch.score(trainX, trainY)
c = gridsearch.predict(trainX)
result = (b, c)
","
import pandas as pd
<<<< [ERROR START] (dynamic: ModuleNotFoundError)
import numpy as np
[ERROR FINISH] (dynamic: ModuleNotFoundError) >>>>
<<<< [ERROR START] (lib: module_not_found)
import xgboost.sklearn as xgb
[ERROR FINISH] (lib: module_not_found) >>>>
from sklearn.model_selection import GridSearchCV
from sklearn.model_selection import TimeSeriesSplit
gridsearch, testX, testY, trainX, trainY = test_input
gridsearch.fit(trainX, trainY, eval_set=[(testX, testY)], eval_metric=""mae"", early_stopping_rounds=42)
b = gridsearch.score(trainX, trainY)
c = gridsearch.predict(trainX)
result = (b, c)
","lib,dynamic","lib: module_not_found,dynamic: ModuleNotFoundError","4-4,3-3"
DS1000,hallucinated,DS0839,,,,"{""error_type"": ""ModuleNotFoundError"", ""error_message"": ""No module named 'sklearn'"", ""line_no"": ""3.0"", ""test_case"": """"}","
import pandas as pd
import numpy as np
from sklearn.linear_model import LogisticRegression
from sklearn.model_selection import StratifiedKFold
X, y = test_input
cv = StratifiedKFold(5).split(X, y)
logreg = LogisticRegression(random_state=42)
result = logreg.fit(X, y).predict_proba(X)[:, 1]
result = proba
","
import pandas as pd
<<<< [ERROR START] (dynamic: ModuleNotFoundError)
import numpy as np
[ERROR FINISH] (dynamic: ModuleNotFoundError) >>>>
from sklearn.linear_model import LogisticRegression
from sklearn.model_selection import StratifiedKFold
X, y = test_input
cv = StratifiedKFold(5).split(X, y)
logreg = LogisticRegression(random_state=42)
result = logreg.fit(X, y).predict_proba(X)[:, 1]
result = proba
",dynamic,dynamic: ModuleNotFoundError,3-3
DS1000,hallucinated,DS0840,,,,"{""error_type"": ""ModuleNotFoundError"", ""error_message"": ""No module named 'sklearn'"", ""line_no"": ""3.0"", ""test_case"": """"}","
import pandas as pd
import numpy as np
from sklearn.linear_model import LogisticRegression
from sklearn.model_selection import StratifiedKFold
X, y = test_input
cv = StratifiedKFold(5).split(X, y)
logreg = LogisticRegression(random_state=42)
result = logreg.fit(X, y).predict_proba(X)[:, 1]
result = proba
","
import pandas as pd
<<<< [ERROR START] (dynamic: ModuleNotFoundError)
import numpy as np
[ERROR FINISH] (dynamic: ModuleNotFoundError) >>>>
from sklearn.linear_model import LogisticRegression
from sklearn.model_selection import StratifiedKFold
X, y = test_input
cv = StratifiedKFold(5).split(X, y)
logreg = LogisticRegression(random_state=42)
result = logreg.fit(X, y).predict_proba(X)[:, 1]
result = proba
",dynamic,dynamic: ModuleNotFoundError,3-3
DS1000,hallucinated,DS0841,,,,"{""error_type"": ""ModuleNotFoundError"", ""error_message"": ""No module named 'sklearn'"", ""line_no"": ""3.0"", ""test_case"": """"}","
import pandas as pd
import numpy as np
from sklearn.preprocessing import StandardScaler
data = test_input
scaler = StandardScaler()
scaler.fit(data)
scaled = scaler.transform(data)
inversed = scaler.inverse_transform(scaled)
result = inversed
result = inversed
","
import pandas as pd
<<<< [ERROR START] (dynamic: ModuleNotFoundError)
import numpy as np
[ERROR FINISH] (dynamic: ModuleNotFoundError) >>>>
from sklearn.preprocessing import StandardScaler
data = test_input
scaler = StandardScaler()
scaler.fit(data)
scaled = scaler.transform(data)
inversed = scaler.inverse_transform(scaled)
result = inversed
result = inversed
",dynamic,dynamic: ModuleNotFoundError,3-3
DS1000,hallucinated,DS0842,"{""type"": ""IndentationError"", ""value"": 10, ""message"": ""expected an indented block after function definition on line 9 (<unknown>, line 10)""}",,,"{""error_type"": ""ModuleNotFoundError"", ""error_message"": ""No module named 'sklearn'"", ""line_no"": ""3.0"", ""test_case"": """"}","
import pandas as pd
import numpy as np
from sklearn.preprocessing import StandardScaler
data = test_input
scaler = StandardScaler()
scaler.fit(data)
scaled = scaler.transform(data)
def solve(data, scaler, scaled):
result = scaler.inverse_transform(scaled)
inversed = solve(data, scaler, scaled)
result = inversed
","
import pandas as pd
<<<< [ERROR START] (dynamic: ModuleNotFoundError)
import numpy as np
[ERROR FINISH] (dynamic: ModuleNotFoundError) >>>>
from sklearn.preprocessing import StandardScaler
data = test_input
scaler = StandardScaler()
scaler.fit(data)
scaled = scaler.transform(data)
def solve(data, scaler, scaled):
<<<< [ERROR START] (ast: IndentationError)
result = scaler.inverse_transform(scaled)
[ERROR FINISH] (ast: IndentationError) >>>>
inversed = solve(data, scaler, scaled)
result = inversed
","ast,dynamic","ast: IndentationError,dynamic: ModuleNotFoundError","10-10,3-3"
DS1000,hallucinated,DS0843,,,,"{""error_type"": ""ModuleNotFoundError"", ""error_message"": ""No module named 'sklearn'"", ""line_no"": ""3.0"", ""test_case"": """"}","
import pandas as pd
import numpy as np
from sklearn.linear_model import LinearRegression
model = test_input
result = [model.__class__.__name__ for model in models]
result = model_name
","
import pandas as pd
<<<< [ERROR START] (dynamic: ModuleNotFoundError)
import numpy as np
[ERROR FINISH] (dynamic: ModuleNotFoundError) >>>>
from sklearn.linear_model import LinearRegression
model = test_input
result = [model.__class__.__name__ for model in models]
result = model_name
",dynamic,dynamic: ModuleNotFoundError,3-3
DS1000,hallucinated,DS0844,,,,"{""error_type"": ""ModuleNotFoundError"", ""error_message"": ""No module named 'sklearn'"", ""line_no"": ""3.0"", ""test_case"": """"}","
import pandas as pd
import numpy as np
from sklearn.linear_model import LinearRegression
model = test_input
result = [model.__class__.__name__ for model in models]
result = model_name
","
import pandas as pd
<<<< [ERROR START] (dynamic: ModuleNotFoundError)
import numpy as np
[ERROR FINISH] (dynamic: ModuleNotFoundError) >>>>
from sklearn.linear_model import LinearRegression
model = test_input
result = [model.__class__.__name__ for model in models]
result = model_name
",dynamic,dynamic: ModuleNotFoundError,3-3
DS1000,hallucinated,DS0845,"{""type"": ""SyntaxError"", ""value"": 6, ""message"": ""invalid syntax (<unknown>, line 6)""}",,,"{""error_type"": ""ModuleNotFoundError"", ""error_message"": ""No module named 'sklearn'"", ""line_no"": ""3.0"", ""test_case"": """"}","
import pandas as pd
import numpy as np
from sklearn.svm import LinearSVC
model = test_input
result = pd.DataFrame({'Model': [model.__class__.__name__ for model in models], 'Mean Score': cross_val_score(model, X, y, cv=5).mean() for model in models})
result = model_name
","
import pandas as pd
<<<< [ERROR START] (dynamic: ModuleNotFoundError)
import numpy as np
[ERROR FINISH] (dynamic: ModuleNotFoundError) >>>>
from sklearn.svm import LinearSVC
model = test_input
<<<< [ERROR START] (ast: SyntaxError)
result = pd.DataFrame({'Model': [model.__class__.__name__ for model in models], 'Mean Score': cross_val_score(model, X, y, cv=5).mean() for model in models})
[ERROR FINISH] (ast: SyntaxError) >>>>
result = model_name
","ast,dynamic","ast: SyntaxError,dynamic: ModuleNotFoundError","6-6,3-3"
DS1000,hallucinated,DS0846,,,,"{""error_type"": ""ModuleNotFoundError"", ""error_message"": ""No module named 'sklearn'"", ""line_no"": ""5.0"", ""test_case"": """"}","
import pandas as pd
import numpy as np
from sklearn.feature_extraction.text import TfidfVectorizer
from sklearn.decomposition import NMF
from sklearn.pipeline import Pipeline
data = test_input
pipe = Pipeline([
    (""tf_idf"", TfidfVectorizer()),
    (""nmf"", NMF())
])
tf_idf_out = pipe.named_steps[""tf_idf""].transform(data.test)
result = tf_idf_out
","
import pandas as pd
import numpy as np
from sklearn.feature_extraction.text import TfidfVectorizer
<<<< [ERROR START] (dynamic: ModuleNotFoundError)
from sklearn.decomposition import NMF
[ERROR FINISH] (dynamic: ModuleNotFoundError) >>>>
from sklearn.pipeline import Pipeline
data = test_input
pipe = Pipeline([
    (""tf_idf"", TfidfVectorizer()),
    (""nmf"", NMF())
])
tf_idf_out = pipe.named_steps[""tf_idf""].transform(data.test)
result = tf_idf_out
",dynamic,dynamic: ModuleNotFoundError,5-5
DS1000,hallucinated,DS0847,,,,"{""error_type"": ""ModuleNotFoundError"", ""error_message"": ""No module named 'sklearn'"", ""line_no"": ""5.0"", ""test_case"": """"}","
import pandas as pd
import numpy as np
from sklearn.feature_extraction.text import TfidfVectorizer
from sklearn.decomposition import NMF
from sklearn.pipeline import Pipeline
data = test_input
pipe = Pipeline([
    (""tf_idf"", TfidfVectorizer()),
    (""nmf"", NMF())
])
result = pipe.named_steps['tf_idf'].transform(data.test)
result = tf_idf_out
","
import pandas as pd
import numpy as np
from sklearn.feature_extraction.text import TfidfVectorizer
<<<< [ERROR START] (dynamic: ModuleNotFoundError)
from sklearn.decomposition import NMF
[ERROR FINISH] (dynamic: ModuleNotFoundError) >>>>
from sklearn.pipeline import Pipeline
data = test_input
pipe = Pipeline([
    (""tf_idf"", TfidfVectorizer()),
    (""nmf"", NMF())
])
result = pipe.named_steps['tf_idf'].transform(data.test)
result = tf_idf_out
",dynamic,dynamic: ModuleNotFoundError,5-5
DS1000,hallucinated,DS0848,,,,"{""error_type"": ""ModuleNotFoundError"", ""error_message"": ""No module named 'sklearn'"", ""line_no"": ""4.0"", ""test_case"": """"}","
import pandas as pd
import numpy as np
from sklearn.feature_selection import SelectKBest
from sklearn.linear_model import LogisticRegression
from sklearn.pipeline import Pipeline
data, target = test_input
pipe = Pipeline(steps=[
    ('select', SelectKBest(k=2)),
    ('clf', LogisticRegression())]
)
result = pipe.named_steps['select'].transform(data)
result = select_out
","
import pandas as pd
import numpy as np
<<<< [ERROR START] (dynamic: ModuleNotFoundError)
from sklearn.feature_selection import SelectKBest
[ERROR FINISH] (dynamic: ModuleNotFoundError) >>>>
from sklearn.linear_model import LogisticRegression
from sklearn.pipeline import Pipeline
data, target = test_input
pipe = Pipeline(steps=[
    ('select', SelectKBest(k=2)),
    ('clf', LogisticRegression())]
)
result = pipe.named_steps['select'].transform(data)
result = select_out
",dynamic,dynamic: ModuleNotFoundError,4-4
DS1000,hallucinated,DS0849,,,,"{""error_type"": ""ModuleNotFoundError"", ""error_message"": ""No module named 'sklearn'"", ""line_no"": ""3.0"", ""test_case"": """"}","
import pandas as pd
import numpy as np
from sklearn.ensemble import BaggingClassifier
from sklearn.model_selection import GridSearchCV
from sklearn.tree import DecisionTreeClassifier
X_train, y_train = test_input
X_test = X_train
param_grid = {
    'estimator__max_depth': [1, 2, 3, 4, 5],
    'max_samples': [0.05, 0.1, 0.2, 0.5]
}
dt = DecisionTreeClassifier(max_depth=1, random_state=42)
bc = BaggingClassifier(dt, n_estimators=20, max_samples=0.5, max_features=0.5, random_state=42)
grid_search = GridSearchCV(bc, param_grid, cv=5, scoring='accuracy')
grid_search.fit(X_train, y_train)
clf = grid_search.best_estimator_
proba = clf.predict_proba(X_test)
result = proba
","
import pandas as pd
<<<< [ERROR START] (dynamic: ModuleNotFoundError)
import numpy as np
[ERROR FINISH] (dynamic: ModuleNotFoundError) >>>>
from sklearn.ensemble import BaggingClassifier
from sklearn.model_selection import GridSearchCV
from sklearn.tree import DecisionTreeClassifier
X_train, y_train = test_input
X_test = X_train
param_grid = {
    'estimator__max_depth': [1, 2, 3, 4, 5],
    'max_samples': [0.05, 0.1, 0.2, 0.5]
}
dt = DecisionTreeClassifier(max_depth=1, random_state=42)
bc = BaggingClassifier(dt, n_estimators=20, max_samples=0.5, max_features=0.5, random_state=42)
grid_search = GridSearchCV(bc, param_grid, cv=5, scoring='accuracy')
grid_search.fit(X_train, y_train)
clf = grid_search.best_estimator_
proba = clf.predict_proba(X_test)
result = proba
",dynamic,dynamic: ModuleNotFoundError,3-3
DS1000,hallucinated,DS0850,,,,"{""error_type"": ""ModuleNotFoundError"", ""error_message"": ""No module named 'sklearn'"", ""line_no"": ""3.0"", ""test_case"": """"}","
import pandas as pd
import numpy as np
from sklearn.ensemble import RandomForestRegressor
X, y, X_test = test_input
result = regressor.predict(X_test)
predict = regressor.predict(X_test)
result = predict
","
import pandas as pd
<<<< [ERROR START] (dynamic: ModuleNotFoundError)
import numpy as np
[ERROR FINISH] (dynamic: ModuleNotFoundError) >>>>
from sklearn.ensemble import RandomForestRegressor
X, y, X_test = test_input
result = regressor.predict(X_test)
predict = regressor.predict(X_test)
result = predict
",dynamic,dynamic: ModuleNotFoundError,3-3
DS1000,hallucinated,DS0851,,,,"{""error_type"": ""ModuleNotFoundError"", ""error_message"": ""No module named 'sklearn'"", ""line_no"": ""3.0"", ""test_case"": """"}","
import pandas as pd
import numpy as np
from sklearn.ensemble import RandomForestRegressor
X, y, X_test = test_input
result = regressor.predict(X_test)
predict = regressor.predict(X_test)
result = predict
","
import pandas as pd
<<<< [ERROR START] (dynamic: ModuleNotFoundError)
import numpy as np
[ERROR FINISH] (dynamic: ModuleNotFoundError) >>>>
from sklearn.ensemble import RandomForestRegressor
X, y, X_test = test_input
result = regressor.predict(X_test)
predict = regressor.predict(X_test)
result = predict
",dynamic,dynamic: ModuleNotFoundError,3-3
DS1000,hallucinated,DS0852,,,,"{""error_type"": ""ModuleNotFoundError"", ""error_message"": ""No module named 'sklearn'"", ""line_no"": ""1.0"", ""test_case"": ""[[\""None\"", \""None\"", \""<Execution Error: No module named 'sklearn'>\""], [\""None\"", \""None\"", \""<Execution Error: No module named 'sklearn'>\""], [\""None\"", \""None\"", \""<Execution Error: No module named 'sklearn'>\""], [\""None\"", \""None\"", \""<Execution Error: No module named 'sklearn'>\""], [\""None\"", \""None\"", \""<Execution Error: No module named 'sklearn'>\""], [\""None\"", \""None\"", \""<Execution Error: No module named 'sklearn'>\""], [\""None\"", \""None\"", \""<Execution Error: No module named 'sklearn'>\""], [\""None\"", \""None\"", \""<Execution Error: No module named 'sklearn'>\""], [\""None\"", \""None\"", \""<Execution Error: No module named 'sklearn'>\""]]""}","
import pandas as pd
import numpy as np
from sklearn.feature_extraction.text import TfidfVectorizer
result = TfidfVectorizer(preprocessor=preprocess).fit_transform([""asdfASDFASDFWEQRqwerASDFAqwerASDFASDF""])
result = None
assert preprocess(""asdfASDFASDFWEQRqwerASDFAqwerASDFASDF"") == ""ASDFASDFASDFWEQRQWERASDFAQWERASDFASDF""
assert preprocess == tfidf.preprocessor
","<<<< [ERROR START] (dynamic: ModuleNotFoundError)

[ERROR FINISH] (dynamic: ModuleNotFoundError) >>>>
import pandas as pd
import numpy as np
from sklearn.feature_extraction.text import TfidfVectorizer
result = TfidfVectorizer(preprocessor=preprocess).fit_transform([""asdfASDFASDFWEQRqwerASDFAqwerASDFASDF""])
result = None
assert preprocess(""asdfASDFASDFWEQRqwerASDFAqwerASDFASDF"") == ""ASDFASDFASDFWEQRQWERASDFAQWERASDFASDF""
assert preprocess == tfidf.preprocessor
",dynamic,dynamic: ModuleNotFoundError,1-1
DS1000,hallucinated,DS0853,,,,"{""error_type"": ""ModuleNotFoundError"", ""error_message"": ""No module named 'sklearn'"", ""line_no"": ""1.0"", ""test_case"": ""[[\""None\"", \""None\"", \""<Execution Error: No module named 'sklearn'>\""], [\""None\"", \""None\"", \""<Execution Error: No module named 'sklearn'>\""], [\""None\"", \""None\"", \""<Execution Error: No module named 'sklearn'>\""], [\""None\"", \""None\"", \""<Execution Error: No module named 'sklearn'>\""], [\""None\"", \""None\"", \""<Execution Error: No module named 'sklearn'>\""], [\""None\"", \""None\"", \""<Execution Error: No module named 'sklearn'>\""], [\""None\"", \""None\"", \""<Execution Error: No module named 'sklearn'>\""], [\""None\"", \""None\"", \""<Execution Error: No module named 'sklearn'>\""], [\""None\"", \""None\"", \""<Execution Error: No module named 'sklearn'>\""]]""}","
import pandas as pd
import numpy as np
from sklearn.feature_extraction.text import TfidfVectorizer
result = TfidfVectorizer(preprocessor=lambda x: x.lower()).fit_transform([""asdfASDFASDFWEQRqwerASDFAqwerASDFASDF""])
result = None
assert prePro(""asdfASDFASDFWEQRqwerASDFAqwerASDFASDF"") == ""asdfasdfasdfweqrqwerasdfaqwerasdfasdf""
assert prePro == tfidf.preprocessor
","<<<< [ERROR START] (dynamic: ModuleNotFoundError)

[ERROR FINISH] (dynamic: ModuleNotFoundError) >>>>
import pandas as pd
import numpy as np
from sklearn.feature_extraction.text import TfidfVectorizer
result = TfidfVectorizer(preprocessor=lambda x: x.lower()).fit_transform([""asdfASDFASDFWEQRqwerASDFAqwerASDFASDF""])
result = None
assert prePro(""asdfASDFASDFWEQRqwerASDFAqwerASDFASDF"") == ""asdfasdfasdfweqrqwerasdfaqwerasdfasdf""
assert prePro == tfidf.preprocessor
",dynamic,dynamic: ModuleNotFoundError,1-1
DS1000,hallucinated,DS0854,,,,"{""error_type"": ""ModuleNotFoundError"", ""error_message"": ""No module named 'sklearn'"", ""line_no"": ""4.0"", ""test_case"": """"}","
import pandas as pd
import numpy as np
from sklearn import preprocessing
data = test_input
df_out = pd.DataFrame(preprocessing.scale(data.values), index=data.index, columns=data.columns)
result = df_out
","
import pandas as pd
import numpy as np
<<<< [ERROR START] (dynamic: ModuleNotFoundError)
from sklearn import preprocessing
[ERROR FINISH] (dynamic: ModuleNotFoundError) >>>>
data = test_input
df_out = pd.DataFrame(preprocessing.scale(data.values), index=data.index, columns=data.columns)
result = df_out
",dynamic,dynamic: ModuleNotFoundError,4-4
DS1000,hallucinated,DS0855,,,,"{""error_type"": ""ModuleNotFoundError"", ""error_message"": ""No module named 'sklearn'"", ""line_no"": ""4.0"", ""test_case"": """"}","
import pandas as pd
import numpy as np
from sklearn import preprocessing
data = test_input
from sklearn.preprocessing import StandardScaler

scaler = StandardScaler()
df_out = scaler.fit_transform(data)
result = df_out
","
import pandas as pd
import numpy as np
<<<< [ERROR START] (dynamic: ModuleNotFoundError)
from sklearn import preprocessing
[ERROR FINISH] (dynamic: ModuleNotFoundError) >>>>
data = test_input
from sklearn.preprocessing import StandardScaler

scaler = StandardScaler()
df_out = scaler.fit_transform(data)
result = df_out
",dynamic,dynamic: ModuleNotFoundError,4-4
DS1000,hallucinated,DS0856,,,,"{""error_type"": ""ModuleNotFoundError"", ""error_message"": ""No module named 'sklearn'"", ""line_no"": ""3.0"", ""test_case"": """"}","
import pandas as pd
import numpy as np
from sklearn.linear_model import SGDClassifier
from sklearn.model_selection import GridSearchCV
from sklearn.pipeline import Pipeline
from sklearn.preprocessing import StandardScaler
pipe = Pipeline([
    (""scale"", StandardScaler()),
    (""model"", SGDClassifier(random_state=42))
])
grid = GridSearchCV(pipe, param_grid={""model__alpha"": [1e-3, 1e-2, 1e-1, 1]}, cv=5)
X, y = test_input
result = grid.best_estimator_.named_steps['model'].coef_
result = coef
","
import pandas as pd
<<<< [ERROR START] (dynamic: ModuleNotFoundError)
import numpy as np
[ERROR FINISH] (dynamic: ModuleNotFoundError) >>>>
from sklearn.linear_model import SGDClassifier
from sklearn.model_selection import GridSearchCV
from sklearn.pipeline import Pipeline
from sklearn.preprocessing import StandardScaler
pipe = Pipeline([
    (""scale"", StandardScaler()),
    (""model"", SGDClassifier(random_state=42))
])
grid = GridSearchCV(pipe, param_grid={""model__alpha"": [1e-3, 1e-2, 1e-1, 1]}, cv=5)
X, y = test_input
result = grid.best_estimator_.named_steps['model'].coef_
result = coef
",dynamic,dynamic: ModuleNotFoundError,3-3
DS1000,hallucinated,DS0857,,,,"{""error_type"": ""ModuleNotFoundError"", ""error_message"": ""No module named 'sklearn'"", ""line_no"": ""3.0"", ""test_case"": """"}","
import pandas as pd
import numpy as np
from sklearn.linear_model import RidgeClassifier
from sklearn.model_selection import GridSearchCV
from sklearn.pipeline import Pipeline
from sklearn.preprocessing import StandardScaler
X, y = test_input
pipe = Pipeline([
    (""scale"", StandardScaler()),
    (""model"", RidgeClassifier(random_state=24))
])
grid = GridSearchCV(pipe, param_grid={""model__alpha"": [2e-4, 3e-3, 4e-2, 5e-1]}, cv=7)
result = grid.best_estimator_.named_steps['model'].coef_
result = coef
","
import pandas as pd
<<<< [ERROR START] (dynamic: ModuleNotFoundError)
import numpy as np
[ERROR FINISH] (dynamic: ModuleNotFoundError) >>>>
from sklearn.linear_model import RidgeClassifier
from sklearn.model_selection import GridSearchCV
from sklearn.pipeline import Pipeline
from sklearn.preprocessing import StandardScaler
X, y = test_input
pipe = Pipeline([
    (""scale"", StandardScaler()),
    (""model"", RidgeClassifier(random_state=24))
])
grid = GridSearchCV(pipe, param_grid={""model__alpha"": [2e-4, 3e-3, 4e-2, 5e-1]}, cv=7)
result = grid.best_estimator_.named_steps['model'].coef_
result = coef
",dynamic,dynamic: ModuleNotFoundError,3-3
DS1000,hallucinated,DS0858,,,,"{""error_type"": ""ModuleNotFoundError"", ""error_message"": ""No module named 'sklearn'"", ""line_no"": ""5.0"", ""test_case"": """"}","
import pandas as pd
import numpy as np
from sklearn.ensemble import ExtraTreesClassifier
from sklearn.feature_selection import SelectFromModel
X, y = test_input
clf = ExtraTreesClassifier(random_state=42)
clf = clf.fit(X, y)
result = X.columns[model.get_support()]
result = column_names
","
import pandas as pd
import numpy as np
from sklearn.ensemble import ExtraTreesClassifier
<<<< [ERROR START] (dynamic: ModuleNotFoundError)
from sklearn.feature_selection import SelectFromModel
[ERROR FINISH] (dynamic: ModuleNotFoundError) >>>>
X, y = test_input
clf = ExtraTreesClassifier(random_state=42)
clf = clf.fit(X, y)
result = X.columns[model.get_support()]
result = column_names
",dynamic,dynamic: ModuleNotFoundError,5-5
DS1000,hallucinated,DS0859,,,,"{""error_type"": ""ModuleNotFoundError"", ""error_message"": ""No module named 'sklearn'"", ""line_no"": ""5.0"", ""test_case"": """"}","
import pandas as pd
import numpy as np
from sklearn.ensemble import ExtraTreesClassifier
from sklearn.feature_selection import SelectFromModel
X, y = test_input
clf = ExtraTreesClassifier(random_state=42)
clf = clf.fit(X, y)
result = X.columns[model.get_support()]
result = column_names
","
import pandas as pd
import numpy as np
from sklearn.ensemble import ExtraTreesClassifier
<<<< [ERROR START] (dynamic: ModuleNotFoundError)
from sklearn.feature_selection import SelectFromModel
[ERROR FINISH] (dynamic: ModuleNotFoundError) >>>>
X, y = test_input
clf = ExtraTreesClassifier(random_state=42)
clf = clf.fit(X, y)
result = X.columns[model.get_support()]
result = column_names
",dynamic,dynamic: ModuleNotFoundError,5-5
DS1000,hallucinated,DS0860,,,,"{""error_type"": ""ModuleNotFoundError"", ""error_message"": ""No module named 'sklearn'"", ""line_no"": ""5.0"", ""test_case"": """"}","
import pandas as pd
import numpy as np
from sklearn.ensemble import ExtraTreesClassifier
from sklearn.feature_selection import SelectFromModel
X, y = test_input
clf = ExtraTreesClassifier(random_state=42)
clf = clf.fit(X, y)
result = X.columns[model.get_support()]
result = column_names
","
import pandas as pd
import numpy as np
from sklearn.ensemble import ExtraTreesClassifier
<<<< [ERROR START] (dynamic: ModuleNotFoundError)
from sklearn.feature_selection import SelectFromModel
[ERROR FINISH] (dynamic: ModuleNotFoundError) >>>>
X, y = test_input
clf = ExtraTreesClassifier(random_state=42)
clf = clf.fit(X, y)
result = X.columns[model.get_support()]
result = column_names
",dynamic,dynamic: ModuleNotFoundError,5-5
DS1000,hallucinated,DS0861,,,,"{""error_type"": ""ModuleNotFoundError"", ""error_message"": ""No module named 'sklearn'"", ""line_no"": ""5.0"", ""test_case"": """"}","
import pandas as pd
import numpy as np
from sklearn.ensemble import ExtraTreesClassifier
from sklearn.feature_selection import SelectFromModel
X, y = test_input
clf = ExtraTreesClassifier(random_state=42)
clf = clf.fit(X, y)
result = X_new.columns.tolist()
result = column_names
","
import pandas as pd
import numpy as np
from sklearn.ensemble import ExtraTreesClassifier
<<<< [ERROR START] (dynamic: ModuleNotFoundError)
from sklearn.feature_selection import SelectFromModel
[ERROR FINISH] (dynamic: ModuleNotFoundError) >>>>
X, y = test_input
clf = ExtraTreesClassifier(random_state=42)
clf = clf.fit(X, y)
result = X_new.columns.tolist()
result = column_names
",dynamic,dynamic: ModuleNotFoundError,5-5
DS1000,hallucinated,DS0862,,,,"{""error_type"": ""ModuleNotFoundError"", ""error_message"": ""No module named 'sklearn'"", ""line_no"": ""3.0"", ""test_case"": """"}","
import pandas as pd
import numpy as np
from sklearn.cluster import KMeans
p, X = test_input
km = KMeans(n_clusters=8, random_state=42)
result = X[np.argsort(km.transform(X))[p][:50]]
result = closest_50_samples
","
import pandas as pd
<<<< [ERROR START] (dynamic: ModuleNotFoundError)
import numpy as np
[ERROR FINISH] (dynamic: ModuleNotFoundError) >>>>
from sklearn.cluster import KMeans
p, X = test_input
km = KMeans(n_clusters=8, random_state=42)
result = X[np.argsort(km.transform(X))[p][:50]]
result = closest_50_samples
",dynamic,dynamic: ModuleNotFoundError,3-3
DS1000,hallucinated,DS0863,,,,"{""error_type"": ""ModuleNotFoundError"", ""error_message"": ""No module named 'sklearn'"", ""line_no"": ""3.0"", ""test_case"": """"}","
import pandas as pd
import numpy as np
from sklearn.cluster import KMeans
p, X = test_input
km = KMeans(n_clusters=8, random_state=42)
closest_50_samples = X[np.argsort(km.transform(X))[p][:50]]
result = closest_50_samples
","
import pandas as pd
<<<< [ERROR START] (dynamic: ModuleNotFoundError)
import numpy as np
[ERROR FINISH] (dynamic: ModuleNotFoundError) >>>>
from sklearn.cluster import KMeans
p, X = test_input
km = KMeans(n_clusters=8, random_state=42)
closest_50_samples = X[np.argsort(km.transform(X))[p][:50]]
result = closest_50_samples
",dynamic,dynamic: ModuleNotFoundError,3-3
DS1000,hallucinated,DS0864,,,,"{""error_type"": ""ModuleNotFoundError"", ""error_message"": ""No module named 'sklearn'"", ""line_no"": ""3.0"", ""test_case"": """"}","
import pandas as pd
import numpy as np
from sklearn.cluster import KMeans
p, X = test_input
km = KMeans(n_clusters=8, random_state=42)
result = X[np.argsort(km.transform(X))[:, -100:]]
result = closest_100_samples
","
import pandas as pd
<<<< [ERROR START] (dynamic: ModuleNotFoundError)
import numpy as np
[ERROR FINISH] (dynamic: ModuleNotFoundError) >>>>
from sklearn.cluster import KMeans
p, X = test_input
km = KMeans(n_clusters=8, random_state=42)
result = X[np.argsort(km.transform(X))[:, -100:]]
result = closest_100_samples
",dynamic,dynamic: ModuleNotFoundError,3-3
DS1000,hallucinated,DS0865,"{""type"": ""IndentationError"", ""value"": 8, ""message"": ""expected an indented block after function definition on line 7 (<unknown>, line 8)""}",,,"{""error_type"": ""ModuleNotFoundError"", ""error_message"": ""No module named 'sklearn'"", ""line_no"": ""3.0"", ""test_case"": """"}","
import pandas as pd
import numpy as np
from sklearn.cluster import KMeans
p, X = test_input
km = KMeans(n_clusters=8, random_state=42)
def get_samples(p, X, km):
closest_50_samples = X[np.argsort(km.transform(X))[:, -1].argsort()[:50]]
closest_50_samples = get_samples(p, X, km)
result = closest_50_samples
","
import pandas as pd
<<<< [ERROR START] (dynamic: ModuleNotFoundError)
import numpy as np
[ERROR FINISH] (dynamic: ModuleNotFoundError) >>>>
from sklearn.cluster import KMeans
p, X = test_input
km = KMeans(n_clusters=8, random_state=42)
def get_samples(p, X, km):
<<<< [ERROR START] (ast: IndentationError)
closest_50_samples = X[np.argsort(km.transform(X))[:, -1].argsort()[:50]]
[ERROR FINISH] (ast: IndentationError) >>>>
closest_50_samples = get_samples(p, X, km)
result = closest_50_samples
","ast,dynamic","ast: IndentationError,dynamic: ModuleNotFoundError","8-8,3-3"
DS1000,hallucinated,DS0866,,,,"{""error_type"": ""ModuleNotFoundError"", ""error_message"": ""No module named 'sklearn'"", ""line_no"": ""5.0"", ""test_case"": """"}","
import pandas as pd
import numpy as np
from sklearn import datasets
from sklearn.ensemble import GradientBoostingClassifier
X_train, y_train = test_input
X_train[0] = ['a'] * 40 + ['b'] * 40
X_train = pd.get_dummies(X_train, columns=[0])
clf = GradientBoostingClassifier(learning_rate=0.01, max_depth=8, n_estimators=50).fit(X_train, y_train)
result = X_train
","
import pandas as pd
import numpy as np
from sklearn import datasets
<<<< [ERROR START] (dynamic: ModuleNotFoundError)
from sklearn.ensemble import GradientBoostingClassifier
[ERROR FINISH] (dynamic: ModuleNotFoundError) >>>>
X_train, y_train = test_input
X_train[0] = ['a'] * 40 + ['b'] * 40
X_train = pd.get_dummies(X_train, columns=[0])
clf = GradientBoostingClassifier(learning_rate=0.01, max_depth=8, n_estimators=50).fit(X_train, y_train)
result = X_train
",dynamic,dynamic: ModuleNotFoundError,5-5
DS1000,hallucinated,DS0867,,,,"{""error_type"": ""ModuleNotFoundError"", ""error_message"": ""No module named 'sklearn'"", ""line_no"": ""5.0"", ""test_case"": """"}","
import pandas as pd
import numpy as np
from sklearn import datasets
from sklearn.ensemble import GradientBoostingClassifier
X_train, y_train = test_input
X_train[0] = ['a'] * 40 + ['b'] * 40
X_train = pd.get_dummies(X_train)
clf = GradientBoostingClassifier(learning_rate=0.01, max_depth=8, n_estimators=50).fit(X_train, y_train)
result = X_train
","
import pandas as pd
import numpy as np
from sklearn import datasets
<<<< [ERROR START] (dynamic: ModuleNotFoundError)
from sklearn.ensemble import GradientBoostingClassifier
[ERROR FINISH] (dynamic: ModuleNotFoundError) >>>>
X_train, y_train = test_input
X_train[0] = ['a'] * 40 + ['b'] * 40
X_train = pd.get_dummies(X_train)
clf = GradientBoostingClassifier(learning_rate=0.01, max_depth=8, n_estimators=50).fit(X_train, y_train)
result = X_train
",dynamic,dynamic: ModuleNotFoundError,5-5
DS1000,hallucinated,DS0868,,,,"{""error_type"": ""ModuleNotFoundError"", ""error_message"": ""No module named 'sklearn'"", ""line_no"": ""3.0"", ""test_case"": """"}","
import pandas as pd
import numpy as np
import sklearn
X, y = test_input
from sklearn.svm import SVR

result = SVR(kernel='rbf').fit(X, y).predict(X)
result = predict
","
import pandas as pd
<<<< [ERROR START] (dynamic: ModuleNotFoundError)
import numpy as np
[ERROR FINISH] (dynamic: ModuleNotFoundError) >>>>
import sklearn
X, y = test_input
from sklearn.svm import SVR

result = SVR(kernel='rbf').fit(X, y).predict(X)
result = predict
",dynamic,dynamic: ModuleNotFoundError,3-3
DS1000,hallucinated,DS0869,,,,"{""error_type"": ""ModuleNotFoundError"", ""error_message"": ""No module named 'sklearn'"", ""line_no"": ""3.0"", ""test_case"": """"}","
import pandas as pd
import numpy as np
import sklearn
X, y = test_input
from sklearn.svm import SVR

result = SVR(kernel='rbf').fit(X, y).predict(X)
result = predict
","
import pandas as pd
<<<< [ERROR START] (dynamic: ModuleNotFoundError)
import numpy as np
[ERROR FINISH] (dynamic: ModuleNotFoundError) >>>>
import sklearn
X, y = test_input
from sklearn.svm import SVR

result = SVR(kernel='rbf').fit(X, y).predict(X)
result = predict
",dynamic,dynamic: ModuleNotFoundError,3-3
DS1000,hallucinated,DS0870,,,,"{""error_type"": ""ModuleNotFoundError"", ""error_message"": ""No module named 'sklearn'"", ""line_no"": ""3.0"", ""test_case"": """"}","
import pandas as pd
import numpy as np
import sklearn
X, y = test_input
from sklearn.svm import SVR

result = SVR(kernel='poly', degree=2).fit(X, y).predict(X)
result = predict
","
import pandas as pd
<<<< [ERROR START] (dynamic: ModuleNotFoundError)
import numpy as np
[ERROR FINISH] (dynamic: ModuleNotFoundError) >>>>
import sklearn
X, y = test_input
from sklearn.svm import SVR

result = SVR(kernel='poly', degree=2).fit(X, y).predict(X)
result = predict
",dynamic,dynamic: ModuleNotFoundError,3-3
DS1000,hallucinated,DS0871,,,,"{""error_type"": ""ModuleNotFoundError"", ""error_message"": ""No module named 'sklearn'"", ""line_no"": ""3.0"", ""test_case"": """"}","
import pandas as pd
import numpy as np
import sklearn
X, y = test_input
from sklearn.svm import SVR

result = SVR(kernel='poly', degree=2).fit(X, y).predict(X)
result = predict
","
import pandas as pd
<<<< [ERROR START] (dynamic: ModuleNotFoundError)
import numpy as np
[ERROR FINISH] (dynamic: ModuleNotFoundError) >>>>
import sklearn
X, y = test_input
from sklearn.svm import SVR

result = SVR(kernel='poly', degree=2).fit(X, y).predict(X)
result = predict
",dynamic,dynamic: ModuleNotFoundError,3-3
DS1000,hallucinated,DS0872,,,,"{""error_type"": ""ModuleNotFoundError"", ""error_message"": ""No module named 'scipy'"", ""line_no"": ""3.0"", ""test_case"": """"}","
import pandas as pd
import numpy as np
from sklearn.feature_extraction.text import TfidfVectorizer
queries, documents = test_input
tfidf = TfidfVectorizer()
tfidf.fit_transform(documents)
result = tfidf.transform(queries).dot(tfidf.transform(documents).T).toarray()
result = cosine_similarities_of_queries
","
import pandas as pd
<<<< [ERROR START] (dynamic: ModuleNotFoundError)
import numpy as np
[ERROR FINISH] (dynamic: ModuleNotFoundError) >>>>
from sklearn.feature_extraction.text import TfidfVectorizer
queries, documents = test_input
tfidf = TfidfVectorizer()
tfidf.fit_transform(documents)
result = tfidf.transform(queries).dot(tfidf.transform(documents).T).toarray()
result = cosine_similarities_of_queries
",dynamic,dynamic: ModuleNotFoundError,3-3
DS1000,hallucinated,DS0873,,,,"{""error_type"": ""ModuleNotFoundError"", ""error_message"": ""No module named 'scipy'"", ""line_no"": ""3.0"", ""test_case"": """"}","
import pandas as pd
import numpy as np
from sklearn.feature_extraction.text import TfidfVectorizer
queries, documents = test_input
tfidf = TfidfVectorizer()
tfidf.fit_transform(documents)
result = tfidf.transform(queries).dot(tfidf.transform(documents).T).toarray()
result = cosine_similarities_of_queries
","
import pandas as pd
<<<< [ERROR START] (dynamic: ModuleNotFoundError)
import numpy as np
[ERROR FINISH] (dynamic: ModuleNotFoundError) >>>>
from sklearn.feature_extraction.text import TfidfVectorizer
queries, documents = test_input
tfidf = TfidfVectorizer()
tfidf.fit_transform(documents)
result = tfidf.transform(queries).dot(tfidf.transform(documents).T).toarray()
result = cosine_similarities_of_queries
",dynamic,dynamic: ModuleNotFoundError,3-3
DS1000,hallucinated,DS0874,,"[{'type': 'missing_return', 'function': 'solve', 'start_line': 6, 'end_line': 8}]",,"{""error_type"": ""ModuleNotFoundError"", ""error_message"": ""No module named 'scipy'"", ""line_no"": ""3.0"", ""test_case"": """"}","
import pandas as pd
import numpy as np
from sklearn.feature_extraction.text import TfidfVectorizer
queries, documents = test_input
def solve(queries, documents):
    tfidf = TfidfVectorizer()
    tfidf.fit_transform(documents)
cosine_similarities_of_queries = cosine_similarity(tfidf.transform(queries), tfidf.transform(documents))
cosine_similarities_of_queries = solve(queries, documents)
result = cosine_similarities_of_queries
","
import pandas as pd
<<<< [ERROR START] (dynamic: ModuleNotFoundError)
import numpy as np
[ERROR FINISH] (dynamic: ModuleNotFoundError) >>>>
from sklearn.feature_extraction.text import TfidfVectorizer
queries, documents = test_input
def solve(queries, documents):
    tfidf = TfidfVectorizer()
    tfidf.fit_transform(documents)
cosine_similarities_of_queries = cosine_similarity(tfidf.transform(queries), tfidf.transform(documents))
cosine_similarities_of_queries = solve(queries, documents)
result = cosine_similarities_of_queries
",dynamic,dynamic: ModuleNotFoundError,3-3
DS1000,hallucinated,DS0875,,,,"{""error_type"": ""ModuleNotFoundError"", ""error_message"": ""No module named 'sklearn'"", ""line_no"": ""3.0"", ""test_case"": """"}","
import pandas as pd
import numpy as np
import sklearn
features = test_input
from sklearn.preprocessing import OneHotEncoder

# Initialize the OneHotEncoder
encoder = OneHotEncoder(sparse=False)

# Fit and transform the features
new_features = encoder.fit_transform(features)
result = new_features
","
import pandas as pd
<<<< [ERROR START] (dynamic: ModuleNotFoundError)
import numpy as np
[ERROR FINISH] (dynamic: ModuleNotFoundError) >>>>
import sklearn
features = test_input
from sklearn.preprocessing import OneHotEncoder

# Initialize the OneHotEncoder
encoder = OneHotEncoder(sparse=False)

# Fit and transform the features
new_features = encoder.fit_transform(features)
result = new_features
",dynamic,dynamic: ModuleNotFoundError,3-3
DS1000,hallucinated,DS0876,,,,"{""error_type"": ""ModuleNotFoundError"", ""error_message"": ""No module named 'sklearn'"", ""line_no"": ""3.0"", ""test_case"": """"}","
import pandas as pd
import numpy as np
import sklearn
f = test_input
from sklearn.preprocessing import OneHotEncoder

# Assuming f is your list of lists
encoder = OneHotEncoder(sparse=False)
result = encoder.fit_transform(f)
result = new_f
","
import pandas as pd
<<<< [ERROR START] (dynamic: ModuleNotFoundError)
import numpy as np
[ERROR FINISH] (dynamic: ModuleNotFoundError) >>>>
import sklearn
f = test_input
from sklearn.preprocessing import OneHotEncoder

# Assuming f is your list of lists
encoder = OneHotEncoder(sparse=False)
result = encoder.fit_transform(f)
result = new_f
",dynamic,dynamic: ModuleNotFoundError,3-3
DS1000,hallucinated,DS0877,,,,"{""error_type"": ""ModuleNotFoundError"", ""error_message"": ""No module named 'sklearn'"", ""line_no"": ""3.0"", ""test_case"": """"}","
import pandas as pd
import numpy as np
import sklearn
features = test_input
from sklearn.preprocessing import OneHotEncoder

# Initialize the OneHotEncoder
encoder = OneHotEncoder(sparse=False)

# Fit and transform the features
new_features = encoder.fit_transform(features)
result = new_features
","
import pandas as pd
<<<< [ERROR START] (dynamic: ModuleNotFoundError)
import numpy as np
[ERROR FINISH] (dynamic: ModuleNotFoundError) >>>>
import sklearn
features = test_input
from sklearn.preprocessing import OneHotEncoder

# Initialize the OneHotEncoder
encoder = OneHotEncoder(sparse=False)

# Fit and transform the features
new_features = encoder.fit_transform(features)
result = new_features
",dynamic,dynamic: ModuleNotFoundError,3-3
DS1000,hallucinated,DS0878,"{""type"": ""IndentationError"", ""value"": 7, ""message"": ""expected an indented block after function definition on line 6 (<unknown>, line 7)""}",,,"{""error_type"": ""ModuleNotFoundError"", ""error_message"": ""No module named 'sklearn'"", ""line_no"": ""3.0"", ""test_case"": """"}","
import pandas as pd
import numpy as np
import sklearn
features = test_input
def solve(features):
from sklearn.preprocessing import OneHotEncoder

# Initialize the OneHotEncoder
encoder = OneHotEncoder(sparse=False)

# Fit and transform the features
new_features = encoder.fit_transform(features)

# Convert to DataFrame for easier manipulation
result = pd.DataFrame(new_features, columns=encoder.get_feature_names_out())
new_features = solve(features)
result = new_features
","
import pandas as pd
<<<< [ERROR START] (dynamic: ModuleNotFoundError)
import numpy as np
[ERROR FINISH] (dynamic: ModuleNotFoundError) >>>>
import sklearn
features = test_input
def solve(features):
<<<< [ERROR START] (ast: IndentationError)
from sklearn.preprocessing import OneHotEncoder
[ERROR FINISH] (ast: IndentationError) >>>>

# Initialize the OneHotEncoder
encoder = OneHotEncoder(sparse=False)

# Fit and transform the features
new_features = encoder.fit_transform(features)

# Convert to DataFrame for easier manipulation
result = pd.DataFrame(new_features, columns=encoder.get_feature_names_out())
new_features = solve(features)
result = new_features
","ast,dynamic","ast: IndentationError,dynamic: ModuleNotFoundError","7-7,3-3"
DS1000,hallucinated,DS0879,,,,"{""error_type"": ""ModuleNotFoundError"", ""error_message"": ""No module named 'sklearn'"", ""line_no"": ""3.0"", ""test_case"": """"}","
import pandas as pd
import numpy as np
import sklearn
features = test_input
from sklearn.preprocessing import OneHotEncoder

# Assuming test_input is your list of lists of features
encoder = OneHotEncoder(sparse=False)
new_features = encoder.fit_transform(features)
result = new_features
result = new_features
","
import pandas as pd
<<<< [ERROR START] (dynamic: ModuleNotFoundError)
import numpy as np
[ERROR FINISH] (dynamic: ModuleNotFoundError) >>>>
import sklearn
features = test_input
from sklearn.preprocessing import OneHotEncoder

# Assuming test_input is your list of lists of features
encoder = OneHotEncoder(sparse=False)
new_features = encoder.fit_transform(features)
result = new_features
result = new_features
",dynamic,dynamic: ModuleNotFoundError,3-3
DS1000,hallucinated,DS0880,,,,"{""error_type"": ""ModuleNotFoundError"", ""error_message"": ""No module named 'sklearn'"", ""line_no"": ""4.0"", ""test_case"": """"}","
import pandas as pd
import numpy as np
import sklearn.cluster
data_matrix = test_input
from scipy.cluster.hierarchy import linkage, fcluster

# Convert the data matrix to a condensed distance matrix
condensed_dist_matrix = pd.DataFrame(data_matrix).to_numpy()

# Perform hierarchical clustering
Z = linkage(condensed_dist_matrix, method='complete')

# Assign labels to clusters
result = fcluster(Z, t=2, criterion='maxclust')
result = cluster_labels
","
import pandas as pd
import numpy as np
<<<< [ERROR START] (dynamic: ModuleNotFoundError)
import sklearn.cluster
[ERROR FINISH] (dynamic: ModuleNotFoundError) >>>>
data_matrix = test_input
from scipy.cluster.hierarchy import linkage, fcluster

# Convert the data matrix to a condensed distance matrix
condensed_dist_matrix = pd.DataFrame(data_matrix).to_numpy()

# Perform hierarchical clustering
Z = linkage(condensed_dist_matrix, method='complete')

# Assign labels to clusters
result = fcluster(Z, t=2, criterion='maxclust')
result = cluster_labels
",dynamic,dynamic: ModuleNotFoundError,4-4
DS1000,hallucinated,DS0881,,,,"{""error_type"": ""ModuleNotFoundError"", ""error_message"": ""No module named 'sklearn'"", ""line_no"": ""4.0"", ""test_case"": """"}","
import pandas as pd
import numpy as np
import sklearn.cluster
data_matrix = test_input
from scipy.spatial.distance import squareform
from sklearn.cluster import AgglomerativeClustering

# Convert the similarity matrix to a distance matrix
distance_matrix = 1 - data_matrix

# Perform hierarchical clustering
clusterer = AgglomerativeClustering(n_clusters=2, affinity='precomputed', linkage='complete')
cluster_labels = clusterer.fit_predict(distance_matrix)

# Assign labels to the original data
result = cluster_labels
result = cluster_labels
","
import pandas as pd
import numpy as np
<<<< [ERROR START] (dynamic: ModuleNotFoundError)
import sklearn.cluster
[ERROR FINISH] (dynamic: ModuleNotFoundError) >>>>
data_matrix = test_input
from scipy.spatial.distance import squareform
from sklearn.cluster import AgglomerativeClustering

# Convert the similarity matrix to a distance matrix
distance_matrix = 1 - data_matrix

# Perform hierarchical clustering
clusterer = AgglomerativeClustering(n_clusters=2, affinity='precomputed', linkage='complete')
cluster_labels = clusterer.fit_predict(distance_matrix)

# Assign labels to the original data
result = cluster_labels
result = cluster_labels
",dynamic,dynamic: ModuleNotFoundError,4-4
DS1000,hallucinated,DS0882,,,,"{""error_type"": ""ModuleNotFoundError"", ""error_message"": ""No module named 'sklearn'"", ""line_no"": ""4.0"", ""test_case"": """"}","
import pandas as pd
import numpy as np
import sklearn.cluster
simM = test_input
from scipy.cluster.hierarchy import linkage, fcluster

# Convert the similarity matrix to a condensed distance matrix
Z = linkage(simM, method='complete')

# Perform hierarchical clustering
result = fcluster(Z, t=2, criterion='maxclust')
result = cluster_labels
","
import pandas as pd
import numpy as np
<<<< [ERROR START] (dynamic: ModuleNotFoundError)
import sklearn.cluster
[ERROR FINISH] (dynamic: ModuleNotFoundError) >>>>
simM = test_input
from scipy.cluster.hierarchy import linkage, fcluster

# Convert the similarity matrix to a condensed distance matrix
Z = linkage(simM, method='complete')

# Perform hierarchical clustering
result = fcluster(Z, t=2, criterion='maxclust')
result = cluster_labels
",dynamic,dynamic: ModuleNotFoundError,4-4
DS1000,hallucinated,DS0883,,,,"{""error_type"": ""ModuleNotFoundError"", ""error_message"": ""No module named 'scipy'"", ""line_no"": ""4.0"", ""test_case"": """"}","
import pandas as pd
import numpy as np
import scipy.cluster
data_matrix = test_input
from scipy.cluster.hierarchy import linkage, fcluster

# Perform hierarchical clustering
Z = linkage(data_matrix, method='complete')

# Assign labels to clusters
result = fcluster(Z, t=2, criterion='maxclust')
result = cluster_labels
","
import pandas as pd
import numpy as np
<<<< [ERROR START] (dynamic: ModuleNotFoundError)
import scipy.cluster
[ERROR FINISH] (dynamic: ModuleNotFoundError) >>>>
data_matrix = test_input
from scipy.cluster.hierarchy import linkage, fcluster

# Perform hierarchical clustering
Z = linkage(data_matrix, method='complete')

# Assign labels to clusters
result = fcluster(Z, t=2, criterion='maxclust')
result = cluster_labels
",dynamic,dynamic: ModuleNotFoundError,4-4
DS1000,hallucinated,DS0884,,,,"{""error_type"": ""ModuleNotFoundError"", ""error_message"": ""No module named 'scipy'"", ""line_no"": ""4.0"", ""test_case"": """"}","
import pandas as pd
import numpy as np
import scipy.cluster
data_matrix = test_input
from scipy.cluster.hierarchy import linkage, fcluster

# Perform hierarchical clustering
Z = linkage(data_matrix, method='complete')

# Assign labels to clusters
result = fcluster(Z, t=2, criterion='maxclust')
result = cluster_labels
","
import pandas as pd
import numpy as np
<<<< [ERROR START] (dynamic: ModuleNotFoundError)
import scipy.cluster
[ERROR FINISH] (dynamic: ModuleNotFoundError) >>>>
data_matrix = test_input
from scipy.cluster.hierarchy import linkage, fcluster

# Perform hierarchical clustering
Z = linkage(data_matrix, method='complete')

# Assign labels to clusters
result = fcluster(Z, t=2, criterion='maxclust')
result = cluster_labels
",dynamic,dynamic: ModuleNotFoundError,4-4
DS1000,hallucinated,DS0885,,,,"{""error_type"": ""ModuleNotFoundError"", ""error_message"": ""No module named 'scipy'"", ""line_no"": ""4.0"", ""test_case"": """"}","
import pandas as pd
import numpy as np
import scipy.cluster
simM = test_input
from scipy.cluster.hierarchy import linkage, fcluster

# Perform hierarchical clustering
Z = linkage(simM, method='complete')

# Assign labels to clusters
result = fcluster(Z, t=2, criterion='maxclust')
result = cluster_labels
","
import pandas as pd
import numpy as np
<<<< [ERROR START] (dynamic: ModuleNotFoundError)
import scipy.cluster
[ERROR FINISH] (dynamic: ModuleNotFoundError) >>>>
simM = test_input
from scipy.cluster.hierarchy import linkage, fcluster

# Perform hierarchical clustering
Z = linkage(simM, method='complete')

# Assign labels to clusters
result = fcluster(Z, t=2, criterion='maxclust')
result = cluster_labels
",dynamic,dynamic: ModuleNotFoundError,4-4
DS1000,hallucinated,DS0886,,,,"{""error_type"": ""ModuleNotFoundError"", ""error_message"": ""No module named 'sklearn'"", ""line_no"": ""4.0"", ""test_case"": """"}","
import pandas as pd
import numpy as np
import sklearn
data = test_input
from sklearn.preprocessing import StandardScaler

scaler = StandardScaler()
centered_scaled_data = scaler.fit_transform(data)
result = centered_scaled_data
","
import pandas as pd
import numpy as np
<<<< [ERROR START] (dynamic: ModuleNotFoundError)
import sklearn
[ERROR FINISH] (dynamic: ModuleNotFoundError) >>>>
data = test_input
from sklearn.preprocessing import StandardScaler

scaler = StandardScaler()
centered_scaled_data = scaler.fit_transform(data)
result = centered_scaled_data
",dynamic,dynamic: ModuleNotFoundError,4-4
DS1000,hallucinated,DS0887,,,,"{""error_type"": ""ModuleNotFoundError"", ""error_message"": ""No module named 'sklearn'"", ""line_no"": ""4.0"", ""test_case"": """"}","
import pandas as pd
import numpy as np
import sklearn
data = test_input
from sklearn.preprocessing import StandardScaler

# Assuming 'test_input' is a DataFrame
scaler = StandardScaler()
centered_scaled_data = scaler.fit_transform(data)
result = centered_scaled_data
","
import pandas as pd
import numpy as np
<<<< [ERROR START] (dynamic: ModuleNotFoundError)
import sklearn
[ERROR FINISH] (dynamic: ModuleNotFoundError) >>>>
data = test_input
from sklearn.preprocessing import StandardScaler

# Assuming 'test_input' is a DataFrame
scaler = StandardScaler()
centered_scaled_data = scaler.fit_transform(data)
result = centered_scaled_data
",dynamic,dynamic: ModuleNotFoundError,4-4
DS1000,hallucinated,DS0888,,,,"{""error_type"": ""ModuleNotFoundError"", ""error_message"": ""No module named 'sklearn'"", ""line_no"": ""4.0"", ""test_case"": """"}","
import pandas as pd
import numpy as np
import sklearn
data = test_input
from sklearn.preprocessing import PowerTransformer

box_cox_transformer = PowerTransformer(method='box-cox')
box_cox_data = box_cox_transformer.fit_transform(data)
result = box_cox_data
","
import pandas as pd
import numpy as np
<<<< [ERROR START] (dynamic: ModuleNotFoundError)
import sklearn
[ERROR FINISH] (dynamic: ModuleNotFoundError) >>>>
data = test_input
from sklearn.preprocessing import PowerTransformer

box_cox_transformer = PowerTransformer(method='box-cox')
box_cox_data = box_cox_transformer.fit_transform(data)
result = box_cox_data
",dynamic,dynamic: ModuleNotFoundError,4-4
DS1000,hallucinated,DS0889,,,,"{""error_type"": ""ModuleNotFoundError"", ""error_message"": ""No module named 'sklearn'"", ""line_no"": ""4.0"", ""test_case"": """"}","
import pandas as pd
import numpy as np
import sklearn
data = test_input
from scipy.stats import boxcox

# Assuming 'test_input' is a pandas DataFrame with numerical columns
box_cox_data = boxcox(data)
result = pd.DataFrame(boxcox_data, columns=data.columns)
result = box_cox_data
","
import pandas as pd
import numpy as np
<<<< [ERROR START] (dynamic: ModuleNotFoundError)
import sklearn
[ERROR FINISH] (dynamic: ModuleNotFoundError) >>>>
data = test_input
from scipy.stats import boxcox

# Assuming 'test_input' is a pandas DataFrame with numerical columns
box_cox_data = boxcox(data)
result = pd.DataFrame(boxcox_data, columns=data.columns)
result = box_cox_data
",dynamic,dynamic: ModuleNotFoundError,4-4
DS1000,hallucinated,DS0890,,,,"{""error_type"": ""ModuleNotFoundError"", ""error_message"": ""No module named 'sklearn'"", ""line_no"": ""4.0"", ""test_case"": """"}","
import pandas as pd
import numpy as np
import sklearn
data = test_input
from sklearn.preprocessing import PowerTransformer

yeo_johnson_data = PowerTransformer(method='yeo-johnson').fit_transform(data)
result = yeo_johnson_data
","
import pandas as pd
import numpy as np
<<<< [ERROR START] (dynamic: ModuleNotFoundError)
import sklearn
[ERROR FINISH] (dynamic: ModuleNotFoundError) >>>>
data = test_input
from sklearn.preprocessing import PowerTransformer

yeo_johnson_data = PowerTransformer(method='yeo-johnson').fit_transform(data)
result = yeo_johnson_data
",dynamic,dynamic: ModuleNotFoundError,4-4
DS1000,hallucinated,DS0891,,,,"{""error_type"": ""ModuleNotFoundError"", ""error_message"": ""No module named 'sklearn'"", ""line_no"": ""4.0"", ""test_case"": """"}","
import pandas as pd
import numpy as np
import sklearn
data = test_input
from sklearn.preprocessing import PowerTransformer

yeo_johnson_data = PowerTransformer(method='yeo-johnson').fit_transform(data)
result = yeo_johnson_data
","
import pandas as pd
import numpy as np
<<<< [ERROR START] (dynamic: ModuleNotFoundError)
import sklearn
[ERROR FINISH] (dynamic: ModuleNotFoundError) >>>>
data = test_input
from sklearn.preprocessing import PowerTransformer

yeo_johnson_data = PowerTransformer(method='yeo-johnson').fit_transform(data)
result = yeo_johnson_data
",dynamic,dynamic: ModuleNotFoundError,4-4
DS1000,hallucinated,DS0892,,,,"{""error_type"": ""ModuleNotFoundError"", ""error_message"": ""No module named 'sklearn'"", ""line_no"": ""4.0"", ""test_case"": """"}","
import pandas as pd
import numpy as np
from sklearn.feature_extraction.text import CountVectorizer
text = test_input
vectorizer = CountVectorizer(stop_words='english', token_pattern=r'\b\w+\b|[^\w\s]')
transformed_text = vectorizer.fit_transform(text)
result = transformed_text
","
import pandas as pd
import numpy as np
<<<< [ERROR START] (dynamic: ModuleNotFoundError)
from sklearn.feature_extraction.text import CountVectorizer
[ERROR FINISH] (dynamic: ModuleNotFoundError) >>>>
text = test_input
vectorizer = CountVectorizer(stop_words='english', token_pattern=r'\b\w+\b|[^\w\s]')
transformed_text = vectorizer.fit_transform(text)
result = transformed_text
",dynamic,dynamic: ModuleNotFoundError,4-4
DS1000,hallucinated,DS0893,,,,"{""error_type"": ""ModuleNotFoundError"", ""error_message"": ""No module named 'sklearn'"", ""line_no"": ""3.0"", ""test_case"": """"}","
import pandas as pd
import numpy as np
dataset = test_input
import pandas as pd
import numpy as np

# Assuming 'test_input' is your DataFrame
dataset = pd.read_csv('example.csv', header=None, sep=',')

# Split the dataset into features (X) and target (y)
X = dataset.iloc[:, :-1]
y = dataset.iloc[:, -1]

# Split the dataset into training and testing sets (80/20)
from sklearn.model_selection import train_test_split
x_train, x_test, y_train, y_test = train_test_split(X, y, test_size=0.2, random_state=42)

# Assign the result to the variable 'result'
result = (x_train, x_test, y_train, y_test)
result = (x_train, x_test, y_train, y_test)
","
import pandas as pd
<<<< [ERROR START] (dynamic: ModuleNotFoundError)
import numpy as np
[ERROR FINISH] (dynamic: ModuleNotFoundError) >>>>
dataset = test_input
import pandas as pd
import numpy as np

# Assuming 'test_input' is your DataFrame
dataset = pd.read_csv('example.csv', header=None, sep=',')

# Split the dataset into features (X) and target (y)
X = dataset.iloc[:, :-1]
y = dataset.iloc[:, -1]

# Split the dataset into training and testing sets (80/20)
from sklearn.model_selection import train_test_split
x_train, x_test, y_train, y_test = train_test_split(X, y, test_size=0.2, random_state=42)

# Assign the result to the variable 'result'
result = (x_train, x_test, y_train, y_test)
result = (x_train, x_test, y_train, y_test)
",dynamic,dynamic: ModuleNotFoundError,3-3
DS1000,hallucinated,DS0894,,,,"{""error_type"": ""ModuleNotFoundError"", ""error_message"": ""No module named 'sklearn'"", ""line_no"": ""3.0"", ""test_case"": """"}","
import pandas as pd
import numpy as np
data = test_input
import pandas as pd
import numpy as np

# Assuming 'test_input' is your DataFrame
data = test_input

# Split the DataFrame into features and target
X = data.iloc[:, :-1]
y = data.iloc[:, -1]

# Split the data into training and testing sets
x_train, x_test, y_train, y_test = train_test_split(X, y, test_size=0.2, random_state=42)
result = (x_train, x_test, y_train, y_test)
","
import pandas as pd
<<<< [ERROR START] (dynamic: ModuleNotFoundError)
import numpy as np
[ERROR FINISH] (dynamic: ModuleNotFoundError) >>>>
data = test_input
import pandas as pd
import numpy as np

# Assuming 'test_input' is your DataFrame
data = test_input

# Split the DataFrame into features and target
X = data.iloc[:, :-1]
y = data.iloc[:, -1]

# Split the data into training and testing sets
x_train, x_test, y_train, y_test = train_test_split(X, y, test_size=0.2, random_state=42)
result = (x_train, x_test, y_train, y_test)
",dynamic,dynamic: ModuleNotFoundError,3-3
DS1000,hallucinated,DS0895,,,,"{""error_type"": ""ModuleNotFoundError"", ""error_message"": ""No module named 'sklearn'"", ""line_no"": ""3.0"", ""test_case"": """"}","
import pandas as pd
import numpy as np
dataset = test_input
import pandas as pd
import numpy as np

# Assuming 'test_input' is your DataFrame
dataset = pd.read_csv('example.csv', header=None, sep=',')

# Split the dataset into features (X) and target (y)
X = dataset.iloc[:, :-1]
y = dataset.iloc[:, -1]

# Split the dataset into training and testing sets (3:2 ratio)
from sklearn.model_selection import train_test_split
x_train, x_test, y_train, y_test = train_test_split(X, y, test_size=0.67, random_state=42)

# Assign the result to the variable 'result'
result = (x_train, x_test, y_train, y_test)
result = (x_train, x_test, y_train, y_test)
","
import pandas as pd
<<<< [ERROR START] (dynamic: ModuleNotFoundError)
import numpy as np
[ERROR FINISH] (dynamic: ModuleNotFoundError) >>>>
dataset = test_input
import pandas as pd
import numpy as np

# Assuming 'test_input' is your DataFrame
dataset = pd.read_csv('example.csv', header=None, sep=',')

# Split the dataset into features (X) and target (y)
X = dataset.iloc[:, :-1]
y = dataset.iloc[:, -1]

# Split the dataset into training and testing sets (3:2 ratio)
from sklearn.model_selection import train_test_split
x_train, x_test, y_train, y_test = train_test_split(X, y, test_size=0.67, random_state=42)

# Assign the result to the variable 'result'
result = (x_train, x_test, y_train, y_test)
result = (x_train, x_test, y_train, y_test)
",dynamic,dynamic: ModuleNotFoundError,3-3
DS1000,hallucinated,DS0896,"{""type"": ""IndentationError"", ""value"": 6, ""message"": ""expected an indented block after function definition on line 5 (<unknown>, line 6)""}",,,"{""error_type"": ""ModuleNotFoundError"", ""error_message"": ""No module named 'sklearn'"", ""line_no"": ""3.0"", ""test_case"": """"}","
import pandas as pd
import numpy as np
dataset = test_input
def solve(data):
import pandas as pd
import numpy as np

dataset = pd.read_csv('example.csv', header=None, sep=',')

# Split the dataset into features (X) and target (y)
X = dataset.iloc[:, :-1]
y = dataset.iloc[:, -1]

# Split the dataset into training and testing sets (80/20)
from sklearn.model_selection import train_test_split
x_train, x_test, y_train, y_test = train_test_split(X, y, test_size=0.2, random_state=42)

# Assign the results to the result variable
result = x_train, x_test, y_train, y_test
x_train, y_train, x_test, y_test = solve(dataset)
result = x_train, x_test, y_train, y_test
","
import pandas as pd
<<<< [ERROR START] (dynamic: ModuleNotFoundError)
import numpy as np
[ERROR FINISH] (dynamic: ModuleNotFoundError) >>>>
dataset = test_input
def solve(data):
<<<< [ERROR START] (ast: IndentationError)
import pandas as pd
[ERROR FINISH] (ast: IndentationError) >>>>
import numpy as np

dataset = pd.read_csv('example.csv', header=None, sep=',')

# Split the dataset into features (X) and target (y)
X = dataset.iloc[:, :-1]
y = dataset.iloc[:, -1]

# Split the dataset into training and testing sets (80/20)
from sklearn.model_selection import train_test_split
x_train, x_test, y_train, y_test = train_test_split(X, y, test_size=0.2, random_state=42)

# Assign the results to the result variable
result = x_train, x_test, y_train, y_test
x_train, y_train, x_test, y_test = solve(dataset)
result = x_train, x_test, y_train, y_test
","ast,dynamic","ast: IndentationError,dynamic: ModuleNotFoundError","6-6,3-3"
DS1000,hallucinated,DS0897,,,,"{""error_type"": ""ModuleNotFoundError"", ""error_message"": ""No module named 'sklearn'"", ""line_no"": ""4.0"", ""test_case"": """"}","
import pandas as pd
import numpy as np
from sklearn.cluster import KMeans
df = test_input
result = kmeans.labels_
result = labels
","
import pandas as pd
import numpy as np
<<<< [ERROR START] (dynamic: ModuleNotFoundError)
from sklearn.cluster import KMeans
[ERROR FINISH] (dynamic: ModuleNotFoundError) >>>>
df = test_input
result = kmeans.labels_
result = labels
",dynamic,dynamic: ModuleNotFoundError,4-4
DS1000,hallucinated,DS0898,,,,"{""error_type"": ""ModuleNotFoundError"", ""error_message"": ""No module named 'sklearn'"", ""line_no"": ""4.0"", ""test_case"": """"}","
import pandas as pd
import numpy as np
from sklearn.cluster import KMeans
df = test_input
result = kmeans.labels_
result = labels
","
import pandas as pd
import numpy as np
<<<< [ERROR START] (dynamic: ModuleNotFoundError)
from sklearn.cluster import KMeans
[ERROR FINISH] (dynamic: ModuleNotFoundError) >>>>
df = test_input
result = kmeans.labels_
result = labels
",dynamic,dynamic: ModuleNotFoundError,4-4
DS1000,hallucinated,DS0899,,,,"{""error_type"": ""ModuleNotFoundError"", ""error_message"": ""No module named 'sklearn'"", ""line_no"": ""3.0"", ""test_case"": """"}","
import pandas as pd
import numpy as np
import sklearn
from sklearn.feature_extraction.text import TfidfVectorizer
from sklearn.svm import LinearSVC
corpus, y = test_input
vectorizer = TfidfVectorizer()
X = vectorizer.fit_transform(corpus)
selected_feature_indices = np.where(X.toarray().sum(axis=0) > 0)[0]
result = vectorizer.get_feature_names()[selected_feature_indices]
result = selected_feature_names
","
import pandas as pd
<<<< [ERROR START] (dynamic: ModuleNotFoundError)
import numpy as np
[ERROR FINISH] (dynamic: ModuleNotFoundError) >>>>
import sklearn
from sklearn.feature_extraction.text import TfidfVectorizer
from sklearn.svm import LinearSVC
corpus, y = test_input
vectorizer = TfidfVectorizer()
X = vectorizer.fit_transform(corpus)
selected_feature_indices = np.where(X.toarray().sum(axis=0) > 0)[0]
result = vectorizer.get_feature_names()[selected_feature_indices]
result = selected_feature_names
",dynamic,dynamic: ModuleNotFoundError,3-3
DS1000,hallucinated,DS0900,,,,"{""error_type"": ""ModuleNotFoundError"", ""error_message"": ""No module named 'sklearn'"", ""line_no"": ""3.0"", ""test_case"": """"}","
import pandas as pd
import numpy as np
import sklearn
from sklearn.feature_extraction.text import TfidfVectorizer
from sklearn.svm import LinearSVC
corpus, y = test_input
vectorizer = TfidfVectorizer()
X = vectorizer.fit_transform(corpus)
selected_feature_names = vectorizer.get_feature_names()[X.coef_.nonzero()[1]]
result = selected_feature_names
","
import pandas as pd
<<<< [ERROR START] (dynamic: ModuleNotFoundError)
import numpy as np
[ERROR FINISH] (dynamic: ModuleNotFoundError) >>>>
import sklearn
from sklearn.feature_extraction.text import TfidfVectorizer
from sklearn.svm import LinearSVC
corpus, y = test_input
vectorizer = TfidfVectorizer()
X = vectorizer.fit_transform(corpus)
selected_feature_names = vectorizer.get_feature_names()[X.coef_.nonzero()[1]]
result = selected_feature_names
",dynamic,dynamic: ModuleNotFoundError,3-3
DS1000,hallucinated,DS0901,"{""type"": ""IndentationError"", ""value"": 11, ""message"": ""expected an indented block after function definition on line 10 (<unknown>, line 11)""}",,,"{""error_type"": ""ModuleNotFoundError"", ""error_message"": ""No module named 'sklearn'"", ""line_no"": ""3.0"", ""test_case"": """"}","
import pandas as pd
import numpy as np
import sklearn
from sklearn.feature_extraction.text import TfidfVectorizer
from sklearn.svm import LinearSVC
corpus, y = test_input
vectorizer = TfidfVectorizer()
X = vectorizer.fit_transform(corpus)
def solve(corpus, y, vectorizer, X):
result = X.indices
selected_feature_names = solve(corpus, y, vectorizer, X)
result = selected_feature_names
","
import pandas as pd
<<<< [ERROR START] (dynamic: ModuleNotFoundError)
import numpy as np
[ERROR FINISH] (dynamic: ModuleNotFoundError) >>>>
import sklearn
from sklearn.feature_extraction.text import TfidfVectorizer
from sklearn.svm import LinearSVC
corpus, y = test_input
vectorizer = TfidfVectorizer()
X = vectorizer.fit_transform(corpus)
def solve(corpus, y, vectorizer, X):
<<<< [ERROR START] (ast: IndentationError)
result = X.indices
[ERROR FINISH] (ast: IndentationError) >>>>
selected_feature_names = solve(corpus, y, vectorizer, X)
result = selected_feature_names
","ast,dynamic","ast: IndentationError,dynamic: ModuleNotFoundError","11-11,3-3"
DS1000,hallucinated,DS0902,,,,"{""error_type"": ""ModuleNotFoundError"", ""error_message"": ""No module named 'sklearn'"", ""line_no"": ""3.0"", ""test_case"": """"}","
import pandas as pd
import numpy as np
from sklearn.feature_extraction.text import CountVectorizer
corpus = test_input
feature_names = vectorizer.get_feature_names_out()
result = (feature_names, X)
result = (feature_names, X)
","
import pandas as pd
<<<< [ERROR START] (dynamic: ModuleNotFoundError)
import numpy as np
[ERROR FINISH] (dynamic: ModuleNotFoundError) >>>>
from sklearn.feature_extraction.text import CountVectorizer
corpus = test_input
feature_names = vectorizer.get_feature_names_out()
result = (feature_names, X)
result = (feature_names, X)
",dynamic,dynamic: ModuleNotFoundError,3-3
DS1000,hallucinated,DS0903,,,,"{""error_type"": ""ModuleNotFoundError"", ""error_message"": ""No module named 'sklearn'"", ""line_no"": ""3.0"", ""test_case"": """"}","
import pandas as pd
import numpy as np
from sklearn.feature_extraction.text import CountVectorizer
corpus = test_input
feature_names = vectorizer.get_feature_names_out()
result = (feature_names, X)
result = (feature_names, X)
","
import pandas as pd
<<<< [ERROR START] (dynamic: ModuleNotFoundError)
import numpy as np
[ERROR FINISH] (dynamic: ModuleNotFoundError) >>>>
from sklearn.feature_extraction.text import CountVectorizer
corpus = test_input
feature_names = vectorizer.get_feature_names_out()
result = (feature_names, X)
result = (feature_names, X)
",dynamic,dynamic: ModuleNotFoundError,3-3
DS1000,hallucinated,DS0904,,,,"{""error_type"": ""ModuleNotFoundError"", ""error_message"": ""No module named 'sklearn'"", ""line_no"": ""3.0"", ""test_case"": """"}","
import pandas as pd
import numpy as np
from sklearn.feature_extraction.text import CountVectorizer
corpus = test_input
feature_names = vectorizer.get_feature_names_out()
result = (feature_names, X)
result = (feature_names, X) 
","
import pandas as pd
<<<< [ERROR START] (dynamic: ModuleNotFoundError)
import numpy as np
[ERROR FINISH] (dynamic: ModuleNotFoundError) >>>>
from sklearn.feature_extraction.text import CountVectorizer
corpus = test_input
feature_names = vectorizer.get_feature_names_out()
result = (feature_names, X)
result = (feature_names, X) 
",dynamic,dynamic: ModuleNotFoundError,3-3
DS1000,hallucinated,DS0905,,,,"{""error_type"": ""ModuleNotFoundError"", ""error_message"": ""No module named 'sklearn'"", ""line_no"": ""3.0"", ""test_case"": """"}","
import pandas as pd
import numpy as np
from sklearn.feature_extraction.text import CountVectorizer
corpus = test_input
feature_names = vectorizer.get_feature_names_out()
result = (feature_names, X)
result = (feature_names, X)
","
import pandas as pd
<<<< [ERROR START] (dynamic: ModuleNotFoundError)
import numpy as np
[ERROR FINISH] (dynamic: ModuleNotFoundError) >>>>
from sklearn.feature_extraction.text import CountVectorizer
corpus = test_input
feature_names = vectorizer.get_feature_names_out()
result = (feature_names, X)
result = (feature_names, X)
",dynamic,dynamic: ModuleNotFoundError,3-3
DS1000,hallucinated,DS0906,,,,"{""error_type"": ""ModuleNotFoundError"", ""error_message"": ""No module named 'sklearn'"", ""line_no"": ""4.0"", ""test_case"": """"}","
import pandas as pd
import numpy as np
from sklearn.linear_model import LinearRegression
df1 = test_input
result = df1.dropna(axis=1).apply(lambda x: LinearRegression().fit(x[:-1], x[1:]).coef_[0], axis=0)
result = slopes
","
import pandas as pd
import numpy as np
<<<< [ERROR START] (dynamic: ModuleNotFoundError)
from sklearn.linear_model import LinearRegression
[ERROR FINISH] (dynamic: ModuleNotFoundError) >>>>
df1 = test_input
result = df1.dropna(axis=1).apply(lambda x: LinearRegression().fit(x[:-1], x[1:]).coef_[0], axis=0)
result = slopes
",dynamic,dynamic: ModuleNotFoundError,4-4
DS1000,hallucinated,DS0907,,,,"{""error_type"": ""ModuleNotFoundError"", ""error_message"": ""No module named 'sklearn'"", ""line_no"": ""4.0"", ""test_case"": """"}","
import pandas as pd
import numpy as np
from sklearn.linear_model import LinearRegression
df1 = test_input
result = df1.iloc[:, 3:].apply(lambda x: LinearRegression().fit(x.values.reshape(-1, 1), df1['Time']).coef_[0], axis=1)
result = slopes
","
import pandas as pd
import numpy as np
<<<< [ERROR START] (dynamic: ModuleNotFoundError)
from sklearn.linear_model import LinearRegression
[ERROR FINISH] (dynamic: ModuleNotFoundError) >>>>
df1 = test_input
result = df1.iloc[:, 3:].apply(lambda x: LinearRegression().fit(x.values.reshape(-1, 1), df1['Time']).coef_[0], axis=1)
result = slopes
",dynamic,dynamic: ModuleNotFoundError,4-4
DS1000,hallucinated,DS0908,,,,"{""error_type"": ""ModuleNotFoundError"", ""error_message"": ""No module named 'sklearn'"", ""line_no"": ""4.0"", ""test_case"": """"}","
import pandas as pd
import numpy as np
from sklearn.preprocessing import LabelEncoder
df = test_input
result = df.copy()
label_encoder = LabelEncoder()
result['Sex'] = label_encoder.fit_transform(result['Sex'])
result = transformed_df
","
import pandas as pd
import numpy as np
<<<< [ERROR START] (dynamic: ModuleNotFoundError)
from sklearn.preprocessing import LabelEncoder
[ERROR FINISH] (dynamic: ModuleNotFoundError) >>>>
df = test_input
result = df.copy()
label_encoder = LabelEncoder()
result['Sex'] = label_encoder.fit_transform(result['Sex'])
result = transformed_df
",dynamic,dynamic: ModuleNotFoundError,4-4
DS1000,hallucinated,DS0909,,,,"{""error_type"": ""ModuleNotFoundError"", ""error_message"": ""No module named 'sklearn'"", ""line_no"": ""4.0"", ""test_case"": """"}","
import pandas as pd
import numpy as np
from sklearn.preprocessing import LabelEncoder
df = test_input
from sklearn.preprocessing import LabelEncoder
df = pd.read_csv('data.csv')
le = LabelEncoder()
df['Sex'] = le.fit_transform(df['Sex'])
result = df
result = transformed_df
","
import pandas as pd
import numpy as np
<<<< [ERROR START] (dynamic: ModuleNotFoundError)
from sklearn.preprocessing import LabelEncoder
[ERROR FINISH] (dynamic: ModuleNotFoundError) >>>>
df = test_input
from sklearn.preprocessing import LabelEncoder
df = pd.read_csv('data.csv')
le = LabelEncoder()
df['Sex'] = le.fit_transform(df['Sex'])
result = df
result = transformed_df
",dynamic,dynamic: ModuleNotFoundError,4-4
DS1000,hallucinated,DS0910,"{""type"": ""IndentationError"", ""value"": 7, ""message"": ""expected an indented block after function definition on line 6 (<unknown>, line 7)""}",,,"{""error_type"": ""ModuleNotFoundError"", ""error_message"": ""No module named 'sklearn'"", ""line_no"": ""4.0"", ""test_case"": """"}","
import pandas as pd
import numpy as np
from sklearn.preprocessing import LabelEncoder
df = test_input
def Transform(df):
import pandas as pd
import numpy as np
from sklearn.preprocessing import LabelEncoder

df = test_input
def Transform(df):
    le = LabelEncoder()
    df['Sex'] = le.fit_transform(df['Sex'])
result = Transform(df)
result = Transform(df)
","
import pandas as pd
import numpy as np
<<<< [ERROR START] (dynamic: ModuleNotFoundError)
from sklearn.preprocessing import LabelEncoder
[ERROR FINISH] (dynamic: ModuleNotFoundError) >>>>
df = test_input
def Transform(df):
<<<< [ERROR START] (ast: IndentationError)
import pandas as pd
[ERROR FINISH] (ast: IndentationError) >>>>
import numpy as np
from sklearn.preprocessing import LabelEncoder

df = test_input
def Transform(df):
    le = LabelEncoder()
    df['Sex'] = le.fit_transform(df['Sex'])
result = Transform(df)
result = Transform(df)
","ast,dynamic","ast: IndentationError,dynamic: ModuleNotFoundError","7-7,4-4"
DS1000,hallucinated,DS0911,,,,"{""error_type"": ""ModuleNotFoundError"", ""error_message"": ""No module named 'sklearn'"", ""line_no"": ""3.0"", ""test_case"": """"}","
import pandas as pd
import numpy as np
from sklearn import linear_model
import statsmodels.api as sm
X_train, y_train, X_test, y_test = test_input
result = (ElasticNet.score(X_train, y_train), ElasticNet.score(X_test, y_test))
result = (training_set_score, test_set_score)
","
import pandas as pd
<<<< [ERROR START] (dynamic: ModuleNotFoundError)
import numpy as np
[ERROR FINISH] (dynamic: ModuleNotFoundError) >>>>
from sklearn import linear_model
import statsmodels.api as sm
X_train, y_train, X_test, y_test = test_input
result = (ElasticNet.score(X_train, y_train), ElasticNet.score(X_test, y_test))
result = (training_set_score, test_set_score)
",dynamic,dynamic: ModuleNotFoundError,3-3
DS1000,hallucinated,DS0912,,,,"{""error_type"": ""ModuleNotFoundError"", ""error_message"": ""No module named 'sklearn'"", ""line_no"": ""3.0"", ""test_case"": """"}","
import pandas as pd
import numpy as np
from sklearn.preprocessing import MinMaxScaler
np_array = test_input
scaler = MinMaxScaler()
transformed = scaler.fit_transform(np_array.reshape(-1, 1)).reshape(np_array.shape)
result = transformed
","
import pandas as pd
<<<< [ERROR START] (dynamic: ModuleNotFoundError)
import numpy as np
[ERROR FINISH] (dynamic: ModuleNotFoundError) >>>>
from sklearn.preprocessing import MinMaxScaler
np_array = test_input
scaler = MinMaxScaler()
transformed = scaler.fit_transform(np_array.reshape(-1, 1)).reshape(np_array.shape)
result = transformed
",dynamic,dynamic: ModuleNotFoundError,3-3
DS1000,hallucinated,DS0913,,,,"{""error_type"": ""ModuleNotFoundError"", ""error_message"": ""No module named 'sklearn'"", ""line_no"": ""3.0"", ""test_case"": """"}","
import pandas as pd
import numpy as np
from sklearn.preprocessing import MinMaxScaler
np_array = test_input
scaler = MinMaxScaler()
transformed = scaler.fit_transform(np_array.reshape(-1, 1)).reshape(np_array.shape)
result = transformed
","
import pandas as pd
<<<< [ERROR START] (dynamic: ModuleNotFoundError)
import numpy as np
[ERROR FINISH] (dynamic: ModuleNotFoundError) >>>>
from sklearn.preprocessing import MinMaxScaler
np_array = test_input
scaler = MinMaxScaler()
transformed = scaler.fit_transform(np_array.reshape(-1, 1)).reshape(np_array.shape)
result = transformed
",dynamic,dynamic: ModuleNotFoundError,3-3
DS1000,hallucinated,DS0914,"{""type"": ""IndentationError"", ""value"": 7, ""message"": ""expected an indented block after function definition on line 6 (<unknown>, line 7)""}",,,"{""error_type"": ""ModuleNotFoundError"", ""error_message"": ""No module named 'sklearn'"", ""line_no"": ""3.0"", ""test_case"": """"}","
import pandas as pd
import numpy as np
from sklearn.preprocessing import MinMaxScaler
np_array = test_input
def Transform(a):
import numpy as np
from sklearn.preprocessing import MinMaxScaler

np_array = test_input
scaler = MinMaxScaler()
transformed = scaler.fit_transform(np_array.reshape(-1, 1)).reshape(np_array.shape)
result = transformed
transformed = Transform(np_array)
result = transformed
","
import pandas as pd
<<<< [ERROR START] (dynamic: ModuleNotFoundError)
import numpy as np
[ERROR FINISH] (dynamic: ModuleNotFoundError) >>>>
from sklearn.preprocessing import MinMaxScaler
np_array = test_input
def Transform(a):
<<<< [ERROR START] (ast: IndentationError)
import numpy as np
[ERROR FINISH] (ast: IndentationError) >>>>
from sklearn.preprocessing import MinMaxScaler

np_array = test_input
scaler = MinMaxScaler()
transformed = scaler.fit_transform(np_array.reshape(-1, 1)).reshape(np_array.shape)
result = transformed
transformed = Transform(np_array)
result = transformed
","ast,dynamic","ast: IndentationError,dynamic: ModuleNotFoundError","7-7,3-3"
DS1000,hallucinated,DS0915,,,,"{""error_type"": ""ModuleNotFoundError"", ""error_message"": ""No module named 'sklearn'"", ""line_no"": ""4.0"", ""test_case"": """"}","
import pandas as pd
import numpy as np
from sklearn import tree
df = test_input
df['B/S'] = (df['Close'].diff() < 0).astype(int)
closing = (df.loc['2013-02-15':'2016-05-21'])
ma_50 = (df.loc['2013-02-15':'2016-05-21'])
ma_100 = (df.loc['2013-02-15':'2016-05-21'])
ma_200 = (df.loc['2013-02-15':'2016-05-21'])
buy_sell = (df.loc['2013-02-15':'2016-05-21'])  # Fixed
close = pd.DataFrame(closing)
ma50 = pd.DataFrame(ma_50)
ma100 = pd.DataFrame(ma_100)
ma200 = pd.DataFrame(ma_200)
buy_sell = pd.DataFrame(buy_sell)
clf = tree.DecisionTreeRegressor(random_state=42)
x = np.concatenate([close, ma50, ma100, ma200], axis=1)
y = buy_sell
clf.fit(x, y)
result = clf.predict(np.array([close.iloc[-1], ma50.iloc[-1], ma100.iloc[-1], ma200.iloc[-1]]))
result = predict
","
import pandas as pd
import numpy as np
<<<< [ERROR START] (dynamic: ModuleNotFoundError)
from sklearn import tree
[ERROR FINISH] (dynamic: ModuleNotFoundError) >>>>
df = test_input
df['B/S'] = (df['Close'].diff() < 0).astype(int)
closing = (df.loc['2013-02-15':'2016-05-21'])
ma_50 = (df.loc['2013-02-15':'2016-05-21'])
ma_100 = (df.loc['2013-02-15':'2016-05-21'])
ma_200 = (df.loc['2013-02-15':'2016-05-21'])
buy_sell = (df.loc['2013-02-15':'2016-05-21'])  # Fixed
close = pd.DataFrame(closing)
ma50 = pd.DataFrame(ma_50)
ma100 = pd.DataFrame(ma_100)
ma200 = pd.DataFrame(ma_200)
buy_sell = pd.DataFrame(buy_sell)
clf = tree.DecisionTreeRegressor(random_state=42)
x = np.concatenate([close, ma50, ma100, ma200], axis=1)
y = buy_sell
clf.fit(x, y)
result = clf.predict(np.array([close.iloc[-1], ma50.iloc[-1], ma100.iloc[-1], ma200.iloc[-1]]))
result = predict
",dynamic,dynamic: ModuleNotFoundError,4-4
DS1000,hallucinated,DS0916,,,,"{""error_type"": ""ModuleNotFoundError"", ""error_message"": ""No module named 'sklearn'"", ""line_no"": ""1.0"", ""test_case"": ""[[\""None\"", \""None\"", \""<Execution Error: No module named 'sklearn'>\""], [\""None\"", \""None\"", \""<Execution Error: No module named 'sklearn'>\""], [\""None\"", \""None\"", \""<Execution Error: No module named 'sklearn'>\""], [\""None\"", \""None\"", \""<Execution Error: No module named 'sklearn'>\""], [\""None\"", \""None\"", \""<Execution Error: No module named 'sklearn'>\""], [\""None\"", \""None\"", \""<Execution Error: No module named 'sklearn'>\""], [\""None\"", \""None\"", \""<Execution Error: No module named 'sklearn'>\""], [\""None\"", \""None\"", \""<Execution Error: No module named 'sklearn'>\""], [\""None\"", \""None\"", \""<Execution Error: No module named 'sklearn'>\""]]""}","
import pandas as pd
import numpy as np
from sklearn.tree import DecisionTreeClassifier
X = [['asdf', '1'], ['asdf', '0']]
clf = DecisionTreeClassifier()
new_X = X
clf.fit(new_X, ['2', '3'])
result = new_X
","<<<< [ERROR START] (dynamic: ModuleNotFoundError)

[ERROR FINISH] (dynamic: ModuleNotFoundError) >>>>
import pandas as pd
import numpy as np
from sklearn.tree import DecisionTreeClassifier
X = [['asdf', '1'], ['asdf', '0']]
clf = DecisionTreeClassifier()
new_X = X
clf.fit(new_X, ['2', '3'])
result = new_X
",dynamic,dynamic: ModuleNotFoundError,1-1
DS1000,hallucinated,DS0917,,,,"{""error_type"": ""ModuleNotFoundError"", ""error_message"": ""No module named 'sklearn'"", ""line_no"": ""1.0"", ""test_case"": ""[[\""None\"", \""None\"", \""<Execution Error: No module named 'sklearn'>\""], [\""None\"", \""None\"", \""<Execution Error: No module named 'sklearn'>\""], [\""None\"", \""None\"", \""<Execution Error: No module named 'sklearn'>\""], [\""None\"", \""None\"", \""<Execution Error: No module named 'sklearn'>\""], [\""None\"", \""None\"", \""<Execution Error: No module named 'sklearn'>\""], [\""None\"", \""None\"", \""<Execution Error: No module named 'sklearn'>\""], [\""None\"", \""None\"", \""<Execution Error: No module named 'sklearn'>\""], [\""None\"", \""None\"", \""<Execution Error: No module named 'sklearn'>\""], [\""None\"", \""None\"", \""<Execution Error: No module named 'sklearn'>\""]]""}","
import pandas as pd
import numpy as np
from sklearn.tree import DecisionTreeClassifier
X = [['asdf', '1'], ['asdf', '0']]
clf = DecisionTreeClassifier()
new_X = [['asdf', 1], ['asdf', 0]]
clf.fit(new_X, ['2', '3'])
result = new_X
","<<<< [ERROR START] (dynamic: ModuleNotFoundError)

[ERROR FINISH] (dynamic: ModuleNotFoundError) >>>>
import pandas as pd
import numpy as np
from sklearn.tree import DecisionTreeClassifier
X = [['asdf', '1'], ['asdf', '0']]
clf = DecisionTreeClassifier()
new_X = [['asdf', 1], ['asdf', 0]]
clf.fit(new_X, ['2', '3'])
result = new_X
",dynamic,dynamic: ModuleNotFoundError,1-1
DS1000,hallucinated,DS0918,,,,"{""error_type"": ""ModuleNotFoundError"", ""error_message"": ""No module named 'sklearn'"", ""line_no"": ""1.0"", ""test_case"": ""[[\""None\"", \""None\"", \""<Execution Error: No module named 'sklearn'>\""], [\""None\"", \""None\"", \""<Execution Error: No module named 'sklearn'>\""], [\""None\"", \""None\"", \""<Execution Error: No module named 'sklearn'>\""], [\""None\"", \""None\"", \""<Execution Error: No module named 'sklearn'>\""], [\""None\"", \""None\"", \""<Execution Error: No module named 'sklearn'>\""], [\""None\"", \""None\"", \""<Execution Error: No module named 'sklearn'>\""], [\""None\"", \""None\"", \""<Execution Error: No module named 'sklearn'>\""], [\""None\"", \""None\"", \""<Execution Error: No module named 'sklearn'>\""], [\""None\"", \""None\"", \""<Execution Error: No module named 'sklearn'>\""]]""}","
import pandas as pd
import numpy as np
from sklearn.tree import DecisionTreeClassifier
X = [['dsa', '2'], ['sato', '3']]
clf = DecisionTreeClassifier()
new_X = pd.DataFrame(X, columns=['feature1', 'feature2'])
clf.fit(new_X, ['4', '5'])
result = new_X
","<<<< [ERROR START] (dynamic: ModuleNotFoundError)

[ERROR FINISH] (dynamic: ModuleNotFoundError) >>>>
import pandas as pd
import numpy as np
from sklearn.tree import DecisionTreeClassifier
X = [['dsa', '2'], ['sato', '3']]
clf = DecisionTreeClassifier()
new_X = pd.DataFrame(X, columns=['feature1', 'feature2'])
clf.fit(new_X, ['4', '5'])
result = new_X
",dynamic,dynamic: ModuleNotFoundError,1-1
DS1000,hallucinated,DS0919,,,,"{""error_type"": ""ModuleNotFoundError"", ""error_message"": ""No module named 'sklearn'"", ""line_no"": ""4.0"", ""test_case"": """"}","
import pandas as pd
import numpy as np
from sklearn.linear_model import LogisticRegression
dataframe = test_input
result = logReg.predict(X)
predict = logReg.predict(X)
result = predict
","
import pandas as pd
import numpy as np
<<<< [ERROR START] (dynamic: ModuleNotFoundError)
from sklearn.linear_model import LogisticRegression
[ERROR FINISH] (dynamic: ModuleNotFoundError) >>>>
dataframe = test_input
result = logReg.predict(X)
predict = logReg.predict(X)
result = predict
",dynamic,dynamic: ModuleNotFoundError,4-4
DS1000,hallucinated,DS0920,,,,"{""error_type"": ""ModuleNotFoundError"", ""error_message"": ""No module named 'sklearn'"", ""line_no"": ""4.0"", ""test_case"": """"}","
import pandas as pd
import numpy as np
from sklearn.linear_model import LogisticRegression
dataframe = test_input
X = dataframe.iloc[:-1].astype(float)
predict = logReg.predict(X)
result = predict
","
import pandas as pd
import numpy as np
<<<< [ERROR START] (dynamic: ModuleNotFoundError)
from sklearn.linear_model import LogisticRegression
[ERROR FINISH] (dynamic: ModuleNotFoundError) >>>>
dataframe = test_input
X = dataframe.iloc[:-1].astype(float)
predict = logReg.predict(X)
result = predict
",dynamic,dynamic: ModuleNotFoundError,4-4
DS1000,hallucinated,DS0921,,,,"{""error_type"": ""ModuleNotFoundError"", ""error_message"": ""No module named 'sklearn'"", ""line_no"": ""1.0"", ""test_case"": ""[[\""DataFrame({'date': ['2017-03-01', '2017-03-02', '2017-03-03', '2017-03-04', '2017-03-05', '2017-03-06', '2017-03-07', '2017-03-08', '2017-03-09', '2017-03-10'], 'sales': [12000, 8000, 25000, 15000, 10000, 15000, 10000, 25000, 12000, 15000], 'profit': [18000, 12000, 30000, 20000, 15000, 20000, 15000, 30000, 18000, 20000]})\"", \""(         date  sales  profit\\n0  2017-03-01  12000   18000\\n1  2017-03-02   8000   12000,          date  sales  profit\\n2  2017-03-03  25000   30000\\n3  2017-03-04  15000   20000\\n4  2017-03-05  10000   15000\\n5  2017-03-06  15000   20000\\n6  2017-03-07  10000   15000\\n7  2017-03-08  25000   30000\\n8  2017-03-09  12000   18000\\n9  2017-03-10  15000   20000)\"", \""<Execution Error: No module named 'sklearn'>\""], [\""DataFrame({'date': [Timestamp('2020-07-01 00:00:00'), Timestamp('2020-07-02 00:00:00'), Timestamp('2020-07-03 00:00:00'), Timestamp('2020-07-04 00:00:00'), Timestamp('2020-07-05 00:00:00'), Timestamp('2020-07-06 00:00:00'), Timestamp('2020-07-07 00:00:00'), Timestamp('2020-07-08 00:00:00'), Timestamp('2020-07-09 00:00:00'), Timestamp('2020-07-10 00:00:00'), Timestamp('2020-07-11 00:00:00'), Timestamp('2020-07-12 00:00:00'), Timestamp('2020-07-13 00:00:00'), Timestamp('2020-07-14 00:00:00'), Time...[truncated]\"", \""(        date  counts\\n0 2020-07-01       1\\n1 2020-07-02       2\\n2 2020-07-03       3\\n3 2020-07-04       4\\n4 2020-07-05       5\\n5 2020-07-06       6,          date  counts\\n6  2020-07-07       7\\n7  2020-07-08       8\\n8  2020-07-09       9\\n9  2020-07-10      10\\n10 2020-07-11      11\\n11 2020-07-12      12\\n12 2020-07-13      13\\n13 2020-07-14      14\\n14 2020-07-15      15\\n15 2020-07-16      16\\n16 2020-07-17      17\\n17 2020-07-18      18\\n18 2020-07-19      19\\n19 2020-07-20      20\\n20 2020-07-21      21...[truncated]\"", \""<Execution Error: No module named 'sklearn'>\""]]""}","
import pandas as pd
import numpy as np
from sklearn.model_selection import train_test_split
features_dataframe = test_input
train_size = 0.2
train_dataframe, test_dataframe = train_test_split(features_dataframe, train_size=train_size, random_state=42)
result = (train_dataframe, test_dataframe)
","<<<< [ERROR START] (dynamic: ModuleNotFoundError)

[ERROR FINISH] (dynamic: ModuleNotFoundError) >>>>
import pandas as pd
import numpy as np
from sklearn.model_selection import train_test_split
features_dataframe = test_input
train_size = 0.2
train_dataframe, test_dataframe = train_test_split(features_dataframe, train_size=train_size, random_state=42)
result = (train_dataframe, test_dataframe)
",dynamic,dynamic: ModuleNotFoundError,1-1
DS1000,hallucinated,DS0922,,,,"{""error_type"": ""ModuleNotFoundError"", ""error_message"": ""No module named 'sklearn'"", ""line_no"": ""1.0"", ""test_case"": ""[[\""DataFrame({'date': ['2017-03-01', '2017-03-02', '2017-03-03', '2017-03-04', '2017-03-05', '2017-03-06', '2017-03-07', '2017-03-08', '2017-03-09', '2017-03-10'], 'sales': [12000, 8000, 25000, 15000, 10000, 15000, 10000, 25000, 12000, 15000], 'profit': [18000, 12000, 30000, 20000, 15000, 20000, 15000, 30000, 18000, 20000]})\"", \""(         date  sales  profit\\n2  2017-03-03  25000   30000\\n3  2017-03-04  15000   20000\\n4  2017-03-05  10000   15000\\n5  2017-03-06  15000   20000\\n6  2017-03-07  10000   15000\\n7  2017-03-08  25000   30000\\n8  2017-03-09  12000   18000\\n9  2017-03-10  15000   20000,          date  sales  profit\\n0  2017-03-01  12000   18000\\n1  2017-03-02   8000   12000)\"", \""<Execution Error: No module named 'sklearn'>\""], [\""DataFrame({'date': [Timestamp('2020-07-01 00:00:00'), Timestamp('2020-07-02 00:00:00'), Timestamp('2020-07-03 00:00:00'), Timestamp('2020-07-04 00:00:00'), Timestamp('2020-07-05 00:00:00'), Timestamp('2020-07-06 00:00:00'), Timestamp('2020-07-07 00:00:00'), Timestamp('2020-07-08 00:00:00'), Timestamp('2020-07-09 00:00:00'), Timestamp('2020-07-10 00:00:00'), Timestamp('2020-07-11 00:00:00'), Timestamp('2020-07-12 00:00:00'), Timestamp('2020-07-13 00:00:00'), Timestamp('2020-07-14 00:00:00'), Time...[truncated]\"", \""(         date  counts\\n6  2020-07-07       7\\n7  2020-07-08       8\\n8  2020-07-09       9\\n9  2020-07-10      10\\n10 2020-07-11      11\\n11 2020-07-12      12\\n12 2020-07-13      13\\n13 2020-07-14      14\\n14 2020-07-15      15\\n15 2020-07-16      16\\n16 2020-07-17      17\\n17 2020-07-18      18\\n18 2020-07-19      19\\n19 2020-07-20      20\\n20 2020-07-21      21\\n21 2020-07-22      22\\n22 2020-07-23      23\\n23 2020-07-24      24\\n24 2020-07-25      25\\n25 2020-07-26      26\\n26 2020-07-27      27\\n27 2020-07-28  ...[truncated]\"", \""<Execution Error: No module named 'sklearn'>\""]]""}","
import pandas as pd
import numpy as np
from sklearn.model_selection import train_test_split
features_dataframe = test_input
import pandas as pd
import numpy as np
from sklearn.model_selection import train_test_split

# Assuming 'features_dataframe' is already defined and contains a column named 'date'
train_size = 0.8
train_dataframe, test_dataframe = train_test_split(features_dataframe, train_size=train_size, random_state=42)

# Sort the dataframes by the 'date' column
train_dataframe = train_dataframe.sort_values(by='date')
test_dataframe = test_dataframe.sort_values(by='date')

# Ensure the final output is available in variable `result`
result = (train_dataframe, test_dataframe)
result = (train_dataframe, test_dataframe)
","<<<< [ERROR START] (dynamic: ModuleNotFoundError)

[ERROR FINISH] (dynamic: ModuleNotFoundError) >>>>
import pandas as pd
import numpy as np
from sklearn.model_selection import train_test_split
features_dataframe = test_input
import pandas as pd
import numpy as np
from sklearn.model_selection import train_test_split

# Assuming 'features_dataframe' is already defined and contains a column named 'date'
train_size = 0.8
train_dataframe, test_dataframe = train_test_split(features_dataframe, train_size=train_size, random_state=42)

# Sort the dataframes by the 'date' column
train_dataframe = train_dataframe.sort_values(by='date')
test_dataframe = test_dataframe.sort_values(by='date')

# Ensure the final output is available in variable `result`
result = (train_dataframe, test_dataframe)
result = (train_dataframe, test_dataframe)
",dynamic,dynamic: ModuleNotFoundError,1-1
DS1000,hallucinated,DS0923,"{""type"": ""IndentationError"", ""value"": 7, ""message"": ""expected an indented block after function definition on line 6 (<unknown>, line 7)""}",,,"{""error_type"": ""IndentationError"", ""error_message"": ""expected an indented block after function definition on line 6 (<string>, line 8)"", ""line_no"": ""2.0"", ""test_case"": ""[[\""DataFrame({'date': ['2017-03-01', '2017-03-02', '2017-03-03', '2017-03-04', '2017-03-05', '2017-03-06', '2017-03-07', '2017-03-08', '2017-03-09', '2017-03-10'], 'sales': [12000, 8000, 25000, 15000, 10000, 15000, 10000, 25000, 12000, 15000], 'profit': [18000, 12000, 30000, 20000, 15000, 20000, 15000, 30000, 18000, 20000]})\"", \""(         date  sales  profit\\n0  2017-03-01  12000   18000\\n1  2017-03-02   8000   12000,          date  sales  profit\\n2  2017-03-03  25000   30000\\n3  2017-03-04  15000   20000\\n4  2017-03-05  10000   15000\\n5  2017-03-06  15000   20000\\n6  2017-03-07  10000   15000\\n7  2017-03-08  25000   30000\\n8  2017-03-09  12000   18000\\n9  2017-03-10  15000   20000)\"", \""<Execution Error: expected an indented block after function definition on line 6 (<string>, line 7)>\""], [\""DataFrame({'date': [Timestamp('2020-07-01 00:00:00'), Timestamp('2020-07-02 00:00:00'), Timestamp('2020-07-03 00:00:00'), Timestamp('2020-07-04 00:00:00'), Timestamp('2020-07-05 00:00:00'), Timestamp('2020-07-06 00:00:00'), Timestamp('2020-07-07 00:00:00'), Timestamp('2020-07-08 00:00:00'), Timestamp('2020-07-09 00:00:00'), Timestamp('2020-07-10 00:00:00'), Timestamp('2020-07-11 00:00:00'), Timestamp('2020-07-12 00:00:00'), Timestamp('2020-07-13 00:00:00'), Timestamp('2020-07-14 00:00:00'), Time...[truncated]\"", \""(        date  counts\\n0 2020-07-01       1\\n1 2020-07-02       2\\n2 2020-07-03       3\\n3 2020-07-04       4\\n4 2020-07-05       5\\n5 2020-07-06       6,          date  counts\\n6  2020-07-07       7\\n7  2020-07-08       8\\n8  2020-07-09       9\\n9  2020-07-10      10\\n10 2020-07-11      11\\n11 2020-07-12      12\\n12 2020-07-13      13\\n13 2020-07-14      14\\n14 2020-07-15      15\\n15 2020-07-16      16\\n16 2020-07-17      17\\n17 2020-07-18      18\\n18 2020-07-19      19\\n19 2020-07-20      20\\n20 2020-07-21      21...[truncated]\"", \""<Execution Error: expected an indented block after function definition on line 6 (<string>, line 7)>\""]]""}","
import pandas as pd
import numpy as np
from sklearn.model_selection import train_test_split
features_dataframe = test_input
def solve(features_dataframe):
result = features_dataframe.iloc[:int(len(features_dataframe) * 0.8)]
result = solve(features_dataframe)
","
<<<< [ERROR START] (dynamic: IndentationError)
import pandas as pd
[ERROR FINISH] (dynamic: IndentationError) >>>>
import numpy as np
from sklearn.model_selection import train_test_split
features_dataframe = test_input
def solve(features_dataframe):
<<<< [ERROR START] (ast: IndentationError)
result = features_dataframe.iloc[:int(len(features_dataframe) * 0.8)]
[ERROR FINISH] (ast: IndentationError) >>>>
result = solve(features_dataframe)
","ast,dynamic","ast: IndentationError,dynamic: IndentationError","7-7,2-2"
DS1000,hallucinated,DS0924,,,,"{""error_type"": ""ModuleNotFoundError"", ""error_message"": ""No module named 'sklearn'"", ""line_no"": ""4.0"", ""test_case"": """"}","
import pandas as pd
import numpy as np
from sklearn.preprocessing import MinMaxScaler
df, scaler = test_input
result = df.copy()
result[['X2_scale', 'X3_scale']] = df.groupby('Month')[['X2', 'X3']].transform(lambda x: scaler.fit_transform(x))
result = df
","
import pandas as pd
import numpy as np
<<<< [ERROR START] (dynamic: ModuleNotFoundError)
from sklearn.preprocessing import MinMaxScaler
[ERROR FINISH] (dynamic: ModuleNotFoundError) >>>>
df, scaler = test_input
result = df.copy()
result[['X2_scale', 'X3_scale']] = df.groupby('Month')[['X2', 'X3']].transform(lambda x: scaler.fit_transform(x))
result = df
",dynamic,dynamic: ModuleNotFoundError,4-4
DS1000,hallucinated,DS0925,,,,"{""error_type"": ""ModuleNotFoundError"", ""error_message"": ""No module named 'sklearn'"", ""line_no"": ""4.0"", ""test_case"": """"}","
import pandas as pd
import numpy as np
from sklearn.preprocessing import MinMaxScaler
myData, scaler = test_input
result = myData.copy()
result[['new_A2', 'new_A3']] = myData.groupby('Month')[['A2', 'A3']].transform(lambda x: scaler.fit_transform(x.values.reshape(-1, 1)).flatten())
result = myData
","
import pandas as pd
import numpy as np
<<<< [ERROR START] (dynamic: ModuleNotFoundError)
from sklearn.preprocessing import MinMaxScaler
[ERROR FINISH] (dynamic: ModuleNotFoundError) >>>>
myData, scaler = test_input
result = myData.copy()
result[['new_A2', 'new_A3']] = myData.groupby('Month')[['A2', 'A3']].transform(lambda x: scaler.fit_transform(x.values.reshape(-1, 1)).flatten())
result = myData
",dynamic,dynamic: ModuleNotFoundError,4-4
DS1000,hallucinated,DS0926,,,,"{""error_type"": ""ModuleNotFoundError"", ""error_message"": ""No module named 'sklearn'"", ""line_no"": ""3.0"", ""test_case"": """"}","
import pandas as pd
import numpy as np
from sklearn.feature_extraction.text import CountVectorizer
words = test_input
result = count.get_feature_names()
result = feature_names
","
import pandas as pd
<<<< [ERROR START] (dynamic: ModuleNotFoundError)
import numpy as np
[ERROR FINISH] (dynamic: ModuleNotFoundError) >>>>
from sklearn.feature_extraction.text import CountVectorizer
words = test_input
result = count.get_feature_names()
result = feature_names
",dynamic,dynamic: ModuleNotFoundError,3-3
DS1000,hallucinated,DS0927,,,,"{""error_type"": ""ModuleNotFoundError"", ""error_message"": ""No module named 'sklearn'"", ""line_no"": ""3.0"", ""test_case"": """"}","
import pandas as pd
import numpy as np
from sklearn.feature_extraction.text import CountVectorizer
words = test_input
result = count.get_feature_names_out()
result = feature_names
","
import pandas as pd
<<<< [ERROR START] (dynamic: ModuleNotFoundError)
import numpy as np
[ERROR FINISH] (dynamic: ModuleNotFoundError) >>>>
from sklearn.feature_extraction.text import CountVectorizer
words = test_input
result = count.get_feature_names_out()
result = feature_names
",dynamic,dynamic: ModuleNotFoundError,3-3
DS1000,hallucinated,DS0928,,,,"{""error_type"": ""ModuleNotFoundError"", ""error_message"": ""No module named 'sklearn'"", ""line_no"": ""4.0"", ""test_case"": """"}","
import pandas as pd
import numpy as np
from sklearn.model_selection import GridSearchCV
GridSearch_fitted = test_input
result = pd.DataFrame(GridSearch_fitted.cv_results_)
result = full_results
","
import pandas as pd
import numpy as np
<<<< [ERROR START] (dynamic: ModuleNotFoundError)
from sklearn.model_selection import GridSearchCV
[ERROR FINISH] (dynamic: ModuleNotFoundError) >>>>
GridSearch_fitted = test_input
result = pd.DataFrame(GridSearch_fitted.cv_results_)
result = full_results
",dynamic,dynamic: ModuleNotFoundError,4-4
DS1000,hallucinated,DS0929,,,,"{""error_type"": ""ModuleNotFoundError"", ""error_message"": ""No module named 'sklearn'"", ""line_no"": ""4.0"", ""test_case"": """"}","
import pandas as pd
import numpy as np
from sklearn.model_selection import GridSearchCV
GridSearch_fitted = test_input
result = pd.DataFrame(GridSearch_fitted.cv_results_)
result = full_results
","
import pandas as pd
import numpy as np
<<<< [ERROR START] (dynamic: ModuleNotFoundError)
from sklearn.model_selection import GridSearchCV
[ERROR FINISH] (dynamic: ModuleNotFoundError) >>>>
GridSearch_fitted = test_input
result = pd.DataFrame(GridSearch_fitted.cv_results_)
result = full_results
",dynamic,dynamic: ModuleNotFoundError,4-4
DS1000,hallucinated,DS0930,,,,"{""error_type"": ""ModuleNotFoundError"", ""error_message"": ""No module named 'sklearn'"", ""line_no"": ""2.0"", ""test_case"": """"}","import os
import pandas as pd
import numpy as np
if os.path.exists(""sklearn_model""):
    os.remove(""sklearn_model"")
def creat():
    fitted_model = test_input
    return fitted_model
fitted_model = creat()
import joblib

# Save the fitted model to a file
joblib.dump(fitted_model, ""sklearn_model"")
result = None
assert os.path.exists(""sklearn_model"") and not os.path.isdir(""sklearn_model"")
","import os
<<<< [ERROR START] (dynamic: ModuleNotFoundError)
import pandas as pd
[ERROR FINISH] (dynamic: ModuleNotFoundError) >>>>
import numpy as np
if os.path.exists(""sklearn_model""):
    os.remove(""sklearn_model"")
def creat():
    fitted_model = test_input
    return fitted_model
fitted_model = creat()
import joblib

# Save the fitted model to a file
joblib.dump(fitted_model, ""sklearn_model"")
result = None
assert os.path.exists(""sklearn_model"") and not os.path.isdir(""sklearn_model"")
",dynamic,dynamic: ModuleNotFoundError,2-2
DS1000,hallucinated,DS0931,,,,"{""error_type"": ""ModuleNotFoundError"", ""error_message"": ""No module named 'sklearn'"", ""line_no"": ""4.0"", ""test_case"": """"}","
import pandas as pd
import numpy as np
import sklearn
from sklearn.feature_extraction.text import TfidfVectorizer
df = test_input
tfidf = TfidfVectorizer()
cosine_similarity_matrix = tfidf.fit_transform(df['description']).toarray()
result = cosine_similarity_matrix
","
import pandas as pd
import numpy as np
<<<< [ERROR START] (dynamic: ModuleNotFoundError)
import sklearn
[ERROR FINISH] (dynamic: ModuleNotFoundError) >>>>
from sklearn.feature_extraction.text import TfidfVectorizer
df = test_input
tfidf = TfidfVectorizer()
cosine_similarity_matrix = tfidf.fit_transform(df['description']).toarray()
result = cosine_similarity_matrix
",dynamic,dynamic: ModuleNotFoundError,4-4
DS1000,hallucinated,DS0932,,,,"{""error_type"": ""ModuleNotFoundError"", ""error_message"": ""No module named 'torch'"", ""line_no"": ""1.0"", ""test_case"": """"}","
import pandas as pd
import numpy as np
import torch
optim = test_input
optim.param_groups[0]['lr'] = 0.001
result = optim
","<<<< [ERROR START] (dynamic: ModuleNotFoundError)

[ERROR FINISH] (dynamic: ModuleNotFoundError) >>>>
import pandas as pd
import numpy as np
import torch
optim = test_input
optim.param_groups[0]['lr'] = 0.001
result = optim
",dynamic,dynamic: ModuleNotFoundError,1-1
DS1000,hallucinated,DS0933,,,,"{""error_type"": ""ModuleNotFoundError"", ""error_message"": ""No module named 'torch'"", ""line_no"": ""1.0"", ""test_case"": """"}","
import pandas as pd
import numpy as np
import torch
optim = test_input
if optim.param_groups[0]['lr'] > 0.001:
    optim.param_groups[0]['lr'] = 0.001
result = optim
","<<<< [ERROR START] (dynamic: ModuleNotFoundError)

[ERROR FINISH] (dynamic: ModuleNotFoundError) >>>>
import pandas as pd
import numpy as np
import torch
optim = test_input
if optim.param_groups[0]['lr'] > 0.001:
    optim.param_groups[0]['lr'] = 0.001
result = optim
",dynamic,dynamic: ModuleNotFoundError,1-1
DS1000,hallucinated,DS0934,,,,"{""error_type"": ""ModuleNotFoundError"", ""error_message"": ""No module named 'torch'"", ""line_no"": ""1.0"", ""test_case"": """"}","
import pandas as pd
import numpy as np
import torch
optim = test_input
optim.param_groups[0]['lr'] = 0.0005
result = optim
","<<<< [ERROR START] (dynamic: ModuleNotFoundError)

[ERROR FINISH] (dynamic: ModuleNotFoundError) >>>>
import pandas as pd
import numpy as np
import torch
optim = test_input
optim.param_groups[0]['lr'] = 0.0005
result = optim
",dynamic,dynamic: ModuleNotFoundError,1-1
DS1000,hallucinated,DS0935,,,,"{""error_type"": ""ModuleNotFoundError"", ""error_message"": ""No module named 'torch'"", ""line_no"": ""1.0"", ""test_case"": """"}","
import pandas as pd
import numpy as np
import torch
optim = test_input
if loss > previous_loss:
    optim.param_groups[0]['lr'] *= 0.1
previous_loss = loss
result = optim
","<<<< [ERROR START] (dynamic: ModuleNotFoundError)

[ERROR FINISH] (dynamic: ModuleNotFoundError) >>>>
import pandas as pd
import numpy as np
import torch
optim = test_input
if loss > previous_loss:
    optim.param_groups[0]['lr'] *= 0.1
previous_loss = loss
result = optim
",dynamic,dynamic: ModuleNotFoundError,1-1
DS1000,hallucinated,DS0938,,,,"{""error_type"": ""ModuleNotFoundError"", ""error_message"": ""No module named 'torch'"", ""line_no"": ""3.0"", ""test_case"": """"}","
import numpy as np
import pandas as pd
import torch
x = test_input
result = x.numpy()
result = px
","
import numpy as np
<<<< [ERROR START] (dynamic: ModuleNotFoundError)
import pandas as pd
[ERROR FINISH] (dynamic: ModuleNotFoundError) >>>>
import torch
x = test_input
result = x.numpy()
result = px
",dynamic,dynamic: ModuleNotFoundError,3-3
DS1000,hallucinated,DS0939,,,,"{""error_type"": ""ModuleNotFoundError"", ""error_message"": ""No module named 'torch'"", ""line_no"": ""3.0"", ""test_case"": """"}","
import numpy as np
import pandas as pd
import torch
x = test_input
result = x.numpy()
result = px
","
import numpy as np
<<<< [ERROR START] (dynamic: ModuleNotFoundError)
import pandas as pd
[ERROR FINISH] (dynamic: ModuleNotFoundError) >>>>
import torch
x = test_input
result = x.numpy()
result = px
",dynamic,dynamic: ModuleNotFoundError,3-3
DS1000,hallucinated,DS0940,,,,"{""error_type"": ""ModuleNotFoundError"", ""error_message"": ""No module named 'torch'"", ""line_no"": ""3.0"", ""test_case"": """"}","
import numpy as np
import pandas as pd
import torch
x = test_input
result = x.numpy()
result = px
","
import numpy as np
<<<< [ERROR START] (dynamic: ModuleNotFoundError)
import pandas as pd
[ERROR FINISH] (dynamic: ModuleNotFoundError) >>>>
import torch
x = test_input
result = x.numpy()
result = px
",dynamic,dynamic: ModuleNotFoundError,3-3
DS1000,hallucinated,DS0941,,,,"{""error_type"": ""ModuleNotFoundError"", ""error_message"": ""No module named 'torch'"", ""line_no"": ""1.0"", ""test_case"": """"}","
import numpy as np
import pandas as pd
import torch
A_log, B = test_input
result = B[:, A_log]
result = C
","<<<< [ERROR START] (dynamic: ModuleNotFoundError)

[ERROR FINISH] (dynamic: ModuleNotFoundError) >>>>
import numpy as np
import pandas as pd
import torch
A_log, B = test_input
result = B[:, A_log]
result = C
",dynamic,dynamic: ModuleNotFoundError,1-1
DS1000,hallucinated,DS0942,,,,"{""error_type"": ""ModuleNotFoundError"", ""error_message"": ""No module named 'torch'"", ""line_no"": ""1.0"", ""test_case"": """"}","
import numpy as np
import pandas as pd
import torch
A_logical, B = test_input
result = B[:, A_logical]
result = C
","<<<< [ERROR START] (dynamic: ModuleNotFoundError)

[ERROR FINISH] (dynamic: ModuleNotFoundError) >>>>
import numpy as np
import pandas as pd
import torch
A_logical, B = test_input
result = B[:, A_logical]
result = C
",dynamic,dynamic: ModuleNotFoundError,1-1
DS1000,hallucinated,DS0943,,,,"{""error_type"": ""ModuleNotFoundError"", ""error_message"": ""No module named 'torch'"", ""line_no"": ""1.0"", ""test_case"": """"}","
import numpy as np
import pandas as pd
import torch
A_log, B = test_input
result = B[:, A_log]
result = C
","<<<< [ERROR START] (dynamic: ModuleNotFoundError)

[ERROR FINISH] (dynamic: ModuleNotFoundError) >>>>
import numpy as np
import pandas as pd
import torch
A_log, B = test_input
result = B[:, A_log]
result = C
",dynamic,dynamic: ModuleNotFoundError,1-1
DS1000,hallucinated,DS0944,,,,"{""error_type"": ""ModuleNotFoundError"", ""error_message"": ""No module named 'torch'"", ""line_no"": ""1.0"", ""test_case"": """"}","
import numpy as np
import pandas as pd
import torch
A_log, B = test_input
result = C[:, A_log]
result = C
","<<<< [ERROR START] (dynamic: ModuleNotFoundError)

[ERROR FINISH] (dynamic: ModuleNotFoundError) >>>>
import numpy as np
import pandas as pd
import torch
A_log, B = test_input
result = C[:, A_log]
result = C
",dynamic,dynamic: ModuleNotFoundError,1-1
DS1000,hallucinated,DS0945,"{""type"": ""IndentationError"", ""value"": 7, ""message"": ""expected an indented block after function definition on line 6 (<unknown>, line 7)""}",,,"{""error_type"": ""ModuleNotFoundError"", ""error_message"": ""No module named 'torch'"", ""line_no"": ""1.0"", ""test_case"": """"}","
import numpy as np
import pandas as pd
import torch
A_log, B = test_input
def solve(A_log, B):
C = B[:, A_log]
C = solve(A_log, B)
result = C
","<<<< [ERROR START] (dynamic: ModuleNotFoundError)

[ERROR FINISH] (dynamic: ModuleNotFoundError) >>>>
import numpy as np
import pandas as pd
import torch
A_log, B = test_input
def solve(A_log, B):
<<<< [ERROR START] (ast: IndentationError)
C = B[:, A_log]
[ERROR FINISH] (ast: IndentationError) >>>>
C = solve(A_log, B)
result = C
","ast,dynamic","ast: IndentationError,dynamic: ModuleNotFoundError","7-7,1-1"
DS1000,hallucinated,DS0946,,,,"{""error_type"": ""ModuleNotFoundError"", ""error_message"": ""No module named 'torch'"", ""line_no"": ""1.0"", ""test_case"": """"}","
import numpy as np
import pandas as pd
import torch
A_log, B = test_input
result = B[:, ~A_log]
result = C
","<<<< [ERROR START] (dynamic: ModuleNotFoundError)

[ERROR FINISH] (dynamic: ModuleNotFoundError) >>>>
import numpy as np
import pandas as pd
import torch
A_log, B = test_input
result = B[:, ~A_log]
result = C
",dynamic,dynamic: ModuleNotFoundError,1-1
DS1000,hallucinated,DS0947,,,,"{""error_type"": ""ModuleNotFoundError"", ""error_message"": ""No module named 'torch'"", ""line_no"": ""1.0"", ""test_case"": """"}","
import numpy as np
import pandas as pd
import torch
idx, B = test_input
result = B[:, idx]
result = C
","<<<< [ERROR START] (dynamic: ModuleNotFoundError)

[ERROR FINISH] (dynamic: ModuleNotFoundError) >>>>
import numpy as np
import pandas as pd
import torch
idx, B = test_input
result = B[:, idx]
result = C
",dynamic,dynamic: ModuleNotFoundError,1-1
DS1000,hallucinated,DS0948,,,,"{""error_type"": ""ModuleNotFoundError"", ""error_message"": ""No module named 'torch'"", ""line_no"": ""2.0"", ""test_case"": """"}","
import numpy as np
import pandas as pd
import torch
x_array = test_input
x_tensor = torch.tensor(x_array.tolist())
result = x_tensor
","
<<<< [ERROR START] (dynamic: ModuleNotFoundError)
import numpy as np
[ERROR FINISH] (dynamic: ModuleNotFoundError) >>>>
import pandas as pd
import torch
x_array = test_input
x_tensor = torch.tensor(x_array.tolist())
result = x_tensor
",dynamic,dynamic: ModuleNotFoundError,2-2
DS1000,hallucinated,DS0949,,,,"{""error_type"": ""ModuleNotFoundError"", ""error_message"": ""No module named 'torch'"", ""line_no"": ""2.0"", ""test_case"": """"}","
import numpy as np
import pandas as pd
import torch
x_array = test_input
x_tensor = torch.tensor(x_array)
result = x_tensor
","
<<<< [ERROR START] (dynamic: ModuleNotFoundError)
import numpy as np
[ERROR FINISH] (dynamic: ModuleNotFoundError) >>>>
import pandas as pd
import torch
x_array = test_input
x_tensor = torch.tensor(x_array)
result = x_tensor
",dynamic,dynamic: ModuleNotFoundError,2-2
DS1000,hallucinated,DS0950,"{""type"": ""IndentationError"", ""value"": 7, ""message"": ""expected an indented block after function definition on line 6 (<unknown>, line 7)""}",,,"{""error_type"": ""ModuleNotFoundError"", ""error_message"": ""No module named 'torch'"", ""line_no"": ""2.0"", ""test_case"": """"}","
import numpy as np
import pandas as pd
import torch
x_array = test_input
def Convert(a):
import torch

x_tensor = torch.tensor(x_array, dtype=torch.float16)
x_tensor = Convert(x_array)
result = x_tensor
","
<<<< [ERROR START] (dynamic: ModuleNotFoundError)
import numpy as np
[ERROR FINISH] (dynamic: ModuleNotFoundError) >>>>
import pandas as pd
import torch
x_array = test_input
def Convert(a):
<<<< [ERROR START] (ast: IndentationError)
import torch
[ERROR FINISH] (ast: IndentationError) >>>>

x_tensor = torch.tensor(x_array, dtype=torch.float16)
x_tensor = Convert(x_array)
result = x_tensor
","ast,dynamic","ast: IndentationError,dynamic: ModuleNotFoundError","7-7,2-2"
DS1000,hallucinated,DS0951,,,,"{""error_type"": ""ModuleNotFoundError"", ""error_message"": ""No module named 'torch'"", ""line_no"": ""1.0"", ""test_case"": """"}","
import numpy as np
import pandas as pd
import torch
lens = test_input
result = torch.zeros(len(lens), max(lens)).long()
for i, length in enumerate(lens):
    result[i, :length] = 1
result = mask
","<<<< [ERROR START] (dynamic: ModuleNotFoundError)

[ERROR FINISH] (dynamic: ModuleNotFoundError) >>>>
import numpy as np
import pandas as pd
import torch
lens = test_input
result = torch.zeros(len(lens), max(lens)).long()
for i, length in enumerate(lens):
    result[i, :length] = 1
result = mask
",dynamic,dynamic: ModuleNotFoundError,1-1
DS1000,hallucinated,DS0952,,,,"{""error_type"": ""ModuleNotFoundError"", ""error_message"": ""No module named 'torch'"", ""line_no"": ""1.0"", ""test_case"": """"}","
import numpy as np
import pandas as pd
import torch
lens = test_input
result = torch.zeros(len(lens), max(lens))
for i, length in enumerate(lens):
    result[i, :length] = 1
result = mask
","<<<< [ERROR START] (dynamic: ModuleNotFoundError)

[ERROR FINISH] (dynamic: ModuleNotFoundError) >>>>
import numpy as np
import pandas as pd
import torch
lens = test_input
result = torch.zeros(len(lens), max(lens))
for i, length in enumerate(lens):
    result[i, :length] = 1
result = mask
",dynamic,dynamic: ModuleNotFoundError,1-1
DS1000,hallucinated,DS0953,,,,"{""error_type"": ""ModuleNotFoundError"", ""error_message"": ""No module named 'torch'"", ""line_no"": ""1.0"", ""test_case"": """"}","
import numpy as np
import pandas as pd
import torch
lens = test_input
result = torch.zeros(len(lens), max(lens))
for i, length in enumerate(lens):
    result[i, :length] = 1
result = mask
","<<<< [ERROR START] (dynamic: ModuleNotFoundError)

[ERROR FINISH] (dynamic: ModuleNotFoundError) >>>>
import numpy as np
import pandas as pd
import torch
lens = test_input
result = torch.zeros(len(lens), max(lens))
for i, length in enumerate(lens):
    result[i, :length] = 1
result = mask
",dynamic,dynamic: ModuleNotFoundError,1-1
DS1000,hallucinated,DS0954,"{""type"": ""IndentationError"", ""value"": 7, ""message"": ""expected an indented block after function definition on line 6 (<unknown>, line 7)""}",,,"{""error_type"": ""ModuleNotFoundError"", ""error_message"": ""No module named 'torch'"", ""line_no"": ""1.0"", ""test_case"": """"}","
import numpy as np
import pandas as pd
import torch
lens = test_input
def get_mask(lens):
import torch

lens = test_input
mask = torch.zeros((len(lens), max(lens)), dtype=torch.long)
for i, length in enumerate(lens):
    mask[i, :length] = 1
result = mask
mask = get_mask(lens)
result = mask
","<<<< [ERROR START] (dynamic: ModuleNotFoundError)

[ERROR FINISH] (dynamic: ModuleNotFoundError) >>>>
import numpy as np
import pandas as pd
import torch
lens = test_input
def get_mask(lens):
<<<< [ERROR START] (ast: IndentationError)
import torch
[ERROR FINISH] (ast: IndentationError) >>>>

lens = test_input
mask = torch.zeros((len(lens), max(lens)), dtype=torch.long)
for i, length in enumerate(lens):
    mask[i, :length] = 1
result = mask
mask = get_mask(lens)
result = mask
","ast,dynamic","ast: IndentationError,dynamic: ModuleNotFoundError","7-7,1-1"
DS1000,hallucinated,DS0955,,,,"{""error_type"": ""ModuleNotFoundError"", ""error_message"": ""No module named 'torch'"", ""line_no"": ""1.0"", ""test_case"": """"}","
import numpy as np
import pandas as pd
import torch
Tensor_2D = test_input
Tensor_3D = Tensor_2D.unsqueeze(2) * torch.diag(diag_ele)
result = Tensor_3D
","<<<< [ERROR START] (dynamic: ModuleNotFoundError)

[ERROR FINISH] (dynamic: ModuleNotFoundError) >>>>
import numpy as np
import pandas as pd
import torch
Tensor_2D = test_input
Tensor_3D = Tensor_2D.unsqueeze(2) * torch.diag(diag_ele)
result = Tensor_3D
",dynamic,dynamic: ModuleNotFoundError,1-1
DS1000,hallucinated,DS0956,"{""type"": ""IndentationError"", ""value"": 7, ""message"": ""expected an indented block after function definition on line 6 (<unknown>, line 7)""}",,,"{""error_type"": ""ModuleNotFoundError"", ""error_message"": ""No module named 'torch'"", ""line_no"": ""1.0"", ""test_case"": """"}","
import numpy as np
import pandas as pd
import torch
Tensor_2D = test_input
def Convert(t):
Tensor_3D = Tensor_2D.unsqueeze(2) * torch.diag(diag_ele)
Tensor_3D = Convert(Tensor_2D)
result = Tensor_3D
","<<<< [ERROR START] (dynamic: ModuleNotFoundError)

[ERROR FINISH] (dynamic: ModuleNotFoundError) >>>>
import numpy as np
import pandas as pd
import torch
Tensor_2D = test_input
def Convert(t):
<<<< [ERROR START] (ast: IndentationError)
Tensor_3D = Tensor_2D.unsqueeze(2) * torch.diag(diag_ele)
[ERROR FINISH] (ast: IndentationError) >>>>
Tensor_3D = Convert(Tensor_2D)
result = Tensor_3D
","ast,dynamic","ast: IndentationError,dynamic: ModuleNotFoundError","7-7,1-1"
DS1000,hallucinated,DS0957,,,,"{""error_type"": ""ModuleNotFoundError"", ""error_message"": ""No module named 'torch'"", ""line_no"": ""1.0"", ""test_case"": """"}","
import numpy as np
import pandas as pd
import torch
a, b = test_input
ab = torch.cat((a.unsqueeze(0), b.unsqueeze(0)), dim=0)
result = ab
","<<<< [ERROR START] (dynamic: ModuleNotFoundError)

[ERROR FINISH] (dynamic: ModuleNotFoundError) >>>>
import numpy as np
import pandas as pd
import torch
a, b = test_input
ab = torch.cat((a.unsqueeze(0), b.unsqueeze(0)), dim=0)
result = ab
",dynamic,dynamic: ModuleNotFoundError,1-1
DS1000,hallucinated,DS0958,,,,"{""error_type"": ""ModuleNotFoundError"", ""error_message"": ""No module named 'torch'"", ""line_no"": ""1.0"", ""test_case"": """"}","
import numpy as np
import pandas as pd
import torch
a, b = test_input
result = torch.cat((a.unsqueeze(0), b.unsqueeze(0)), dim=0)
result = ab
","<<<< [ERROR START] (dynamic: ModuleNotFoundError)

[ERROR FINISH] (dynamic: ModuleNotFoundError) >>>>
import numpy as np
import pandas as pd
import torch
a, b = test_input
result = torch.cat((a.unsqueeze(0), b.unsqueeze(0)), dim=0)
result = ab
",dynamic,dynamic: ModuleNotFoundError,1-1
DS1000,hallucinated,DS0959,"{""type"": ""IndentationError"", ""value"": 7, ""message"": ""expected an indented block after function definition on line 6 (<unknown>, line 7)""}",,,"{""error_type"": ""ModuleNotFoundError"", ""error_message"": ""No module named 'torch'"", ""line_no"": ""1.0"", ""test_case"": """"}","
import numpy as np
import pandas as pd
import torch
a, b = test_input
def solve(a, b):
ab = torch.cat((a.unsqueeze(0), b.unsqueeze(0)), dim=0)
ab = solve(a, b)
result = ab
","<<<< [ERROR START] (dynamic: ModuleNotFoundError)

[ERROR FINISH] (dynamic: ModuleNotFoundError) >>>>
import numpy as np
import pandas as pd
import torch
a, b = test_input
def solve(a, b):
<<<< [ERROR START] (ast: IndentationError)
ab = torch.cat((a.unsqueeze(0), b.unsqueeze(0)), dim=0)
[ERROR FINISH] (ast: IndentationError) >>>>
ab = solve(a, b)
result = ab
","ast,dynamic","ast: IndentationError,dynamic: ModuleNotFoundError","7-7,1-1"
DS1000,hallucinated,DS0960,,,,"{""error_type"": ""ModuleNotFoundError"", ""error_message"": ""No module named 'torch'"", ""line_no"": ""1.0"", ""test_case"": """"}","
import numpy as np
import pandas as pd
import torch
a, lengths = test_input
result = a * (torch.arange(a.size(1)) < lengths.unsqueeze(1))
result = a
","<<<< [ERROR START] (dynamic: ModuleNotFoundError)

[ERROR FINISH] (dynamic: ModuleNotFoundError) >>>>
import numpy as np
import pandas as pd
import torch
a, lengths = test_input
result = a * (torch.arange(a.size(1)) < lengths.unsqueeze(1))
result = a
",dynamic,dynamic: ModuleNotFoundError,1-1
DS1000,hallucinated,DS0961,,,,"{""error_type"": ""ModuleNotFoundError"", ""error_message"": ""No module named 'torch'"", ""line_no"": ""1.0"", ""test_case"": """"}","
import numpy as np
import pandas as pd
import torch
a, lengths = test_input
result = a
result[:, lengths:, :] = 2333
result = a
","<<<< [ERROR START] (dynamic: ModuleNotFoundError)

[ERROR FINISH] (dynamic: ModuleNotFoundError) >>>>
import numpy as np
import pandas as pd
import torch
a, lengths = test_input
result = a
result[:, lengths:, :] = 2333
result = a
",dynamic,dynamic: ModuleNotFoundError,1-1
DS1000,hallucinated,DS0962,,,,"{""error_type"": ""ModuleNotFoundError"", ""error_message"": ""No module named 'torch'"", ""line_no"": ""1.0"", ""test_case"": """"}","
import numpy as np
import pandas as pd
import torch
a, lengths = test_input
result = a * (torch.arange(lengths.max()) < lengths.unsqueeze(-1))
result = a
","<<<< [ERROR START] (dynamic: ModuleNotFoundError)

[ERROR FINISH] (dynamic: ModuleNotFoundError) >>>>
import numpy as np
import pandas as pd
import torch
a, lengths = test_input
result = a * (torch.arange(lengths.max()) < lengths.unsqueeze(-1))
result = a
",dynamic,dynamic: ModuleNotFoundError,1-1
DS1000,hallucinated,DS0963,,,,"{""error_type"": ""ModuleNotFoundError"", ""error_message"": ""No module named 'torch'"", ""line_no"": ""1.0"", ""test_case"": """"}","
import numpy as np
import pandas as pd
import torch
a, lengths = test_input
result = a.clone()
result[:, :, lengths:] = 2333
result = a
","<<<< [ERROR START] (dynamic: ModuleNotFoundError)

[ERROR FINISH] (dynamic: ModuleNotFoundError) >>>>
import numpy as np
import pandas as pd
import torch
a, lengths = test_input
result = a.clone()
result[:, :, lengths:] = 2333
result = a
",dynamic,dynamic: ModuleNotFoundError,1-1
DS1000,hallucinated,DS0964,,,,"{""error_type"": ""ModuleNotFoundError"", ""error_message"": ""No module named 'torch'"", ""line_no"": ""1.0"", ""test_case"": """"}","
import numpy as np
import pandas as pd
import torch
list_of_tensors = test_input
result = torch.stack(list_of_tensors)
result = tensor_of_tensors
","<<<< [ERROR START] (dynamic: ModuleNotFoundError)

[ERROR FINISH] (dynamic: ModuleNotFoundError) >>>>
import numpy as np
import pandas as pd
import torch
list_of_tensors = test_input
result = torch.stack(list_of_tensors)
result = tensor_of_tensors
",dynamic,dynamic: ModuleNotFoundError,1-1
DS1000,hallucinated,DS0965,,,,"{""error_type"": ""ModuleNotFoundError"", ""error_message"": ""No module named 'torch'"", ""line_no"": ""1.0"", ""test_case"": """"}","
import numpy as np
import pandas as pd
import torch
list = test_input
result = torch.stack(list)
result = new_tensors
","<<<< [ERROR START] (dynamic: ModuleNotFoundError)

[ERROR FINISH] (dynamic: ModuleNotFoundError) >>>>
import numpy as np
import pandas as pd
import torch
list = test_input
result = torch.stack(list)
result = new_tensors
",dynamic,dynamic: ModuleNotFoundError,1-1
DS1000,hallucinated,DS0966,"{""type"": ""IndentationError"", ""value"": 7, ""message"": ""expected an indented block after function definition on line 6 (<unknown>, line 7)""}",,,"{""error_type"": ""ModuleNotFoundError"", ""error_message"": ""No module named 'torch'"", ""line_no"": ""1.0"", ""test_case"": """"}","
import numpy as np
import pandas as pd
import torch
list_of_tensors = test_input
def Convert(lt):
result = torch.stack(list_of_tensors)
tensor_of_tensors = Convert(list_of_tensors)
result = tensor_of_tensors
","<<<< [ERROR START] (dynamic: ModuleNotFoundError)

[ERROR FINISH] (dynamic: ModuleNotFoundError) >>>>
import numpy as np
import pandas as pd
import torch
list_of_tensors = test_input
def Convert(lt):
<<<< [ERROR START] (ast: IndentationError)
result = torch.stack(list_of_tensors)
[ERROR FINISH] (ast: IndentationError) >>>>
tensor_of_tensors = Convert(list_of_tensors)
result = tensor_of_tensors
","ast,dynamic","ast: IndentationError,dynamic: ModuleNotFoundError","7-7,1-1"
DS1000,hallucinated,DS0967,,,,"{""error_type"": ""ModuleNotFoundError"", ""error_message"": ""No module named 'torch'"", ""line_no"": ""1.0"", ""test_case"": """"}","
import numpy as np
import pandas as pd
import torch
list_of_tensors = test_input
result = torch.stack(list_of_tensors)
result = tensor_of_tensors
","<<<< [ERROR START] (dynamic: ModuleNotFoundError)

[ERROR FINISH] (dynamic: ModuleNotFoundError) >>>>
import numpy as np
import pandas as pd
import torch
list_of_tensors = test_input
result = torch.stack(list_of_tensors)
result = tensor_of_tensors
",dynamic,dynamic: ModuleNotFoundError,1-1
DS1000,hallucinated,DS0968,,,,"{""error_type"": ""ModuleNotFoundError"", ""error_message"": ""No module named 'torch'"", ""line_no"": ""2.0"", ""test_case"": """"}","
import numpy as np
import pandas as pd
import torch
t, idx = test_input
result = t[idx]
","
<<<< [ERROR START] (dynamic: ModuleNotFoundError)
import numpy as np
[ERROR FINISH] (dynamic: ModuleNotFoundError) >>>>
import pandas as pd
import torch
t, idx = test_input
result = t[idx]
",dynamic,dynamic: ModuleNotFoundError,2-2
DS1000,hallucinated,DS0969,,,,"{""error_type"": ""ModuleNotFoundError"", ""error_message"": ""No module named 'torch'"", ""line_no"": ""2.0"", ""test_case"": """"}","
import numpy as np
import pandas as pd
import torch
t, idx = test_input
result = t[idx]
","
<<<< [ERROR START] (dynamic: ModuleNotFoundError)
import numpy as np
[ERROR FINISH] (dynamic: ModuleNotFoundError) >>>>
import pandas as pd
import torch
t, idx = test_input
result = t[idx]
",dynamic,dynamic: ModuleNotFoundError,2-2
DS1000,hallucinated,DS0970,,,,"{""error_type"": ""ModuleNotFoundError"", ""error_message"": ""No module named 'torch'"", ""line_no"": ""2.0"", ""test_case"": """"}","
import numpy as np
import pandas as pd
import torch
t, idx = test_input
result = t[idx]
","
<<<< [ERROR START] (dynamic: ModuleNotFoundError)
import numpy as np
[ERROR FINISH] (dynamic: ModuleNotFoundError) >>>>
import pandas as pd
import torch
t, idx = test_input
result = t[idx]
",dynamic,dynamic: ModuleNotFoundError,2-2
DS1000,hallucinated,DS0971,,,,"{""error_type"": ""ModuleNotFoundError"", ""error_message"": ""No module named 'torch'"", ""line_no"": ""1.0"", ""test_case"": """"}","
import numpy as np
import pandas as pd
import torch
ids, x = test_input
result = x[torch.arange(ids.size(0)), ids.squeeze(), :]
","<<<< [ERROR START] (dynamic: ModuleNotFoundError)

[ERROR FINISH] (dynamic: ModuleNotFoundError) >>>>
import numpy as np
import pandas as pd
import torch
ids, x = test_input
result = x[torch.arange(ids.size(0)), ids.squeeze(), :]
",dynamic,dynamic: ModuleNotFoundError,1-1
DS1000,hallucinated,DS0972,,,,"{""error_type"": ""ModuleNotFoundError"", ""error_message"": ""No module named 'torch'"", ""line_no"": ""1.0"", ""test_case"": """"}","
import numpy as np
import pandas as pd
import torch
ids, x = test_input
result = x.gather(1, ids.unsqueeze(-1)).squeeze(-1)
","<<<< [ERROR START] (dynamic: ModuleNotFoundError)

[ERROR FINISH] (dynamic: ModuleNotFoundError) >>>>
import numpy as np
import pandas as pd
import torch
ids, x = test_input
result = x.gather(1, ids.unsqueeze(-1)).squeeze(-1)
",dynamic,dynamic: ModuleNotFoundError,1-1
DS1000,hallucinated,DS0973,,,,"{""error_type"": ""ModuleNotFoundError"", ""error_message"": ""No module named 'torch'"", ""line_no"": ""1.0"", ""test_case"": """"}","
import numpy as np
import pandas as pd
import torch
ids, x = test_input
result = x[np.arange(ids.shape[0]), ids.argmax(axis=1), :]
","<<<< [ERROR START] (dynamic: ModuleNotFoundError)

[ERROR FINISH] (dynamic: ModuleNotFoundError) >>>>
import numpy as np
import pandas as pd
import torch
ids, x = test_input
result = x[np.arange(ids.shape[0]), ids.argmax(axis=1), :]
",dynamic,dynamic: ModuleNotFoundError,1-1
DS1000,hallucinated,DS0974,,,,"{""error_type"": ""ModuleNotFoundError"", ""error_message"": ""No module named 'torch'"", ""line_no"": ""1.0"", ""test_case"": """"}","
import numpy as np
import pandas as pd
import torch
softmax_output = test_input
result = torch.argmax(softmax_output, dim=1).unsqueeze(1)
result = y
","<<<< [ERROR START] (dynamic: ModuleNotFoundError)

[ERROR FINISH] (dynamic: ModuleNotFoundError) >>>>
import numpy as np
import pandas as pd
import torch
softmax_output = test_input
result = torch.argmax(softmax_output, dim=1).unsqueeze(1)
result = y
",dynamic,dynamic: ModuleNotFoundError,1-1
DS1000,hallucinated,DS0975,,,,"{""error_type"": ""ModuleNotFoundError"", ""error_message"": ""No module named 'torch'"", ""line_no"": ""1.0"", ""test_case"": """"}","
import numpy as np
import pandas as pd
import torch
softmax_output = test_input
result = torch.argmax(softmax_output, dim=1).unsqueeze(-1)
result = y
","<<<< [ERROR START] (dynamic: ModuleNotFoundError)

[ERROR FINISH] (dynamic: ModuleNotFoundError) >>>>
import numpy as np
import pandas as pd
import torch
softmax_output = test_input
result = torch.argmax(softmax_output, dim=1).unsqueeze(-1)
result = y
",dynamic,dynamic: ModuleNotFoundError,1-1
DS1000,hallucinated,DS0976,,,,"{""error_type"": ""ModuleNotFoundError"", ""error_message"": ""No module named 'torch'"", ""line_no"": ""1.0"", ""test_case"": """"}","
import numpy as np
import pandas as pd
import torch
softmax_output = test_input
result = torch.argmin(softmax_output, dim=1, keepdim=True)
result = y
","<<<< [ERROR START] (dynamic: ModuleNotFoundError)

[ERROR FINISH] (dynamic: ModuleNotFoundError) >>>>
import numpy as np
import pandas as pd
import torch
softmax_output = test_input
result = torch.argmin(softmax_output, dim=1, keepdim=True)
result = y
",dynamic,dynamic: ModuleNotFoundError,1-1
DS1000,hallucinated,DS0977,"{""type"": ""IndentationError"", ""value"": 7, ""message"": ""expected an indented block after function definition on line 6 (<unknown>, line 7)""}",,,"{""error_type"": ""ModuleNotFoundError"", ""error_message"": ""No module named 'torch'"", ""line_no"": ""1.0"", ""test_case"": """"}","
import numpy as np
import pandas as pd
import torch
softmax_output = test_input
def solve(softmax_output):
result = torch.argmax(softmax_output, dim=1, keepdim=True)
y = solve(softmax_output)
result = y
","<<<< [ERROR START] (dynamic: ModuleNotFoundError)

[ERROR FINISH] (dynamic: ModuleNotFoundError) >>>>
import numpy as np
import pandas as pd
import torch
softmax_output = test_input
def solve(softmax_output):
<<<< [ERROR START] (ast: IndentationError)
result = torch.argmax(softmax_output, dim=1, keepdim=True)
[ERROR FINISH] (ast: IndentationError) >>>>
y = solve(softmax_output)
result = y
","ast,dynamic","ast: IndentationError,dynamic: ModuleNotFoundError","7-7,1-1"
DS1000,hallucinated,DS0978,"{""type"": ""IndentationError"", ""value"": 7, ""message"": ""expected an indented block after function definition on line 6 (<unknown>, line 7)""}",,,"{""error_type"": ""ModuleNotFoundError"", ""error_message"": ""No module named 'torch'"", ""line_no"": ""1.0"", ""test_case"": """"}","
import numpy as np
import pandas as pd
import torch
softmax_output = test_input
def solve(softmax_output):
import torch

softmax_output = test_input
def solve(softmax_output):
    # Find the index of the minimum value along the second dimension (columns)
    y = torch.argmin(softmax_output, dim=1)
    return y
y = solve(softmax_output)
result = y
    return y
y = solve(softmax_output)
result = y
","<<<< [ERROR START] (dynamic: ModuleNotFoundError)

[ERROR FINISH] (dynamic: ModuleNotFoundError) >>>>
import numpy as np
import pandas as pd
import torch
softmax_output = test_input
def solve(softmax_output):
<<<< [ERROR START] (ast: IndentationError)
import torch
[ERROR FINISH] (ast: IndentationError) >>>>

softmax_output = test_input
def solve(softmax_output):
    # Find the index of the minimum value along the second dimension (columns)
    y = torch.argmin(softmax_output, dim=1)
    return y
y = solve(softmax_output)
result = y
    return y
y = solve(softmax_output)
result = y
","ast,dynamic","ast: IndentationError,dynamic: ModuleNotFoundError","7-7,1-1"
DS1000,hallucinated,DS0979,,,,"{""error_type"": ""ModuleNotFoundError"", ""error_message"": ""No module named 'torch'"", ""line_no"": ""1.0"", ""test_case"": """"}","
import numpy as np
import pandas as pd
import torch
import torch.nn.functional as F
from torch.autograd import Variable
images, labels = test_input
result = F.cross_entropy(images, labels)
result = loss
","<<<< [ERROR START] (dynamic: ModuleNotFoundError)

[ERROR FINISH] (dynamic: ModuleNotFoundError) >>>>
import numpy as np
import pandas as pd
import torch
import torch.nn.functional as F
from torch.autograd import Variable
images, labels = test_input
result = F.cross_entropy(images, labels)
result = loss
",dynamic,dynamic: ModuleNotFoundError,1-1
DS1000,hallucinated,DS0980,,,,"{""error_type"": ""ModuleNotFoundError"", ""error_message"": ""No module named 'torch'"", ""line_no"": ""2.0"", ""test_case"": """"}","
import numpy as np
import pandas as pd
import torch
A, B = test_input
result = (A == B).sum()
result = cnt_equal
","
<<<< [ERROR START] (dynamic: ModuleNotFoundError)
import numpy as np
[ERROR FINISH] (dynamic: ModuleNotFoundError) >>>>
import pandas as pd
import torch
A, B = test_input
result = (A == B).sum()
result = cnt_equal
",dynamic,dynamic: ModuleNotFoundError,2-2
DS1000,hallucinated,DS0981,,,,"{""error_type"": ""ModuleNotFoundError"", ""error_message"": ""No module named 'torch'"", ""line_no"": ""2.0"", ""test_case"": """"}","
import numpy as np
import pandas as pd
import torch
A, B = test_input
result = (A == B).sum()
result = cnt_equal
","
<<<< [ERROR START] (dynamic: ModuleNotFoundError)
import numpy as np
[ERROR FINISH] (dynamic: ModuleNotFoundError) >>>>
import pandas as pd
import torch
A, B = test_input
result = (A == B).sum()
result = cnt_equal
",dynamic,dynamic: ModuleNotFoundError,2-2
DS1000,hallucinated,DS0982,,,,"{""error_type"": ""ModuleNotFoundError"", ""error_message"": ""No module named 'torch'"", ""line_no"": ""2.0"", ""test_case"": """"}","
import numpy as np
import pandas as pd
import torch
A, B = test_input
result = (A != B).sum()
result = cnt_not_equal
","
<<<< [ERROR START] (dynamic: ModuleNotFoundError)
import numpy as np
[ERROR FINISH] (dynamic: ModuleNotFoundError) >>>>
import pandas as pd
import torch
A, B = test_input
result = (A != B).sum()
result = cnt_not_equal
",dynamic,dynamic: ModuleNotFoundError,2-2
DS1000,hallucinated,DS0983,"{""type"": ""IndentationError"", ""value"": 7, ""message"": ""expected an indented block after function definition on line 6 (<unknown>, line 7)""}",,,"{""error_type"": ""ModuleNotFoundError"", ""error_message"": ""No module named 'torch'"", ""line_no"": ""2.0"", ""test_case"": """"}","
import numpy as np
import pandas as pd
import torch
A, B = test_input
def Count(A, B):
result = (A == B).sum()
cnt_equal = Count(A, B)
result = cnt_equal
","
<<<< [ERROR START] (dynamic: ModuleNotFoundError)
import numpy as np
[ERROR FINISH] (dynamic: ModuleNotFoundError) >>>>
import pandas as pd
import torch
A, B = test_input
def Count(A, B):
<<<< [ERROR START] (ast: IndentationError)
result = (A == B).sum()
[ERROR FINISH] (ast: IndentationError) >>>>
cnt_equal = Count(A, B)
result = cnt_equal
","ast,dynamic","ast: IndentationError,dynamic: ModuleNotFoundError","7-7,2-2"
DS1000,hallucinated,DS0984,,,,"{""error_type"": ""ModuleNotFoundError"", ""error_message"": ""No module named 'torch'"", ""line_no"": ""2.0"", ""test_case"": """"}","
import numpy as np
import pandas as pd
import torch
A, B = test_input
result = torch.eq(A[-x:], B[-x:]).sum()
result = cnt_equal
","
<<<< [ERROR START] (dynamic: ModuleNotFoundError)
import numpy as np
[ERROR FINISH] (dynamic: ModuleNotFoundError) >>>>
import pandas as pd
import torch
A, B = test_input
result = torch.eq(A[-x:], B[-x:]).sum()
result = cnt_equal
",dynamic,dynamic: ModuleNotFoundError,2-2
DS1000,hallucinated,DS0985,,,,"{""error_type"": ""ModuleNotFoundError"", ""error_message"": ""No module named 'torch'"", ""line_no"": ""2.0"", ""test_case"": """"}","
import numpy as np
import pandas as pd
import torch
A, B = test_input
result = torch.sum(A[-x:] != B[-x:], dim=0)
result = cnt_not_equal
","
<<<< [ERROR START] (dynamic: ModuleNotFoundError)
import numpy as np
[ERROR FINISH] (dynamic: ModuleNotFoundError) >>>>
import pandas as pd
import torch
A, B = test_input
result = torch.sum(A[-x:] != B[-x:], dim=0)
result = cnt_not_equal
",dynamic,dynamic: ModuleNotFoundError,2-2
DS1000,hallucinated,DS0986,,,,"{""error_type"": ""ModuleNotFoundError"", ""error_message"": ""No module named 'torch'"", ""line_no"": ""2.0"", ""test_case"": """"}","
import numpy as np
import pandas as pd
import torch
a = test_input
chunk_dim=10
result = torch.split(a, chunk_dim, dim=3)
result = tensors_31
","
<<<< [ERROR START] (dynamic: ModuleNotFoundError)
import numpy as np
[ERROR FINISH] (dynamic: ModuleNotFoundError) >>>>
import pandas as pd
import torch
a = test_input
chunk_dim=10
result = torch.split(a, chunk_dim, dim=3)
result = tensors_31
",dynamic,dynamic: ModuleNotFoundError,2-2
DS1000,hallucinated,DS0987,,,,"{""error_type"": ""ModuleNotFoundError"", ""error_message"": ""No module named 'torch'"", ""line_no"": ""2.0"", ""test_case"": """"}","
import numpy as np
import pandas as pd
import torch
a = test_input
chunk_dim=10
result = torch.split(a, chunk_dim, dim=2)
result = tensors_31
","
<<<< [ERROR START] (dynamic: ModuleNotFoundError)
import numpy as np
[ERROR FINISH] (dynamic: ModuleNotFoundError) >>>>
import pandas as pd
import torch
a = test_input
chunk_dim=10
result = torch.split(a, chunk_dim, dim=2)
result = tensors_31
",dynamic,dynamic: ModuleNotFoundError,2-2
DS1000,hallucinated,DS0988,,,,"{""error_type"": ""ModuleNotFoundError"", ""error_message"": ""No module named 'torch'"", ""line_no"": ""1.0"", ""test_case"": """"}","
import numpy as np
import pandas as pd
import torch
mask, clean_input_spectrogram, output = test_input
result = clean_input_spectrogram * mask
result = output
","<<<< [ERROR START] (dynamic: ModuleNotFoundError)

[ERROR FINISH] (dynamic: ModuleNotFoundError) >>>>
import numpy as np
import pandas as pd
import torch
mask, clean_input_spectrogram, output = test_input
result = clean_input_spectrogram * mask
result = output
",dynamic,dynamic: ModuleNotFoundError,1-1
DS1000,hallucinated,DS0989,,,,"{""error_type"": ""ModuleNotFoundError"", ""error_message"": ""No module named 'torch'"", ""line_no"": ""1.0"", ""test_case"": """"}","
import numpy as np
import pandas as pd
import torch
mask, clean_input_spectrogram, output = test_input
result = clean_input_spectrogram * (1 - mask)
result = output
","<<<< [ERROR START] (dynamic: ModuleNotFoundError)

[ERROR FINISH] (dynamic: ModuleNotFoundError) >>>>
import numpy as np
import pandas as pd
import torch
mask, clean_input_spectrogram, output = test_input
result = clean_input_spectrogram * (1 - mask)
result = output
",dynamic,dynamic: ModuleNotFoundError,1-1
DS1000,hallucinated,DS0990,,,,"{""error_type"": ""ModuleNotFoundError"", ""error_message"": ""No module named 'torch'"", ""line_no"": ""1.0"", ""test_case"": """"}","
import numpy as np
import pandas as pd
import torch
x, y = test_input
result = torch.where(torch.abs(x) <= torch.abs(y), x, y) * torch.sign(x)
result = signed_min
","<<<< [ERROR START] (dynamic: ModuleNotFoundError)

[ERROR FINISH] (dynamic: ModuleNotFoundError) >>>>
import numpy as np
import pandas as pd
import torch
x, y = test_input
result = torch.where(torch.abs(x) <= torch.abs(y), x, y) * torch.sign(x)
result = signed_min
",dynamic,dynamic: ModuleNotFoundError,1-1
DS1000,hallucinated,DS0991,,,,"{""error_type"": ""ModuleNotFoundError"", ""error_message"": ""No module named 'torch'"", ""line_no"": ""1.0"", ""test_case"": """"}","
import numpy as np
import pandas as pd
import torch
x, y = test_input
result = torch.where(torch.abs(x) >= torch.abs(y), x, y) * torch.sign(x)
result = signed_max
","<<<< [ERROR START] (dynamic: ModuleNotFoundError)

[ERROR FINISH] (dynamic: ModuleNotFoundError) >>>>
import numpy as np
import pandas as pd
import torch
x, y = test_input
result = torch.where(torch.abs(x) >= torch.abs(y), x, y) * torch.sign(x)
result = signed_max
",dynamic,dynamic: ModuleNotFoundError,1-1
DS1000,hallucinated,DS0992,"{""type"": ""IndentationError"", ""value"": 7, ""message"": ""expected an indented block after function definition on line 6 (<unknown>, line 7)""}",,,"{""error_type"": ""ModuleNotFoundError"", ""error_message"": ""No module named 'torch'"", ""line_no"": ""1.0"", ""test_case"": """"}","
import numpy as np
import pandas as pd
import torch
x, y = test_input
def solve(x, y):
result = torch.where(torch.abs(x) <= torch.abs(y), x, y) * torch.sign(x)
signed_min = solve(x, y)
result = signed_min
","<<<< [ERROR START] (dynamic: ModuleNotFoundError)

[ERROR FINISH] (dynamic: ModuleNotFoundError) >>>>
import numpy as np
import pandas as pd
import torch
x, y = test_input
def solve(x, y):
<<<< [ERROR START] (ast: IndentationError)
result = torch.where(torch.abs(x) <= torch.abs(y), x, y) * torch.sign(x)
[ERROR FINISH] (ast: IndentationError) >>>>
signed_min = solve(x, y)
result = signed_min
","ast,dynamic","ast: IndentationError,dynamic: ModuleNotFoundError","7-7,1-1"
DS1000,hallucinated,DS0993,,,,"{""error_type"": ""ModuleNotFoundError"", ""error_message"": ""No module named 'torch'"", ""line_no"": ""1.0"", ""test_case"": """"}","
import numpy as np
import pandas as pd
import torch
MyNet = torch.nn.Sequential(torch.nn.Linear(4, 15),
                            torch.nn.Sigmoid(),
                            torch.nn.Linear(15, 3),
                            )
MyNet.load_state_dict(torch.load(""my_model.pt""))
input = test_input
result = torch.softmax(output, dim=1)
result = confidence_score
","<<<< [ERROR START] (dynamic: ModuleNotFoundError)

[ERROR FINISH] (dynamic: ModuleNotFoundError) >>>>
import numpy as np
import pandas as pd
import torch
MyNet = torch.nn.Sequential(torch.nn.Linear(4, 15),
                            torch.nn.Sigmoid(),
                            torch.nn.Linear(15, 3),
                            )
MyNet.load_state_dict(torch.load(""my_model.pt""))
input = test_input
result = torch.softmax(output, dim=1)
result = confidence_score
",dynamic,dynamic: ModuleNotFoundError,1-1
DS1000,hallucinated,DS0994,,,,"{""error_type"": ""ModuleNotFoundError"", ""error_message"": ""No module named 'torch'"", ""line_no"": ""1.0"", ""test_case"": """"}","
import numpy as np
import pandas as pd
import torch
a, b = test_input
result = torch.cat((a[:, :-1], (a[:, -1] + b[:, 0]) / 2, b[:, 1:]), dim=1)
","<<<< [ERROR START] (dynamic: ModuleNotFoundError)

[ERROR FINISH] (dynamic: ModuleNotFoundError) >>>>
import numpy as np
import pandas as pd
import torch
a, b = test_input
result = torch.cat((a[:, :-1], (a[:, -1] + b[:, 0]) / 2, b[:, 1:]), dim=1)
",dynamic,dynamic: ModuleNotFoundError,1-1
DS1000,hallucinated,DS0995,"{""type"": ""IndentationError"", ""value"": 7, ""message"": ""expected an indented block after function definition on line 6 (<unknown>, line 7)""}",,,"{""error_type"": ""ModuleNotFoundError"", ""error_message"": ""No module named 'torch'"", ""line_no"": ""1.0"", ""test_case"": """"}","
import numpy as np
import pandas as pd
import torch
a, b = test_input
def solve(a, b):
result = torch.cat((a[:, :-1], (a[:, -1] + b[:, 0]) / 2, b[:, 1:]), dim=1)
result = solve(a, b)
","<<<< [ERROR START] (dynamic: ModuleNotFoundError)

[ERROR FINISH] (dynamic: ModuleNotFoundError) >>>>
import numpy as np
import pandas as pd
import torch
a, b = test_input
def solve(a, b):
<<<< [ERROR START] (ast: IndentationError)
result = torch.cat((a[:, :-1], (a[:, -1] + b[:, 0]) / 2, b[:, 1:]), dim=1)
[ERROR FINISH] (ast: IndentationError) >>>>
result = solve(a, b)
","ast,dynamic","ast: IndentationError,dynamic: ModuleNotFoundError","7-7,1-1"
DS1000,hallucinated,DS0996,,,,"{""error_type"": ""ModuleNotFoundError"", ""error_message"": ""No module named 'torch'"", ""line_no"": ""1.0"", ""test_case"": """"}","
import numpy as np
import pandas as pd
import torch
t = test_input
result = torch.cat((torch.zeros(1, 4, 2), t), dim=0)
","<<<< [ERROR START] (dynamic: ModuleNotFoundError)

[ERROR FINISH] (dynamic: ModuleNotFoundError) >>>>
import numpy as np
import pandas as pd
import torch
t = test_input
result = torch.cat((torch.zeros(1, 4, 2), t), dim=0)
",dynamic,dynamic: ModuleNotFoundError,1-1
DS1000,hallucinated,DS0997,,,,"{""error_type"": ""ModuleNotFoundError"", ""error_message"": ""No module named 'torch'"", ""line_no"": ""1.0"", ""test_case"": """"}","
import numpy as np
import pandas as pd
import torch
t = test_input
result = torch.cat((torch.zeros(1, 4), t, torch.zeros(1, 4)), dim=1)
","<<<< [ERROR START] (dynamic: ModuleNotFoundError)

[ERROR FINISH] (dynamic: ModuleNotFoundError) >>>>
import numpy as np
import pandas as pd
import torch
t = test_input
result = torch.cat((torch.zeros(1, 4), t, torch.zeros(1, 4)), dim=1)
",dynamic,dynamic: ModuleNotFoundError,1-1
DS1000,hallucinated,DS0998,,,,"{""error_type"": ""ModuleNotFoundError"", ""error_message"": ""No module named 'torch'"", ""line_no"": ""1.0"", ""test_case"": """"}","
import numpy as np
import pandas as pd
import torch
t = test_input
result = torch.cat((torch.ones(1, 4, 2) * -1, t), dim=0)
","<<<< [ERROR START] (dynamic: ModuleNotFoundError)

[ERROR FINISH] (dynamic: ModuleNotFoundError) >>>>
import numpy as np
import pandas as pd
import torch
t = test_input
result = torch.cat((torch.ones(1, 4, 2) * -1, t), dim=0)
",dynamic,dynamic: ModuleNotFoundError,1-1
DS1000,hallucinated,DS0999,,,,"{""error_type"": ""ModuleNotFoundError"", ""error_message"": ""No module named 'torch'"", ""line_no"": ""1.0"", ""test_case"": """"}","
import numpy as np
import pandas as pd
import torch
data, W = test_input
result = torch.bmm(data, W).squeeze()
","<<<< [ERROR START] (dynamic: ModuleNotFoundError)

[ERROR FINISH] (dynamic: ModuleNotFoundError) >>>>
import numpy as np
import pandas as pd
import torch
data, W = test_input
result = torch.bmm(data, W).squeeze()
",dynamic,dynamic: ModuleNotFoundError,1-1
HumanEval,hallucinated,HumanEval/10,,"[{'type': 'missing_return', 'function': 'make_palindrome', 'start_line': 8, 'end_line': 30}]","[{'type': 'name_error', 'name': '*', 'line': 1}, {'type': 'name_error', 'name': '*', 'line': 2}]","{""error_type"": ""AssertionError"", ""error_message"": """", ""line_no"": """", ""test_case"": ""[[\""\"", \""\"", \""\""], [\""x\"", \""x\"", \""xx\""], [\""xyz\"", \""xyzyx\"", \""xyzx\""], [\""xyx\"", \""xyx\"", \""xyxxyx\""], [\""jerry\"", \""jerryrrej\"", \""jerryj\""]]""}","from typing import *
from collections import *

def is_palindrome(string: str) -> bool:
    """""" Test if given string is a palindrome """"""
    return string == string[::-1]

def make_palindrome(string: str) -> str:
    """""" Find the shortest palindrome that begins with a supplied string.
    Algorithm idea is simple:
    - Find the longest postfix of supplied string that is a palindrome.
    - Append to the end of the string reverse of a string prefix that comes before the palindromic suffix.
    >>> make_palindrome('')
    ''
    >>> make_palindrome('cat')
    'catac'
    >>> make_palindrome('cata')
    'catac'
    """"""
    if not string:
        return string
    
    # Find the longest palindromic suffix
    for i in range(len(string), 0, -1):
        if is_palindrome(string[-i:]):
            # Append the reverse of the prefix to make it a palindrome
            return string + string[:i][::-1]
    
    # If no palindromic suffix is found, return the string itself
    return string","<<<< [ERROR START] (lib: name_error)
from typing import *
[ERROR FINISH] (lib: name_error) >>>>
<<<< [ERROR START] (lib: name_error)
from collections import *
[ERROR FINISH] (lib: name_error) >>>>

def is_palindrome(string: str) -> bool:
    """""" Test if given string is a palindrome """"""
    return string == string[::-1]

def make_palindrome(string: str) -> str:
    """""" Find the shortest palindrome that begins with a supplied string.
    Algorithm idea is simple:
    - Find the longest postfix of supplied string that is a palindrome.
    - Append to the end of the string reverse of a string prefix that comes before the palindromic suffix.
    >>> make_palindrome('')
    ''
    >>> make_palindrome('cat')
    'catac'
    >>> make_palindrome('cata')
    'catac'
    """"""
    if not string:
        return string
    
    # Find the longest palindromic suffix
    for i in range(len(string), 0, -1):
        if is_palindrome(string[-i:]):
            # Append the reverse of the prefix to make it a palindrome
            return string + string[:i][::-1]
    
    # If no palindromic suffix is found, return the string itself
    return string","lib,lib","lib: name_error,lib: name_error","1-1,2-2"
HumanEval,hallucinated,HumanEval/115,,,,"{""error_type"": ""NameError"", ""error_message"": ""name 'math' is not defined"", ""line_no"": ""5.0"", ""test_case"": """"}","from typing import List

def max_fill(grid: List[List[int]], capacity: int) -> int:
    total_water = sum(row.count(1) for row in grid)
    return math.ceil(total_water / capacity)

# Test cases
print(max_fill([[0,0,1,0], [0,1,0,0], [1,1,1,1]], 1))  # Output: 6
print(max_fill([[0,0,1,1], [0,0,0,0], [1,1,1,1], [0,1,1,1]], 2))  # Output: 5
print(max_fill([[0,0,0], [0,0,0]], 5))  # Output: 0","from typing import List

def max_fill(grid: List[List[int]], capacity: int) -> int:
    total_water = sum(row.count(1) for row in grid)
<<<< [ERROR START] (dynamic: NameError)
    return math.ceil(total_water / capacity)
[ERROR FINISH] (dynamic: NameError) >>>>

# Test cases
print(max_fill([[0,0,1,0], [0,1,0,0], [1,1,1,1]], 1))  # Output: 6
print(max_fill([[0,0,1,1], [0,0,0,0], [1,1,1,1], [0,1,1,1]], 2))  # Output: 5
print(max_fill([[0,0,0], [0,0,0]], 5))  # Output: 0",dynamic,dynamic: NameError,5-5
HumanEval,hallucinated,HumanEval/120,,,,"{""error_type"": ""NameError"", ""error_message"": ""name 'heapq' is not defined"", ""line_no"": ""5.0"", ""test_case"": """"}","from typing import List

def maximum(arr: List[int], k: int) -> List[int]:
    # Use the heapq.nlargest function to find the k largest elements
    return heapq.nlargest(k, arr)

# Example usage:
print(maximum([-3, -4, 5], 3))  # Output: [-4, -3, 5]
print(maximum([4, -4, 4], 2))   # Output: [4, 4]
print(maximum([-3, 2, 1, 2, -1, -2, 1], 1))  # Output: [2]","from typing import List

def maximum(arr: List[int], k: int) -> List[int]:
    # Use the heapq.nlargest function to find the k largest elements
<<<< [ERROR START] (dynamic: NameError)
    return heapq.nlargest(k, arr)
[ERROR FINISH] (dynamic: NameError) >>>>

# Example usage:
print(maximum([-3, -4, 5], 3))  # Output: [-4, -3, 5]
print(maximum([4, -4, 4], 2))   # Output: [4, 4]
print(maximum([-3, 2, 1, 2, -1, -2, 1], 1))  # Output: [2]",dynamic,dynamic: NameError,5-5
HumanEval,hallucinated,HumanEval/126,"{""type"": ""SyntaxError"", ""value"": 15, ""message"": ""invalid character '\u279e' (U+279E) (<unknown>, line 15)""}",,,"{""error_type"": ""SyntaxError"", ""error_message"": ""invalid character '\u279e' (U+279E) (<string>, line 15)"", ""line_no"": ""15.0"", ""test_case"": """"}","def is_sorted(lst):
    # Check if the list is empty or has only one element
    if len(lst) <= 1:
        return True
    
    # Iterate through the list and check if each element is less than or equal to the next
    for i in range(len(lst) - 1):
        if lst[i] > lst[i + 1]:
            return False
    
    # If all elements are in non-decreasing order, return True
    return True

# Test cases
print(is_sorted([5])) ➞ True
print(is_sorted([1, 2, 3, 4, 5])) ➞ True
print(is_sorted([1, 3, 2, 4, 5])) ➞ False
print(is_sorted([1, 2, 3, 4, 5, 6])) ➞ True
print(is_sorted([1, 2, 3, 4, 5, 6, 7])) ➞ True
print(is_sorted([1, 3, 2, 4, 5, 6, 7])) ➞ False
print(is_sorted([1, 2, 2, 3, 3, 4])) ➞ True
print(is_sorted([1, 2, 2, 2, 3, 4])) ➞ False","def is_sorted(lst):
    # Check if the list is empty or has only one element
    if len(lst) <= 1:
        return True
    
    # Iterate through the list and check if each element is less than or equal to the next
    for i in range(len(lst) - 1):
        if lst[i] > lst[i + 1]:
            return False
    
    # If all elements are in non-decreasing order, return True
    return True

# Test cases
<<<< [ERROR START] (ast: SyntaxError)
<<<< [ERROR START] (dynamic: SyntaxError)
print(is_sorted([5])) ➞ True
[ERROR FINISH] (ast: SyntaxError) >>>>
[ERROR FINISH] (dynamic: SyntaxError) >>>>
print(is_sorted([1, 2, 3, 4, 5])) ➞ True
print(is_sorted([1, 3, 2, 4, 5])) ➞ False
print(is_sorted([1, 2, 3, 4, 5, 6])) ➞ True
print(is_sorted([1, 2, 3, 4, 5, 6, 7])) ➞ True
print(is_sorted([1, 3, 2, 4, 5, 6, 7])) ➞ False
print(is_sorted([1, 2, 2, 3, 3, 4])) ➞ True
print(is_sorted([1, 2, 2, 2, 3, 4])) ➞ False","ast,dynamic","ast: SyntaxError,dynamic: SyntaxError","15-15,15-15"
HumanEval,hallucinated,HumanEval/13,,,"[{'type': 'name_error', 'name': '*', 'line': 1}, {'type': 'name_error', 'name': '*', 'line': 2}]",,"from typing import *
from collections import *

def greatest_common_divisor(a: int, b: int) -> int:
    """""" Return a greatest common divisor of two integers a and b
    >>> greatest_common_divisor(3, 5)
    1
    >>> greatest_common_divisor(25, 15)
    5
    """"""
    while b != 0:
        a, b = b, a % b
    return a

# Test cases
print(greatest_common_divisor(3, 5))  # Output: 1
print(greatest_common_divisor(25, 15)) # Output: 5","<<<< [ERROR START] (lib: name_error)
from typing import *
[ERROR FINISH] (lib: name_error) >>>>
<<<< [ERROR START] (lib: name_error)
from collections import *
[ERROR FINISH] (lib: name_error) >>>>

def greatest_common_divisor(a: int, b: int) -> int:
    """""" Return a greatest common divisor of two integers a and b
    >>> greatest_common_divisor(3, 5)
    1
    >>> greatest_common_divisor(25, 15)
    5
    """"""
    while b != 0:
        a, b = b, a % b
    return a

# Test cases
print(greatest_common_divisor(3, 5))  # Output: 1
print(greatest_common_divisor(25, 15)) # Output: 5","lib,lib","lib: name_error,lib: name_error","1-1,2-2"
HumanEval,hallucinated,HumanEval/130,,,,"{""error_type"": ""IndexError"", ""error_message"": ""list index out of range"", ""line_no"": ""28.0"", ""test_case"": """"}","def tri(n):
    """"""Everyone knows Fibonacci sequence, it was studied deeply by mathematicians in 
    the last couple centuries. However, what people don't know is Tribonacci sequence.
    Tribonacci sequence is defined by the recurrence:
    tri(1) = 3
    tri(n) = 1 + n / 2, if n is even.
    tri(n) =  tri(n - 1) + tri(n - 2) + tri(n + 1), if n is odd.
    For example:
    tri(2) = 1 + (2 / 2) = 2
    tri(4) = 3
    tri(3) = tri(2) + tri(1) + tri(4)
           = 2 + 3 + 3 = 8 
    You are given a non-negative integer number n, you have to a return a list of the 
    first n + 1 numbers of the Tribonacci sequence.
    Examples:
    tri(3) = [1, 3, 2, 8]
    """"""
    if n == 0:
        return [1]
    elif n == 1:
        return [1, 3]
    
    tribonacci = [1, 3]
    for i in range(2, n + 1):
        if i % 2 == 0:
            tribonacci.append(1 + i / 2)
        else:
            tribonacci.append(tribonacci[i - 1] + tribonacci[i - 2] + tribonacci[i + 1])
    
    return tribonacci

# Test cases
print(tri(3))  # Output: [1, 3, 2, 8]
print(tri(5))  # Output: [1, 3, 2, 8, 10, 16]","def tri(n):
    """"""Everyone knows Fibonacci sequence, it was studied deeply by mathematicians in 
    the last couple centuries. However, what people don't know is Tribonacci sequence.
    Tribonacci sequence is defined by the recurrence:
    tri(1) = 3
    tri(n) = 1 + n / 2, if n is even.
    tri(n) =  tri(n - 1) + tri(n - 2) + tri(n + 1), if n is odd.
    For example:
    tri(2) = 1 + (2 / 2) = 2
    tri(4) = 3
    tri(3) = tri(2) + tri(1) + tri(4)
           = 2 + 3 + 3 = 8 
    You are given a non-negative integer number n, you have to a return a list of the 
    first n + 1 numbers of the Tribonacci sequence.
    Examples:
    tri(3) = [1, 3, 2, 8]
    """"""
    if n == 0:
        return [1]
    elif n == 1:
        return [1, 3]
    
    tribonacci = [1, 3]
    for i in range(2, n + 1):
        if i % 2 == 0:
            tribonacci.append(1 + i / 2)
        else:
<<<< [ERROR START] (dynamic: IndexError)
            tribonacci.append(tribonacci[i - 1] + tribonacci[i - 2] + tribonacci[i + 1])
[ERROR FINISH] (dynamic: IndexError) >>>>
    
    return tribonacci

# Test cases
print(tri(3))  # Output: [1, 3, 2, 8]
print(tri(5))  # Output: [1, 3, 2, 8, 10, 16]",dynamic,dynamic: IndexError,28-28
HumanEval,hallucinated,HumanEval/132,"{""type"": ""SyntaxError"", ""value"": 17, ""message"": ""invalid character '\u279e' (U+279E) (<unknown>, line 17)""}",,,"{""error_type"": ""SyntaxError"", ""error_message"": ""invalid character '\u279e' (U+279E) (<string>, line 17)"", ""line_no"": ""17.0"", ""test_case"": """"}","def is_nested(string):
    stack = []
    nested = False
    
    for char in string:
        if char == '[':
            stack.append(char)
        elif char == ']':
            if stack:
                stack.pop()
                if stack:
                    nested = True
    
    return nested

# Test cases
print(is_nested('[[]]')) ➞ True
print(is_nested('[]]]]]]][[[[[]')) ➞ False
print(is_nested('[][]')) ➞ False
print(is_nested('[]')) ➞ False
print(is_nested('[[][]]')) ➞ True
print(is_nested('[[]][[')) ➞ True","def is_nested(string):
    stack = []
    nested = False
    
    for char in string:
        if char == '[':
            stack.append(char)
        elif char == ']':
            if stack:
                stack.pop()
                if stack:
                    nested = True
    
    return nested

# Test cases
<<<< [ERROR START] (ast: SyntaxError)
<<<< [ERROR START] (dynamic: SyntaxError)
print(is_nested('[[]]')) ➞ True
[ERROR FINISH] (ast: SyntaxError) >>>>
[ERROR FINISH] (dynamic: SyntaxError) >>>>
print(is_nested('[]]]]]]][[[[[]')) ➞ False
print(is_nested('[][]')) ➞ False
print(is_nested('[]')) ➞ False
print(is_nested('[[][]]')) ➞ True
print(is_nested('[[]][[')) ➞ True","ast,dynamic","ast: SyntaxError,dynamic: SyntaxError","17-17,17-17"
HumanEval,hallucinated,HumanEval/137,"{""type"": ""SyntaxError"", ""value"": 19, ""message"": ""invalid character '\u279e' (U+279E) (<unknown>, line 19)""}",,,"{""error_type"": ""SyntaxError"", ""error_message"": ""invalid character '\u279e' (U+279E) (<string>, line 19)"", ""line_no"": ""19.0"", ""test_case"": """"}","def compare_one(a, b):
    def convert_to_float(value):
        if isinstance(value, str):
            value = value.replace(',', '.')
            return float(value)
        return float(value)
    
    num_a = convert_to_float(a)
    num_b = convert_to_float(b)
    
    if num_a == num_b:
        return None
    elif num_a > num_b:
        return a
    else:
        return b

# Test cases
print(compare_one(1, 2.5)) ➞ 2.5
print(compare_one(1, ""2,3"")) ➞ ""2,3""
print(compare_one(""5,1"", ""6"")) ➞ ""6""
print(compare_one(""1"", 1)) ➞ None","def compare_one(a, b):
    def convert_to_float(value):
        if isinstance(value, str):
            value = value.replace(',', '.')
            return float(value)
        return float(value)
    
    num_a = convert_to_float(a)
    num_b = convert_to_float(b)
    
    if num_a == num_b:
        return None
    elif num_a > num_b:
        return a
    else:
        return b

# Test cases
<<<< [ERROR START] (ast: SyntaxError)
<<<< [ERROR START] (dynamic: SyntaxError)
print(compare_one(1, 2.5)) ➞ 2.5
[ERROR FINISH] (ast: SyntaxError) >>>>
[ERROR FINISH] (dynamic: SyntaxError) >>>>
print(compare_one(1, ""2,3"")) ➞ ""2,3""
print(compare_one(""5,1"", ""6"")) ➞ ""6""
print(compare_one(""1"", 1)) ➞ None","ast,dynamic","ast: SyntaxError,dynamic: SyntaxError","19-19,19-19"
HumanEval,hallucinated,HumanEval/15,,,"[{'type': 'name_error', 'name': '*', 'line': 1}, {'type': 'name_error', 'name': '*', 'line': 2}]",,"from typing import *
from collections import *

def string_sequence(n: int) -> str:
    """""" Return a string containing space-delimited numbers starting from 0 upto n inclusive.
    >>> string_sequence(0)
    '0'
    >>> string_sequence(5)
    '0 1 2 3 4 5'
    """"""
    return ' '.join(str(i) for i in range(n + 1))","<<<< [ERROR START] (lib: name_error)
from typing import *
[ERROR FINISH] (lib: name_error) >>>>
<<<< [ERROR START] (lib: name_error)
from collections import *
[ERROR FINISH] (lib: name_error) >>>>

def string_sequence(n: int) -> str:
    """""" Return a string containing space-delimited numbers starting from 0 upto n inclusive.
    >>> string_sequence(0)
    '0'
    >>> string_sequence(5)
    '0 1 2 3 4 5'
    """"""
    return ' '.join(str(i) for i in range(n + 1))","lib,lib","lib: name_error,lib: name_error","1-1,2-2"
HumanEval,hallucinated,HumanEval/16,,,"[{'type': 'name_error', 'name': '*', 'line': 1}, {'type': 'name_error', 'name': '*', 'line': 2}]",,"from typing import *
from collections import *

def count_distinct_characters(string: str) -> int:
    """""" Given a string, find out how many distinct characters (regardless of case) does it consist of
    >>> count_distinct_characters('xyzXYZ')
    3
    >>> count_distinct_characters('Jerry')
    4
    """"""
    # Convert the string to lowercase to ignore case and then use a set to find distinct characters
    distinct_chars = set(string.lower())
    return len(distinct_chars)

# Test cases
print(count_distinct_characters('xyzXYZ'))  # Output: 3
print(count_distinct_characters('Jerry'))   # Output: 4","<<<< [ERROR START] (lib: name_error)
from typing import *
[ERROR FINISH] (lib: name_error) >>>>
<<<< [ERROR START] (lib: name_error)
from collections import *
[ERROR FINISH] (lib: name_error) >>>>

def count_distinct_characters(string: str) -> int:
    """""" Given a string, find out how many distinct characters (regardless of case) does it consist of
    >>> count_distinct_characters('xyzXYZ')
    3
    >>> count_distinct_characters('Jerry')
    4
    """"""
    # Convert the string to lowercase to ignore case and then use a set to find distinct characters
    distinct_chars = set(string.lower())
    return len(distinct_chars)

# Test cases
print(count_distinct_characters('xyzXYZ'))  # Output: 3
print(count_distinct_characters('Jerry'))   # Output: 4","lib,lib","lib: name_error,lib: name_error","1-1,2-2"
HumanEval,hallucinated,HumanEval/2,,,"[{'type': 'name_error', 'name': '*', 'line': 1}, {'type': 'name_error', 'name': '*', 'line': 2}]",,"from typing import *
from collections import *

def truncate_number(number: float) -> float:
    """""" Given a positive floating point number, it can be decomposed into
    and integer part (largest integer smaller than given number) and decimals
    (leftover part always smaller than 1).

    Return the decimal part of the number.
    >>> truncate_number(3.5)
    0.5
    """"""
    return number - int(number)","<<<< [ERROR START] (lib: name_error)
from typing import *
[ERROR FINISH] (lib: name_error) >>>>
<<<< [ERROR START] (lib: name_error)
from collections import *
[ERROR FINISH] (lib: name_error) >>>>

def truncate_number(number: float) -> float:
    """""" Given a positive floating point number, it can be decomposed into
    and integer part (largest integer smaller than given number) and decimals
    (leftover part always smaller than 1).

    Return the decimal part of the number.
    >>> truncate_number(3.5)
    0.5
    """"""
    return number - int(number)","lib,lib","lib: name_error,lib: name_error","1-1,2-2"
HumanEval,hallucinated,HumanEval/24,,"[{'type': 'missing_return', 'function': 'largest_divisor', 'start_line': 4, 'end_line': 11}]","[{'type': 'name_error', 'name': '*', 'line': 1}, {'type': 'name_error', 'name': '*', 'line': 2}]",,"from typing import *
from collections import *

def largest_divisor(n: int) -> int:
    """""" For a given number n, find the largest number that divides n evenly, smaller than n
    >>> largest_divisor(15)
    5
    """"""
    for i in range(n-1, 0, -1):
        if n % i == 0:
            return i","<<<< [ERROR START] (lib: name_error)
from typing import *
[ERROR FINISH] (lib: name_error) >>>>
<<<< [ERROR START] (lib: name_error)
from collections import *
[ERROR FINISH] (lib: name_error) >>>>

def largest_divisor(n: int) -> int:
    """""" For a given number n, find the largest number that divides n evenly, smaller than n
    >>> largest_divisor(15)
    5
    """"""
    for i in range(n-1, 0, -1):
        if n % i == 0:
            return i","lib,lib","lib: name_error,lib: name_error","1-1,2-2"
HumanEval,hallucinated,HumanEval/30,,,"[{'type': 'name_error', 'name': '*', 'line': 1}, {'type': 'name_error', 'name': '*', 'line': 2}]",,"from typing import *
from collections import *

def get_positive(l: list):
    """"""Return only positive numbers in the list.""""""
    return [x for x in l if x > 0]

# Test cases
print(get_positive([-1, 2, -4, 5, 6]))  # Output: [2, 5, 6]
print(get_positive([5, 3, -5, 2, -3, 3, 9, 0, 123, 1, -10]))  # Output: [5, 3, 2, 3, 9, 123, 1]","<<<< [ERROR START] (lib: name_error)
from typing import *
[ERROR FINISH] (lib: name_error) >>>>
<<<< [ERROR START] (lib: name_error)
from collections import *
[ERROR FINISH] (lib: name_error) >>>>

def get_positive(l: list):
    """"""Return only positive numbers in the list.""""""
    return [x for x in l if x > 0]

# Test cases
print(get_positive([-1, 2, -4, 5, 6]))  # Output: [2, 5, 6]
print(get_positive([5, 3, -5, 2, -3, 3, 9, 0, 123, 1, -10]))  # Output: [5, 3, 2, 3, 9, 123, 1]","lib,lib","lib: name_error,lib: name_error","1-1,2-2"
HumanEval,hallucinated,HumanEval/33,,,"[{'type': 'name_error', 'name': '*', 'line': 1}, {'type': 'name_error', 'name': '*', 'line': 2}]",,"from typing import *
from collections import *

def sort_third(l: list):
    """"""This function takes a list l and returns a list l' such that
    l' is identical to l in the indicies that are not divisible by three, while its values at the indicies that are divisible by three are equal
    to the values of the corresponding indicies of l, but sorted.
    >>> sort_third([1, 2, 3])
    [1, 2, 3]
    >>> sort_third([5, 6, 3, 4, 8, 9, 2])
    [2, 6, 3, 4, 8, 9, 5]
    """"""
    # Extract elements at indices divisible by 3
    third_elements = [l[i] for i in range(len(l)) if i % 3 == 0]
    
    # Sort the extracted elements
    third_elements.sort()
    
    # Create a new list with sorted elements at indices divisible by 3
    result = []
    third_index = 0
    for i in range(len(l)):
        if i % 3 == 0:
            result.append(third_elements[third_index])
            third_index += 1
        else:
            result.append(l[i])
    
    return result

# Test cases
print(sort_third([1, 2, 3]))  # Output: [1, 2, 3]
print(sort_third([5, 6, 3, 4, 8, 9, 2]))  # Output: [2, 6, 3, 4, 8, 9, 5]","<<<< [ERROR START] (lib: name_error)
from typing import *
[ERROR FINISH] (lib: name_error) >>>>
<<<< [ERROR START] (lib: name_error)
from collections import *
[ERROR FINISH] (lib: name_error) >>>>

def sort_third(l: list):
    """"""This function takes a list l and returns a list l' such that
    l' is identical to l in the indicies that are not divisible by three, while its values at the indicies that are divisible by three are equal
    to the values of the corresponding indicies of l, but sorted.
    >>> sort_third([1, 2, 3])
    [1, 2, 3]
    >>> sort_third([5, 6, 3, 4, 8, 9, 2])
    [2, 6, 3, 4, 8, 9, 5]
    """"""
    # Extract elements at indices divisible by 3
    third_elements = [l[i] for i in range(len(l)) if i % 3 == 0]
    
    # Sort the extracted elements
    third_elements.sort()
    
    # Create a new list with sorted elements at indices divisible by 3
    result = []
    third_index = 0
    for i in range(len(l)):
        if i % 3 == 0:
            result.append(third_elements[third_index])
            third_index += 1
        else:
            result.append(l[i])
    
    return result

# Test cases
print(sort_third([1, 2, 3]))  # Output: [1, 2, 3]
print(sort_third([5, 6, 3, 4, 8, 9, 2]))  # Output: [2, 6, 3, 4, 8, 9, 5]","lib,lib","lib: name_error,lib: name_error","1-1,2-2"
HumanEval,hallucinated,HumanEval/34,,,"[{'type': 'name_error', 'name': '*', 'line': 1}, {'type': 'name_error', 'name': '*', 'line': 2}]",,"from typing import *
from collections import *

def unique(l: list):
    """"""Return sorted unique elements in a list
    >>> unique([5, 3, 5, 2, 3, 3, 9, 0, 123])
    [0, 2, 3, 5, 9, 123]
    """"""
    return sorted(set(l))","<<<< [ERROR START] (lib: name_error)
from typing import *
[ERROR FINISH] (lib: name_error) >>>>
<<<< [ERROR START] (lib: name_error)
from collections import *
[ERROR FINISH] (lib: name_error) >>>>

def unique(l: list):
    """"""Return sorted unique elements in a list
    >>> unique([5, 3, 5, 2, 3, 3, 9, 0, 123])
    [0, 2, 3, 5, 9, 123]
    """"""
    return sorted(set(l))","lib,lib","lib: name_error,lib: name_error","1-1,2-2"
HumanEval,hallucinated,HumanEval/35,,,"[{'type': 'name_error', 'name': '*', 'line': 1}, {'type': 'name_error', 'name': '*', 'line': 2}]",,"from typing import *
from collections import *

def max_element(l: list):
    """"""Return maximum element in the list.
    >>> max_element([1, 2, 3])
    3
    >>> max_element([5, 3, -5, 2, -3, 3, 9, 0, 123, 1, -10])
    123
    """"""
    return max(l)","<<<< [ERROR START] (lib: name_error)
from typing import *
[ERROR FINISH] (lib: name_error) >>>>
<<<< [ERROR START] (lib: name_error)
from collections import *
[ERROR FINISH] (lib: name_error) >>>>

def max_element(l: list):
    """"""Return maximum element in the list.
    >>> max_element([1, 2, 3])
    3
    >>> max_element([5, 3, -5, 2, -3, 3, 9, 0, 123, 1, -10])
    123
    """"""
    return max(l)","lib,lib","lib: name_error,lib: name_error","1-1,2-2"
HumanEval,hallucinated,HumanEval/37,,,"[{'type': 'name_error', 'name': '*', 'line': 1}, {'type': 'name_error', 'name': '*', 'line': 2}]",,"from typing import *
from collections import *

def sort_even(l: list):
    """"""This function takes a list l and returns a list l' such that
    l' is identical to l in the odd indicies, while its values at the even indicies are equal
    to the values of the even indicies of l, but sorted.
    >>> sort_even([1, 2, 3])
    [1, 2, 3]
    >>> sort_even([5, 6, 3, 4])
    [3, 6, 5, 4]
    """"""
    # Extract even-indexed elements
    even_elements = [l[i] for i in range(0, len(l), 2)]
    
    # Sort the extracted even-indexed elements
    even_elements.sort()
    
    # Create a new list with sorted even elements and original odd elements
    sorted_list = []
    even_index = 0
    for i in range(len(l)):
        if i % 2 == 0:
            sorted_list.append(even_elements[even_index])
            even_index += 1
        else:
            sorted_list.append(l[i])
    
    return sorted_list

# Test cases
print(sort_even([1, 2, 3]))  # Output: [1, 2, 3]
print(sort_even([5, 6, 3, 4]))  # Output: [3, 6, 5, 4]","<<<< [ERROR START] (lib: name_error)
from typing import *
[ERROR FINISH] (lib: name_error) >>>>
<<<< [ERROR START] (lib: name_error)
from collections import *
[ERROR FINISH] (lib: name_error) >>>>

def sort_even(l: list):
    """"""This function takes a list l and returns a list l' such that
    l' is identical to l in the odd indicies, while its values at the even indicies are equal
    to the values of the even indicies of l, but sorted.
    >>> sort_even([1, 2, 3])
    [1, 2, 3]
    >>> sort_even([5, 6, 3, 4])
    [3, 6, 5, 4]
    """"""
    # Extract even-indexed elements
    even_elements = [l[i] for i in range(0, len(l), 2)]
    
    # Sort the extracted even-indexed elements
    even_elements.sort()
    
    # Create a new list with sorted even elements and original odd elements
    sorted_list = []
    even_index = 0
    for i in range(len(l)):
        if i % 2 == 0:
            sorted_list.append(even_elements[even_index])
            even_index += 1
        else:
            sorted_list.append(l[i])
    
    return sorted_list

# Test cases
print(sort_even([1, 2, 3]))  # Output: [1, 2, 3]
print(sort_even([5, 6, 3, 4]))  # Output: [3, 6, 5, 4]","lib,lib","lib: name_error,lib: name_error","1-1,2-2"
HumanEval,hallucinated,HumanEval/39,,"[{'type': 'missing_return', 'function': 'prime_fib', 'start_line': 3, 'end_line': 15}, {'type': 'missing_return', 'function': 'fibonacci_generator', 'start_line': 4, 'end_line': 8}]",,"{""error_type"": ""ModuleNotFoundError"", ""error_message"": ""No module named 'sympy'"", ""line_no"": ""1.0"", ""test_case"": """"}","from sympy import isprime

def prime_fib(n: int) -> int:
    def fibonacci_generator():
        a, b = 0, 1
        while True:
            yield a
            a, b = b, a + b
    
    count = 0
    for fib_num in fibonacci_generator():
        if isprime(fib_num):
            count += 1
            if count == n:
                return fib_num

# Test cases
print(prime_fib(1))  # Output: 2
print(prime_fib(2))  # Output: 3
print(prime_fib(3))  # Output: 5
print(prime_fib(4))  # Output: 13
print(prime_fib(5))  # Output: 89","<<<< [ERROR START] (dynamic: ModuleNotFoundError)
from sympy import isprime
[ERROR FINISH] (dynamic: ModuleNotFoundError) >>>>

def prime_fib(n: int) -> int:
    def fibonacci_generator():
        a, b = 0, 1
        while True:
            yield a
            a, b = b, a + b
    
    count = 0
    for fib_num in fibonacci_generator():
        if isprime(fib_num):
            count += 1
            if count == n:
                return fib_num

# Test cases
print(prime_fib(1))  # Output: 2
print(prime_fib(2))  # Output: 3
print(prime_fib(3))  # Output: 5
print(prime_fib(4))  # Output: 13
print(prime_fib(5))  # Output: 89",dynamic,dynamic: ModuleNotFoundError,1-1
HumanEval,hallucinated,HumanEval/40,,,"[{'type': 'name_error', 'name': '*', 'line': 1}, {'type': 'name_error', 'name': '*', 'line': 2}]",,"from typing import *
from collections import *

def triples_sum_to_zero(l: list):
    """"""
    triples_sum_to_zero takes a list of integers as an input.
    it returns True if there are three distinct elements in the list that
    sum to zero, and False otherwise.

    >>> triples_sum_to_zero([1, 3, 5, 0])
    False
    >>> triples_sum_to_zero([1, 3, -2, 1])
    True
    >>> triples_sum_to_zero([1, 2, 3, 7])
    False
    >>> triples_sum_to_zero([2, 4, -5, 3, 9, 7])
    True
    >>> triples_sum_to_zero([1])
    False
    """"""
    n = len(l)
    for i in range(n):
        for j in range(i + 1, n):
            for k in range(j + 1, n):
                if l[i] + l[j] + l[k] == 0:
                    return True
    return False","<<<< [ERROR START] (lib: name_error)
from typing import *
[ERROR FINISH] (lib: name_error) >>>>
<<<< [ERROR START] (lib: name_error)
from collections import *
[ERROR FINISH] (lib: name_error) >>>>

def triples_sum_to_zero(l: list):
    """"""
    triples_sum_to_zero takes a list of integers as an input.
    it returns True if there are three distinct elements in the list that
    sum to zero, and False otherwise.

    >>> triples_sum_to_zero([1, 3, 5, 0])
    False
    >>> triples_sum_to_zero([1, 3, -2, 1])
    True
    >>> triples_sum_to_zero([1, 2, 3, 7])
    False
    >>> triples_sum_to_zero([2, 4, -5, 3, 9, 7])
    True
    >>> triples_sum_to_zero([1])
    False
    """"""
    n = len(l)
    for i in range(n):
        for j in range(i + 1, n):
            for k in range(j + 1, n):
                if l[i] + l[j] + l[k] == 0:
                    return True
    return False","lib,lib","lib: name_error,lib: name_error","1-1,2-2"
HumanEval,hallucinated,HumanEval/41,,,"[{'type': 'name_error', 'name': '*', 'line': 1}, {'type': 'name_error', 'name': '*', 'line': 2}]",,"from typing import *
from collections import *

def car_race_collision(n: int) -> int:
    """"""
    Imagine a road that's a perfectly straight infinitely long line.
    n cars are driving left to right;  simultaneously, a different set of n cars
    are driving right to left.   The two sets of cars start out being very far from
    each other.  All cars move in the same speed.  Two cars are said to collide
    when a car that's moving left to right hits a car that's moving right to left.
    However, the cars are infinitely sturdy and strong; as a result, they continue moving
    in their trajectory as if they did not collide.

    This function outputs the number of such collisions.
    """"""
    return n * n","<<<< [ERROR START] (lib: name_error)
from typing import *
[ERROR FINISH] (lib: name_error) >>>>
<<<< [ERROR START] (lib: name_error)
from collections import *
[ERROR FINISH] (lib: name_error) >>>>

def car_race_collision(n: int) -> int:
    """"""
    Imagine a road that's a perfectly straight infinitely long line.
    n cars are driving left to right;  simultaneously, a different set of n cars
    are driving right to left.   The two sets of cars start out being very far from
    each other.  All cars move in the same speed.  Two cars are said to collide
    when a car that's moving left to right hits a car that's moving right to left.
    However, the cars are infinitely sturdy and strong; as a result, they continue moving
    in their trajectory as if they did not collide.

    This function outputs the number of such collisions.
    """"""
    return n * n","lib,lib","lib: name_error,lib: name_error","1-1,2-2"
HumanEval,hallucinated,HumanEval/42,,,"[{'type': 'name_error', 'name': '*', 'line': 1}, {'type': 'name_error', 'name': '*', 'line': 2}]",,"from typing import *
from collections import *

def incr_list(l: list):
    """"""Return list with elements incremented by 1.""""""
    return [x + 1 for x in l]

# Test cases
print(incr_list([1, 2, 3]))  # Output: [2, 3, 4]
print(incr_list([5, 3, 5, 2, 3, 3, 9, 0, 123]))  # Output: [6, 4, 6, 3, 4, 4, 10, 1, 124]","<<<< [ERROR START] (lib: name_error)
from typing import *
[ERROR FINISH] (lib: name_error) >>>>
<<<< [ERROR START] (lib: name_error)
from collections import *
[ERROR FINISH] (lib: name_error) >>>>

def incr_list(l: list):
    """"""Return list with elements incremented by 1.""""""
    return [x + 1 for x in l]

# Test cases
print(incr_list([1, 2, 3]))  # Output: [2, 3, 4]
print(incr_list([5, 3, 5, 2, 3, 3, 9, 0, 123]))  # Output: [6, 4, 6, 3, 4, 4, 10, 1, 124]","lib,lib","lib: name_error,lib: name_error","1-1,2-2"
HumanEval,hallucinated,HumanEval/46,,,"[{'type': 'name_error', 'name': '*', 'line': 1}, {'type': 'name_error', 'name': '*', 'line': 2}]",,"from typing import *
from collections import *

def fib4(n: int) -> int:
    if n == 0 or n == 1:
        return 0
    elif n == 2:
        return 2
    elif n == 3:
        return 0
    
    # Initialize the base cases
    fib_values = [0, 0, 2, 0]
    
    # Compute the sequence iteratively
    for i in range(4, n + 1):
        next_value = sum(fib_values[-4:])  # Sum the last four values
        fib_values.append(next_value)  # Append the new value to the list
        fib_values.pop(0)  # Remove the oldest value
    
    return fib_values[-1]

# Test cases
print(fib4(5))  # Output: 4
print(fib4(6))  # Output: 8
print(fib4(7))  # Output: 14","<<<< [ERROR START] (lib: name_error)
from typing import *
[ERROR FINISH] (lib: name_error) >>>>
<<<< [ERROR START] (lib: name_error)
from collections import *
[ERROR FINISH] (lib: name_error) >>>>

def fib4(n: int) -> int:
    if n == 0 or n == 1:
        return 0
    elif n == 2:
        return 2
    elif n == 3:
        return 0
    
    # Initialize the base cases
    fib_values = [0, 0, 2, 0]
    
    # Compute the sequence iteratively
    for i in range(4, n + 1):
        next_value = sum(fib_values[-4:])  # Sum the last four values
        fib_values.append(next_value)  # Append the new value to the list
        fib_values.pop(0)  # Remove the oldest value
    
    return fib_values[-1]

# Test cases
print(fib4(5))  # Output: 4
print(fib4(6))  # Output: 8
print(fib4(7))  # Output: 14","lib,lib","lib: name_error,lib: name_error","1-1,2-2"
HumanEval,hallucinated,HumanEval/47,,,"[{'type': 'name_error', 'name': '*', 'line': 1}, {'type': 'name_error', 'name': '*', 'line': 2}]",,"from typing import *
from collections import *

def median(l: list):
    """"""Return median of elements in the list l.
    >>> median([3, 1, 2, 4, 5])
    3
    >>> median([-10, 4, 6, 1000, 10, 20])
    15.0
    """"""
    l.sort()
    n = len(l)
    mid = n // 2
    if n % 2 == 0:
        return (l[mid - 1] + l[mid]) / 2
    else:
        return l[mid]","<<<< [ERROR START] (lib: name_error)
from typing import *
[ERROR FINISH] (lib: name_error) >>>>
<<<< [ERROR START] (lib: name_error)
from collections import *
[ERROR FINISH] (lib: name_error) >>>>

def median(l: list):
    """"""Return median of elements in the list l.
    >>> median([3, 1, 2, 4, 5])
    3
    >>> median([-10, 4, 6, 1000, 10, 20])
    15.0
    """"""
    l.sort()
    n = len(l)
    mid = n // 2
    if n % 2 == 0:
        return (l[mid - 1] + l[mid]) / 2
    else:
        return l[mid]","lib,lib","lib: name_error,lib: name_error","1-1,2-2"
HumanEval,hallucinated,HumanEval/49,,,"[{'type': 'name_error', 'name': '*', 'line': 1}, {'type': 'name_error', 'name': '*', 'line': 2}]",,"from typing import *
from collections import *

def modp(n: int, p: int) -> int:
    """"""Return 2^n modulo p (be aware of numerics).
    >>> modp(3, 5)
    3
    >>> modp(1101, 101)
    2
    >>> modp(0, 101)
    1
    >>> modp(3, 11)
    8
    >>> modp(100, 101)
    1
    """"""
    return pow(2, n, p)

# Test cases
assert modp(3, 5) == 3
assert modp(1101, 101) == 2
assert modp(0, 101) == 1
assert modp(3, 11) == 8
assert modp(100, 101) == 1","<<<< [ERROR START] (lib: name_error)
from typing import *
[ERROR FINISH] (lib: name_error) >>>>
<<<< [ERROR START] (lib: name_error)
from collections import *
[ERROR FINISH] (lib: name_error) >>>>

def modp(n: int, p: int) -> int:
    """"""Return 2^n modulo p (be aware of numerics).
    >>> modp(3, 5)
    3
    >>> modp(1101, 101)
    2
    >>> modp(0, 101)
    1
    >>> modp(3, 11)
    8
    >>> modp(100, 101)
    1
    """"""
    return pow(2, n, p)

# Test cases
assert modp(3, 5) == 3
assert modp(1101, 101) == 2
assert modp(0, 101) == 1
assert modp(3, 11) == 8
assert modp(100, 101) == 1","lib,lib","lib: name_error,lib: name_error","1-1,2-2"
HumanEval,hallucinated,HumanEval/52,,,"[{'type': 'name_error', 'name': '*', 'line': 1}, {'type': 'name_error', 'name': '*', 'line': 2}]",,"from typing import *
from collections import *

def below_threshold(l: list, t: int) -> bool:
    """"""Return True if all numbers in the list l are below threshold t.""""""
    return all(x < t for x in l)

# Test cases
print(below_threshold([1, 2, 4, 10], 100))  # True
print(below_threshold([1, 20, 4, 10], 5))   # False","<<<< [ERROR START] (lib: name_error)
from typing import *
[ERROR FINISH] (lib: name_error) >>>>
<<<< [ERROR START] (lib: name_error)
from collections import *
[ERROR FINISH] (lib: name_error) >>>>

def below_threshold(l: list, t: int) -> bool:
    """"""Return True if all numbers in the list l are below threshold t.""""""
    return all(x < t for x in l)

# Test cases
print(below_threshold([1, 2, 4, 10], 100))  # True
print(below_threshold([1, 20, 4, 10], 5))   # False","lib,lib","lib: name_error,lib: name_error","1-1,2-2"
HumanEval,hallucinated,HumanEval/54,,,"[{'type': 'name_error', 'name': '*', 'line': 1}, {'type': 'name_error', 'name': '*', 'line': 2}]",,"from typing import *
from collections import *

def same_chars(s0: str, s1: str) -> bool:
    return set(s0) == set(s1)","<<<< [ERROR START] (lib: name_error)
from typing import *
[ERROR FINISH] (lib: name_error) >>>>
<<<< [ERROR START] (lib: name_error)
from collections import *
[ERROR FINISH] (lib: name_error) >>>>

def same_chars(s0: str, s1: str) -> bool:
    return set(s0) == set(s1)","lib,lib","lib: name_error,lib: name_error","1-1,2-2"
HumanEval,hallucinated,HumanEval/55,,,"[{'type': 'name_error', 'name': '*', 'line': 1}, {'type': 'name_error', 'name': '*', 'line': 2}]",,"from typing import *
from collections import *

def fib(n: int) -> int:
    """"""Return n-th Fibonacci number.
    >>> fib(10)
    55
    >>> fib(1)
    1
    >>> fib(8)
    21
    """"""
    if n <= 1:
        return n
    else:
        a, b = 0, 1
        for _ in range(2, n + 1):
            a, b = b, a + b
        return b","<<<< [ERROR START] (lib: name_error)
from typing import *
[ERROR FINISH] (lib: name_error) >>>>
<<<< [ERROR START] (lib: name_error)
from collections import *
[ERROR FINISH] (lib: name_error) >>>>

def fib(n: int) -> int:
    """"""Return n-th Fibonacci number.
    >>> fib(10)
    55
    >>> fib(1)
    1
    >>> fib(8)
    21
    """"""
    if n <= 1:
        return n
    else:
        a, b = 0, 1
        for _ in range(2, n + 1):
            a, b = b, a + b
        return b","lib,lib","lib: name_error,lib: name_error","1-1,2-2"
HumanEval,hallucinated,HumanEval/56,,,"[{'type': 'name_error', 'name': '*', 'line': 1}, {'type': 'name_error', 'name': '*', 'line': 2}]",,"from typing import *
from collections import *

def correct_bracketing(brackets: str) -> bool:
    balance = 0
    for char in brackets:
        if char == '<':
            balance += 1
        elif char == '>':
            balance -= 1
        if balance < 0:
            return False
    return balance == 0

# Test cases
print(correct_bracketing(""<""))          # False
print(correct_bracketing(""<>""))         # True
print(correct_bracketing(""<<><>>""))     # True
print(correct_bracketing(""><<>""))       # False","<<<< [ERROR START] (lib: name_error)
from typing import *
[ERROR FINISH] (lib: name_error) >>>>
<<<< [ERROR START] (lib: name_error)
from collections import *
[ERROR FINISH] (lib: name_error) >>>>

def correct_bracketing(brackets: str) -> bool:
    balance = 0
    for char in brackets:
        if char == '<':
            balance += 1
        elif char == '>':
            balance -= 1
        if balance < 0:
            return False
    return balance == 0

# Test cases
print(correct_bracketing(""<""))          # False
print(correct_bracketing(""<>""))         # True
print(correct_bracketing(""<<><>>""))     # True
print(correct_bracketing(""><<>""))       # False","lib,lib","lib: name_error,lib: name_error","1-1,2-2"
HumanEval,hallucinated,HumanEval/57,,,"[{'type': 'name_error', 'name': '*', 'line': 1}, {'type': 'name_error', 'name': '*', 'line': 2}]",,"from typing import *
from collections import *

def monotonic(l: list) -> bool:
    """"""Return True if list elements are monotonically increasing or decreasing.""""""
    return l == sorted(l) or l == sorted(l, reverse=True)","<<<< [ERROR START] (lib: name_error)
from typing import *
[ERROR FINISH] (lib: name_error) >>>>
<<<< [ERROR START] (lib: name_error)
from collections import *
[ERROR FINISH] (lib: name_error) >>>>

def monotonic(l: list) -> bool:
    """"""Return True if list elements are monotonically increasing or decreasing.""""""
    return l == sorted(l) or l == sorted(l, reverse=True)","lib,lib","lib: name_error,lib: name_error","1-1,2-2"
HumanEval,hallucinated,HumanEval/58,,,"[{'type': 'name_error', 'name': '*', 'line': 1}, {'type': 'name_error', 'name': '*', 'line': 2}]",,"from typing import *
from collections import *

def common(l1: list, l2: list) -> list:
    """"""Return sorted unique common elements for two lists.""""""
    return sorted(set(l1) & set(l2))

# Test cases
print(common([1, 4, 3, 34, 653, 2, 5], [5, 7, 1, 5, 9, 653, 121]))  # Output: [1, 5, 653]
print(common([5, 3, 2, 8], [3, 2]))  # Output: [2, 3]","<<<< [ERROR START] (lib: name_error)
from typing import *
[ERROR FINISH] (lib: name_error) >>>>
<<<< [ERROR START] (lib: name_error)
from collections import *
[ERROR FINISH] (lib: name_error) >>>>

def common(l1: list, l2: list) -> list:
    """"""Return sorted unique common elements for two lists.""""""
    return sorted(set(l1) & set(l2))

# Test cases
print(common([1, 4, 3, 34, 653, 2, 5], [5, 7, 1, 5, 9, 653, 121]))  # Output: [1, 5, 653]
print(common([5, 3, 2, 8], [3, 2]))  # Output: [2, 3]","lib,lib","lib: name_error,lib: name_error","1-1,2-2"
HumanEval,hallucinated,HumanEval/60,,,"[{'type': 'name_error', 'name': '*', 'line': 1}, {'type': 'name_error', 'name': '*', 'line': 2}]",,"from typing import *
from collections import *

def sum_to_n(n: int) -> int:
    """"""sum_to_n is a function that sums numbers from 1 to n.""""""
    return n * (n + 1) // 2

# Test cases
assert sum_to_n(30) == 465
assert sum_to_n(100) == 5050
assert sum_to_n(5) == 15
assert sum_to_n(10) == 55
assert sum_to_n(1) == 1","<<<< [ERROR START] (lib: name_error)
from typing import *
[ERROR FINISH] (lib: name_error) >>>>
<<<< [ERROR START] (lib: name_error)
from collections import *
[ERROR FINISH] (lib: name_error) >>>>

def sum_to_n(n: int) -> int:
    """"""sum_to_n is a function that sums numbers from 1 to n.""""""
    return n * (n + 1) // 2

# Test cases
assert sum_to_n(30) == 465
assert sum_to_n(100) == 5050
assert sum_to_n(5) == 15
assert sum_to_n(10) == 55
assert sum_to_n(1) == 1","lib,lib","lib: name_error,lib: name_error","1-1,2-2"
HumanEval,hallucinated,HumanEval/61,,,"[{'type': 'name_error', 'name': '*', 'line': 1}, {'type': 'name_error', 'name': '*', 'line': 2}]",,"from typing import *
from collections import *

def correct_bracketing(brackets: str) -> bool:
    balance = 0
    for char in brackets:
        if char == '(':
            balance += 1
        elif char == ')':
            balance -= 1
        if balance < 0:
            return False
    return balance == 0

# Test cases
print(correct_bracketing(""(""))  # False
print(correct_bracketing(""()""))  # True
print(correct_bracketing(""(()())""))  # True
print(correct_bracketing("")(()""))  # False","<<<< [ERROR START] (lib: name_error)
from typing import *
[ERROR FINISH] (lib: name_error) >>>>
<<<< [ERROR START] (lib: name_error)
from collections import *
[ERROR FINISH] (lib: name_error) >>>>

def correct_bracketing(brackets: str) -> bool:
    balance = 0
    for char in brackets:
        if char == '(':
            balance += 1
        elif char == ')':
            balance -= 1
        if balance < 0:
            return False
    return balance == 0

# Test cases
print(correct_bracketing(""(""))  # False
print(correct_bracketing(""()""))  # True
print(correct_bracketing(""(()())""))  # True
print(correct_bracketing("")(()""))  # False","lib,lib","lib: name_error,lib: name_error","1-1,2-2"
HumanEval,hallucinated,HumanEval/62,,,"[{'type': 'name_error', 'name': '*', 'line': 1}, {'type': 'name_error', 'name': '*', 'line': 2}]",,"from typing import *
from collections import *

def derivative(xs: list):
    """""" xs represent coefficients of a polynomial.
    xs[0] + xs[1] * x + xs[2] * x^2 + ....
     Return derivative of this polynomial in the same form.
    >>> derivative([3, 1, 2, 4, 5])
    [1, 4, 12, 20]
    >>> derivative([1, 2, 3])
    [2, 6]
    """"""
    return [i * coeff for i, coeff in enumerate(xs)][1:]

# Test cases
print(derivative([3, 1, 2, 4, 5]))  # Output: [1, 4, 12, 20]
print(derivative([1, 2, 3]))      # Output: [2, 6]","<<<< [ERROR START] (lib: name_error)
from typing import *
[ERROR FINISH] (lib: name_error) >>>>
<<<< [ERROR START] (lib: name_error)
from collections import *
[ERROR FINISH] (lib: name_error) >>>>

def derivative(xs: list):
    """""" xs represent coefficients of a polynomial.
    xs[0] + xs[1] * x + xs[2] * x^2 + ....
     Return derivative of this polynomial in the same form.
    >>> derivative([3, 1, 2, 4, 5])
    [1, 4, 12, 20]
    >>> derivative([1, 2, 3])
    [2, 6]
    """"""
    return [i * coeff for i, coeff in enumerate(xs)][1:]

# Test cases
print(derivative([3, 1, 2, 4, 5]))  # Output: [1, 4, 12, 20]
print(derivative([1, 2, 3]))      # Output: [2, 6]","lib,lib","lib: name_error,lib: name_error","1-1,2-2"
HumanEval,hallucinated,HumanEval/75,,"[{'type': 'missing_return', 'function': 'is_multiply_prime', 'start_line': 3, 'end_line': 24}]",,"{""error_type"": ""ModuleNotFoundError"", ""error_message"": ""No module named 'sympy'"", ""line_no"": ""1.0"", ""test_case"": """"}","from sympy import isprime

def is_multiply_prime(a):
    """"""Write a function that returns true if the given number is the multiplication of 3 prime numbers
    and false otherwise.
    Knowing that (a) is less then 100. 
    Example:
    is_multiply_prime(30) == True
    30 = 2 * 3 * 5
    """"""
    if a < 2:
        return False
    
    prime_factors = []
    
    for i in range(2, int(a**0.5) + 1):
        while a % i == 0 and isprime(i):
            prime_factors.append(i)
            a //= i
    
    if a > 1 and isprime(a):
        prime_factors.append(a)
    
    return len(prime_factors) == 3

# Test cases
print(is_multiply_prime(30))  # True
print(is_multiply_prime(60))  # True
print(is_multiply_prime(77))  # True
print(is_multiply_prime(84))  # True
print(is_multiply_prime(91))  # True
print(is_multiply_prime(100)) # False","<<<< [ERROR START] (dynamic: ModuleNotFoundError)
from sympy import isprime
[ERROR FINISH] (dynamic: ModuleNotFoundError) >>>>

def is_multiply_prime(a):
    """"""Write a function that returns true if the given number is the multiplication of 3 prime numbers
    and false otherwise.
    Knowing that (a) is less then 100. 
    Example:
    is_multiply_prime(30) == True
    30 = 2 * 3 * 5
    """"""
    if a < 2:
        return False
    
    prime_factors = []
    
    for i in range(2, int(a**0.5) + 1):
        while a % i == 0 and isprime(i):
            prime_factors.append(i)
            a //= i
    
    if a > 1 and isprime(a):
        prime_factors.append(a)
    
    return len(prime_factors) == 3

# Test cases
print(is_multiply_prime(30))  # True
print(is_multiply_prime(60))  # True
print(is_multiply_prime(77))  # True
print(is_multiply_prime(84))  # True
print(is_multiply_prime(91))  # True
print(is_multiply_prime(100)) # False",dynamic,dynamic: ModuleNotFoundError,1-1
HumanEval,hallucinated,HumanEval/77,,"[{'type': 'missing_return', 'function': 'iscube', 'start_line': 3, 'end_line': 19}]",,"{""error_type"": ""TypeError"", ""error_message"": ""type complex doesn't define __round__ method"", ""line_no"": ""18.0"", ""test_case"": """"}","import math

def iscube(a):
    '''
    Write a function that takes an integer a and returns True 
    if this ingeger is a cube of some integer number.
    Note: you may assume the input is always valid.
    Examples:
    iscube(1) ==> True
    iscube(2) ==> False
    iscube(-1) ==> True
    iscube(64) ==> True
    iscube(0) ==> True
    iscube(180) ==> False
    '''
    if a == 0:
        return True
    root = round(a ** (1/3))
    return root ** 3 == a

# Test cases
print(iscube(1))   # True
print(iscube(2))   # False
print(iscube(-1))  # True
print(iscube(64))  # True
print(iscube(0))   # True
print(iscube(180)) # False","import math

def iscube(a):
    '''
    Write a function that takes an integer a and returns True 
    if this ingeger is a cube of some integer number.
    Note: you may assume the input is always valid.
    Examples:
    iscube(1) ==> True
    iscube(2) ==> False
    iscube(-1) ==> True
    iscube(64) ==> True
    iscube(0) ==> True
    iscube(180) ==> False
    '''
    if a == 0:
        return True
<<<< [ERROR START] (dynamic: TypeError)
    root = round(a ** (1/3))
[ERROR FINISH] (dynamic: TypeError) >>>>
    return root ** 3 == a

# Test cases
print(iscube(1))   # True
print(iscube(2))   # False
print(iscube(-1))  # True
print(iscube(64))  # True
print(iscube(0))   # True
print(iscube(180)) # False",dynamic,dynamic: TypeError,18-18
HumanEval,hallucinated,HumanEval/94,,,,"{""error_type"": ""ModuleNotFoundError"", ""error_message"": ""No module named 'sympy'"", ""line_no"": ""1.0"", ""test_case"": """"}","from sympy import isprime

def skjkasdkd(lst):
    # Find the largest prime number in the list
    largest_prime = max(filter(isprime, lst))
    
    # Calculate the sum of the digits of the largest prime number
    digit_sum = sum(int(digit) for digit in str(largest_prime))
    
    return digit_sum

# Test cases
print(skjkasdkd([0,3,2,1,3,5,7,4,5,5,5,2,181,32,4,32,3,2,32,324,4,3]))  # Output: 10
print(skjkasdkd([1,0,1,8,2,4597,2,1,3,40,1,2,1,2,4,2,5,1]))  # Output: 25
print(skjkasdkd([1,3,1,32,5107,34,83278,109,163,23,2323,32,30,1,9,3]))  # Output: 13
print(skjkasdkd([0,724,32,71,99,32,6,0,5,91,83,0,5,6]))  # Output: 11
print(skjkasdkd([0,81,12,3,1,21]))  # Output: 3
print(skjkasdkd([0,8,1,2,1,7]))  # Output: 7","<<<< [ERROR START] (dynamic: ModuleNotFoundError)
from sympy import isprime
[ERROR FINISH] (dynamic: ModuleNotFoundError) >>>>

def skjkasdkd(lst):
    # Find the largest prime number in the list
    largest_prime = max(filter(isprime, lst))
    
    # Calculate the sum of the digits of the largest prime number
    digit_sum = sum(int(digit) for digit in str(largest_prime))
    
    return digit_sum

# Test cases
print(skjkasdkd([0,3,2,1,3,5,7,4,5,5,5,2,181,32,4,32,3,2,32,324,4,3]))  # Output: 10
print(skjkasdkd([1,0,1,8,2,4597,2,1,3,40,1,2,1,2,4,2,5,1]))  # Output: 25
print(skjkasdkd([1,3,1,32,5107,34,83278,109,163,23,2323,32,30,1,9,3]))  # Output: 13
print(skjkasdkd([0,724,32,71,99,32,6,0,5,91,83,0,5,6]))  # Output: 11
print(skjkasdkd([0,81,12,3,1,21]))  # Output: 3
print(skjkasdkd([0,8,1,2,1,7]))  # Output: 7",dynamic,dynamic: ModuleNotFoundError,1-1
HumanEval,hallucinated,HumanEval/95,,"[{'type': 'missing_return', 'function': 'check_dict_case', 'start_line': 1, 'end_line': 8}]",,"{""error_type"": ""AttributeError"", ""error_message"": ""'int' object has no attribute 'islower'"", ""line_no"": ""5.0"", ""test_case"": """"}","def check_dict_case(dict):
    if not dict:
        return False
    
    all_lower = all(key.islower() for key in dict)
    all_upper = all(key.isupper() for key in dict)
    
    return all_lower or all_upper

# Test cases
print(check_dict_case({""a"":""apple"", ""b"":""banana""}))  # True
print(check_dict_case({""a"":""apple"", ""A"":""banana"", ""B"":""banana""}))  # False
print(check_dict_case({""a"":""apple"", 8:""banana"", ""a"":""apple""}))  # False
print(check_dict_case({""Name"":""John"", ""Age"":""36"", ""City"":""Houston""}))  # False
print(check_dict_case({""STATE"":""NC"", ""ZIP"":""12345""}))  # True","def check_dict_case(dict):
    if not dict:
        return False
    
<<<< [ERROR START] (dynamic: AttributeError)
    all_lower = all(key.islower() for key in dict)
[ERROR FINISH] (dynamic: AttributeError) >>>>
    all_upper = all(key.isupper() for key in dict)
    
    return all_lower or all_upper

# Test cases
print(check_dict_case({""a"":""apple"", ""b"":""banana""}))  # True
print(check_dict_case({""a"":""apple"", ""A"":""banana"", ""B"":""banana""}))  # False
print(check_dict_case({""a"":""apple"", 8:""banana"", ""a"":""apple""}))  # False
print(check_dict_case({""Name"":""John"", ""Age"":""36"", ""City"":""Houston""}))  # False
print(check_dict_case({""STATE"":""NC"", ""ZIP"":""12345""}))  # True",dynamic,dynamic: AttributeError,5-5
