"dataset","status","task_id","ast_info","cfg_info","lib_info","dynamic_info"
"MBPP","hallucinated","100","","[{'type': 'missing_return', 'function': 'next_smallest_palindrome', 'start_line': 1, 'end_line': 14}]","",""
"MBPP","hallucinated","101","","[{'type': 'missing_return', 'function': 'kth_element', 'start_line': 1, 'end_line': 7}]","",""
"MBPP","hallucinated","102","","","","{""error_type"": ""AssertionError"", ""error_message"": """", ""line_no"": """", ""test_case"": ""[[\""python_program\"", \""PythonProgram\"", \""pythonProgram\""], [\""python_language\"", \""PythonLanguage\"", \""pythonLanguage\""], [\""programming_language\"", \""ProgrammingLanguage\"", \""programmingLanguage\""]]""}"
"MBPP","hallucinated","103","","[{'type': 'missing_return', 'function': 'eulerian_num', 'start_line': 1, 'end_line': 21}]","","{""error_type"": ""SyntaxError"", ""error_message"": ""invalid decimal literal (<string>, line 1)"", ""line_no"": ""1.0"", ""test_case"": ""[[\""(5, 3)\"", \""26\"", \""0\""]]""}"
"MBPP","passed","104","","","",""
"MBPP","hallucinated","105","","","","{""error_type"": ""SyntaxError"", ""error_message"": ""invalid decimal literal (<string>, line 1)"", ""line_no"": ""1.0"", ""test_case"": ""[[\""[True, True, True]\"", \""3\"", \""3\""]]""}"
"MBPP","hallucinated","106","","","","{""error_type"": ""AssertionError"", ""error_message"": """", ""line_no"": """", ""test_case"": ""[[\""([5, 6, 7], (9, 10))\"", \""(9, 10, 5, 6, 7)\"", \""(5, 6, 7, 9, 10)\""], [\""([6, 7, 8], (10, 11))\"", \""(10, 11, 6, 7, 8)\"", \""(6, 7, 8, 10, 11)\""], [\""([7, 8, 9], (11, 12))\"", \""(11, 12, 7, 8, 9)\"", \""(7, 8, 9, 11, 12)\""]]""}"
"MBPP","passed","108","","","",""
"MBPP","passed","109","","","",""
"MBPP","hallucinated","11","","[{'type': 'missing_return', 'function': 'remove_Occ', 'start_line': 1, 'end_line': 18}]","","{""error_type"": ""AssertionError"", ""error_message"": """", ""line_no"": """", ""test_case"": ""[[\""('hello', 'l')\"", \""heo\"", \""hel\""], [\""('abcda', 'a')\"", \""bcd\"", \""bcda\""], [\""('PHP', 'P')\"", \""H\"", \""HP\""]]""}"
"MBPP","hallucinated","111","","","","{""error_type"": ""AssertionError"", ""error_message"": """", ""line_no"": """", ""test_case"": """"}"
"MBPP","hallucinated","113","","[{'type': 'missing_return', 'function': 'check_integer', 'start_line': 1, 'end_line': 6}]","","{""error_type"": ""SyntaxError"", ""error_message"": ""invalid syntax (<string>, line 1)"", ""line_no"": ""1.0"", ""test_case"": ""[[\""12345\"", \""True\"", \""True\""]]""}"
"MBPP","hallucinated","115","","","","{""error_type"": ""SyntaxError"", ""error_message"": ""invalid syntax (<string>, line 1)"", ""line_no"": ""1.0"", ""test_case"": ""[[\""[{}, {}, {}]\"", \""True\"", \""True\""]]""}"
"MBPP","hallucinated","116","","","","{""error_type"": ""SyntaxError"", ""error_message"": ""invalid decimal literal (<string>, line 1)"", ""line_no"": ""1.0"", ""test_case"": ""[[\""(5, 6, 7)\"", \""567\"", \""567\""]]""}"
"MBPP","hallucinated","117","","","","{""error_type"": ""TypeError"", ""error_message"": ""'tuple' object does not support item assignment"", ""line_no"": ""1.0"", ""test_case"": ""[[\""[('3', '4'), ('1', '26.45'), ('7.32', '8'), ('4', '8')]\"", \""[(3.0, 4.0), (1.0, 26.45), (7.32, 8.0), (4.0, 8.0)]\"", \""<Error: 'tuple' object does not support item assignment>\""], [\""[('4', '4'), ('2', '27'), ('4.12', '9'), ('7', '11')]\"", \""[(4.0, 4.0), (2.0, 27.0), (4.12, 9.0), (7.0, 11.0)]\"", \""<Error: 'tuple' object does not support item assignment>\""], [\""[('6', '78'), ('5', '26.45'), ('1.33', '4'), ('82', '13')]\"", \""[(6.0, 78.0), (5.0, 26.45), (1.33, 4.0), (82.0, 13.0)]\"", \""<Error: 'tuple' object does not support item assignment>\""]]""}"
"MBPP","passed","118","","","",""
"MBPP","hallucinated","119","{""type"": ""SyntaxError"", ""value"": 1, ""message"": ""invalid syntax (<unknown>, line 1)""}","","","{""error_type"": ""SyntaxError"", ""error_message"": ""invalid syntax (<string>, line 1)"", ""line_no"": ""1.0"", ""test_case"": """"}"
"MBPP","passed","12","","","",""
"MBPP","hallucinated","120","","","","{""error_type"": ""AssertionError"", ""error_message"": """", ""line_no"": """", ""test_case"": ""[[\""[(2, 7), (2, 6), (1, 8), (4, 9)]\"", \""36\"", \""9\""], [\""[(10, 20), (15, 2), (5, 10)]\"", \""200\"", \""40\""], [\""[(11, 44), (10, 15), (20, 5), (12, 9)]\"", \""484\"", \""220\""]]""}"
"MBPP","passed","123","","","",""
"MBPP","hallucinated","124","","","","{""error_type"": ""AssertionError"", ""error_message"": """", ""line_no"": """", ""test_case"": """"}"
"MBPP","hallucinated","125","","","","{""error_type"": ""AssertionError"", ""error_message"": """", ""line_no"": """", ""test_case"": ""[[\""11000010001\"", \""6\"", \""4\""], [\""10111\"", \""1\"", \""0\""], [\""11011101100101\"", \""2\"", \""0\""]]""}"
"MBPP","hallucinated","126","","","","{""error_type"": ""SyntaxError"", ""error_message"": ""invalid decimal literal (<string>, line 1)"", ""line_no"": ""1.0"", ""test_case"": ""[[\""(4, 6)\"", \""3\"", \""3\""]]""}"
"MBPP","hallucinated","127","","","","{""error_type"": ""SyntaxError"", ""error_message"": ""invalid decimal literal (<string>, line 1)"", ""line_no"": ""1.0"", ""test_case"": ""[[\""(4, 8)\"", \""32\"", \""32\""]]""}"
"MBPP","passed","128","","","",""
"MBPP","hallucinated","129","","[{'type': 'missing_return', 'function': 'magic_square_test', 'start_line': 1, 'end_line': 18}]","",""
"MBPP","hallucinated","130","","","","{""error_type"": ""AssertionError"", ""error_message"": """", ""line_no"": """", ""test_case"": ""[[\""[2, 3, 8, 4, 7, 9, 8, 2, 6, 5, 1, 6, 1, 2, 3, 2, 4, 6, 9, 1, 2]\"", \""2\"", \""[2]\""], [\""[2, 3, 8, 4, 7, 9, 8, 7, 9, 15, 14, 10, 12, 13, 16, 18]\"", \""8\"", \""[8, 7, 9]\""], [\""[10, 20, 20, 30, 40, 90, 80, 50, 30, 20, 50, 10]\"", \""20\"", \""[20]\""]]""}"
"MBPP","passed","131","","","",""
"MBPP","hallucinated","132","","","","{""error_type"": ""AssertionError"", ""error_message"": """", ""line_no"": """", ""test_case"": ""[[\""('e', 'x', 'e', 'r', 'c', 'i', 's', 'e', 's')\"", \""exercises\"", \""('e', 'x', 'e', 'r', 'c', 'i', 's', 'e', 's')\""], [\""('p', 'y', 't', 'h', 'o', 'n')\"", \""python\"", \""('p', 'y', 't', 'h', 'o', 'n')\""], [\""('p', 'r', 'o', 'g', 'r', 'a', 'm')\"", \""program\"", \""('p', 'r', 'o', 'g', 'r', 'a', 'm')\""]]""}"
"MBPP","passed","133","","","",""
"MBPP","hallucinated","135","","","","{""error_type"": ""SyntaxError"", ""error_message"": ""invalid decimal literal (<string>, line 1)"", ""line_no"": ""1.0"", ""test_case"": ""[[\""7\"", \""91\"", \""91\""]]""}"
"MBPP","passed","137","","","",""
"MBPP","hallucinated","138","","[{'type': 'missing_return', 'function': 'is_Sum_Of_Powers_Of_Two', 'start_line': 1, 'end_line': 13}]","","{""error_type"": ""AssertionError"", ""error_message"": """", ""line_no"": """", ""test_case"": ""[[\""10\"", \""True\"", \""False\""], [\""7\"", \""False\"", \""True\""], [\""14\"", \""True\"", \""False\""]]""}"
"MBPP","passed","139","","","",""
"MBPP","hallucinated","14","","","","{""error_type"": ""SyntaxError"", ""error_message"": ""invalid decimal literal (<string>, line 1)"", ""line_no"": ""1.0"", ""test_case"": ""[[\""(1, 2, 1)\"", \""1\"", \""1.0\""]]""}"
"MBPP","passed","140","","","",""
"MBPP","passed","141","","","",""
"MBPP","passed","142","","","",""
"MBPP","hallucinated","143","","","","{""error_type"": ""AssertionError"", ""error_message"": """", ""line_no"": """", ""test_case"": ""[[\""([1, 2, 3, 4], [5, 6, 7, 8])\"", \""2\"", \""2\""], [\""([1, 2], [3, 4], [5, 6])\"", \""3\"", \""3\""], [\""[9, 8, 7, 6, 5, 4, 3, 2, 1]\"", \""1\"", \""0\""]]""}"
"MBPP","hallucinated","145","","[{'type': 'missing_return', 'function': 'max_Abs_Diff', 'start_line': 1, 'end_line': 12}]","",""
"MBPP","hallucinated","16","","","","{""error_type"": ""AssertionError"", ""error_message"": """", ""line_no"": """", ""test_case"": ""[[\""aab_cbbbc\"", \""True\"", \""True\""], [\""aab_Abbbc\"", \""False\"", \""False\""], [\""Aaab_abbbc\"", \""False\"", \""True\""]]""}"
"MBPP","hallucinated","160","","[{'type': 'missing_return', 'function': 'find_solution', 'start_line': 3, 'end_line': 25}, {'type': 'missing_return', 'function': 'extended_gcd', 'start_line': 9, 'end_line': 15}]","","{""error_type"": ""UnboundLocalError"", ""error_message"": ""cannot access local variable 'gcd' where it is not associated with a value"", ""line_no"": ""1.0"", ""test_case"": ""[[\""(2, 3, 7)\"", \""(2, 1)\"", \""<Error: cannot access local variable 'gcd' where it is not associated with a value>\""], [\""(4, 2, 7)\"", \""None\"", \""<Error: cannot access local variable 'gcd' where it is not associated with a value>\""], [\""(1, 13, 17)\"", \""(4, 1)\"", \""<Error: cannot access local variable 'gcd' where it is not associated with a value>\""]]""}"
"MBPP","passed","161","","","",""
"MBPP","hallucinated","162","","","","{""error_type"": ""SyntaxError"", ""error_message"": ""invalid decimal literal (<string>, line 1)"", ""line_no"": ""1.0"", ""test_case"": ""[[\""9\"", \""25\"", \""24\""]]""}"
"MBPP","passed","163","","","",""
"MBPP","hallucinated","164","","","","{""error_type"": ""NameError"", ""error_message"": ""name 'are_equivalent' is not defined"", ""line_no"": ""1.0"", ""test_case"": """"}"
"MBPP","passed","165","","","",""
"MBPP","passed","166","","","",""
"MBPP","hallucinated","167","","[{'type': 'missing_return', 'function': 'next_power_of_2', 'start_line': 1, 'end_line': 7}]","","{""error_type"": ""SyntaxError"", ""error_message"": ""invalid decimal literal (<string>, line 1)"", ""line_no"": ""1.0"", ""test_case"": ""[[\""17\"", \""32\"", \""32\""]]""}"
"MBPP","passed","168","","","",""
"MBPP","hallucinated","17","","","","{""error_type"": ""SyntaxError"", ""error_message"": ""invalid decimal literal (<string>, line 1)"", ""line_no"": ""1.0"", ""test_case"": ""[[\""4\"", \""16\"", \""16\""]]""}"
"MBPP","hallucinated","170","","[{'type': 'missing_return', 'function': 'sum_range_list', 'start_line': 1, 'end_line': 9}]","",""
"MBPP","passed","171","","","",""
"MBPP","hallucinated","172","","","","{""error_type"": ""SyntaxError"", ""error_message"": ""invalid decimal literal (<string>, line 1)"", ""line_no"": ""1.0"", ""test_case"": ""[[\""letstdlenstdporstd\"", \""3\"", \""3\""], [\""truststdsolensporsd\"", \""1\"", \""1\""], [\""makestdsostdworthit\"", \""2\"", \""2\""]]""}"
"MBPP","hallucinated","18","","","","{""error_type"": ""NameError"", ""error_message"": ""name 'remove_dirty_chars' is not defined"", ""line_no"": ""1.0"", ""test_case"": """"}"
"MBPP","passed","19","","","",""
"MBPP","hallucinated","20","","[{'type': 'missing_return', 'function': 'is_woodall', 'start_line': 1, 'end_line': 12}]","","{""error_type"": ""SyntaxError"", ""error_message"": ""invalid syntax (<string>, line 1)"", ""line_no"": ""1.0"", ""test_case"": ""[[\""200\"", \""False\"", \""False\""]]""}"
"MBPP","hallucinated","222","","[{'type': 'missing_return', 'function': 'check_type', 'start_line': 1, 'end_line': 14}]","",""
"MBPP","passed","223","","","",""
"MBPP","hallucinated","224","","","","{""error_type"": ""SyntaxError"", ""error_message"": ""invalid decimal literal (<string>, line 1)"", ""line_no"": ""1.0"", ""test_case"": ""[[\""6\"", \""2\"", \""2\""]]""}"
"MBPP","passed","226","","","",""
"MBPP","hallucinated","227","","","","{""error_type"": ""SyntaxError"", ""error_message"": ""invalid decimal literal (<string>, line 1)"", ""line_no"": ""1.0"", ""test_case"": ""[[\""(-10, -20, -30)\"", \""-30\"", \""-30\""]]""}"
"MBPP","passed","228","","","",""
"MBPP","hallucinated","229","","","","{""error_type"": ""AssertionError"", ""error_message"": """", ""line_no"": """", ""test_case"": ""[[\""([-1, 2, -3, 4, 5, 6, -7, 8, 9], 9)\"", \""[-1, -3, -7, 4, 5, 6, 2, 8, 9]\"", \""[-1, -3, -7, 2, 4, 5, 6, 8, 9]\""], [\""([12, -14, -26, 13, 15], 5)\"", \""[-14, -26, 12, 13, 15]\"", \""[-14, -26, 12, 13, 15]\""], [\""([10, 24, 36, -42, -39, -78, 85], 7)\"", \""[-42, -39, -78, 10, 24, 36, 85]\"", \""[-42, -39, -78, 10, 24, 36, 85]\""]]""}"
"MBPP","passed","230","","","",""
"MBPP","passed","232","","","",""
"MBPP","hallucinated","233","","","","{""error_type"": ""NameError"", ""error_message"": ""name 'lateralsuface_cylinder' is not defined"", ""line_no"": ""1.0"", ""test_case"": """"}"
"MBPP","hallucinated","234","","","","{""error_type"": ""SyntaxError"", ""error_message"": ""invalid decimal literal (<string>, line 1)"", ""line_no"": ""1.0"", ""test_case"": ""[[\""5\"", \""125\"", \""125\""]]""}"
"MBPP","hallucinated","235","","","","{""error_type"": ""AssertionError"", ""error_message"": """", ""line_no"": """", ""test_case"": ""[[\""10\"", \""10\"", \""1431655765\""], [\""20\"", \""30\"", \""1431655765\""], [\""30\"", \""30\"", \""1431655765\""]]""}"
"MBPP","hallucinated","237","","","","{""error_type"": ""AssertionError"", ""error_message"": """", ""line_no"": """", ""test_case"": ""[[\""[(3, 1), (1, 3), (2, 5), (5, 2), (6, 3)]\"", \""{(1, 3): 2, (2, 5): 2, (3, 6): 1}\"", \""{(3, 1): 1, (1, 3): 1, (2, 5): 1, (5, 2): 1, (6, 3): 1}\""], [\""[(4, 2), (2, 4), (3, 6), (6, 3), (7, 4)]\"", \""{(2, 4): 2, (3, 6): 2, (4, 7): 1}\"", \""{(4, 2): 1, (2, 4): 1, (3, 6): 1, (6, 3): 1, (7, 4): 1}\""], [\""[(13, 2), (11, 23), (12, 25), (25, 12), (16, 23)]\"", \""{(2, 13): 1, (11, 23): 1, (12, 25): 2, (16, 23): 1}\"", \""{(13, 2): 1, (11, 23): 1, (12, 25): 1, (25, 12): 1, (16, 23): 1}\""]]""}"
"MBPP","passed","238","","","",""
"MBPP","passed","239","","","",""
"MBPP","hallucinated","240","","[{'type': 'missing_return', 'function': 'replace_list', 'start_line': 1, 'end_line': 4}]","",""
"MBPP","hallucinated","242","","","","{""error_type"": ""SyntaxError"", ""error_message"": ""invalid decimal literal (<string>, line 1)"", ""line_no"": ""1.0"", ""test_case"": ""[[\""python programming\"", \""18\"", \""18\""]]""}"
"MBPP","hallucinated","244","","[{'type': 'missing_return', 'function': 'next_Perfect_Square', 'start_line': 3, 'end_line': 12}]","","{""error_type"": ""AssertionError"", ""error_message"": """", ""line_no"": """", ""test_case"": ""[[\""35\"", \""36\"", \""36\""], [\""6\"", \""9\"", \""9\""], [\""9\"", \""16\"", \""4\""]]""}"
"MBPP","passed","245","","","",""
"MBPP","hallucinated","246","","[{'type': 'missing_return', 'function': 'babylonian_squareroot', 'start_line': 1, 'end_line': 25}]","",""
"MBPP","hallucinated","247","","","","{""error_type"": ""SyntaxError"", ""error_message"": ""invalid decimal literal (<string>, line 1)"", ""line_no"": ""1.0"", ""test_case"": ""[[\""PART OF THE JOURNEY IS PART\"", \""9\"", \""9\""]]""}"
"MBPP","passed","248","","","",""
"MBPP","hallucinated","249","","","","{""error_type"": ""AssertionError"", ""error_message"": """", ""line_no"": """", ""test_case"": ""[[\""([1, 2, 3, 5, 7, 8, 9, 10], [1, 2, 4, 8, 9])\"", \""[1, 2, 8, 9]\"", \""[8, 1, 2, 9]\""], [\""([1, 2, 3, 5, 7, 8, 9, 10], [3, 5, 7, 9])\"", \""[3, 5, 7, 9]\"", \""[9, 3, 5, 7]\""], [\""([1, 2, 3, 5, 7, 8, 9, 10], [10, 20, 30, 40])\"", \""[10]\"", \""[10]\""]]""}"
"MBPP","passed","250","","","",""
"MBPP","passed","251","","","",""
"MBPP","hallucinated","252","","","","{""error_type"": ""SyntaxError"", ""error_message"": ""invalid syntax (<string>, line 1)"", ""line_no"": ""1.0"", ""test_case"": ""[[\""5\"", \""(5.0, 0.0)\"", \""<Error: 'int' object is not iterable>\""]]""}"
"MBPP","hallucinated","253","","","","{""error_type"": ""SyntaxError"", ""error_message"": ""invalid decimal literal (<string>, line 1)"", ""line_no"": ""1.0"", ""test_case"": ""[[\""[1, 1.2, 4, 5.1]\"", \""2\"", \""2\""]]""}"
"MBPP","hallucinated","255","","","","{""error_type"": ""AssertionError"", ""error_message"": """", ""line_no"": """", ""test_case"": ""[[\""(['Red', 'Green', 'Blue'], 1)\"", \""[('Red',), ('Green',), ('Blue',)]\"", \""[('Red',), ('Green',), ('Blue',)]\""], [\""(['Red', 'Green', 'Blue'], 2)\"", \""[('Red', 'Red'), ('Red', 'Green'), ('Red', 'Blue'), ('Green', 'Green'), ('Green', 'Blue'), ('Blue', 'Blue')]\"", \""[('Red', 'Red'), ('Red', 'Green'), ('Red', 'Blue'), ('Green', 'Red'), ('Green', 'Green'), ('Green', 'Blue'), ('Blue', 'Red'), ('Blue', 'Green'), ('Blue', 'Blue')]\""], [\""(['Red', 'Green', 'Blue'], 3)\"", \""[('Red', 'Red', 'Red'), ('Red', 'Red', 'Green'), ('Red', 'Red', 'Blue'), ('Red', 'Green', 'Green'), ('Red', 'Green', 'Blue'), ('Red', 'Blue', 'Blue'), ('Green', 'Green', 'Green'), ('Green', 'Green', 'Blue'), ('Green', 'Blue', 'Blue'), ('Blue', 'Blue', 'Blue')]\"", \""[('Red', 'Red', 'Red'), ('Red', 'Red', 'Green'), ('Red', 'Red', 'Blue'), ('Red', 'Green', 'Red'), ('Red', 'Green', 'Green'), ('Red', 'Green', 'Blue'), ('Red', 'Blue', 'Red'), ('Red', 'Blue', 'Green'), ('Red', 'Blue', 'Blue'), ('Green', 'Red', 'Red'), ('Green', 'Red', 'Green'), ('Green', 'Red', 'Blue'), ('Green', 'Green', 'Red'), ('Green', 'Green', 'Green'), ('Green', 'Green', 'Blue'), ('Green', 'Blue', 'Red'), ('Green', 'Blue', 'Green'), ('Green', 'Blue', 'Blue'), ('Blue', 'Red', 'Red'), ('Blue'...[truncated]\""]]""}"
"MBPP","hallucinated","256","","[{'type': 'missing_return', 'function': 'count_Primes_nums', 'start_line': 1, 'end_line': 18}, {'type': 'missing_return', 'function': 'is_prime', 'start_line': 5, 'end_line': 11}]","","{""error_type"": ""SyntaxError"", ""error_message"": ""invalid decimal literal (<string>, line 1)"", ""line_no"": ""1.0"", ""test_case"": ""[[\""100\"", \""25\"", \""25\""]]""}"
"MBPP","passed","257","","","",""
"MBPP","hallucinated","259","","","","{""error_type"": ""AssertionError"", ""error_message"": """", ""line_no"": """", ""test_case"": ""[[\""(((1, 3), (4, 5), (2, 9), (1, 10)), ((6, 7), (3, 9), (1, 1), (7, 3)))\"", \""((6, 7), (4, 9), (2, 9), (7, 10))\"", \""[(4, 5), (7, 3)]\""], [\""(((2, 4), (5, 6), (3, 10), (2, 11)), ((7, 8), (4, 10), (2, 2), (8, 4)))\"", \""((7, 8), (5, 10), (3, 10), (8, 11))\"", \""[(5, 6), (8, 4)]\""], [\""(((3, 5), (6, 7), (4, 11), (3, 12)), ((8, 9), (5, 11), (3, 3), (9, 5)))\"", \""((8, 9), (6, 11), (4, 11), (9, 12))\"", \""[(6, 7), (9, 5)]\""]]""}"
"MBPP","hallucinated","260","","[{'type': 'missing_return', 'function': 'newman_prime', 'start_line': 3, 'end_line': 11}]","","{""error_type"": ""ModuleNotFoundError"", ""error_message"": ""No module named 'sympy'"", ""line_no"": ""1.0"", ""test_case"": """"}"
"MBPP","hallucinated","261","","[{'type': 'missing_return', 'function': 'division_elements', 'start_line': 1, 'end_line': 9}]","",""
"MBPP","hallucinated","262","","[{'type': 'missing_return', 'function': 'split_two_parts', 'start_line': 1, 'end_line': 10}]","","{""error_type"": ""SyntaxError"", ""error_message"": ""invalid syntax (<string>, line 1)"", ""line_no"": ""1.0"", ""test_case"": ""[[\""(['p', 'y', 't', 'h', 'o', 'n'], 4)\"", \""(['p', 'y', 't', 'h'], ['o', 'n'])\"", \""(['p', 'y', 't', 'h'], ['o', 'n'])\""]]""}"
"MBPP","hallucinated","264","","","","{""error_type"": ""SyntaxError"", ""error_message"": ""invalid decimal literal (<string>, line 1)"", ""line_no"": ""1.0"", ""test_case"": ""[[\""24\"", \""109\"", \""109\""]]""}"
"MBPP","hallucinated","265","","","","{""error_type"": ""SyntaxError"", ""error_message"": ""invalid syntax (<string>, line 1)"", ""line_no"": ""1.0"", ""test_case"": """"}"
"MBPP","hallucinated","266","","","","{""error_type"": ""SyntaxError"", ""error_message"": ""invalid decimal literal (<string>, line 1)"", ""line_no"": ""1.0"", ""test_case"": ""[[\""10\"", \""400\"", \""400\""]]""}"
"MBPP","hallucinated","267","","","","{""error_type"": ""SyntaxError"", ""error_message"": ""invalid decimal literal (<string>, line 1)"", ""line_no"": ""1.0"", ""test_case"": ""[[\""4\"", \""84\"", \""84\""]]""}"
"MBPP","hallucinated","268","","","","{""error_type"": ""SyntaxError"", ""error_message"": ""invalid decimal literal (<string>, line 1)"", ""line_no"": ""1.0"", ""test_case"": ""[[\""5\"", \""121\"", \""161\""]]""}"
"MBPP","hallucinated","269","","","","{""error_type"": ""SyntaxError"", ""error_message"": ""invalid decimal literal (<string>, line 1)"", ""line_no"": ""1.0"", ""test_case"": ""[[\""S\"", \""83\"", \""83\""]]""}"
"MBPP","passed","270","","","",""
"MBPP","hallucinated","271","","","","{""error_type"": ""SyntaxError"", ""error_message"": ""invalid decimal literal (<string>, line 1)"", ""line_no"": ""1.0"", ""test_case"": ""[[\""1\"", \""32\"", \""32\""]]""}"
"MBPP","passed","272","","","",""
"MBPP","passed","273","","","",""
"MBPP","passed","274","","","",""
"MBPP","passed","276","","","",""
"MBPP","passed","277","","","",""
"MBPP","passed","278","","","",""
"MBPP","hallucinated","279","","","","{""error_type"": ""SyntaxError"", ""error_message"": ""invalid decimal literal (<string>, line 1)"", ""line_no"": ""1.0"", ""test_case"": ""[[\""10\"", \""370\"", \""False\""]]""}"
"MBPP","passed","280","","","",""
"MBPP","passed","281","","","",""
"MBPP","hallucinated","282","","[{'type': 'missing_return', 'function': 'sub_list', 'start_line': 1, 'end_line': 9}]","",""
"MBPP","hallucinated","283","","","","{""error_type"": ""SyntaxError"", ""error_message"": ""invalid syntax (<string>, line 1)"", ""line_no"": ""1.0"", ""test_case"": ""[[\""321\"", \""True\"", \""<Error: count() argument 1 must be str, not int>\""]]""}"
"MBPP","passed","284","","","",""
"MBPP","hallucinated","418","","[{'type': 'missing_return', 'function': 'Find_Max', 'start_line': 1, 'end_line': 13}]","","{""error_type"": ""SyntaxError"", ""error_message"": ""invalid syntax (<string>, line 1)"", ""line_no"": ""1.0"", ""test_case"": ""[[\""[[1, 1], [1, 2, 3], [1, 5, 6, 1]]\"", \""[1, 5, 6, 1]\"", \""[1, 5, 6, 1]\""]]""}"
"MBPP","hallucinated","419","","[{'type': 'missing_return', 'function': 'round_and_sum', 'start_line': 1, 'end_line': 12}]","","{""error_type"": ""AssertionError"", ""error_message"": """", ""line_no"": """", ""test_case"": ""[[\""[22.4, 4.0, -16.22, -9.1, 11.0, -12.22, 14.2, -5.2, 17.5]\"", \""243\"", \""None\""], [\""[5, 2, 9, 24.3, 29]\"", \""345\"", \""None\""], [\""[25.0, 56.7, 89.2]\"", \""513\"", \""None\""]]""}"
"MBPP","hallucinated","420","","","","{""error_type"": ""SyntaxError"", ""error_message"": ""invalid decimal literal (<string>, line 1)"", ""line_no"": ""1.0"", ""test_case"": ""[[\""4\"", \""800\"", \""800\""]]""}"
"MBPP","hallucinated","421","","","","{""error_type"": ""AssertionError"", ""error_message"": """", ""line_no"": """", ""test_case"": ""[[\""('ID', 'is', 4, 'UTS')\"", \""ID-is-4-UTS\"", \""IDis4UTS\""], [\""('QWE', 'is', 4, 'RTY')\"", \""QWE-is-4-RTY\"", \""QWEis4RTY\""], [\""('ZEN', 'is', 4, 'OP')\"", \""ZEN-is-4-OP\"", \""ZENis4OP\""]]""}"
"MBPP","passed","422","","","",""
"MBPP","hallucinated","424","","","","{""error_type"": ""AssertionError"", ""error_message"": """", ""line_no"": """", ""test_case"": ""[[\""('Mers', 'for', 'Vers')\"", \""['s', 'r', 's']\"", \""('s', 'r', 's')\""], [\""('Avenge', 'for', 'People')\"", \""['e', 'r', 'e']\"", \""('e', 'r', 'e')\""], [\""('Gotta', 'get', 'go')\"", \""['a', 't', 'o']\"", \""('a', 't', 'o')\""]]""}"
"MBPP","hallucinated","425","","","","{""error_type"": ""SyntaxError"", ""error_message"": ""invalid decimal literal (<string>, line 1)"", ""line_no"": ""1.0"", ""test_case"": ""[[\""([['A', 'B'], ['A', 'C'], ['A', 'D', 'E'], ['B', 'C', 'D']], 'E')\"", \""1\"", \""1\""]]""}"
"MBPP","passed","426","","","",""
"MBPP","passed","427","","","",""
"MBPP","passed","428","","","",""
"MBPP","passed","429","","","",""
"MBPP","hallucinated","430","","","","{""error_type"": ""AssertionError"", ""error_message"": """", ""line_no"": """", ""test_case"": ""[[\""(5, 3, 2)\"", \""-198\"", \""1.55\""], [\""(9, 8, 4)\"", \""-2336\"", \""2.2222222222222223\""], [\""(2, 4, 6)\"", \""-130\"", \""4.0\""]]""}"
"MBPP","hallucinated","431","","","","{""error_type"": ""SyntaxError"", ""error_message"": ""invalid syntax (<string>, line 1)"", ""line_no"": ""1.0"", ""test_case"": ""[[\""([1, 2, 3, 4, 5], [5, 6, 7, 8, 9])\"", \""True\"", \""True\""]]""}"
"MBPP","passed","432","","","",""
"MBPP","passed","433","","","",""
"MBPP","hallucinated","434","","","","{""error_type"": ""SyntaxError"", ""error_message"": ""invalid syntax (<string>, line 1)"", ""line_no"": ""1.0"", ""test_case"": ""[[\""abba\"", \""True\"", \""False\""]]""}"
"MBPP","hallucinated","435","","","","{""error_type"": ""SyntaxError"", ""error_message"": ""invalid decimal literal (<string>, line 1)"", ""line_no"": ""1.0"", ""test_case"": ""[[\""30\"", \""0\"", \""0\""]]""}"
"MBPP","passed","436","","","",""
"MBPP","hallucinated","437","","","","{""error_type"": ""AssertionError"", ""error_message"": """", ""line_no"": """", ""test_case"": ""[[\""python\"", \""yhn\"", \""python\""], [\""program\"", \""rga\"", \""program\""], [\""language\"", \""agae\"", \""language\""]]""}"
"MBPP","hallucinated","438","","","","{""error_type"": ""TypeError"", ""error_message"": ""'int' object is not subscriptable"", ""line_no"": ""1.0"", ""test_case"": ""[[\""[(5, 6), (1, 2), (6, 5), (9, 1), (6, 5), (2, 1)]\"", \""3\"", \""<Error: 'int' object is not subscriptable>\""], [\""[(5, 6), (1, 3), (6, 5), (9, 1), (6, 5), (2, 1)]\"", \""2\"", \""<Error: 'int' object is not subscriptable>\""], [\""[(5, 6), (1, 2), (6, 5), (9, 2), (6, 5), (2, 1)]\"", \""4\"", \""<Error: 'int' object is not subscriptable>\""]]""}"
"MBPP","passed","439","","","",""
"MBPP","hallucinated","440","","","","{""error_type"": ""AssertionError"", ""error_message"": """", ""line_no"": """", ""test_case"": ""[[\""clearly!! we can see the sky\"", \""(0, 7, 'clearly')\"", \""[('clearly', 0)]\""], [\""seriously!! there are many roses\"", \""(0, 9, 'seriously')\"", \""[('seriously', 0)]\""], [\""unfortunately!! sita is going to home\"", \""(0, 13, 'unfortunately')\"", \""[('unfortunately', 0)]\""]]""}"
"MBPP","hallucinated","441","","","","{""error_type"": ""SyntaxError"", ""error_message"": ""invalid decimal literal (<string>, line 1)"", ""line_no"": ""1.0"", ""test_case"": ""[[\""10\"", \""600\"", \""600\""]]""}"
"MBPP","hallucinated","442","","","","{""error_type"": ""AssertionError"", ""error_message"": """", ""line_no"": """", ""test_case"": ""[[\""[0, 1, 2, -1, -5, 6, 0, -3, -2, 3, 4, 6, 8]\"", \""0.54\"", \""7\""], [\""[2, 1, 2, -1, -5, 6, 4, -3, -2, 3, 4, 6, 8]\"", \""0.69\"", \""9\""], [\""[2, 4, -6, -9, 11, -12, 14, -5, 17]\"", \""0.56\"", \""5\""]]""}"
"MBPP","hallucinated","443","","","","{""error_type"": ""AssertionError"", ""error_message"": """", ""line_no"": """", ""test_case"": ""[[\""[1, 2, 3, -4, -6]\"", \""-6\"", \""-4\""], [\""[1, 2, 3, -8, -9]\"", \""-9\"", \""-8\""], [\""[1, 2, 3, 4, -1]\"", \""-1\"", \""-1\""]]""}"
"MBPP","hallucinated","444","","","","{""error_type"": ""AssertionError"", ""error_message"": """", ""line_no"": """", ""test_case"": ""[[\""([(5, 3, 2, 1, 4), (3, 4, 9, 2, 1), (9, 1, 2, 3, 5), (4, 8, 2, 1, 7)], 2)\"", \""[(2,), (9,), (2,), (2,)]\"", \""[(5, 3, 1, 4), (3, 4, 2, 1), (9, 1, 3, 5), (4, 8, 1, 7)]\""], [\""([(5, 3, 2, 1, 4), (3, 4, 9, 2, 1), (9, 1, 2, 3, 5), (4, 8, 2, 1, 7)], 1)\"", \""[(3, 2, 1), (4, 9, 2), (1, 2, 3), (8, 2, 1)]\"", \""[(5, 2, 1, 4), (3, 9, 2, 1), (9, 2, 3, 5), (4, 2, 1, 7)]\""], [\""([(7, 8, 4, 9), (11, 8, 12, 4), (4, 1, 7, 8), (3, 6, 9, 7)], 1)\"", \""[(8, 4), (8, 12), (1, 7), (6, 9)]\"", \""[(7, 4, 9), (11, 12, 4), (4, 7, 8), (3, 9, 7)]\""]]""}"
"MBPP","hallucinated","445","","","","{""error_type"": ""TypeError"", ""error_message"": ""can't multiply sequence by non-int of type 'tuple'"", ""line_no"": ""1.0"", ""test_case"": ""[[\""(((1, 3), (4, 5), (2, 9), (1, 10)), ((6, 7), (3, 9), (1, 1), (7, 3)))\"", \""((6, 21), (12, 45), (2, 9), (7, 30))\"", \""<Error: can't multiply sequence by non-int of type 'tuple'>\""], [\""(((2, 4), (5, 6), (3, 10), (2, 11)), ((7, 8), (4, 10), (2, 2), (8, 4)))\"", \""((14, 32), (20, 60), (6, 20), (16, 44))\"", \""<Error: can't multiply sequence by non-int of type 'tuple'>\""], [\""(((3, 5), (6, 7), (4, 11), (3, 12)), ((8, 9), (5, 11), (3, 3), (9, 5)))\"", \""((24, 45), (30, 77), (12, 33), (27, 60))\"", \""<Error: can't multiply sequence by non-int of type 'tuple'>\""]]""}"
"MBPP","hallucinated","446","","","","{""error_type"": ""SyntaxError"", ""error_message"": ""invalid decimal literal (<string>, line 1)"", ""line_no"": ""1.0"", ""test_case"": ""[[\""((1, 2, 3, 4, 5, 6), [1, 2])\"", \""2\"", \""(1, 1, 0, 0, 0, 0)\""]]""}"
"MBPP","passed","447","","","",""
"MBPP","hallucinated","448","","","","{""error_type"": ""SyntaxError"", ""error_message"": ""invalid decimal literal (<string>, line 1)"", ""line_no"": ""1.0"", ""test_case"": ""[[\""11\"", \""88\"", \""256\""]]""}"
"MBPP","hallucinated","450","","[{'type': 'missing_return', 'function': 'extract_string', 'start_line': 1, 'end_line': 14}]","","{""error_type"": ""AssertionError"", ""error_message"": """", ""line_no"": """", ""test_case"": ""[[\""(['Python', 'list', 'exercises', 'practice', 'solution'], 8)\"", \""['practice', 'solution']\"", \""[['Python', 'list', 'exercises', 'practice', 'solution']]\""], [\""(['Python', 'list', 'exercises', 'practice', 'solution'], 6)\"", \""['Python']\"", \""[['Python', 'list', 'exercises', 'practice', 'solution']]\""], [\""(['Python', 'list', 'exercises', 'practice', 'solution'], 9)\"", \""['exercises']\"", \""[['Python', 'list', 'exercises', 'practice', 'solution']]\""]]""}"
"MBPP","passed","451","","","",""
"MBPP","hallucinated","452","","","","{""error_type"": ""SyntaxError"", ""error_message"": ""invalid decimal literal (<string>, line 1)"", ""line_no"": ""1.0"", ""test_case"": ""[[\""(2000, 5000)\"", \""3000\"", \""0\""]]""}"
"MBPP","hallucinated","453","","","","{""error_type"": ""SyntaxError"", ""error_message"": ""invalid decimal literal (<string>, line 1)"", ""line_no"": ""1.0"", ""test_case"": ""[[\""6\"", \""8\"", \""8\""]]""}"
"MBPP","passed","454","","","",""
"MBPP","passed","455","","","",""
"MBPP","passed","456","","","",""
"MBPP","hallucinated","457","","[{'type': 'missing_return', 'function': 'Find_Min', 'start_line': 1, 'end_line': 13}]","","{""error_type"": ""SyntaxError"", ""error_message"": ""invalid syntax (<string>, line 1)"", ""line_no"": ""1.0"", ""test_case"": ""[[\""[[1], [1, 2], [1, 2, 3]]\"", \""[1]\"", \""[1]\""]]""}"
"MBPP","hallucinated","458","","","","{""error_type"": ""SyntaxError"", ""error_message"": ""invalid decimal literal (<string>, line 1)"", ""line_no"": ""1.0"", ""test_case"": ""[[\""(4, 2)\"", \""8\"", \""8\""]]""}"
"MBPP","passed","459","","","",""
"MBPP","passed","460","","","",""
"MBPP","hallucinated","461","","","","{""error_type"": ""SyntaxError"", ""error_message"": ""invalid decimal literal (<string>, line 1)"", ""line_no"": ""1.0"", ""test_case"": ""[[\""program\"", \""0\"", \""0\""]]""}"
"MBPP","hallucinated","462","","","","{""error_type"": ""AssertionError"", ""error_message"": """", ""line_no"": """", ""test_case"": ""[[\""['orange', 'red', 'green', 'blue']\"", \""[[], ['orange'], ['red'], ['red', 'orange'], ['green'], ['green', 'orange'], ['green', 'red'], ['green', 'red', 'orange'], ['blue'], ['blue', 'orange'], ['blue', 'red'], ['blue', 'red', 'orange'], ['blue', 'green'], ['blue', 'green', 'orange'], ['blue', 'green', 'red'], ['blue', 'green', 'red', 'orange']]\"", \""[('orange',), ('red',), ('green',), ('blue',), ('orange', 'red'), ('orange', 'green'), ('orange', 'blue'), ('red', 'green'), ('red', 'blue'), ('green', 'blue'), ('orange', 'red', 'green'), ('orange', 'red', 'blue'), ('orange', 'green', 'blue'), ('red', 'green', 'blue'), ('orange', 'red', 'green', 'blue')]\""], [\""['red', 'green', 'blue', 'white', 'black', 'orange']\"", \""[[], ['red'], ['green'], ['green', 'red'], ['blue'], ['blue', 'red'], ['blue', 'green'], ['blue', 'green', 'red'], ['white'], ['white', 'red'], ['white', 'green'], ['white', 'green', 'red'], ['white', 'blue'], ['white', 'blue', 'red'], ['white', 'blue', 'green'], ['white', 'blue', 'green', 'red'], ['black'], ['black', 'red'], ['black', 'green'], ['black', 'green', 'red'], ['black', 'blue'], ['black', 'blue', 'red'], ['black', 'blue', 'green'], ['black', 'blue', 'green', 'red'], ['black', 'white'...[truncated]\"", \""[('red',), ('green',), ('blue',), ('white',), ('black',), ('orange',), ('red', 'green'), ('red', 'blue'), ('red', 'white'), ('red', 'black'), ('red', 'orange'), ('green', 'blue'), ('green', 'white'), ('green', 'black'), ('green', 'orange'), ('blue', 'white'), ('blue', 'black'), ('blue', 'orange'), ('white', 'black'), ('white', 'orange'), ('black', 'orange'), ('red', 'green', 'blue'), ('red', 'green', 'white'), ('red', 'green', 'black'), ('red', 'green', 'orange'), ('red', 'blue', 'white'), ('red...[truncated]\""], [\""['red', 'green', 'black', 'orange']\"", \""[[], ['red'], ['green'], ['green', 'red'], ['black'], ['black', 'red'], ['black', 'green'], ['black', 'green', 'red'], ['orange'], ['orange', 'red'], ['orange', 'green'], ['orange', 'green', 'red'], ['orange', 'black'], ['orange', 'black', 'red'], ['orange', 'black', 'green'], ['orange', 'black', 'green', 'red']]\"", \""[('red',), ('green',), ('black',), ('orange',), ('red', 'green'), ('red', 'black'), ('red', 'orange'), ('green', 'black'), ('green', 'orange'), ('black', 'orange'), ('red', 'green', 'black'), ('red', 'green', 'orange'), ('red', 'black', 'orange'), ('green', 'black', 'orange'), ('red', 'green', 'black', 'orange')]\""]]""}"
"MBPP","hallucinated","463","","[{'type': 'missing_return', 'function': 'max_subarray_product', 'start_line': 1, 'end_line': 16}]","",""
"MBPP","hallucinated","464","","[{'type': 'missing_return', 'function': 'check_value', 'start_line': 1, 'end_line': 14}]","","{""error_type"": ""AssertionError"", ""error_message"": """", ""line_no"": """", ""test_case"": ""[[\""({'Cierra Vega': 12, 'Alden Cantrell': 12, 'Kierra Gentry': 12, 'Pierre Cox': 12}, 10)\"", \""False\"", \""True\""], [\""({'Cierra Vega': 12, 'Alden Cantrell': 12, 'Kierra Gentry': 12, 'Pierre Cox': 12}, 12)\"", \""True\"", \""True\""], [\""({'Cierra Vega': 12, 'Alden Cantrell': 12, 'Kierra Gentry': 12, 'Pierre Cox': 12}, 5)\"", \""False\"", \""True\""]]""}"
"MBPP","passed","465","","","",""
"MBPP","hallucinated","468","","[{'type': 'missing_return', 'function': 'max_product', 'start_line': 3, 'end_line': 27}]","","{""error_type"": ""AssertionError"", ""error_message"": """", ""line_no"": """", ""test_case"": ""[[\""[3, 100, 4, 5, 150, 6]\"", \""3000\"", \""5400000\""], [\""[4, 42, 55, 68, 80]\"", \""50265600\"", \""50265600\""], [\""[10, 22, 9, 33, 21, 50, 41, 60]\"", \""2460\"", \""168773220000\""]]""}"
"MBPP","hallucinated","470","","","","{""error_type"": ""AssertionError"", ""error_message"": """", ""line_no"": """", ""test_case"": ""[[\""(1, 5, 7, 8, 10)\"", \""(6, 12, 15, 18)\"", \""[6, 12, 15, 18]\""], [\""(2, 6, 8, 9, 11)\"", \""(8, 14, 17, 20)\"", \""[8, 14, 17, 20]\""], [\""(3, 7, 9, 10, 12)\"", \""(10, 16, 19, 22)\"", \""[10, 16, 19, 22]\""]]""}"
"MBPP","passed","471","","","",""
"MBPP","hallucinated","472","","[{'type': 'missing_return', 'function': 'check_Consecutive', 'start_line': 1, 'end_line': 11}]","",""
"MBPP","hallucinated","473","","","","{""error_type"": ""AssertionError"", ""error_message"": """", ""line_no"": """", ""test_case"": ""[[\""([(3, 4), (5, 6), (9, 10), (4, 5)], [(5, 4), (3, 4), (6, 5), (9, 11)])\"", \""{(4, 5), (5, 6), (3, 4)}\"", \""[(3, 4)]\""], [\""([(4, 1), (7, 4), (11, 13), (17, 14)], [(1, 4), (7, 4), (16, 12), (10, 13)])\"", \""{(4, 7), (1, 4)}\"", \""[(7, 4)]\""], [\""([(2, 1), (3, 2), (1, 3), (1, 4)], [(11, 2), (2, 3), (6, 2), (1, 3)])\"", \""{(2, 3), (1, 3)}\"", \""[(1, 3)]\""]]""}"
"MBPP","passed","474","","","",""
"MBPP","hallucinated","475","","","","{""error_type"": ""AssertionError"", ""error_message"": """", ""line_no"": """", ""test_case"": ""[[\""{'Math': 81, 'Physics': 83, 'Chemistry': 87}\"", \""[('Chemistry', 87), ('Physics', 83), ('Math', 81)]\"", \""{'Chemistry': 87, 'Physics': 83, 'Math': 81}\""], [\""{'Math': 400, 'Physics': 300, 'Chemistry': 250}\"", \""[('Math', 400), ('Physics', 300), ('Chemistry', 250)]\"", \""{'Math': 400, 'Physics': 300, 'Chemistry': 250}\""], [\""{'Math': 900, 'Physics': 1000, 'Chemistry': 1250}\"", \""[('Chemistry', 1250), ('Physics', 1000), ('Math', 900)]\"", \""{'Chemistry': 1250, 'Physics': 1000, 'Math': 900}\""]]""}"
"MBPP","hallucinated","476","","[{'type': 'missing_return', 'function': 'big_sum', 'start_line': 1, 'end_line': 6}]","","{""error_type"": ""SyntaxError"", ""error_message"": ""invalid decimal literal (<string>, line 1)"", ""line_no"": ""1.0"", ""test_case"": ""[[\""[2, 3, 6]\"", \""8\"", \""8\""]]""}"
"MBPP","hallucinated","477","","","","{""error_type"": ""AssertionError"", ""error_message"": """", ""line_no"": """", ""test_case"": ""[[\""InValid\"", \""invalid\"", \""False\""], [\""TruE\"", \""true\"", \""False\""], [\""SenTenCE\"", \""sentence\"", \""False\""]]""}"
"MBPP","passed","478","","","",""
"MBPP","hallucinated","479","","","","{""error_type"": ""ValueError"", ""error_message"": ""invalid literal for int() with base 10: '-'"", ""line_no"": ""5.0"", ""test_case"": """"}"
"MBPP","hallucinated","56","","","","{""error_type"": ""SyntaxError"", ""error_message"": ""invalid syntax (<string>, line 1)"", ""line_no"": ""1.0"", ""test_case"": """"}"
"MBPP","passed","57","","","",""
"MBPP","passed","58","","","",""
"MBPP","hallucinated","59","","[{'type': 'missing_return', 'function': 'is_octagonal', 'start_line': 1, 'end_line': 29}]","","{""error_type"": ""SyntaxError"", ""error_message"": ""invalid decimal literal (<string>, line 1)"", ""line_no"": ""1.0"", ""test_case"": ""[[\""15\"", \""645\"", \""False\""]]""}"
"MBPP","passed","602","","","",""
"MBPP","hallucinated","603","","","","{""error_type"": ""AssertionError"", ""error_message"": """", ""line_no"": """", ""test_case"": ""[[\""10\"", \""[1, 2, 3, 5, 7]\"", \""[2, 3, 5, 7]\""], [\""25\"", \""[1, 2, 3, 5, 7, 11, 13, 17, 23, 25]\"", \""[2, 3, 5, 7, 11, 13, 17, 19, 23]\""], [\""45\"", \""[1, 2, 3, 5, 7, 11, 13, 17, 23, 25, 29, 37, 41, 43]\"", \""[2, 3, 5, 7, 11, 13, 17, 19, 23, 29, 31, 37, 41, 43]\""]]""}"
"MBPP","hallucinated","604","","","","{""error_type"": ""AssertionError"", ""error_message"": """", ""line_no"": """", ""test_case"": ""[[\""python program\"", \""program python\"", \""nohtyp margorp\""], [\""java language\"", \""language java\"", \""avaj egaugnal\""], [\""indian man\"", \""man indian\"", \""naidni nam\""]]""}"
"MBPP","hallucinated","605","","[{'type': 'missing_return', 'function': 'prime_num', 'start_line': 1, 'end_line': 13}]","","{""error_type"": ""SyntaxError"", ""error_message"": ""invalid syntax (<string>, line 1)"", ""line_no"": ""1.0"", ""test_case"": ""[[\""-1010\"", \""False\"", \""False\""]]""}"
"MBPP","passed","606","","","",""
"MBPP","passed","607","","","",""
"MBPP","hallucinated","608","","[{'type': 'missing_return', 'function': 'bell_Number', 'start_line': 1, 'end_line': 17}]","","{""error_type"": ""SyntaxError"", ""error_message"": ""invalid decimal literal (<string>, line 1)"", ""line_no"": ""1.0"", ""test_case"": ""[[\""4\"", \""15\"", \""52\""]]""}"
"MBPP","passed","61","","","",""
"MBPP","hallucinated","610","","[{'type': 'missing_return', 'function': 'remove_kth_element', 'start_line': 1, 'end_line': 7}]","","{""error_type"": ""AssertionError"", ""error_message"": """", ""line_no"": """", ""test_case"": ""[[\""([1, 1, 2, 3, 4, 4, 5, 1], 3)\"", \""[1, 1, 3, 4, 4, 5, 1]\"", \""[1, 1, 2, 4, 4, 5, 1]\""], [\""([0, 0, 1, 2, 3, 4, 4, 5, 6, 6, 6, 7, 8, 9, 4, 4], 4)\"", \""[0, 0, 1, 3, 4, 4, 5, 6, 6, 6, 7, 8, 9, 4, 4]\"", \""[0, 0, 1, 2, 4, 4, 5, 6, 6, 6, 7, 8, 9, 4, 4]\""], [\""([10, 10, 15, 19, 18, 18, 17, 26, 26, 17, 18, 10], 5)\"", \""[10, 10, 15, 19, 18, 17, 26, 26, 17, 18, 10]\"", \""[10, 10, 15, 19, 18, 17, 26, 26, 17, 18, 10]\""]]""}"
"MBPP","hallucinated","611","","[{'type': 'missing_return', 'function': 'max_of_nth', 'start_line': 1, 'end_line': 14}]","",""
"MBPP","hallucinated","612","","","","{""error_type"": ""SyntaxError"", ""error_message"": ""invalid syntax (<string>, line 1)"", ""line_no"": ""1.0"", ""test_case"": """"}"
"MBPP","passed","614","","","",""
"MBPP","hallucinated","615","","","","{""error_type"": ""AssertionError"", ""error_message"": """", ""line_no"": """", ""test_case"": ""[[\""((10, 10, 10, 12), (30, 45, 56, 45), (81, 80, 39, 32), (1, 2, 3, 4))\"", \""[30.5, 34.25, 27.0, 23.25]\"", \""[10.5, 44.0, 58.0, 2.5]\""], [\""((1, 1, -5), (30, -15, 56), (81, -60, -39), (-10, 2, 3))\"", \""[25.5, -18.0, 3.75]\"", \""[-1.0, 23.666666666666668, -6.0, -1.6666666666666667]\""], [\""((100, 100, 100, 120), (300, 450, 560, 450), (810, 800, 390, 320), (10, 20, 30, 40))\"", \""[305.0, 342.5, 270.0, 232.5]\"", \""[105.0, 440.0, 580.0, 25.0]\""]]""}"
"MBPP","passed","616","","","",""
"MBPP","hallucinated","617","","","","{""error_type"": ""SyntaxError"", ""error_message"": ""invalid decimal literal (<string>, line 1)"", ""line_no"": ""1.0"", ""test_case"": ""[[\""((11, 14), 11)\"", \""1\"", \""<Error: unsupported operand type(s) for +: 'int' and 'tuple'>\""]]""}"
"MBPP","hallucinated","618","","[{'type': 'missing_return', 'function': 'div_list', 'start_line': 1, 'end_line': 9}]","",""
"MBPP","hallucinated","619","","","","{""error_type"": ""TypeError"", ""error_message"": ""'str' object does not support item assignment"", ""line_no"": ""10.0"", ""test_case"": """"}"
"MBPP","hallucinated","62","","[{'type': 'missing_return', 'function': 'smallest_num', 'start_line': 1, 'end_line': 4}]","",""
"MBPP","hallucinated","620","","","","{""error_type"": ""AssertionError"", ""error_message"": """", ""line_no"": """", ""test_case"": ""[[\""[1, 3, 6, 13, 17, 18]\"", \""4\"", \""3\""], [\""[3, 5, 10, 15, 20]\"", \""3\"", \""2\""], [\""[1, 3, 6, 13, 17, 18]\"", \""4\"", \""3\""]]""}"
"MBPP","hallucinated","622","","","","{""error_type"": ""AssertionError"", ""error_message"": """", ""line_no"": """", ""test_case"": ""[[\""([1, 12, 15, 26, 38], [2, 13, 17, 30, 45], 5)\"", \""16.0\"", \""12\""], [\""([2, 4, 8, 9], [7, 13, 19, 28], 4)\"", \""8.5\"", \""5.5\""], [\""([3, 6, 14, 23, 36, 42], [2, 18, 27, 39, 49, 55], 6)\"", \""25.0\"", \""10.0\""]]""}"
"MBPP","passed","623","","","",""
"MBPP","hallucinated","624","","","","{""error_type"": ""AssertionError"", ""error_message"": """", ""line_no"": """", ""test_case"": ""[[\""person\"", \""PERSON\"", \""False\""], [\""final\"", \""FINAL\"", \""False\""], [\""Valid\"", \""VALID\"", \""False\""]]""}"
"MBPP","hallucinated","625","","[{'type': 'missing_return', 'function': 'swap_List', 'start_line': 1, 'end_line': 9}]","",""
"MBPP","hallucinated","626","","","","{""error_type"": ""SyntaxError"", ""error_message"": ""invalid syntax (<string>, line 1)"", ""line_no"": ""1.0"", ""test_case"": ""[[\""2\"", \""4\"", \""4.0\""]]""}"
"MBPP","hallucinated","627","","[{'type': 'missing_return', 'function': 'find_First_Missing', 'start_line': 1, 'end_line': 16}]","",""
"MBPP","passed","628","","","",""
"MBPP","hallucinated","629","","","","{""error_type"": ""AssertionError"", ""error_message"": """", ""line_no"": """", ""test_case"": ""[[\""[1, 2, 3, 4, 5]\"", \""[2, 4]\"", \""([2, 4], [1, 3, 5])\""], [\""[4, 5, 6, 7, 8, 0, 1]\"", \""[4, 6, 8, 0]\"", \""([4, 6, 8, 0], [5, 7, 1])\""], [\""[8, 12, 15, 19]\"", \""[8, 12]\"", \""([8, 12], [15, 19])\""]]""}"
"MBPP","hallucinated","63","","","","{""error_type"": ""TypeError"", ""error_message"": ""unsupported operand type(s) for -: 'tuple' and 'tuple'"", ""line_no"": ""1.0"", ""test_case"": ""[[\""[(3, 5), (1, 7), (10, 3), (1, 2)]\"", \""7\"", \""<Error: unsupported operand type(s) for -: 'tuple' and 'tuple'>\""], [\""[(4, 6), (2, 17), (9, 13), (11, 12)]\"", \""15\"", \""<Error: unsupported operand type(s) for -: 'tuple' and 'tuple'>\""], [\""[(12, 35), (21, 27), (13, 23), (41, 22)]\"", \""23\"", \""<Error: unsupported operand type(s) for -: 'tuple' and 'tuple'>\""]]""}"
"MBPP","hallucinated","630","","","","{""error_type"": ""NameError"", ""error_message"": ""name 'get_coordinates' is not defined"", ""line_no"": ""1.0"", ""test_case"": """"}"
"MBPP","hallucinated","631","","","","{""error_type"": ""AssertionError"", ""error_message"": """", ""line_no"": """", ""test_case"": ""[[\""Jumanji The Jungle\"", \""Jumanji_The_Jungle\"", \""Jumanji The Jungle\""], [\""The_Avengers\"", \""The Avengers\"", \""The Avengers\""], [\""Fast and Furious\"", \""Fast_and_Furious\"", \""Fast and Furious\""]]""}"
"MBPP","hallucinated","632","","[{'type': 'missing_return', 'function': 'move_zero', 'start_line': 1, 'end_line': 13}]","","{""error_type"": ""AssertionError"", ""error_message"": """", ""line_no"": """", ""test_case"": ""[[\""[1, 2, 3, 4, 0, 0]\"", \""[1, 2, 3, 4, 0, 0]\"", \""None\""], [\""[2, 3, 2, 4, 5, 0, 0, 0, 0]\"", \""[2, 3, 2, 4, 5, 0, 0, 0, 0]\"", \""None\""], [\""[1, 1, 1, 0, 0]\"", \""[1, 1, 1, 0, 0]\"", \""None\""]]""}"
"MBPP","passed","633","","","",""
"MBPP","hallucinated","635","","[{'type': 'missing_return', 'function': 'heapify', 'start_line': 2, 'end_line': 20}]","",""
"MBPP","passed","637","","","",""
"MBPP","hallucinated","638","","","","{""error_type"": ""SyntaxError"", ""error_message"": ""invalid decimal literal (<string>, line 1)"", ""line_no"": ""1.0"", ""test_case"": ""[[\""(10, 8)\"", \""6\"", \""6.242284759424885\""]]""}"
"MBPP","hallucinated","639","","","","{""error_type"": ""SyntaxError"", ""error_message"": ""invalid decimal literal (<string>, line 1)"", ""line_no"": ""1.0"", ""test_case"": ""[[\""['abcd', 'Python', 'abba', 'aba']\"", \""6\"", \""6\""]]""}"
"MBPP","passed","64","","","",""
"MBPP","hallucinated","640","","","","{""error_type"": ""AssertionError"", ""error_message"": """", ""line_no"": """", ""test_case"": ""[[\""['python (chrome)']\"", \""python\"", \""['python ']\""], [\""['string(.abc)']\"", \""string\"", \""['string']\""], [\""['alpha(num)']\"", \""alpha\"", \""['alpha']\""]]""}"
"MBPP","hallucinated","641","","","","{""error_type"": ""SyntaxError"", ""error_message"": ""invalid decimal literal (<string>, line 1)"", ""line_no"": ""1.0"", ""test_case"": ""[[\""18\"", \""1089\"", \""False\""]]""}"
"MBPP","hallucinated","643","{""type"": ""SyntaxError"", ""value"": 31, ""message"": ""unterminated string literal (detected at line 31) (<unknown>, line 31)""}","","","{""error_type"": ""SyntaxError"", ""error_message"": ""unterminated string literal (detected at line 31) (<string>, line 31)"", ""line_no"": ""31.0"", ""test_case"": """"}"
"MBPP","passed","644","","","",""
"MBPP","passed","65","","","",""
"MBPP","hallucinated","66","","","","{""error_type"": ""SyntaxError"", ""error_message"": ""invalid decimal literal (<string>, line 1)"", ""line_no"": ""1.0"", ""test_case"": ""[[\""[1, 2, 3, 4]\"", \""4\"", \""4\""]]""}"
"MBPP","hallucinated","67","","","","{""error_type"": ""SyntaxError"", ""error_message"": ""invalid decimal literal (<string>, line 1)"", ""line_no"": ""1.0"", ""test_case"": ""[[\""56\"", \""6775685320645824322581483068371419745979053216268760300\"", \""36028797018963968\""]]""}"
"MBPP","passed","68","","","",""
"MBPP","hallucinated","69","","[{'type': 'missing_return', 'function': 'is_sublist', 'start_line': 1, 'end_line': 13}]","",""
"MBPP","hallucinated","70","","[{'type': 'missing_return', 'function': 'find_equal_tuple', 'start_line': 1, 'end_line': 14}]","","{""error_type"": ""NameError"", ""error_message"": ""name 'get_equal' is not defined"", ""line_no"": ""1.0"", ""test_case"": """"}"
"MBPP","hallucinated","71","","","","{""error_type"": ""AssertionError"", ""error_message"": """", ""line_no"": """", ""test_case"": ""[[\""[5, 15, 37, 25, 79]\"", \""[5, 15, 25, 37, 79]\"", \""[5, 15, 37, 25, 79]\""], [\""[15, 19, 22, 32, 41]\"", \""[15, 19, 22, 32, 41]\"", \""[15, 19, 22, 32, 41]\""], [\""[13, 15, 47, 99]\"", \""[13, 15, 47, 99]\"", \""[13, 15, 47, 99]\""]]""}"
"MBPP","hallucinated","72","","","","{""error_type"": ""SyntaxError"", ""error_message"": ""invalid syntax (<string>, line 1)"", ""line_no"": ""1.0"", ""test_case"": ""[[\""15\"", \""True\"", \""True\""]]""}"
"MBPP","hallucinated","720","","","","{""error_type"": ""AssertionError"", ""error_message"": """", ""line_no"": """", ""test_case"": ""[[\""((4, 5, 6), {'MSAM': 1, 'is': 2, 'best': 3})\"", \""(4, 5, 6, {'MSAM': 1, 'is': 2, 'best': 3})\"", \""(4, 5, 6, ('MSAM', 1), ('is', 2), ('best', 3))\""], [\""((1, 2, 3), {'UTS': 2, 'is': 3, 'Worst': 4})\"", \""(1, 2, 3, {'UTS': 2, 'is': 3, 'Worst': 4})\"", \""(1, 2, 3, ('UTS', 2), ('is', 3), ('Worst', 4))\""], [\""((8, 9, 10), {'POS': 3, 'is': 4, 'Okay': 5})\"", \""(8, 9, 10, {'POS': 3, 'is': 4, 'Okay': 5})\"", \""(8, 9, 10, ('POS', 3), ('is', 4), ('Okay', 5))\""]]""}"
"MBPP","hallucinated","721","","","","{""error_type"": ""AssertionError"", ""error_message"": """", ""line_no"": """", ""test_case"": ""[[\""[[1, 3, 6], [7, 12, 16], [14, 17, 26]]\"", \""5.2\"", \""2.888888888888889\""], [\""[[2, 5, 9], [9, 15, 20], [17, 21, 31]]\"", \""6.2\"", \""3.4444444444444446\""], [\""[[3, 7, 12], [11, 18, 24], [20, 25, 36]]\"", \""7.2\"", \""4.0\""], [\""[[1, 3, 6], [5, 10, 16], [12, 20, 29]]\"", \""5.8\"", \""3.2222222222222223\""]]""}"
"MBPP","hallucinated","722","","","","{""error_type"": ""AssertionError"", ""error_message"": """", ""line_no"": """", ""test_case"": ""[[\""({'Cierra Vega': (6.2, 70), 'Alden Cantrell': (5.9, 65), 'Kierra Gentry': (6.0, 68), 'Pierre Cox': (5.8, 66)}, 6.0, 70)\"", \""{'Cierra Vega': (6.2, 70)}\"", \""{}\""], [\""({'Cierra Vega': (6.2, 70), 'Alden Cantrell': (5.9, 65), 'Kierra Gentry': (6.0, 68), 'Pierre Cox': (5.8, 66)}, 5.9, 67)\"", \""{'Cierra Vega': (6.2, 70), 'Kierra Gentry': (6.0, 68)}\"", \""{'Cierra Vega': (6.2, 70), 'Kierra Gentry': (6.0, 68)}\""], [\""({'Cierra Vega': (6.2, 70), 'Alden Cantrell': (5.9, 65), 'Kierra Gentry': (6.0, 68), 'Pierre Cox': (5.8, 66)}, 5.7, 64)\"", \""{'Cierra Vega': (6.2, 70), 'Alden Cantrell': (5.9, 65), 'Kierra Gentry': (6.0, 68), 'Pierre Cox': (5.8, 66)}\"", \""{'Cierra Vega': (6.2, 70), 'Alden Cantrell': (5.9, 65), 'Kierra Gentry': (6.0, 68), 'Pierre Cox': (5.8, 66)}\""]]""}"
"MBPP","passed","723","","","",""
"MBPP","hallucinated","724","","","","{""error_type"": ""SyntaxError"", ""error_message"": ""invalid decimal literal (<string>, line 1)"", ""line_no"": ""1.0"", ""test_case"": """"}"
"MBPP","passed","725","","","",""
"MBPP","passed","726","","","",""
"MBPP","hallucinated","728","","[{'type': 'missing_return', 'function': 'sum_list', 'start_line': 1, 'end_line': 7}]","",""
"MBPP","hallucinated","730","","[{'type': 'missing_return', 'function': 'consecutive_duplicates', 'start_line': 1, 'end_line': 10}]","","{""error_type"": ""SyntaxError"", ""error_message"": ""invalid syntax (<string>, line 1)"", ""line_no"": ""1.0"", ""test_case"": ""[[\""[0, 0, 1, 2, 3, 4, 4, 5, 6, 6, 6, 7, 8, 9, 4, 4]\"", \""[0, 1, 2, 3, 4, 5, 6, 7, 8, 9, 4]\"", \""[0, 1, 2, 3, 4, 5, 6, 7, 8, 9, 4]\""], [\""['a', 'a', 'b', 'c', 'd', 'd', 'a', 'a']\"", \""['a', 'b', 'c', 'd', 'a']\"", \""['a', 'b', 'c', 'd', 'a']\""]]""}"
"MBPP","passed","731","","","",""
"MBPP","passed","732","","","",""
"MBPP","passed","733","","","",""
"MBPP","hallucinated","734","","","","{""error_type"": ""AssertionError"", ""error_message"": """", ""line_no"": """", ""test_case"": ""[[\""[1, 2, 3]\"", \""20\"", \""23\""], [\""[1, 2]\"", \""5\"", \""5\""], [\""[1, 2, 3, 4]\"", \""84\"", \""119\""]]""}"
"MBPP","hallucinated","735","","","","{""error_type"": ""NameError"", ""error_message"": ""name 'toggle_middle_bits' is not defined"", ""line_no"": ""1.0"", ""test_case"": """"}"
"MBPP","passed","736","","","",""
"MBPP","hallucinated","737","","","","{""error_type"": ""SyntaxError"", ""error_message"": ""invalid syntax (<string>, line 1)"", ""line_no"": ""1.0"", ""test_case"": """"}"
"MBPP","hallucinated","738","","","","{""error_type"": ""AssertionError"", ""error_message"": """", ""line_no"": """", ""test_case"": ""[[\""7\"", \""1.9921875\"", \""0.9921875\""], [\""4\"", \""1.9375\"", \""0.9375\""], [\""8\"", \""1.99609375\"", \""0.99609375\""]]""}"
"MBPP","hallucinated","739","","[{'type': 'missing_return', 'function': 'find_Index', 'start_line': 3, 'end_line': 23}]","","{""error_type"": ""SyntaxError"", ""error_message"": ""invalid decimal literal (<string>, line 1)"", ""line_no"": ""1.0"", ""test_case"": ""[[\""4\"", \""45\"", \""1\""]]""}"
"MBPP","hallucinated","74","","[{'type': 'missing_return', 'function': 'is_samepatterns', 'start_line': 1, 'end_line': 13}]","","{""error_type"": ""AssertionError"", ""error_message"": """", ""line_no"": """", ""test_case"": ""[[\""(['red', 'green', 'green'], ['a', 'b', 'b'])\"", \""True\"", \""False\""], [\""(['red', 'green', 'greenn'], ['a', 'b', 'b'])\"", \""False\"", \""False\""], [\""(['red', 'green', 'greenn'], ['a', 'b'])\"", \""False\"", \""False\""]]""}"
"MBPP","hallucinated","740","","[{'type': 'missing_return', 'function': 'tuple_to_dict', 'start_line': 1, 'end_line': 9}]","",""
"MBPP","hallucinated","741","","[{'type': 'missing_return', 'function': 'all_Characters_Same', 'start_line': 1, 'end_line': 8}]","",""
"MBPP","hallucinated","742","","","","{""error_type"": ""AssertionError"", ""error_message"": """", ""line_no"": """", ""test_case"": ""[[\""3\"", \""15.588457268119894\"", \""9.545941546018392\""], [\""20\"", \""692.8203230275509\"", \""2828.42712474619\""], [\""10\"", \""173.20508075688772\"", \""353.5533905932738\""]]""}"
"MBPP","passed","743","","","",""
"MBPP","passed","744","","","",""
"MBPP","hallucinated","745","","[{'type': 'missing_return', 'function': 'is_divisible_by_digits', 'start_line': 2, 'end_line': 9}]","",""
"MBPP","passed","746","","","",""
"MBPP","passed","747","","","",""
"MBPP","hallucinated","748","","","","{""error_type"": ""AssertionError"", ""error_message"": """", ""line_no"": """", ""test_case"": ""[[\""Python\"", \""Python\"", \"" Python\""], [\""PythonProgrammingExamples\"", \""Python Programming Examples\"", \"" PythonProgrammingExamples\""], [\""GetReadyToBeCodingFreak\"", \""Get Ready To Be Coding Freak\"", \"" GetReadyToBeCodingFreak\""]]""}"
"MBPP","hallucinated","749","","","","{""error_type"": ""AssertionError"", ""error_message"": """", ""line_no"": """", ""test_case"": ""[[\""['4', '12', '45', '7', '0', '100', '200', '-12', '-500']\"", \""[-500, -12, 0, 4, 7, 12, 45, 100, 200]\"", \""['-500', '-12', '0', '4', '7', '12', '45', '100', '200']\""], [\""['2', '3', '8', '4', '7', '9', '8', '2', '6', '5', '1', '6', '1', '2', '3', '4', '6', '9', '1', '2']\"", \""[1, 1, 1, 2, 2, 2, 2, 3, 3, 4, 4, 5, 6, 6, 6, 7, 8, 8, 9, 9]\"", \""['1', '1', '1', '2', '2', '2', '2', '3', '3', '4', '4', '5', '6', '6', '6', '7', '8', '8', '9', '9']\""], [\""['1', '3', '5', '7', '1', '3', '13', '15', '17', '5', '7 ', '9', '1', '11']\"", \""[1, 1, 1, 3, 3, 5, 5, 7, 7, 9, 11, 13, 15, 17]\"", \""['1', '1', '1', '3', '3', '5', '5', '7', '7 ', '9', '11', '13', '15', '17']\""]]""}"
"MBPP","passed","75","","","",""
"MBPP","passed","750","","","",""
"MBPP","hallucinated","751","","[{'type': 'missing_return', 'function': 'check_min_heap_helper', 'start_line': 1, 'end_line': 13}]","","{""error_type"": ""NameError"", ""error_message"": ""name 'check_min_heap' is not defined"", ""line_no"": ""1.0"", ""test_case"": """"}"
"MBPP","hallucinated","752","","","","{""error_type"": ""SyntaxError"", ""error_message"": ""invalid decimal literal (<string>, line 1)"", ""line_no"": ""1.0"", ""test_case"": """"}"
"MBPP","hallucinated","753","","","","{""error_type"": ""AssertionError"", ""error_message"": """", ""line_no"": """", ""test_case"": ""[[\""([('Akash', 2), ('Akshat', 4), ('Manjeet', 10), ('Nikhil', 8)], 2)\"", \""[('Akash', 2), ('Akshat', 4)]\"", \""[('Akash', 2), ('Akshat', 4)]\""], [\""([('Akash', 3), ('Angat', 5), ('Nepin', 9), ('Sanjeev', 11)], 3)\"", \""[('Akash', 3), ('Angat', 5), ('Nepin', 9)]\"", \""[('Akash', 3), ('Angat', 5), ('Nepin', 9)]\""], [\""([('Amer', 11), ('Ayesha', 9), ('SKD', 16), ('tanmay', 14)], 1)\"", \""[('Ayesha', 9)]\"", \""[('Amer', 11)]\""]]""}"
"MBPP","passed","754","","","",""
"MBPP","hallucinated","755","","[{'type': 'missing_return', 'function': 'second_smallest', 'start_line': 1, 'end_line': 18}]","","{""error_type"": ""ValueError"", ""error_message"": ""List must contain at least two distinct elements"", ""line_no"": ""1.0"", ""test_case"": ""[[\""[1, 2, -8, -2, 0, -2]\"", \""-2\"", \""-2\""], [\""[1, 1, -0.5, 0, 2, -2, -2]\"", \""-0.5\"", \""-0.5\""], [\""[2, 2]\"", \""None\"", \""<Error: List must contain at least two distinct elements>\""], [\""[2, 2, 2]\"", \""None\"", \""<Error: List must contain at least two distinct elements>\""]]""}"
"MBPP","hallucinated","756","","","","{""error_type"": ""AssertionError"", ""error_message"": """", ""line_no"": """", ""test_case"": ""[[\""ac\"", \""False\"", \""No match!\""], [\""dc\"", \""False\"", \""No match!\""], [\""abbbba\"", \""True\"", \""Found a match!\""], [\""dsabbbba\"", \""True\"", \""Found a match!\""], [\""asbbbba\"", \""False\"", \""No match!\""], [\""abaaa\"", \""True\"", \""Found a match!\""]]""}"
"MBPP","hallucinated","757","","","","{""error_type"": ""AssertionError"", ""error_message"": """", ""line_no"": """", ""test_case"": ""[[\""['julia', 'best', 'tseb', 'for', 'ailuj']\"", \""2\"", \""8\""], [\""['geeks', 'best', 'for', 'skeeg']\"", \""1\"", \""4\""], [\""['makes', 'best', 'sekam', 'for', 'rof']\"", \""2\"", \""8\""]]""}"
"MBPP","hallucinated","758","","","","{""error_type"": ""SyntaxError"", ""error_message"": ""invalid syntax (<string>, line 1)"", ""line_no"": ""1.0"", ""test_case"": """"}"
"MBPP","hallucinated","759","","","","{""error_type"": ""SyntaxError"", ""error_message"": ""invalid syntax (<string>, line 1)"", ""line_no"": ""1.0"", ""test_case"": ""[[\""1.1.11\"", \""False\"", \""False\""]]""}"
"MBPP","passed","760","","","",""
"MBPP","passed","762","","","",""
"MBPP","hallucinated","763","","","","{""error_type"": ""AttributeError"", ""error_message"": ""'tuple' object has no attribute 'sort'"", ""line_no"": ""1.0"", ""test_case"": ""[[\""((1, 5, 3, 19, 18, 25), 6)\"", \""1\"", \""<Error: 'tuple' object has no attribute 'sort'>\""], [\""((4, 3, 2, 6), 4)\"", \""1\"", \""<Error: 'tuple' object has no attribute 'sort'>\""], [\""((30, 5, 20, 9), 4)\"", \""4\"", \""<Error: 'tuple' object has no attribute 'sort'>\""]]""}"
"MBPP","hallucinated","764","","","","{""error_type"": ""SyntaxError"", ""error_message"": ""invalid decimal literal (<string>, line 1)"", ""line_no"": ""1.0"", ""test_case"": ""[[\""program2bedone\"", \""1\"", \""1\""], [\""3wond-1ers2\"", \""3\"", \""3\""]]""}"
"MBPP","hallucinated","765","","[{'type': 'missing_return', 'function': 'is_polite', 'start_line': 1, 'end_line': 11}]","","{""error_type"": ""SyntaxError"", ""error_message"": ""invalid decimal literal (<string>, line 1)"", ""line_no"": ""1.0"", ""test_case"": ""[[\""9\"", \""13\"", \""True\""]]""}"
"MBPP","passed","766","","","",""
"MBPP","hallucinated","767","","[{'type': 'missing_return', 'function': 'get_pairs_count', 'start_line': 1, 'end_line': 26}]","","{""error_type"": ""AssertionError"", ""error_message"": """", ""line_no"": """", ""test_case"": ""[[\""([1, 1, 1, 1], 2)\"", \""6\"", \""15\""], [\""([1, 5, 7, -1, 5], 6)\"", \""3\"", \""6\""], [\""([1, -2, 3], 1)\"", \""1\"", \""2\""], [\""([-1, -2, 3], -3)\"", \""1\"", \""2\""]]""}"
"MBPP","hallucinated","769","","","","{""error_type"": ""AssertionError"", ""error_message"": """", ""line_no"": """", ""test_case"": ""[[\""([10, 15, 20, 25, 30, 35, 40], [25, 40, 35])\"", \""[10, 20, 30, 15]\"", \""[10, 20, 30, 15]\""], [\""([1, 2, 3, 4, 5], [6, 7, 1])\"", \""[2, 3, 4, 5, 6, 7]\"", \""[2, 3, 4, 5]\""], [\""([1, 2, 3], [6, 7, 1])\"", \""[2, 3, 6, 7]\"", \""[2, 3]\""]]""}"
"MBPP","hallucinated","77","","","","{""error_type"": ""SyntaxError"", ""error_message"": ""invalid syntax (<string>, line 1)"", ""line_no"": ""1.0"", ""test_case"": ""[[\""1212\"", \""False\"", \""False\""]]""}"
"MBPP","hallucinated","770","","","","{""error_type"": ""SyntaxError"", ""error_message"": ""invalid decimal literal (<string>, line 1)"", ""line_no"": ""1.0"", ""test_case"": ""[[\""4\"", \""3108\"", \""3108\""]]""}"
"MBPP","hallucinated","771","{""type"": ""SyntaxError"", ""value"": 46, ""message"": ""unterminated string literal (detected at line 46) (<unknown>, line 46)""}","","","{""error_type"": ""SyntaxError"", ""error_message"": ""unterminated string literal (detected at line 46) (<string>, line 46)"", ""line_no"": ""46.0"", ""test_case"": """"}"
"MBPP","passed","772","","","",""
"MBPP","hallucinated","773","","[{'type': 'missing_return', 'function': 'occurance_substring', 'start_line': 1, 'end_line': 24}]","","{""error_type"": ""AssertionError"", ""error_message"": """", ""line_no"": """", ""test_case"": ""[[\""('python programming, python language', 'python')\"", \""('python', 0, 6)\"", \""[(0, 1), (20, 1)]\""], [\""('python programming,programming language', 'programming')\"", \""('programming', 7, 18)\"", \""[(7, 1), (19, 1)]\""], [\""('python programming,programming language', 'language')\"", \""('language', 31, 39)\"", \""[(31, 1)]\""], [\""('c++ programming, c++ language', 'python')\"", \""None\"", \""None\""]]""}"
"MBPP","passed","775","","","",""
"MBPP","hallucinated","776","","","","{""error_type"": ""AssertionError"", ""error_message"": """", ""line_no"": """", ""test_case"": ""[[\""bestinstareels\"", \""7\"", \""0\""], [\""partofthejourneyistheend\"", \""12\"", \""0\""], [\""amazonprime\"", \""5\"", \""0\""]]""}"
"MBPP","hallucinated","777","","","","{""error_type"": ""AssertionError"", ""error_message"": """", ""line_no"": """", ""test_case"": ""[[\""[1, 2, 3, 1, 1, 4, 5, 6]\"", \""21\"", \""20\""], [\""[1, 10, 9, 4, 2, 10, 10, 45, 4]\"", \""71\"", \""57\""], [\""[12, 10, 9, 45, 2, 10, 10, 45, 10]\"", \""78\"", \""23\""]]""}"
"MBPP","hallucinated","778","","[{'type': 'missing_return', 'function': 'pack_consecutive_duplicates', 'start_line': 1, 'end_line': 18}]","","{""error_type"": ""SyntaxError"", ""error_message"": ""invalid syntax (<string>, line 1)"", ""line_no"": ""1.0"", ""test_case"": ""[[\""[0, 0, 1, 2, 3, 4, 4, 5, 6, 6, 6, 7, 8, 9, 4, 4]\"", \""[[0, 0], [1], [2], [3], [4, 4], [5], [6, 6, 6], [7], [8], [9], [4, 4]]\"", \""[[0, 0], [1], [2], [3], [4, 4], [5], [6, 6, 6], [7], [8], [9], [4, 4]]\""]]""}"
"MBPP","hallucinated","779","","","","{""error_type"": ""SyntaxError"", ""error_message"": ""invalid syntax (<string>, line 1)"", ""line_no"": ""1.0"", ""test_case"": """"}"
"MBPP","hallucinated","780","","","","{""error_type"": ""TypeError"", ""error_message"": ""unsupported operand type(s) for +: 'int' and 'tuple'"", ""line_no"": ""7.0"", ""test_case"": """"}"
"MBPP","hallucinated","781","","","","{""error_type"": ""SyntaxError"", ""error_message"": ""invalid syntax (<string>, line 1)"", ""line_no"": ""1.0"", ""test_case"": """"}"
"MBPP","passed","782","","","",""
"MBPP","hallucinated","783","","","","{""error_type"": ""AssertionError"", ""error_message"": """", ""line_no"": """", ""test_case"": ""[[\""(255, 255, 255)\"", \""(0, 0.0, 100.0)\"", \""(0, 0, 1.0)\""], [\""(0, 215, 0)\"", \""(120.0, 100.0, 84.31372549019608)\"", \""(120.0, 1.0, 0.8431372549019608)\""], [\""(10, 215, 110)\"", \""(149.26829268292684, 95.34883720930233, 84.31372549019608)\"", \""(149.26829268292684, 0.9534883720930233, 0.8431372549019608)\""]]""}"
"MBPP","hallucinated","784","","","","{""error_type"": ""AssertionError"", ""error_message"": """", ""line_no"": """", ""test_case"": ""[[\""[1, 3, 5, 7, 4, 1, 6, 8]\"", \""4\"", \""20160\""], [\""[1, 2, 3, 4, 5, 6, 7, 8, 9, 10]\"", \""2\"", \""3628800\""], [\""[1, 5, 7, 9, 10]\"", \""10\"", \""3150\""]]""}"
"MBPP","hallucinated","785","","","","{""error_type"": ""ValueError"", ""error_message"": ""invalid literal for int() with base 10: '(7'"", ""line_no"": ""1.0"", ""test_case"": ""[[\""(7, 8, 9)\"", \""(7, 8, 9)\"", \""<Error: invalid literal for int() with base 10: '(7'>\""], [\""(1, 2, 3)\"", \""(1, 2, 3)\"", \""<Error: invalid literal for int() with base 10: '(1'>\""], [\""(4, 5, 6)\"", \""(4, 5, 6)\"", \""<Error: invalid literal for int() with base 10: '(4'>\""], [\""(7, 81, 19)\"", \""(7, 81, 19)\"", \""<Error: invalid literal for int() with base 10: '(7'>\""]]""}"
"MBPP","passed","786","","","",""
"MBPP","hallucinated","787","","","","{""error_type"": ""SyntaxError"", ""error_message"": ""invalid syntax (<string>, line 1)"", ""line_no"": ""1.0"", ""test_case"": """"}"
"MBPP","passed","788","","","",""
"MBPP","hallucinated","79","","","","{""error_type"": ""SyntaxError"", ""error_message"": ""invalid syntax (<string>, line 1)"", ""line_no"": ""1.0"", ""test_case"": ""[[\""structure\"", \""True\"", \""True\""]]""}"
"MBPP","passed","790","","","",""
"MBPP","hallucinated","791","","","","{""error_type"": ""AssertionError"", ""error_message"": """", ""line_no"": """", ""test_case"": ""[[\""(1, 5, 7, (4, 6), 10)\"", \""(1, 5, 7, 10)\"", \""(1, 5, 7, 4, 6, 10)\""], [\""(2, 6, 8, (5, 7), 11)\"", \""(2, 6, 8, 11)\"", \""(2, 6, 8, 5, 7, 11)\""], [\""(3, 7, 9, (6, 8), 12)\"", \""(3, 7, 9, 12)\"", \""(3, 7, 9, 6, 8, 12)\""], [\""(3, 7, 9, (6, 8), (5, 12), 12)\"", \""(3, 7, 9, 12)\"", \""(3, 7, 9, 6, 8, 5, 12, 12)\""]]""}"
"MBPP","passed","792","","","",""
"MBPP","hallucinated","793","","","","{""error_type"": ""SyntaxError"", ""error_message"": ""invalid decimal literal (<string>, line 1)"", ""line_no"": ""1.0"", ""test_case"": ""[[\""([2, 3, 2, 3, 6, 8, 9], 3)\"", \""3\"", \""3\""]]""}"
"MBPP","passed","794","","","",""
"MBPP","passed","796","","","",""
"MBPP","hallucinated","797","","","","{""error_type"": ""SyntaxError"", ""error_message"": ""invalid decimal literal (<string>, line 1)"", ""line_no"": ""1.0"", ""test_case"": """"}"
"MBPP","hallucinated","798","","","","{""error_type"": ""SyntaxError"", ""error_message"": ""invalid decimal literal (<string>, line 1)"", ""line_no"": ""1.0"", ""test_case"": ""[[\""[0, 1, 2]\"", \""3\"", \""3\""]]""}"
"MBPP","hallucinated","799","","","","{""error_type"": ""SyntaxError"", ""error_message"": ""invalid decimal literal (<string>, line 1)"", ""line_no"": ""1.0"", ""test_case"": ""[[\""(1, 3)\"", \""8\"", \""8\""], [\""(5, 3)\"", \""40\"", \""40\""], [\""(29, 3)\"", \""232\"", \""232\""]]""}"
"MBPP","hallucinated","80","","","","{""error_type"": ""SyntaxError"", ""error_message"": ""invalid decimal literal (<string>, line 1)"", ""line_no"": ""1.0"", ""test_case"": ""[[\""7\"", \""84\"", \""84\""]]""}"
"MBPP","passed","800","","","",""
"MBPP","hallucinated","801","","","","{""error_type"": ""AssertionError"", ""error_message"": """", ""line_no"": """", ""test_case"": ""[[\""(1, 1, 1)\"", \""3\"", \""3\""], [\""(-1, -2, -3)\"", \""0\"", \""0\""], [\""(1, 2, 2)\"", \""2\"", \""0\""]]""}"
"MBPP","hallucinated","802","","","","{""error_type"": ""AssertionError"", ""error_message"": """", ""line_no"": """", ""test_case"": ""[[\""[3, 2, 1]\"", \""1\"", \""1\""], [\""[4, 5, 1, 2, 3]\"", \""2\"", \""2\""], [\""[7, 8, 9, 1, 2, 3]\"", \""3\"", \""3\""], [\""[1, 2, 3]\"", \""0\"", \""3\""], [\""[1, 3, 2]\"", \""2\"", \""2\""]]""}"
"MBPP","hallucinated","803","","[{'type': 'missing_return', 'function': 'is_perfect_square', 'start_line': 3, 'end_line': 7}]","","{""error_type"": ""SyntaxError"", ""error_message"": ""invalid syntax (<string>, line 1)"", ""line_no"": ""1.0"", ""test_case"": """"}"
"MBPP","hallucinated","804","","","","{""error_type"": ""SyntaxError"", ""error_message"": ""invalid syntax (<string>, line 1)"", ""line_no"": ""1.0"", ""test_case"": """"}"
"MBPP","passed","805","","","",""
"MBPP","passed","806","","","",""
"MBPP","hallucinated","807","","","","{""error_type"": ""SyntaxError"", ""error_message"": ""invalid decimal literal (<string>, line 1)"", ""line_no"": ""1.0"", ""test_case"": ""[[\""[8, 9, 1]\"", \""9\"", \""9\""]]""}"
"MBPP","hallucinated","808","","","","{""error_type"": ""TypeError"", ""error_message"": ""argument of type 'int' is not a container or iterable"", ""line_no"": ""1.0"", ""test_case"": ""[[\""((10, 4, 5, 6, 8), 6)\"", \""True\"", \""<Error: argument of type 'int' is not a container or iterable>\""], [\""((1, 2, 3, 4, 5, 6), 7)\"", \""False\"", \""<Error: argument of type 'int' is not a container or iterable>\""], [\""((7, 8, 9, 44, 11, 12), 11)\"", \""True\"", \""<Error: argument of type 'int' is not a container or iterable>\""]]""}"
"MBPP","hallucinated","809","","","","{""error_type"": ""AssertionError"", ""error_message"": """", ""line_no"": """", ""test_case"": ""[[\""((1, 2, 3), (2, 3, 4))\"", \""False\"", \""True\""], [\""((4, 5, 6), (3, 4, 5))\"", \""True\"", \""False\""], [\""((11, 12, 13), (10, 11, 12))\"", \""True\"", \""False\""]]""}"
"MBPP","passed","82","","","",""
"MBPP","hallucinated","83","","","","{""error_type"": ""SyntaxError"", ""error_message"": ""invalid syntax (<string>, line 1)"", ""line_no"": ""1.0"", ""test_case"": ""[[\""ab\"", \""c\"", \""n\""]]""}"
"MBPP","hallucinated","84","","[{'type': 'missing_return', 'function': 'sequence', 'start_line': 1, 'end_line': 12}]","","{""error_type"": ""IndexError"", ""error_message"": ""list index out of range"", ""line_no"": ""10.0"", ""test_case"": """"}"
"MBPP","passed","85","","","",""
"MBPP","hallucinated","86","","","","{""error_type"": ""AssertionError"", ""error_message"": """", ""line_no"": """", ""test_case"": ""[[\""10\"", \""271\"", \""291\""], [\""2\"", \""7\"", \""11\""], [\""9\"", \""217\"", \""235\""]]""}"
"MBPP","hallucinated","87","","","","{""error_type"": ""AssertionError"", ""error_message"": """", ""line_no"": """", ""test_case"": ""[[\""({'R': 'Red', 'B': 'Black', 'P': 'Pink'}, {'G': 'Green', 'W': 'White'}, {'O': 'Orange', 'W': 'White', 'B': 'Black'})\"", \""{'B': 'Black', 'R': 'Red', 'P': 'Pink', 'G': 'Green', 'W': 'White', 'O': 'Orange'}\"", \""{'R': 'Red', 'B': 'Black', 'P': 'Pink', 'G': 'Green', 'W': 'White', 'O': 'Orange'}\""], [\""({'R': 'Red', 'B': 'Black', 'P': 'Pink'}, {'G': 'Green', 'W': 'White'}, {'L': 'lavender', 'B': 'Blue'})\"", \""{'W': 'White', 'P': 'Pink', 'B': 'Black', 'R': 'Red', 'G': 'Green', 'L': 'lavender'}\"", \""{'R': 'Red', 'B': 'Blue', 'P': 'Pink', 'G': 'Green', 'W': 'White', 'L': 'lavender'}\""], [\""({'R': 'Red', 'B': 'Black', 'P': 'Pink'}, {'L': 'lavender', 'B': 'Blue'}, {'G': 'Green', 'W': 'White'})\"", \""{'B': 'Black', 'P': 'Pink', 'R': 'Red', 'G': 'Green', 'L': 'lavender', 'W': 'White'}\"", \""{'R': 'Red', 'B': 'Blue', 'P': 'Pink', 'L': 'lavender', 'G': 'Green', 'W': 'White'}\""]]""}"
"MBPP","passed","88","","","",""
"MBPP","hallucinated","89","","[{'type': 'missing_return', 'function': 'closest_num', 'start_line': 1, 'end_line': 10}]","","{""error_type"": ""SyntaxError"", ""error_message"": ""invalid decimal literal (<string>, line 1)"", ""line_no"": ""1.0"", ""test_case"": ""[[\""12\"", \""11\"", \""11\""]]""}"
"MBPP","hallucinated","90","","[{'type': 'missing_return', 'function': 'len_log', 'start_line': 1, 'end_line': 8}]","",""
"MBPP","hallucinated","91","","","","{""error_type"": ""AssertionError"", ""error_message"": """", ""line_no"": """", ""test_case"": ""[[\""(['red', 'black', 'white', 'green', 'orange'], 'ack')\"", \""True\"", \""False\""], [\""(['red', 'black', 'white', 'green', 'orange'], 'abc')\"", \""False\"", \""False\""], [\""(['red', 'black', 'white', 'green', 'orange'], 'ange')\"", \""True\"", \""False\""]]""}"
"MBPP","hallucinated","92","","[{'type': 'missing_return', 'function': 'is_undulating', 'start_line': 1, 'end_line': 26}]","","{""error_type"": ""AssertionError"", ""error_message"": """", ""line_no"": """", ""test_case"": ""[[\""1212121\"", \""True\"", \""False\""]]""}"
"MBPP","hallucinated","93","","","","{""error_type"": ""SyntaxError"", ""error_message"": ""invalid decimal literal (<string>, line 1)"", ""line_no"": ""1.0"", ""test_case"": ""[[\""(5, 5)\"", \""3125\"", \""3125\""]]""}"
"MBPP","hallucinated","94","","","","{""error_type"": ""TypeError"", ""error_message"": ""'<' not supported between instances of 'str' and 'float'"", ""line_no"": ""1.0"", ""test_case"": ""[[\""[('Rash', 143), ('Manjeet', 200), ('Varsha', 100)]\"", \""Varsha\"", \""<Error: '<' not supported between instances of 'str' and 'float'>\""], [\""[('Yash', 185), ('Dawood', 125), ('Sanya', 175)]\"", \""Dawood\"", \""<Error: '<' not supported between instances of 'str' and 'float'>\""], [\""[('Sai', 345), ('Salman', 145), ('Ayesha', 96)]\"", \""Ayesha\"", \""<Error: '<' not supported between instances of 'str' and 'float'>\""]]""}"
"MBPP","hallucinated","95","","[{'type': 'missing_return', 'function': 'Find_Min_Length', 'start_line': 1, 'end_line': 10}]","",""
"MBPP","hallucinated","96","","","","{""error_type"": ""SyntaxError"", ""error_message"": ""invalid decimal literal (<string>, line 1)"", ""line_no"": ""1.0"", ""test_case"": ""[[\""9\"", \""3\"", \""3\""]]""}"
"MBPP","passed","97","","","",""
"MBPP","hallucinated","98","","[{'type': 'missing_return', 'function': 'multiply_num', 'start_line': 1, 'end_line': 7}]","",""
"MBPP","hallucinated","99","","[{'type': 'missing_return', 'function': 'decimal_to_binary', 'start_line': 1, 'end_line': 9}]","",""
"DS1000","passed","DS0000","","","",""
"DS1000","hallucinated","DS0001","","","","{""error_type"": ""AssertionError"", ""error_message"": """", ""line_no"": """", ""test_case"": ""[[\""(   Col1  Col2  Col3  Type\\n0     1     2     3     1\\n1     4     5     6     1\\n2     7     8     9     2\\n3    10    11    12     2\\n4    13    14    15     3\\n5    16    17    18     3, array([4, 3, 2, 0, 1, 5]))\"", \""4\"", \""<Execution Error: name 'df' is not defined>\""]]""}"
"DS1000","hallucinated","DS0002","","","","{""error_type"": ""ValueError"", ""error_message"": ""The truth value of a Series is ambiguous. Use a.empty, a.bool(), a.item(), a.any() or a.all()."", ""line_no"": ""4.0"", ""test_case"": ""[[\""DataFrame({'Qu1': ['apple', 'potato', 'cheese', 'banana', 'cheese', 'banana', 'cheese', 'potato', 'egg'], 'Qu2': ['sausage', 'banana', 'apple', 'apple', 'apple', 'sausage', 'banana', 'banana', 'banana'], 'Qu3': ['apple', 'potato', 'sausage', 'cheese', 'cheese', 'potato', 'cheese', 'potato', 'egg']})\"", \""DataFrame({'Qu1': ['other', 'potato', 'cheese', 'banana', 'cheese', 'banana', 'cheese', 'potato', 'other'], 'Qu2': ['sausage', 'banana', 'apple', 'apple', 'apple', 'sausage', 'banana', 'banana', 'banana'], 'Qu3': ['other', 'potato', 'other', 'cheese', 'cheese', 'potato', 'cheese', 'potato', 'other']})\"", \""<Execution Error: name 'df' is not defined>\""], [\""DataFrame({'Qu1': ['sausage', 'banana', 'apple', 'apple', 'apple', 'sausage', 'banana', 'banana', 'banana'], 'Qu2': ['apple', 'potato', 'sausage', 'cheese', 'cheese', 'potato', 'cheese', 'potato', 'egg'], 'Qu3': ['apple', 'potato', 'cheese', 'banana', 'cheese', 'banana', 'cheese', 'potato', 'egg']})\"", \""DataFrame({'Qu1': ['sausage', 'banana', 'apple', 'apple', 'apple', 'sausage', 'banana', 'banana', 'banana'], 'Qu2': ['other', 'potato', 'other', 'cheese', 'cheese', 'potato', 'cheese', 'potato', 'other'], 'Qu3': ['other', 'potato', 'cheese', 'banana', 'cheese', 'banana', 'cheese', 'potato', 'other']})\"", \""<Execution Error: name 'df' is not defined>\""]]""}"
"DS1000","hallucinated","DS0003","","","","{""error_type"": ""ValueError"", ""error_message"": ""The truth value of a Series is ambiguous. Use a.empty, a.bool(), a.item(), a.any() or a.all()."", ""line_no"": ""4.0"", ""test_case"": ""[[\""DataFrame({'Qu1': ['apple', 'potato', 'cheese', 'banana', 'cheese', 'banana', 'cheese', 'potato', 'egg'], 'Qu2': ['sausage', 'banana', 'apple', 'apple', 'apple', 'sausage', 'banana', 'banana', 'banana'], 'Qu3': ['apple', 'potato', 'sausage', 'cheese', 'cheese', 'potato', 'cheese', 'potato', 'egg']})\"", \""DataFrame({'Qu1': ['other', 'other', 'cheese', 'other', 'cheese', 'other', 'cheese', 'other', 'other'], 'Qu2': ['other', 'banana', 'apple', 'apple', 'apple', 'other', 'banana', 'banana', 'banana'], 'Qu3': ['other', 'potato', 'other', 'cheese', 'cheese', 'potato', 'cheese', 'potato', 'other']})\"", \""<Execution Error: name 'df' is not defined>\""], [\""DataFrame({'Qu1': ['sausage', 'banana', 'apple', 'apple', 'apple', 'sausage', 'banana', 'banana', 'banana'], 'Qu2': ['apple', 'potato', 'sausage', 'cheese', 'cheese', 'potato', 'cheese', 'potato', 'egg'], 'Qu3': ['apple', 'potato', 'cheese', 'banana', 'cheese', 'banana', 'cheese', 'potato', 'egg']})\"", \""DataFrame({'Qu1': ['other', 'banana', 'apple', 'apple', 'apple', 'other', 'banana', 'banana', 'banana'], 'Qu2': ['other', 'potato', 'other', 'cheese', 'cheese', 'potato', 'cheese', 'potato', 'other'], 'Qu3': ['other', 'other', 'cheese', 'other', 'cheese', 'other', 'cheese', 'other', 'other']})\"", \""<Execution Error: name 'df' is not defined>\""]]""}"
"DS1000","hallucinated","DS0004","{""type"": ""IndentationError"", ""value"": 5, ""message"": ""expected an indented block after function definition on line 4 (<unknown>, line 5)""}","","","{""error_type"": ""IndentationError"", ""error_message"": ""expected an indented block after function definition on line 4 (<string>, line 5)"", ""line_no"": ""4.0"", ""test_case"": ""[[\""DataFrame({'Qu1': ['apple', 'potato', 'cheese', 'banana', 'cheese', 'banana', 'cheese', 'potato', 'egg'], 'Qu2': ['sausage', 'banana', 'apple', 'apple', 'apple', 'sausage', 'banana', 'banana', 'banana'], 'Qu3': ['apple', 'potato', 'sausage', 'cheese', 'cheese', 'potato', 'cheese', 'potato', 'egg']})\"", \""DataFrame({'Qu1': ['other', 'potato', 'cheese', 'banana', 'cheese', 'banana', 'cheese', 'potato', 'other'], 'Qu2': ['sausage', 'banana', 'apple', 'apple', 'apple', 'sausage', 'banana', 'banana', 'banana'], 'Qu3': ['other', 'potato', 'other', 'cheese', 'cheese', 'potato', 'cheese', 'potato', 'other']})\"", \""<Execution Error: name 'df' is not defined>\""], [\""DataFrame({'Qu1': ['sausage', 'banana', 'apple', 'apple', 'apple', 'sausage', 'banana', 'banana', 'banana'], 'Qu2': ['apple', 'potato', 'sausage', 'cheese', 'cheese', 'potato', 'cheese', 'potato', 'egg'], 'Qu3': ['apple', 'potato', 'cheese', 'banana', 'cheese', 'banana', 'cheese', 'potato', 'egg']})\"", \""DataFrame({'Qu1': ['sausage', 'banana', 'apple', 'apple', 'apple', 'sausage', 'banana', 'banana', 'banana'], 'Qu2': ['other', 'potato', 'other', 'cheese', 'cheese', 'potato', 'cheese', 'potato', 'other'], 'Qu3': ['other', 'potato', 'cheese', 'banana', 'cheese', 'banana', 'cheese', 'potato', 'other']})\"", \""<Execution Error: name 'df' is not defined>\""]]""}"
"DS1000","hallucinated","DS0005","","","","{""error_type"": ""AssertionError"", ""error_message"": """", ""line_no"": """", ""test_case"": ""[[\""DataFrame({'Qu1': ['apple', 'potato', 'cheese', 'banana', 'cheese', 'banana', 'cheese', 'potato', 'egg'], 'Qu2': ['sausage', 'banana', 'apple', 'apple', 'apple', 'sausage', 'banana', 'banana', 'banana'], 'Qu3': ['apple', 'potato', 'sausage', 'cheese', 'cheese', 'potato', 'cheese', 'potato', 'egg']})\"", \""DataFrame({'Qu1': ['other', 'other', 'cheese', 'other', 'cheese', 'other', 'cheese', 'other', 'other'], 'Qu2': ['sausage', 'banana', 'apple', 'apple', 'apple', 'sausage', 'banana', 'banana', 'banana'], 'Qu3': ['other', 'potato', 'other', 'cheese', 'cheese', 'potato', 'cheese', 'potato', 'other']})\"", \""<Execution Error: name 'df' is not defined>\""], [\""DataFrame({'Qu1': ['sausage', 'banana', 'apple', 'apple', 'apple', 'sausage', 'banana', 'banana', 'banana'], 'Qu2': ['apple', 'potato', 'sausage', 'cheese', 'cheese', 'potato', 'cheese', 'potato', 'egg'], 'Qu3': ['apple', 'potato', 'cheese', 'banana', 'cheese', 'banana', 'cheese', 'potato', 'egg']})\"", \""DataFrame({'Qu1': ['other', 'banana', 'apple', 'apple', 'apple', 'other', 'banana', 'banana', 'banana'], 'Qu2': ['other', 'potato', 'other', 'cheese', 'cheese', 'potato', 'cheese', 'potato', 'other'], 'Qu3': ['other', 'potato', 'cheese', 'banana', 'cheese', 'banana', 'cheese', 'potato', 'other']})\"", \""<Execution Error: name 'df' is not defined>\""]]""}"
"DS1000","hallucinated","DS0006","","","","{""error_type"": ""AttributeError"", ""error_message"": ""module 'pandas' has no attribute 'value_counts'"", ""line_no"": ""6.0"", ""test_case"": ""[[\""DataFrame({'Qu1': ['apple', 'potato', 'cheese', 'banana', 'cheese', 'banana', 'cheese', 'potato', 'egg'], 'Qu2': ['sausage', 'banana', 'apple', 'apple', 'apple', 'sausage', 'banana', 'banana', 'banana'], 'Qu3': ['apple', 'potato', 'sausage', 'cheese', 'cheese', 'potato', 'cheese', 'potato', 'egg']})\"", \""DataFrame({'Qu1': ['apple', 'other', 'cheese', 'other', 'cheese', 'other', 'cheese', 'other', 'other'], 'Qu2': ['sausage', 'banana', 'apple', 'apple', 'apple', 'sausage', 'banana', 'banana', 'banana'], 'Qu3': ['apple', 'potato', 'other', 'cheese', 'cheese', 'potato', 'cheese', 'potato', 'other']})\"", \""<Execution Error: name 'df' is not defined>\""], [\""DataFrame({'Qu1': ['sausage', 'banana', 'apple', 'apple', 'apple', 'sausage', 'banana', 'banana', 'banana'], 'Qu2': ['apple', 'potato', 'sausage', 'cheese', 'cheese', 'potato', 'cheese', 'potato', 'egg'], 'Qu3': ['apple', 'potato', 'cheese', 'banana', 'cheese', 'banana', 'cheese', 'potato', 'egg']})\"", \""DataFrame({'Qu1': ['other', 'banana', 'apple', 'apple', 'apple', 'other', 'banana', 'banana', 'banana'], 'Qu2': ['apple', 'potato', 'other', 'cheese', 'cheese', 'potato', 'cheese', 'potato', 'other'], 'Qu3': ['apple', 'potato', 'cheese', 'banana', 'cheese', 'banana', 'cheese', 'potato', 'other']})\"", \""<Execution Error: name 'df' is not defined>\""]]""}"
"DS1000","hallucinated","DS0007","","","","{""error_type"": ""AssertionError"", ""error_message"": """", ""line_no"": """", ""test_case"": ""[[\""DataFrame({'url': ['A.com', 'A.com', 'A.com', 'B.com', 'B.com', 'C.com', 'B.com'], 'keep_if_dup': ['Yes', 'Yes', 'No', 'No', 'No', 'No', 'Yes']})\"", \""DataFrame({'url': ['A.com', 'A.com', 'B.com', 'C.com', 'B.com'], 'keep_if_dup': ['Yes', 'Yes', 'No', 'No', 'Yes']})\"", \""<Execution Error: name 'df' is not defined>\""]]""}"
"DS1000","hallucinated","DS0008","","","","{""error_type"": ""AssertionError"", ""error_message"": """", ""line_no"": """", ""test_case"": ""[[\""DataFrame({'url': ['A.com', 'A.com', 'A.com', 'B.com', 'B.com', 'C.com', 'B.com'], 'drop_if_dup': ['Yes', 'Yes', 'No', 'No', 'No', 'No', 'Yes']})\"", \""DataFrame({'url': ['A.com', 'A.com', 'B.com', 'B.com', 'C.com'], 'drop_if_dup': ['Yes', 'No', 'No', 'No', 'No']})\"", \""<Execution Error: name 'df' is not defined>\""]]""}"
"DS1000","hallucinated","DS0009","","","","{""error_type"": ""AssertionError"", ""error_message"": """", ""line_no"": """", ""test_case"": ""[[\""DataFrame({'url': ['A.com', 'A.com', 'A.com', 'B.com', 'B.com', 'C.com', 'B.com'], 'keep_if_dup': ['Yes', 'Yes', 'No', 'No', 'No', 'No', 'Yes']})\"", \""DataFrame({'url': ['A.com', 'A.com', 'A.com', 'C.com', 'B.com'], 'keep_if_dup': ['Yes', 'Yes', 'No', 'No', 'Yes']})\"", \""<Execution Error: name 'df' is not defined>\""]]""}"
"DS1000","hallucinated","DS0010","","","","{""error_type"": ""ValueError"", ""error_message"": ""DataFrame index must be unique for orient='index'."", ""line_no"": ""4.0"", ""test_case"": ""[[\""DataFrame({'name': ['A', 'A', 'B', 'C', 'B', 'A'], 'v1': ['A1', 'A2', 'B1', 'C1', 'B2', 'A2'], 'v2': ['A11', 'A12', 'B12', 'C11', 'B21', 'A21'], 'v3': [1, 2, 3, 4, 5, 6]})\"", \""{'A': {'A1': {'A11': np.int64(1)}, 'A2': {'A12': np.int64(2), 'A21': np.int64(6)}}, 'B': {'B1': {'B12': np.int64(3)}, 'B2': {'B21': np.int64(5)}}, 'C': {'C1': {'C11': np.int64(4)}}}\"", \""<Execution Error: name 'df' is not defined>\""]]""}"
"DS1000","hallucinated","DS0011","","","","{""error_type"": ""KeyError"", ""error_message"": ""'datetime_column'"", ""line_no"": ""4.0"", ""test_case"": ""[[\""DataFrame({'datetime': [Timestamp('2015-12-01 00:00:00-0600', tz='UTC-06:00'), Timestamp('2015-12-02 00:01:00-0600', tz='UTC-06:00'), Timestamp('2015-12-03 00:00:00-0600', tz='UTC-06:00')]})\"", \""DataFrame({'datetime': [Timestamp('2015-12-01 00:00:00'), Timestamp('2015-12-02 00:01:00'), Timestamp('2015-12-03 00:00:00')]})\"", \""<Execution Error: name 'df' is not defined>\""], [\""DataFrame({'datetime': [Timestamp('2016-12-02 00:01:00-0600', tz='UTC-06:00'), Timestamp('2016-12-01 00:00:00-0600', tz='UTC-06:00'), Timestamp('2016-12-03 00:00:00-0600', tz='UTC-06:00')]})\"", \""DataFrame({'datetime': [Timestamp('2016-12-02 00:01:00'), Timestamp('2016-12-01 00:00:00'), Timestamp('2016-12-03 00:00:00')]})\"", \""<Execution Error: name 'df' is not defined>\""]]""}"
"DS1000","hallucinated","DS0012","{""type"": ""IndentationError"", ""value"": 5, ""message"": ""expected an indented block after function definition on line 4 (<unknown>, line 5)""}","","","{""error_type"": ""IndentationError"", ""error_message"": ""expected an indented block after function definition on line 4 (<string>, line 5)"", ""line_no"": ""4.0"", ""test_case"": ""[[\""DataFrame({'datetime': [Timestamp('2015-12-01 00:00:00-0600', tz='UTC-06:00'), Timestamp('2015-12-02 00:01:00-0600', tz='UTC-06:00'), Timestamp('2015-12-03 00:00:00-0600', tz='UTC-06:00')]})\"", \""DataFrame({'datetime': [Timestamp('2015-12-01 00:00:00'), Timestamp('2015-12-02 00:01:00'), Timestamp('2015-12-03 00:00:00')]})\"", \""<Execution Error: name 'df' is not defined>\""], [\""DataFrame({'datetime': [Timestamp('2016-12-02 00:01:00-0600', tz='UTC-06:00'), Timestamp('2016-12-01 00:00:00-0600', tz='UTC-06:00'), Timestamp('2016-12-03 00:00:00-0600', tz='UTC-06:00')]})\"", \""DataFrame({'datetime': [Timestamp('2016-12-02 00:01:00'), Timestamp('2016-12-01 00:00:00'), Timestamp('2016-12-03 00:00:00')]})\"", \""<Execution Error: name 'df' is not defined>\""]]""}"
"DS1000","hallucinated","DS0013","","","","{""error_type"": ""AssertionError"", ""error_message"": """", ""line_no"": """", ""test_case"": ""[[\""DataFrame({'datetime': [Timestamp('2015-12-01 00:00:00-0600', tz='UTC-06:00'), Timestamp('2015-12-02 00:01:00-0600', tz='UTC-06:00'), Timestamp('2015-12-03 00:00:00-0600', tz='UTC-06:00')]})\"", \""DataFrame({'datetime': ['01-Dec-2015 00:00:00', '02-Dec-2015 00:01:00', '03-Dec-2015 00:00:00']})\"", \""<Execution Error: name 'df' is not defined>\""], [\""DataFrame({'datetime': [Timestamp('2016-12-02 00:01:00-0600', tz='UTC-06:00'), Timestamp('2016-12-01 00:00:00-0600', tz='UTC-06:00'), Timestamp('2016-12-03 00:00:00-0600', tz='UTC-06:00')]})\"", \""DataFrame({'datetime': ['01-Dec-2016 00:00:00', '02-Dec-2016 00:01:00', '03-Dec-2016 00:00:00']})\"", \""<Execution Error: name 'df' is not defined>\""]]""}"
"DS1000","hallucinated","DS0014","","","","{""error_type"": ""AssertionError"", ""error_message"": """", ""line_no"": """", ""test_case"": ""[[\""DataFrame({'datetime': [Timestamp('2015-12-01 00:00:00-0600', tz='UTC-06:00'), Timestamp('2015-12-02 00:01:00-0600', tz='UTC-06:00'), Timestamp('2015-12-03 00:00:00-0600', tz='UTC-06:00')]})\"", \""DataFrame({'datetime': [Timestamp('2015-12-01 00:00:00'), Timestamp('2015-12-02 00:01:00'), Timestamp('2015-12-03 00:00:00')]})\"", \""<Execution Error: name 'df' is not defined>\""], [\""DataFrame({'datetime': [Timestamp('2016-12-02 00:01:00-0600', tz='UTC-06:00'), Timestamp('2016-12-01 00:00:00-0600', tz='UTC-06:00'), Timestamp('2016-12-03 00:00:00-0600', tz='UTC-06:00')]})\"", \""DataFrame({'datetime': [Timestamp('2016-12-01 00:00:00'), Timestamp('2016-12-02 00:01:00'), Timestamp('2016-12-03 00:00:00')]})\"", \""<Execution Error: name 'df' is not defined>\""]]""}"
"DS1000","hallucinated","DS0015","","","","{""error_type"": ""IndexError"", ""error_message"": ""Too many levels: Index has only 1 level, not 2"", ""line_no"": ""4.0"", ""test_case"": ""[[\""DataFrame({'name': ['matt', 'james', 'adam'], 'status': ['active', 'active', 'inactive'], 'number': [12345, 23456, 34567], 'message': ['[job:  , money: none, wife: none]', '[group: band, wife: yes, money: 10000]', '[job: none, money: none, wife:  , kids: one, group: jail]']})\"", \""DataFrame({'name': ['matt', 'james', 'adam'], 'status': ['active', 'active', 'inactive'], 'number': [12345, 23456, 34567], 'job': ['none', 'none', 'none'], 'money': ['none', 10000, 'none'], 'wife': ['none', True, 'none'], 'group': ['none', 'band', 'jail'], 'kids': ['none', 'none', 'one']})\"", \""<Execution Error: name 'df' is not defined>\""], [\""DataFrame({'name': ['matt', 'james', 'adam'], 'status': ['active', 'active', 'inactive'], 'number': [12345, 23456, 34567], 'message': ['[job:  , money: 114514, wife: none, kids: one, group: jail]', '[group: band, wife: yes, money: 10000]', '[job: none, money: none, wife:  , kids: one, group: jail]']})\"", \""DataFrame({'name': ['matt', 'james', 'adam'], 'status': ['active', 'active', 'inactive'], 'number': [12345, 23456, 34567], 'job': ['none', 'none', 'none'], 'money': [114514, 10000, 'none'], 'wife': ['none', True, 'none'], 'kids': ['one', 'none', 'one'], 'group': ['jail', 'band', 'jail']})\"", \""<Execution Error: name 'df' is not defined>\""]]""}"
"DS1000","hallucinated","DS0016","","","","{""error_type"": ""AssertionError"", ""error_message"": """", ""line_no"": """", ""test_case"": ""[[\""(   product     score\\n0  1179160  0.424654\\n1  1066490  0.424509\\n2  1148126  0.422207\\n3  1069104  0.420455\\n4  1069105  0.414603\\n5  1160330  0.168784\\n6  1069098  0.168749\\n7  1077784  0.168738\\n8  1193369  0.168703\\n9  1179741  0.168684, [1066490, 1077784])\"", \""DataFrame({'product': [1179160, 1066490, 1148126, 1069104, 1069105, 1160330, 1069098, 1077784, 1193369, 1179741], 'score': [0.424654, 4.24509, 0.422207, 0.420455, 0.414603, 0.168784, 0.168749, 1.68738, 0.168703, 0.168684]})\"", \""<Execution Error: name 'df' is not defined>\""], [\""(   product     score\\n0  1179160  0.424654\\n1  1066490  0.424509\\n2  1148126  0.422207\\n3  1069104  0.420455\\n4  1069105  0.414603\\n5  1160330  0.168784\\n6  1069098  0.168749\\n7  1077784  0.168738\\n8  1193369  0.168703\\n9  1179741  0.168684, [1179741, 1179160])\"", \""DataFrame({'product': [1179160, 1066490, 1148126, 1069104, 1069105, 1160330, 1069098, 1077784, 1193369, 1179741], 'score': [4.2465399999999995, 0.424509, 0.422207, 0.420455, 0.414603, 0.168784, 0.168749, 0.168738, 0.168703, 1.6868400000000001]})\"", \""<Execution Error: name 'df' is not defined>\""]]""}"
"DS1000","hallucinated","DS0017","","","","{""error_type"": ""AssertionError"", ""error_message"": """", ""line_no"": """", ""test_case"": ""[[\""(   product     score\\n0  1179160  0.424654\\n1  1066490  0.424509\\n2  1148126  0.422207\\n3  1069104  0.420455\\n4  1069105  0.414603\\n5  1160330  0.168784\\n6  1069098  0.168749\\n7  1077784  0.168738\\n8  1193369  0.168703\\n9  1179741  0.168684, [1066490, 1077784])\"", \""DataFrame({'product': [1179160, 1066490, 1148126, 1069104, 1069105, 1160330, 1069098, 1077784, 1193369, 1179741], 'score': [4.2465399999999995, 0.424509, 4.22207, 4.20455, 4.14603, 1.68784, 1.6874900000000002, 0.168738, 1.68703, 1.6868400000000001]})\"", \""<Execution Error: name 'df' is not defined>\""], [\""(   product     score\\n0  1179160  0.424654\\n1  1066490  0.424509\\n2  1148126  0.422207\\n3  1069104  0.420455\\n4  1069105  0.414603\\n5  1160330  0.168784\\n6  1069098  0.168749\\n7  1077784  0.168738\\n8  1193369  0.168703\\n9  1179741  0.168684, [1179741, 1179160])\"", \""DataFrame({'product': [1179160, 1066490, 1148126, 1069104, 1069105, 1160330, 1069098, 1077784, 1193369, 1179741], 'score': [0.424654, 4.24509, 4.22207, 4.20455, 4.14603, 1.68784, 1.6874900000000002, 1.68738, 1.68703, 0.168684]})\"", \""<Execution Error: name 'df' is not defined>\""]]""}"
"DS1000","hallucinated","DS0018","","","","{""error_type"": ""AssertionError"", ""error_message"": """", ""line_no"": """", ""test_case"": ""[[\""(   product     score\\n0  1179160  0.424654\\n1  1066490  0.424509\\n2  1148126  0.422207\\n3  1069104  0.420455\\n4  1069105  0.414603\\n5  1160330  0.168784\\n6  1069098  0.168749\\n7  1077784  0.168738\\n8  1193369  0.168703\\n9  1179741  0.168684, [[1069104, 1069105], [1066489, 1066491]])\"", \""DataFrame({'product': [1179160, 1066490, 1148126, 1069104, 1069105, 1160330, 1069098, 1077784, 1193369, 1179741], 'score': [0.424654, 4.24509, 0.422207, 4.20455, 4.14603, 0.168784, 0.168749, 0.168738, 0.168703, 0.168684]})\"", \""<Execution Error: name 'df' is not defined>\""], [\""(   product     score\\n0  1179160  0.424654\\n1  1066490  0.424509\\n2  1148126  0.422207\\n3  1069104  0.420455\\n4  1069105  0.414603\\n5  1160330  0.168784\\n6  1069098  0.168749\\n7  1077784  0.168738\\n8  1193369  0.168703\\n9  1179741  0.168684, [[1069104, 1069105]])\"", \""DataFrame({'product': [1179160, 1066490, 1148126, 1069104, 1069105, 1160330, 1069098, 1077784, 1193369, 1179741], 'score': [0.424654, 0.424509, 0.422207, 4.20455, 4.14603, 0.168784, 0.168749, 0.168738, 0.168703, 0.168684]})\"", \""<Execution Error: name 'df' is not defined>\""]]""}"
"DS1000","hallucinated","DS0019","","","","{""error_type"": ""AssertionError"", ""error_message"": """", ""line_no"": """", ""test_case"": ""[[\""(   product     score\\n0  1179160  0.424654\\n1  1066490  0.424509\\n2  1148126  0.422207\\n3  1069104  0.420455\\n4  1069105  0.414603\\n5  1160330  0.168784\\n6  1069098  0.168749\\n7  1077784  0.168738\\n8  1193369  0.168703\\n9  1179741  0.168684, [1066490, 1077784, 1179741])\"", \""DataFrame({'product': [1179160, 1066490, 1148126, 1069104, 1069105, 1160330, 1069098, 1077784, 1193369, 1179741], 'score': [0.424654, 1.0, 0.422207, 0.420455, 0.414603, 0.168784, 0.168749, 0.00021108179419524476, 0.168703, 0.0]})\"", \""<Execution Error: name 'df' is not defined>\""]]""}"
"DS1000","hallucinated","DS0020","","","","{""error_type"": ""NameError"", ""error_message"": ""name 'result' is not defined"", ""line_no"": ""4.0"", ""test_case"": ""[[\""DataFrame({'A': [1, 0, 0, 0, 1, 0], 'B': [0, 1, 0, 0, 0, 1], 'C': [0, 0, 1, 0, 0, 0], 'D': [0, 0, 0, 1, 0, 0]})\"", \""DataFrame({'A': [1, 0, 0, 0, 1, 0], 'B': [0, 1, 0, 0, 0, 1], 'C': [0, 0, 1, 0, 0, 0], 'D': [0, 0, 0, 1, 0, 0], 'category': ['A', 'B', 'C', 'D', 'A', 'B']})\"", \""<Execution Error: name 'df' is not defined>\""], [\""DataFrame({'A': [0, 0, 0, 1, 0, 0], 'B': [0, 0, 1, 0, 0, 0], 'C': [0, 1, 0, 0, 0, 1], 'D': [1, 0, 0, 0, 1, 0]})\"", \""DataFrame({'A': [0, 0, 0, 1, 0, 0], 'B': [0, 0, 1, 0, 0, 0], 'C': [0, 1, 0, 0, 0, 1], 'D': [1, 0, 0, 0, 1, 0], 'category': ['D', 'C', 'B', 'A', 'D', 'C']})\"", \""<Execution Error: name 'df' is not defined>\""]]""}"
"DS1000","hallucinated","DS0021","","","","{""error_type"": ""NameError"", ""error_message"": ""name 'result' is not defined"", ""line_no"": ""4.0"", ""test_case"": ""[[\""DataFrame({'A': [0, 1, 1, 1, 0, 1], 'B': [1, 0, 1, 1, 1, 0], 'C': [1, 1, 0, 1, 1, 1], 'D': [1, 1, 1, 0, 1, 1]})\"", \""DataFrame({'A': [0, 1, 1, 1, 0, 1], 'B': [1, 0, 1, 1, 1, 0], 'C': [1, 1, 0, 1, 1, 1], 'D': [1, 1, 1, 0, 1, 1], 'category': ['A', 'B', 'C', 'D', 'A', 'B']})\"", \""<Execution Error: name 'df' is not defined>\""], [\""DataFrame({'A': [1, 1, 1, 0, 1, 1], 'B': [1, 1, 0, 1, 1, 1], 'C': [1, 0, 1, 1, 1, 0], 'D': [0, 1, 1, 1, 0, 1]})\"", \""DataFrame({'A': [1, 1, 1, 0, 1, 1], 'B': [1, 1, 0, 1, 1, 1], 'C': [1, 0, 1, 1, 1, 0], 'D': [0, 1, 1, 1, 0, 1], 'category': ['D', 'C', 'B', 'A', 'D', 'C']})\"", \""<Execution Error: name 'df' is not defined>\""]]""}"
"DS1000","hallucinated","DS0022","","","","{""error_type"": ""NameError"", ""error_message"": ""name 'result' is not defined"", ""line_no"": ""4.0"", ""test_case"": ""[[\""DataFrame({'A': [1, 0, 0, 0, 1, 0], 'B': [0, 1, 0, 0, 1, 1], 'C': [1, 1, 1, 0, 1, 0], 'D': [0, 0, 0, 1, 1, 0]})\"", \""DataFrame({'A': [1, 0, 0, 0, 1, 0], 'B': [0, 1, 0, 0, 1, 1], 'C': [1, 1, 1, 0, 1, 0], 'D': [0, 0, 0, 1, 1, 0], 'category': [['A', 'C'], ['B', 'C'], ['C'], ['D'], ['A', 'B', 'C', 'D'], ['B']]})\"", \""<Execution Error: name 'df' is not defined>\""], [\""DataFrame({'A': [0, 1, 1, 1, 0, 0], 'B': [1, 0, 1, 1, 0, 1], 'C': [0, 0, 0, 1, 1, 0], 'D': [1, 1, 1, 0, 1, 0]})\"", \""DataFrame({'A': [0, 1, 1, 1, 0, 0], 'B': [1, 0, 1, 1, 0, 1], 'C': [0, 0, 0, 1, 1, 0], 'D': [1, 1, 1, 0, 1, 0], 'category': [['B', 'D'], ['A', 'D'], ['A', 'B', 'D'], ['A', 'B', 'C'], ['C', 'D'], ['B']]})\"", \""<Execution Error: name 'df' is not defined>\""]]""}"
"DS1000","hallucinated","DS0023","","","","{""error_type"": ""NameError"", ""error_message"": ""name 'result' is not defined"", ""line_no"": ""4.0"", ""test_case"": ""[[\""DataFrame({'Date': [Timestamp('2019-01-01 00:00:00'), Timestamp('2019-02-08 00:00:00'), Timestamp('2019-02-08 00:00:00'), Timestamp('2019-03-08 00:00:00')]})\"", \""DataFrame({'Date': ['Jan-2019', 'Feb-2019', 'Feb-2019', 'Mar-2019']})\"", \""<Execution Error: name 'df' is not defined>\""]]""}"
"DS1000","hallucinated","DS0024","","","","{""error_type"": ""NameError"", ""error_message"": ""name 'result' is not defined"", ""line_no"": ""4.0"", ""test_case"": ""[[\""DataFrame({'Date': [Timestamp('2019-01-01 00:00:00'), Timestamp('2019-02-08 00:00:00'), Timestamp('2019-02-08 00:00:00'), Timestamp('2019-03-08 00:00:00')]})\"", \""DataFrame({'Date': ['01-Jan-2019', '08-Feb-2019', '08-Feb-2019', '08-Mar-2019']})\"", \""<Execution Error: name 'df' is not defined>\""]]""}"
"DS1000","hallucinated","DS0025","","","","{""error_type"": ""NameError"", ""error_message"": ""name 'result' is not defined"", ""line_no"": ""4.0"", ""test_case"": ""[[\""(        Date\\n0 2019-01-01\\n1 2019-02-08\\n2 2019-02-08\\n3 2019-03-08, ['2019-01-17', '2019-02-20'])\"", \""DataFrame({'Date': ['08-Feb-2019 Friday', '08-Feb-2019 Friday']})\"", \""<Execution Error: name 'df' is not defined>\""]]""}"
"DS1000","hallucinated","DS0026","","","","{""error_type"": ""AssertionError"", ""error_message"": """", ""line_no"": """", ""test_case"": ""[[\""DataFrame({'#1': [11.6985, 43.6431, 54.9089, 63.1225, 72.4399], '#2': [126.0, 134.0, 130.0, 126.0, 120.0]})\"", \""DataFrame({'#1': [72.4399, 11.6985, 43.6431, 54.9089, 63.1225], '#2': [126.0, 134.0, 130.0, 126.0, 120.0]})\"", \""<Execution Error: name 'df' is not defined>\""], [\""DataFrame({'#1': [45, 51, 14, 11, 14], '#2': [126.0, 134.0, 130.0, 126.0, 120.0]})\"", \""DataFrame({'#1': [14, 45, 51, 14, 11], '#2': [126.0, 134.0, 130.0, 126.0, 120.0]})\"", \""<Execution Error: name 'df' is not defined>\""]]""}"
"DS1000","hallucinated","DS0027","","","","{""error_type"": ""AssertionError"", ""error_message"": """", ""line_no"": """", ""test_case"": ""[[\""DataFrame({'#1': [11.6985, 43.6431, 54.9089, 63.1225, 72.4399], '#2': [126.0, 134.0, 130.0, 126.0, 120.0]})\"", \""DataFrame({'#1': [43.6431, 54.9089, 63.1225, 72.4399, 11.6985], '#2': [126.0, 134.0, 130.0, 126.0, 120.0]})\"", \""<Execution Error: name 'df' is not defined>\""], [\""DataFrame({'#1': [45, 51, 14, 11, 14], '#2': [126.0, 134.0, 130.0, 126.0, 120.0]})\"", \""DataFrame({'#1': [51, 14, 11, 14, 45], '#2': [126.0, 134.0, 130.0, 126.0, 120.0]})\"", \""<Execution Error: name 'df' is not defined>\""]]""}"
"DS1000","hallucinated","DS0028","","","","{""error_type"": ""AssertionError"", ""error_message"": """", ""line_no"": """", ""test_case"": ""[[\""DataFrame({'#1': [11.6985, 43.6431, 54.9089, 63.1225, 72.4399], '#2': [126.0, 134.0, 130.0, 126.0, 120.0]})\"", \""DataFrame({'#1': [72.4399, 11.6985, 43.6431, 54.9089, 63.1225], '#2': [134.0, 130.0, 126.0, 120.0, 126.0]})\"", \""<Execution Error: name 'df' is not defined>\""], [\""DataFrame({'#1': [45, 51, 14, 11, 14], '#2': [126.0, 134.0, 130.0, 126.0, 120.0]})\"", \""DataFrame({'#1': [14, 45, 51, 14, 11], '#2': [134.0, 130.0, 126.0, 120.0, 126.0]})\"", \""<Execution Error: name 'df' is not defined>\""]]""}"
"DS1000","hallucinated","DS0029","","","","{""error_type"": ""AssertionError"", ""error_message"": """", ""line_no"": """", ""test_case"": ""[[\""DataFrame({'#1': [11.6985, 43.6431, 54.9089, 63.1225, 72.4399], '#2': [126.0, 134.0, 130.0, 126.0, 120.0]})\"", \""DataFrame({'#1': [43.6431, 54.9089, 63.1225, 72.4399, 11.6985], '#2': [126.0, 134.0, 130.0, 126.0, 120.0]})\"", \""<Execution Error: name 'df' is not defined>\""], [\""DataFrame({'#1': [45, 51, 14, 11, 14], '#2': [126.0, 134.0, 130.0, 126.0, 120.0]})\"", \""DataFrame({'#1': [14, 45, 51, 14, 11], '#2': [126.0, 134.0, 130.0, 126.0, 120.0]})\"", \""<Execution Error: name 'df' is not defined>\""]]""}"
"DS1000","passed","DS0030","","","",""
"DS1000","passed","DS0031","","","",""
"DS1000","hallucinated","DS0032","","","","{""error_type"": ""AssertionError"", ""error_message"": """", ""line_no"": """", ""test_case"": ""[[\""DataFrame({'HeaderA': [476], 'HeaderB': [4365], 'HeaderC': [457], 'HeaderX': [345]})\"", \""DataFrame({'XHeaderAX': [476], 'XHeaderBX': [4365], 'XHeaderCX': [457], 'XHeaderX': [345]})\"", \""<Execution Error: name 'df' is not defined>\""], [\""DataFrame({'HeaderD': [114], 'HeaderF': [4365], 'HeaderG': [514], 'HeaderX': [345]})\"", \""DataFrame({'XHeaderDX': [114], 'XHeaderFX': [4365], 'XHeaderGX': [514], 'XHeaderX': [345]})\"", \""<Execution Error: name 'df' is not defined>\""]]""}"
"DS1000","hallucinated","DS0033","","","","{""error_type"": ""TypeError"", ""error_message"": ""Cannot perform reduction 'mean' with string dtype"", ""line_no"": """", ""test_case"": """"}"
"DS1000","hallucinated","DS0034","","","","{""error_type"": ""AssertionError"", ""error_message"": """", ""line_no"": """", ""test_case"": ""[[\""DataFrame({'group': ['A', 'A', 'A', 'B', 'B'], 'group_color': ['green', 'green', 'green', 'blue', 'blue'], 'val1': [5, 2, 3, 4, 5], 'val2': [4, 2, 8, 5, 7], 'val3': [1, 1, 4, 5, 1]})\"", \""DataFrame({'group_color': ['greengreengreen', 'blueblue'], 'val1': [10, 9], 'val2': [14, 12], 'val3': [6, 6]})\"", \""<Execution Error: name 'df' is not defined>\""]]""}"
"DS1000","hallucinated","DS0035","","","","{""error_type"": ""AssertionError"", ""error_message"": """", ""line_no"": """", ""test_case"": ""[[\""DataFrame({'group': ['A', 'A', 'A', 'B', 'B'], 'group_color': ['green', 'green', 'green', 'blue', 'blue'], 'val1': [5, 2, 3, 4, 5], 'val2': [4, 2, 8, 5, 7], 'val42': [1, 1, 4, 5, 1]})\"", \""DataFrame({'group_color': ['greengreengreen', 'blueblue'], 'val1': [10, 9], 'val2': [4.666666666666667, 6.0], 'val42': [2.0, 3.0]})\"", \""<Execution Error: name 'df' is not defined>\""], [\""DataFrame({'group': ['A', 'A', 'A', 'B', 'B'], 'group_color': ['green', 'green', 'green', 'blue', 'blue'], 'val1': [5, 2, 3, 4, 5], 'val2': [4, 2, 8, 5, 7], 'val332': [1, 1, 4, 5, 1]})\"", \""DataFrame({'group_color': ['greengreengreen', 'blueblue'], 'val1': [10, 9], 'val2': [4.666666666666667, 6.0], 'val332': [2.0, 3.0]})\"", \""<Execution Error: name 'df' is not defined>\""]]""}"
"DS1000","passed","DS0036","","","",""
"DS1000","passed","DS0037","","","",""
"DS1000","hallucinated","DS0038","","","","{""error_type"": ""AssertionError"", ""error_message"": """", ""line_no"": """", ""test_case"": ""[[\""(   a  b  c  d  q\\n0  1  2  3  0  5\\n1  1  2  3  4  5\\n2  1  1  1  6  1\\n3  1  0  0  0  0, [0, 2, 3], ['a', 'b', 'd'])\"", \""Series({'a': 3, 'b': 3})\"", \""<Execution Error: name 'df' is not defined>\""], [\""(   a  b  c  d  q\\n0  1  2  3  0  5\\n1  1  2  3  4  5\\n2  1  1  1  6  1\\n3  1  0  0  0  0, [0, 1, 3], ['a', 'c', 'q'])\"", \""Series({'a': 3, 'c': 6})\"", \""<Execution Error: name 'df' is not defined>\""]]""}"
"DS1000","hallucinated","DS0039","","","","{""error_type"": ""TypeError"", ""error_message"": ""'<' not supported between instances of 'str' and 'int'"", ""line_no"": """", ""test_case"": """"}"
"DS1000","hallucinated","DS0040","","","","{""error_type"": ""TypeError"", ""error_message"": ""'<' not supported between instances of 'str' and 'int'"", ""line_no"": """", ""test_case"": """"}"
"DS1000","hallucinated","DS0041","","","","{""error_type"": ""AssertionError"", ""error_message"": """", ""line_no"": """", ""test_case"": ""[[\""DataFrame({'id': [34, 22, 34], 'temp': ['null', 'null', 'null'], 'name': ['mark', 'mark', 'mark']})\"", \""---- id ---\\nid\\n34    2\\n22    1\\nName: count, dtype: int64\\n---- temp ---\\ntemp\\nnull    3\\nName: count, dtype: int64\\n---- name ---\\nname\\nmark    3\\nName: count, dtype: int64\\n\"", \""<Execution Error: name 'df' is not defined>\""], [\""DataFrame({'id': [11, 14, 51], 'temp': ['null', 'null', 'null'], 'name': ['mark', 'mark', 'mark']})\"", \""---- id ---\\nid\\n11    1\\n14    1\\n51    1\\nName: count, dtype: int64\\n---- temp ---\\ntemp\\nnull    3\\nName: count, dtype: int64\\n---- name ---\\nname\\nmark    3\\nName: count, dtype: int64\\n\"", \""<Execution Error: name 'df' is not defined>\""]]""}"
"DS1000","hallucinated","DS0042","","","","{""error_type"": ""AttributeError"", ""error_message"": ""'DataFrame' object has no attribute 'append'"", ""line_no"": ""5.0"", ""test_case"": ""[[\""DataFrame({'Nanonose': ['Sample type', 'Water', 'Water', 'Water', 'Water'], 'Unnamed: 1': ['Concentration', 9200, 9200, 9200, 4600], 'A': [nan, 95.5, 94.5, 92.0, 53.0], 'B': [nan, 21.0, 17.0, 16.0, 7.5], 'C': [nan, 6.0, 5.0, 3.0, 2.5], 'D': [nan, 11.942308, 5.484615, 11.057692, 3.538462], 'E': [nan, 64.134615, 63.205769, 62.586538, 35.163462], 'F': [nan, 21.49856, 19.65856, 19.81312, 6.876207], 'G': [nan, 5.56784, 4.968, 5.19248, 1.641724], 'H': [nan, 1.174135, 1.883444, 0.564835, 0.144654]})\"", \""DataFrame({'Sample type': ['Water', 'Water', 'Water', 'Water'], 'Concentration': [9200, 9200, 9200, 4600], 'A': [95.5, 94.5, 92.0, 53.0], 'B': [21.0, 17.0, 16.0, 7.5], 'C': [6.0, 5.0, 3.0, 2.5], 'D': [11.942308, 5.484615, 11.057692, 3.538462], 'E': [64.134615, 63.205769, 62.586538, 35.163462], 'F': [21.49856, 19.65856, 19.81312, 6.876207], 'G': [5.56784, 4.968, 5.19248, 1.641724], 'H': [1.174135, 1.883444, 0.564835, 0.144654]})\"", \""<Execution Error: name 'df' is not defined>\""], [\""DataFrame({'Nanonose': ['type of Sample', 'Water', 'Water', 'Water', 'Water'], 'Unnamed: 1': ['concentration', 9200, 9200, 9200, 4600], 'A': [nan, 95.5, 94.5, 92.0, 53.0], 'B': [nan, 21.0, 17.0, 16.0, 7.5], 'C': [nan, 6.0, 5.0, 3.0, 2.5], 'D': [nan, 11.942308, 5.484615, 11.057692, 3.538462], 'E': [nan, 64.134615, 63.205769, 62.586538, 35.163462], 'F': [nan, 21.49856, 19.65856, 19.81312, 6.876207], 'G': [nan, 5.56784, 4.968, 5.19248, 1.641724], 'H': [nan, 1.174135, 1.883444, 0.564835, 0.144654]})\"", \""DataFrame({'type of Sample': ['Water', 'Water', 'Water', 'Water'], 'concentration': [9200, 9200, 9200, 4600], 'A': [95.5, 94.5, 92.0, 53.0], 'B': [21.0, 17.0, 16.0, 7.5], 'C': [6.0, 5.0, 3.0, 2.5], 'D': [11.942308, 5.484615, 11.057692, 3.538462], 'E': [64.134615, 63.205769, 62.586538, 35.163462], 'F': [21.49856, 19.65856, 19.81312, 6.876207], 'G': [5.56784, 4.968, 5.19248, 1.641724], 'H': [1.174135, 1.883444, 0.564835, 0.144654]})\"", \""<Execution Error: name 'df' is not defined>\""]]""}"
"DS1000","hallucinated","DS0043","","","","{""error_type"": ""AssertionError"", ""error_message"": """", ""line_no"": """", ""test_case"": ""[[\""DataFrame({'Nanonose': ['Sample type', 'Water', 'Water', 'Water', 'Water'], 'Unnamed: 1': ['Concentration', 9200, 9200, 9200, 4600], 'A': [nan, 95.5, 94.5, 92.0, 53.0], 'B': [nan, 21.0, 17.0, 16.0, 7.5], 'C': [nan, 6.0, 5.0, 3.0, 2.5], 'D': [nan, 11.942308, 5.484615, 11.057692, 3.538462], 'E': [nan, 64.134615, 63.205769, 62.586538, 35.163462], 'F': [nan, 21.49856, 19.65856, 19.81312, 6.876207], 'G': [nan, 5.56784, 4.968, 5.19248, 1.641724], 'H': [nan, 1.174135, 1.883444, 0.564835, 0.144654]})\"", \""DataFrame({'Nanonose': ['Water', 'Water', 'Water', 'Water'], 'Concentration': [9200, 9200, 9200, 4600], 'A': [95.5, 94.5, 92.0, 53.0], 'B': [21.0, 17.0, 16.0, 7.5], 'C': [6.0, 5.0, 3.0, 2.5], 'D': [11.942308, 5.484615, 11.057692, 3.538462], 'E': [64.134615, 63.205769, 62.586538, 35.163462], 'F': [21.49856, 19.65856, 19.81312, 6.876207], 'G': [5.56784, 4.968, 5.19248, 1.641724], 'H': [1.174135, 1.883444, 0.564835, 0.144654]})\"", \""<Execution Error: name 'df' is not defined>\""], [\""DataFrame({'Nanonose': ['type of Sample', 'Water', 'Water', 'Water', 'Water'], 'Unnamed: 1': ['concentration', 9200, 9200, 9200, 4600], 'A': [nan, 95.5, 94.5, 92.0, 53.0], 'B': [nan, 21.0, 17.0, 16.0, 7.5], 'C': [nan, 6.0, 5.0, 3.0, 2.5], 'D': [nan, 11.942308, 5.484615, 11.057692, 3.538462], 'E': [nan, 64.134615, 63.205769, 62.586538, 35.163462], 'F': [nan, 21.49856, 19.65856, 19.81312, 6.876207], 'G': [nan, 5.56784, 4.968, 5.19248, 1.641724], 'H': [nan, 1.174135, 1.883444, 0.564835, 0.144654]})\"", \""DataFrame({'Nanonose': ['Water', 'Water', 'Water', 'Water'], 'concentration': [9200, 9200, 9200, 4600], 'A': [95.5, 94.5, 92.0, 53.0], 'B': [21.0, 17.0, 16.0, 7.5], 'C': [6.0, 5.0, 3.0, 2.5], 'D': [11.942308, 5.484615, 11.057692, 3.538462], 'E': [64.134615, 63.205769, 62.586538, 35.163462], 'F': [21.49856, 19.65856, 19.81312, 6.876207], 'G': [5.56784, 4.968, 5.19248, 1.641724], 'H': [1.174135, 1.883444, 0.564835, 0.144654]})\"", \""<Execution Error: name 'df' is not defined>\""]]""}"
"DS1000","hallucinated","DS0044","","","","{""error_type"": ""AssertionError"", ""error_message"": """", ""line_no"": """", ""test_case"": ""[[\""DataFrame({'0': [3.0, nan, nan], '1': [1.0, 1.0, nan], '2': [2, 2, 2]})\"", \""DataFrame({0: [3.0, 1.0, 2.0], 1: [1.0, 2.0, nan], 2: [2.0, nan, nan]})\"", \""<Execution Error: name 'df' is not defined>\""]]""}"
"DS1000","hallucinated","DS0045","","","","{""error_type"": ""TypeError"", ""error_message"": ""NDFrame.fillna() got an unexpected keyword argument 'method'"", ""line_no"": ""4.0"", ""test_case"": ""[[\""DataFrame({'0': [3, 1, 2], '1': [1.0, 2.0, nan], '2': [2.0, nan, nan]})\"", \""DataFrame({0: [3.0, nan, nan], 1: [1.0, 1.0, nan], 2: [2.0, 2.0, 2.0]})\"", \""<Execution Error: name 'df' is not defined>\""]]""}"
"DS1000","hallucinated","DS0046","","","","{""error_type"": ""TypeError"", ""error_message"": ""NDFrame.fillna() got an unexpected keyword argument 'method'"", ""line_no"": ""4.0"", ""test_case"": ""[[\""DataFrame({'0': [3.0, nan, nan], '1': [1.0, 1.0, nan], '2': [2, 2, 2]})\"", \""DataFrame({0: [nan, nan, 3.0], 1: [nan, 1.0, 1.0], 2: [2.0, 2.0, 2.0]})\"", \""<Execution Error: name 'df' is not defined>\""]]""}"
"DS1000","hallucinated","DS0047","","","","{""error_type"": ""AttributeError"", ""error_message"": ""'DataFrame' object has no attribute 'append'"", ""line_no"": """", ""test_case"": """"}"
"DS1000","hallucinated","DS0048","","","","{""error_type"": ""AttributeError"", ""error_message"": ""'DataFrame' object has no attribute 'append'"", ""line_no"": """", ""test_case"": """"}"
"DS1000","hallucinated","DS0049","","","","{""error_type"": ""AttributeError"", ""error_message"": ""'DataFrame' object has no attribute 'append'"", ""line_no"": """", ""test_case"": """"}"
"DS1000","passed","DS0050","","","",""
"DS1000","passed","DS0051","","","",""
"DS1000","passed","DS0052","","","",""
"DS1000","hallucinated","DS0053","","","","{""error_type"": ""TypeError"", ""error_message"": ""bad operand type for unary -: 'str'"", ""line_no"": ""4.0"", ""test_case"": ""[[\""DataFrame({'A': [1, 2, 3], 'B': [4, 5, 6]})\"", \""DataFrame({'A': [1, 2, 3], 'B': [4, 5, 6], 'sigmoid_A': [0.7310585786300049, 0.8807970779778823, 0.9525741268224331], 'sigmoid_B': [0.9820137900379085, 0.9933071490757153, 0.9975273768433653]})\"", \""<Execution Error: name 'df' is not defined>\""], [\""DataFrame({'A': [1, 2, 3], 'B': [4, 5, 6], 'C': [7, 8, 9]})\"", \""DataFrame({'A': [1, 2, 3], 'B': [4, 5, 6], 'C': [7, 8, 9], 'sigmoid_A': [0.7310585786300049, 0.8807970779778823, 0.9525741268224331], 'sigmoid_B': [0.9820137900379085, 0.9933071490757153, 0.9975273768433653], 'sigmoid_C': [0.9990889488055994, 0.9996646498695336, 0.9998766054240137]})\"", \""<Execution Error: name 'df' is not defined>\""]]""}"
"DS1000","hallucinated","DS0054","","","","{""error_type"": ""InvalidIndexError"", ""error_message"": ""a   2017-01-08\nb   2017-01-05\nc   2017-01-05\ndtype: datetime64[us]"", ""line_no"": ""4.0"", ""test_case"": ""[[\""DataFrame({'a': [1.0, 0.9, 0.8, 1.0, 1.0, 0.9, 1.0, 0.6, 1.0, 1.0], 'b': [0.9, 0.9, 1.0, 0.3, 0.2, 1.0, 0.9, 0.9, 0.9, 0.8], 'c': [1.0, 1.0, 0.5, 0.2, 0.1, 1.0, 1.0, 0.7, 0.8, 0.9]})\"", \""Series({'a': Timestamp('2017-01-07 00:00:00'), 'b': Timestamp('2017-01-03 00:00:00'), 'c': Timestamp('2017-01-02 00:00:00')})\"", \""<Execution Error: name 'df' is not defined>\""], [\""DataFrame({'a': [1.0, 0.9, 0.8, 1.0, 1.0, 0.9, 0.9, 0.6, 1.0, 1.0], 'b': [0.9, 0.9, 1.0, 0.3, 0.2, 1.0, 0.9, 0.9, 0.9, 0.8], 'c': [1.0, 1.0, 0.5, 0.2, 0.1, 1.0, 1.0, 0.7, 0.8, 0.9]})\"", \""Series({'a': Timestamp('2022-01-05 00:00:00'), 'b': Timestamp('2022-01-03 00:00:00'), 'c': Timestamp('2022-01-02 00:00:00')})\"", \""<Execution Error: name 'df' is not defined>\""]]""}"
"DS1000","hallucinated","DS0055","","","","{""error_type"": ""AssertionError"", ""error_message"": """", ""line_no"": """", ""test_case"": ""[[\""DataFrame({'a': [1.0, 0.9, 0.8, 1.0, 1.0, 0.9, 1.0, 0.6, 1.0, 1.0], 'b': [0.9, 0.9, 1.0, 0.3, 0.2, 1.0, 0.9, 0.9, 0.9, 0.8], 'c': [1.0, 1.0, 0.5, 0.2, 0.1, 1.0, 1.0, 0.7, 0.8, 0.9]})\"", \""Series({'a': Timestamp('2017-01-09 00:00:00'), 'b': Timestamp('2017-01-06 00:00:00'), 'c': Timestamp('2017-01-06 00:00:00')})\"", \""<Execution Error: name 'df' is not defined>\""], [\""DataFrame({'a': [1.0, 0.9, 0.8, 1.0, 1.0, 0.9, 0.9, 0.6, 1.0, 1.0], 'b': [0.9, 0.9, 1.0, 0.3, 0.2, 1.0, 0.9, 0.9, 0.9, 0.8], 'c': [1.0, 1.0, 0.5, 0.2, 0.1, 1.0, 1.0, 0.7, 0.8, 0.9]})\"", \""Series({'a': Timestamp('2022-01-09 00:00:00'), 'b': Timestamp('2022-01-06 00:00:00'), 'c': Timestamp('2022-01-06 00:00:00')})\"", \""<Execution Error: name 'df' is not defined>\""]]""}"
"DS1000","hallucinated","DS0056","","","","{""error_type"": ""AssertionError"", ""error_message"": """", ""line_no"": """", ""test_case"": ""[[\""DataFrame({'user': ['a', 'a', 'b', 'b'], 'dt': [Timestamp('2016-01-01 00:00:00'), Timestamp('2016-01-02 00:00:00'), Timestamp('2016-01-05 00:00:00'), Timestamp('2016-01-06 00:00:00')], 'val': [1, 33, 2, 1]})\"", \""DataFrame({'dt': [Timestamp('2016-01-01 00:00:00'), Timestamp('2016-01-02 00:00:00'), Timestamp('2016-01-03 00:00:00'), Timestamp('2016-01-04 00:00:00'), Timestamp('2016-01-05 00:00:00'), Timestamp('2016-01-06 00:00:00'), Timestamp('2016-01-01 00:00:00'), Timestamp('2016-01-02 00:00:00'), Timestamp('2016-01-03 00:00:00'), Timestamp('2016-01-04 00:00:00'), Timestamp('2016-01-05 00:00:00'), Timestamp('2016-01-06 00:00:00')], 'user': ['a', 'a', 'a', 'a', 'a', 'a', 'b', 'b', 'b', 'b', 'b', 'b'], 'va...[truncated]\"", \""<Execution Error: name 'df' is not defined>\""], [\""DataFrame({'user': ['c', 'c', 'd', 'd'], 'dt': [Timestamp('2016-02-01 00:00:00'), Timestamp('2016-02-02 00:00:00'), Timestamp('2016-02-05 00:00:00'), Timestamp('2016-02-06 00:00:00')], 'val': [1, 33, 2, 1]})\"", \""DataFrame({'dt': [Timestamp('2016-02-01 00:00:00'), Timestamp('2016-02-02 00:00:00'), Timestamp('2016-02-03 00:00:00'), Timestamp('2016-02-04 00:00:00'), Timestamp('2016-02-05 00:00:00'), Timestamp('2016-02-06 00:00:00'), Timestamp('2016-02-01 00:00:00'), Timestamp('2016-02-02 00:00:00'), Timestamp('2016-02-03 00:00:00'), Timestamp('2016-02-04 00:00:00'), Timestamp('2016-02-05 00:00:00'), Timestamp('2016-02-06 00:00:00')], 'user': ['c', 'c', 'c', 'c', 'c', 'c', 'd', 'd', 'd', 'd', 'd', 'd'], 'va...[truncated]\"", \""<Execution Error: name 'df' is not defined>\""]]""}"
"DS1000","hallucinated","DS0057","","","","{""error_type"": ""ValueError"", ""error_message"": ""cannot include dtype 'M' in a buffer"", ""line_no"": ""4.0"", ""test_case"": ""[[\""DataFrame({'user': ['abc', 'abc', 'efg', 'efg'], 'dt': [Timestamp('2022-01-01 00:00:00'), Timestamp('2022-01-02 00:00:00'), Timestamp('2022-01-05 00:00:00'), Timestamp('2022-01-06 00:00:00')], 'val': [1, 14, 51, 4]})\"", \""DataFrame({'dt': [Timestamp('2022-01-01 00:00:00'), Timestamp('2022-01-02 00:00:00'), Timestamp('2022-01-03 00:00:00'), Timestamp('2022-01-04 00:00:00'), Timestamp('2022-01-05 00:00:00'), Timestamp('2022-01-06 00:00:00'), Timestamp('2022-01-01 00:00:00'), Timestamp('2022-01-02 00:00:00'), Timestamp('2022-01-03 00:00:00'), Timestamp('2022-01-04 00:00:00'), Timestamp('2022-01-05 00:00:00'), Timestamp('2022-01-06 00:00:00')], 'user': ['abc', 'abc', 'abc', 'abc', 'abc', 'abc', 'efg', 'efg', 'efg', '...[truncated]\"", \""<Execution Error: name 'df' is not defined>\""], [\""DataFrame({'user': ['c', 'c', 'd', 'd'], 'dt': [Timestamp('2016-02-01 00:00:00'), Timestamp('2016-02-02 00:00:00'), Timestamp('2016-02-05 00:00:00'), Timestamp('2016-02-06 00:00:00')], 'val': [1, 33, 2, 1]})\"", \""DataFrame({'dt': [Timestamp('2016-02-01 00:00:00'), Timestamp('2016-02-02 00:00:00'), Timestamp('2016-02-03 00:00:00'), Timestamp('2016-02-04 00:00:00'), Timestamp('2016-02-05 00:00:00'), Timestamp('2016-02-06 00:00:00'), Timestamp('2016-02-01 00:00:00'), Timestamp('2016-02-02 00:00:00'), Timestamp('2016-02-03 00:00:00'), Timestamp('2016-02-04 00:00:00'), Timestamp('2016-02-05 00:00:00'), Timestamp('2016-02-06 00:00:00')], 'user': ['c', 'c', 'c', 'c', 'c', 'c', 'd', 'd', 'd', 'd', 'd', 'd'], 'va...[truncated]\"", \""<Execution Error: name 'df' is not defined>\""]]""}"
"DS1000","hallucinated","DS0058","","","","{""error_type"": ""AssertionError"", ""error_message"": """", ""line_no"": """", ""test_case"": ""[[\""DataFrame({'user': ['a', 'a', 'b', 'b'], 'dt': [Timestamp('2016-01-01 00:00:00'), Timestamp('2016-01-02 00:00:00'), Timestamp('2016-01-05 00:00:00'), Timestamp('2016-01-06 00:00:00')], 'val': [1, 33, 2, 1]})\"", \""DataFrame({'dt': [Timestamp('2016-01-01 00:00:00'), Timestamp('2016-01-02 00:00:00'), Timestamp('2016-01-03 00:00:00'), Timestamp('2016-01-04 00:00:00'), Timestamp('2016-01-05 00:00:00'), Timestamp('2016-01-06 00:00:00'), Timestamp('2016-01-01 00:00:00'), Timestamp('2016-01-02 00:00:00'), Timestamp('2016-01-03 00:00:00'), Timestamp('2016-01-04 00:00:00'), Timestamp('2016-01-05 00:00:00'), Timestamp('2016-01-06 00:00:00')], 'user': ['a', 'a', 'a', 'a', 'a', 'a', 'b', 'b', 'b', 'b', 'b', 'b'], 'va...[truncated]\"", \""<Execution Error: name 'df' is not defined>\""], [\""DataFrame({'user': ['c', 'c', 'd', 'd'], 'dt': [Timestamp('2016-02-01 00:00:00'), Timestamp('2016-02-02 00:00:00'), Timestamp('2016-02-05 00:00:00'), Timestamp('2016-02-06 00:00:00')], 'val': [1, 33, 2, 1]})\"", \""DataFrame({'dt': [Timestamp('2016-02-01 00:00:00'), Timestamp('2016-02-02 00:00:00'), Timestamp('2016-02-03 00:00:00'), Timestamp('2016-02-04 00:00:00'), Timestamp('2016-02-05 00:00:00'), Timestamp('2016-02-06 00:00:00'), Timestamp('2016-02-01 00:00:00'), Timestamp('2016-02-02 00:00:00'), Timestamp('2016-02-03 00:00:00'), Timestamp('2016-02-04 00:00:00'), Timestamp('2016-02-05 00:00:00'), Timestamp('2016-02-06 00:00:00')], 'user': ['c', 'c', 'c', 'c', 'c', 'c', 'd', 'd', 'd', 'd', 'd', 'd'], 'va...[truncated]\"", \""<Execution Error: name 'df' is not defined>\""]]""}"
"DS1000","hallucinated","DS0059","","","","{""error_type"": ""ValueError"", ""error_message"": ""Length of values (1) does not match length of index (2)"", ""line_no"": ""4.0"", ""test_case"": ""[[\""DataFrame({'user': ['a', 'a', 'b', 'b'], 'dt': [Timestamp('2016-01-01 00:00:00'), Timestamp('2016-01-02 00:00:00'), Timestamp('2016-01-05 00:00:00'), Timestamp('2016-01-06 00:00:00')], 'val': [1, 33, 2, 1]})\"", \""DataFrame({'dt': [Timestamp('2016-01-01 00:00:00'), Timestamp('2016-01-02 00:00:00'), Timestamp('2016-01-03 00:00:00'), Timestamp('2016-01-04 00:00:00'), Timestamp('2016-01-05 00:00:00'), Timestamp('2016-01-06 00:00:00'), Timestamp('2016-01-01 00:00:00'), Timestamp('2016-01-02 00:00:00'), Timestamp('2016-01-03 00:00:00'), Timestamp('2016-01-04 00:00:00'), Timestamp('2016-01-05 00:00:00'), Timestamp('2016-01-06 00:00:00')], 'user': ['a', 'a', 'a', 'a', 'a', 'a', 'b', 'b', 'b', 'b', 'b', 'b'], 'va...[truncated]\"", \""<Execution Error: name 'df' is not defined>\""], [\""DataFrame({'user': ['c', 'c', 'd', 'd'], 'dt': [Timestamp('2016-02-01 00:00:00'), Timestamp('2016-02-02 00:00:00'), Timestamp('2016-02-05 00:00:00'), Timestamp('2016-02-06 00:00:00')], 'val': [1, 33, 2, 1]})\"", \""DataFrame({'dt': [Timestamp('2016-02-01 00:00:00'), Timestamp('2016-02-02 00:00:00'), Timestamp('2016-02-03 00:00:00'), Timestamp('2016-02-04 00:00:00'), Timestamp('2016-02-05 00:00:00'), Timestamp('2016-02-06 00:00:00'), Timestamp('2016-02-01 00:00:00'), Timestamp('2016-02-02 00:00:00'), Timestamp('2016-02-03 00:00:00'), Timestamp('2016-02-04 00:00:00'), Timestamp('2016-02-05 00:00:00'), Timestamp('2016-02-06 00:00:00')], 'user': ['c', 'c', 'c', 'c', 'c', 'c', 'd', 'd', 'd', 'd', 'd', 'd'], 'va...[truncated]\"", \""<Execution Error: name 'df' is not defined>\""]]""}"
"DS1000","hallucinated","DS0060","","","","{""error_type"": ""KeyError"", ""error_message"": ""'dt'"", ""line_no"": ""4.0"", ""test_case"": ""[[\""DataFrame({'user': ['a', 'a', 'b', 'b'], 'dt': [Timestamp('2016-01-01 00:00:00'), Timestamp('2016-01-02 00:00:00'), Timestamp('2016-01-05 00:00:00'), Timestamp('2016-01-06 00:00:00')], 'val': [1, 33, 2, 1]})\"", \""DataFrame({'dt': ['01-Jan-2016', '02-Jan-2016', '03-Jan-2016', '04-Jan-2016', '05-Jan-2016', '06-Jan-2016', '01-Jan-2016', '02-Jan-2016', '03-Jan-2016', '04-Jan-2016', '05-Jan-2016', '06-Jan-2016'], 'user': ['a', 'a', 'a', 'a', 'a', 'a', 'b', 'b', 'b', 'b', 'b', 'b'], 'val': [1, 33, 33, 33, 33, 33, 2, 2, 2, 2, 2, 1]})\"", \""<Execution Error: name 'df' is not defined>\""], [\""DataFrame({'user': ['c', 'c', 'd', 'd'], 'dt': [Timestamp('2016-02-01 00:00:00'), Timestamp('2016-02-02 00:00:00'), Timestamp('2016-02-05 00:00:00'), Timestamp('2016-02-06 00:00:00')], 'val': [1, 33, 2, 1]})\"", \""DataFrame({'dt': ['01-Feb-2016', '02-Feb-2016', '03-Feb-2016', '04-Feb-2016', '05-Feb-2016', '06-Feb-2016', '01-Feb-2016', '02-Feb-2016', '03-Feb-2016', '04-Feb-2016', '05-Feb-2016', '06-Feb-2016'], 'user': ['c', 'c', 'c', 'c', 'c', 'c', 'd', 'd', 'd', 'd', 'd', 'd'], 'val': [1, 33, 33, 33, 33, 33, 2, 2, 2, 2, 2, 1]})\"", \""<Execution Error: name 'df' is not defined>\""]]""}"
"DS1000","hallucinated","DS0061","","","","{""error_type"": ""TypeError"", ""error_message"": ""Invalid value '1' for dtype 'str'. Value should be a string or missing value, got 'int' instead."", ""line_no"": """", ""test_case"": """"}"
"DS1000","hallucinated","DS0062","","","","{""error_type"": ""AssertionError"", ""error_message"": """", ""line_no"": """", ""test_case"": ""[[\""DataFrame({'name': ['Aaron', 'Aaron', 'Aaron', 'Brave', 'Brave', 'David'], 'a': [3, 3, 3, 4, 3, 5], 'b': [5, 6, 6, 6, 6, 1], 'c': [7, 9, 10, 0, 1, 4]})\"", \""DataFrame({'name': ['Aaron', 'Aaron', 'Aaron', 'Brave', 'Brave', 'David'], 'a': [1, 1, 1, 2, 1, 3], 'b': [5, 6, 6, 6, 6, 1], 'c': [7, 9, 10, 0, 1, 4]})\"", \""<Execution Error: name 'df' is not defined>\""]]""}"
"DS1000","hallucinated","DS0063","{""type"": ""IndentationError"", ""value"": 5, ""message"": ""expected an indented block after function definition on line 4 (<unknown>, line 5)""}","","","{""error_type"": ""TypeError"", ""error_message"": ""Invalid value '1' for dtype 'str'. Value should be a string or missing value, got 'int' instead."", ""line_no"": """", ""test_case"": """"}"
"DS1000","hallucinated","DS0064","","","","{""error_type"": ""TypeError"", ""error_message"": ""Invalid value '1' for dtype 'str'. Value should be a string or missing value, got 'int' instead."", ""line_no"": """", ""test_case"": """"}"
"DS1000","hallucinated","DS0065","","","","{""error_type"": ""AssertionError"", ""error_message"": """", ""line_no"": """", ""test_case"": ""[[\""DataFrame({'user': ['u1', 'u2', 'u3'], '01/12/15': [100, 200, -50], '02/12/15': [300, -100, 200], 'someBool': [True, False, True]})\"", \""DataFrame({'user': ['u1', 'u1', 'u2', 'u2', 'u3', 'u3'], 'date': ['01/12/15', '02/12/15', '01/12/15', '02/12/15', '01/12/15', '02/12/15'], 'value': [100, 300, 200, -100, -50, 200], 'someBool': [True, True, False, False, True, True]})\"", \""DataFrame({'user': ['u1', 'u2', 'u3', 'u1', 'u2', 'u3'], 'someBool': [True, False, True, True, False, True], 'date': ['01/12/15', '01/12/15', '01/12/15', '02/12/15', '02/12/15', '02/12/15'], 'value': [100, 200, -50, 300, -100, 200]})\""], [\""DataFrame({'user': ['u1', 'u2', 'u3'], '01/10/22': [100, 200, -50], '02/10/22': [300, -100, 200], 'someBool': [True, False, True]})\"", \""DataFrame({'user': ['u1', 'u1', 'u2', 'u2', 'u3', 'u3'], 'date': ['01/10/22', '02/10/22', '01/10/22', '02/10/22', '01/10/22', '02/10/22'], 'value': [100, 300, 200, -100, -50, 200], 'someBool': [True, True, False, False, True, True]})\"", \""DataFrame({'user': ['u1', 'u2', 'u3', 'u1', 'u2', 'u3'], 'someBool': [True, False, True, True, False, True], 'date': ['01/10/22', '01/10/22', '01/10/22', '02/10/22', '02/10/22', '02/10/22'], 'value': [100, 200, -50, 300, -100, 200]})\""]]""}"
"DS1000","hallucinated","DS0066","","","","{""error_type"": ""AssertionError"", ""error_message"": """", ""line_no"": """", ""test_case"": ""[[\""DataFrame({'user': ['u1', 'u2', 'u3'], '01/12/15': [100, 200, -50], '02/12/15': [300, -100, 200], 'someBool': [True, False, True]})\"", \""DataFrame({'user': ['u1', 'u1', 'u2', 'u2', 'u3', 'u3'], '01/12/15': [100, 100, 200, 200, -50, -50], 'others': ['02/12/15', 'someBool', '02/12/15', 'someBool', '02/12/15', 'someBool'], 'value': [300, True, -100, False, 200, True]})\"", \""DataFrame({'user': ['u1', 'u2', 'u3', 'u1', 'u2', 'u3', 'u1', 'u2', 'u3'], 'others': ['01/12/15', '01/12/15', '01/12/15', '02/12/15', '02/12/15', '02/12/15', 'someBool', 'someBool', 'someBool'], 'value': [100, 200, -50, 300, -100, 200, True, False, True]})\""], [\""DataFrame({'user': ['u1', 'u2', 'u3'], '01/12/15': [300, -100, 200], '02/12/15': [100, 200, -50], 'someBool': [True, False, True]})\"", \""DataFrame({'user': ['u1', 'u1', 'u2', 'u2', 'u3', 'u3'], '01/12/15': [300, 300, -100, -100, 200, 200], 'others': ['02/12/15', 'someBool', '02/12/15', 'someBool', '02/12/15', 'someBool'], 'value': [100, True, 200, False, -50, True]})\"", \""DataFrame({'user': ['u1', 'u2', 'u3', 'u1', 'u2', 'u3', 'u1', 'u2', 'u3'], 'others': ['01/12/15', '01/12/15', '01/12/15', '02/12/15', '02/12/15', '02/12/15', 'someBool', 'someBool', 'someBool'], 'value': [300, -100, 200, 100, 200, -50, True, False, True]})\""]]""}"
"DS1000","hallucinated","DS0067","","","","{""error_type"": ""AssertionError"", ""error_message"": """", ""line_no"": """", ""test_case"": ""[[\""DataFrame({'user': ['u1', 'u2', 'u3'], '01/12/15': [100.0, 200.0, nan], '02/12/15': [nan, -100.0, 200.0], 'someBool': [True, False, True]})\"", \""DataFrame({'user': ['u1', 'u1', 'u2', 'u2', 'u3', 'u3'], 'date': ['01/12/15', '02/12/15', '01/12/15', '02/12/15', '01/12/15', '02/12/15'], 'value': [100.0, nan, 200.0, -100.0, nan, 200.0], 'someBool': [True, True, False, False, True, True]})\"", \""DataFrame({'user': ['u1', 'u2', 'u3', 'u1', 'u2', 'u3'], 'someBool': [True, False, True, True, False, True], 'date': ['01/12/15', '01/12/15', '01/12/15', '02/12/15', '02/12/15', '02/12/15'], 'value': [100.0, 200.0, nan, nan, -100.0, 200.0]})\""], [\""DataFrame({'user': ['u1', 'u2', 'u3'], '01/10/22': [100.0, 200.0, nan], '02/10/22': [nan, -100.0, 200.0], 'someBool': [True, False, True]})\"", \""DataFrame({'user': ['u1', 'u1', 'u2', 'u2', 'u3', 'u3'], 'date': ['01/10/22', '02/10/22', '01/10/22', '02/10/22', '01/10/22', '02/10/22'], 'value': [100.0, nan, 200.0, -100.0, nan, 200.0], 'someBool': [True, True, False, False, True, True]})\"", \""DataFrame({'user': ['u1', 'u2', 'u3', 'u1', 'u2', 'u3'], 'someBool': [True, False, True, True, False, True], 'date': ['01/10/22', '01/10/22', '01/10/22', '02/10/22', '02/10/22', '02/10/22'], 'value': [100.0, 200.0, nan, nan, -100.0, 200.0]})\""]]""}"
"DS1000","hallucinated","DS0068","","","","{""error_type"": ""ValueError"", ""error_message"": ""operands could not be broadcast together with shapes (4,) (5,) "", ""line_no"": ""4.0"", ""test_case"": ""[[\""(          a         b         c         d         e\\n0  0.435995  0.025926  0.549662  0.435322  0.420368\\n1  0.330335  0.204649  0.619271  0.299655  0.266827\\n2  0.621134  0.529142  0.134580  0.513578  0.184440\\n3  0.785335  0.853975  0.494237  0.846561  0.079645, ['b', 'e'])\"", \""DataFrame({'b': [0.025926231827891333, 0.2046486340378425], 'e': [0.42036780208748903, 0.26682727510286663]})\"", \""<Execution Error: name 'df' is not defined>\""]]""}"
"DS1000","hallucinated","DS0069","","","","{""error_type"": ""ValueError"", ""error_message"": ""operands could not be broadcast together with shapes (4,) (5,) "", ""line_no"": ""4.0"", ""test_case"": ""[[\""(          a         b         c         d         e\\n0  0.435995  0.025926  0.549662  0.435322  0.420368\\n1  0.330335  0.204649  0.619271  0.299655  0.266827\\n2  0.621134  0.529142  0.134580  0.513578  0.184440\\n3  0.785335  0.853975  0.494237  0.846561  0.079645, ['a', 'b', 'e'])\"", \""DataFrame({'a': [0.43599490214200376, 0.3303348210038741, 0.7853351478166735], 'b': [0.025926231827891333, 0.2046486340378425, 0.8539752926394888], 'e': [0.42036780208748903, 0.26682727510286663, 0.079645477009061]})\"", \""<Execution Error: name 'df' is not defined>\""], [\""(          a         b         c         d         e\\n0  0.374540  0.950714  0.731994  0.598658  0.156019\\n1  0.155995  0.058084  0.866176  0.601115  0.708073\\n2  0.020584  0.969910  0.832443  0.212339  0.181825\\n3  0.183405  0.304242  0.524756  0.431945  0.291229, ['a', 'b', 'e'])\"", \""DataFrame({'a': [0.3745401188473625, 0.15599452033620265, 0.020584494295802447, 0.18340450985343382], 'b': [0.9507143064099162, 0.05808361216819946, 0.9699098521619943, 0.3042422429595377], 'e': [0.15601864044243652, 0.7080725777960455, 0.18182496720710062, 0.2912291401980419]})\"", \""<Execution Error: name 'df' is not defined>\""]]""}"
"DS1000","hallucinated","DS0070","{""type"": ""IndentationError"", ""value"": 5, ""message"": ""expected an indented block after function definition on line 4 (<unknown>, line 5)""}","","","{""error_type"": ""IndentationError"", ""error_message"": ""expected an indented block after function definition on line 4 (<string>, line 5)"", ""line_no"": ""4.0"", ""test_case"": ""[[\""(          a         b         c         d         e\\n0  0.435995  0.025926  0.549662  0.435322  0.420368\\n1  0.330335  0.204649  0.619271  0.299655  0.266827\\n2  0.621134  0.529142  0.134580  0.513578  0.184440\\n3  0.785335  0.853975  0.494237  0.846561  0.079645, ['b', 'e'])\"", \""array([[0.025926231827891333, 0.42036780208748903], [0.2046486340378425, 0.26682727510286663]])\"", \""<Execution Error: name 'df' is not defined>\""]]""}"
"DS1000","hallucinated","DS0071","{""type"": ""IndentationError"", ""value"": 5, ""message"": ""expected an indented block after function definition on line 4 (<unknown>, line 5)""}","","","{""error_type"": ""IndentationError"", ""error_message"": ""expected an indented block after function definition on line 4 (<string>, line 5)"", ""line_no"": ""4.0"", ""test_case"": ""[[\""(          a         b         c         d         e\\n0  0.374540  0.950714  0.731994  0.598658  0.156019\\n1  0.155995  0.058084  0.866176  0.601115  0.708073\\n2  0.020584  0.969910  0.832443  0.212339  0.181825\\n3  0.183405  0.304242  0.524756  0.431945  0.291229, ['b', 'e'])\"", \""DataFrame({'b': [0.9507143064099162, 0.05808361216819946, 0.9699098521619943, 0.3042422429595377], 'e': [0.15601864044243652, 0.7080725777960455, 0.18182496720710062, 0.2912291401980419], 'sum': [1.1067329468523526, 0.766156189964245, 1.151734819369095, 0.5954713831575796]})\"", \""<Execution Error: name 'df' is not defined>\""]]""}"
"DS1000","hallucinated","DS0072","{""type"": ""IndentationError"", ""value"": 5, ""message"": ""expected an indented block after function definition on line 4 (<unknown>, line 5)""}","","","{""error_type"": ""IndentationError"", ""error_message"": ""expected an indented block after function definition on line 4 (<string>, line 5)"", ""line_no"": ""4.0"", ""test_case"": ""[[\""(          a         b         c         d         e\\n0  0.374540  0.950714  0.731994  0.598658  0.156019\\n1  0.155995  0.058084  0.866176  0.601115  0.708073\\n2  0.020584  0.969910  0.832443  0.212339  0.181825\\n3  0.183405  0.304242  0.524756  0.431945  0.291229, ['b', 'e'])\"", \""DataFrame({'b': [0.9507143064099162, 0.05808361216819946, 0.9699098521619943, 0.3042422429595377], 'e': [0.15601864044243652, 0.7080725777960455, 0.18182496720710062, 0.2912291401980419]})\"", \""<Execution Error: name 'df' is not defined>\""]]""}"
"DS1000","hallucinated","DS0073","","","","{""error_type"": ""TypeError"", ""error_message"": ""unsupported operand type(s) for -: 'str' and 'str'"", ""line_no"": ""4.0"", ""test_case"": ""[[\""(   ID      date   close\\n0   1  09/15/07  123.45\\n1   2  06/01/08  130.13\\n2   3  10/25/08  132.01\\n3   4    1/14/9  118.34\\n4   5  05/13/09  514.14\\n5   6  11/07/09  145.99\\n6   7  11/15/09  146.73\\n7   8  07/03/11  171.10, 120)\"", \""DataFrame({'ID': [1, 2, 3, 5, 6, 8], 'date': ['09/15/07', '06/01/08', '10/25/08', '05/13/09', '11/07/09', '07/03/11'], 'close': [123.45, 130.13, 132.01, 514.14, 145.99, 171.1]})\"", \""<Execution Error: name 'df' is not defined>\""]]""}"
"DS1000","hallucinated","DS0074","","","","{""error_type"": ""AttributeError"", ""error_message"": ""Can only use .dt accessor with datetimelike values"", ""line_no"": ""4.0"", ""test_case"": ""[[\""(   ID      date   close\\n0   1  09/15/07  123.45\\n1   2  06/01/08  130.13\\n2   3  10/25/08  132.01\\n3   4    1/14/9  118.34\\n4   5  05/13/09  514.14\\n5   6  11/07/09  145.99\\n6   7  11/15/09  146.73\\n7   8  07/03/11  171.10, 17)\"", \""DataFrame({'ID': [1, 2, 3, 5, 6, 8], 'date': ['09/15/07', '06/01/08', '10/25/08', '05/13/09', '11/07/09', '07/03/11'], 'close': [123.45, 130.13, 132.01, 514.14, 145.99, 171.1]})\"", \""<Execution Error: name 'df' is not defined>\""]]""}"
"DS1000","hallucinated","DS0075","","","[{'type': 'type_error', 'function': 'Timedelta', 'invalid_arg': 'weeks', 'line': 20}]","{""error_type"": ""AttributeError"", ""error_message"": ""'DataFrame' object has no attribute 'append'"", ""line_no"": ""26.0"", ""test_case"": ""[[\""(   ID       date   close\\n0   1 2007-09-15  123.45\\n1   2 2008-06-01  130.13\\n2   3 2008-10-25  132.01\\n3   4 2009-01-14  118.34\\n4   5 2009-05-13  514.14\\n5   6 2009-11-07  145.99\\n6   7 2009-11-15  146.73\\n7   8 2011-07-03  171.10, 17)\"", \""DataFrame({'ID': [1, 2, 3, 5, 6, 8], 'date': ['15-Sep-2007', '01-Jun-2008', '25-Oct-2008', '13-May-2009', '07-Nov-2009', '03-Jul-2011'], 'close': [123.45, 130.13, 132.01, 514.14, 145.99, 171.1]})\"", \""<Execution Error: 'DataFrame' object has no attribute 'append'>\""]]""}"
"DS1000","passed","DS0076","","","",""
"DS1000","passed","DS0077","","","",""
"DS1000","passed","DS0078","","","",""
"DS1000","hallucinated","DS0079","","","","{""error_type"": ""AssertionError"", ""error_message"": """", ""line_no"": """", ""test_case"": ""[[\""DataFrame({'col1': [2, 1, 3, 1, 0]})\"", \""DataFrame({'col1': [1.5, 1.3333333333333333]})\"", \""<Execution Error: name 'df' is not defined>\""], [\""DataFrame({'col1': [1, 9, 2, 6, 8]})\"", \""DataFrame({'col1': [5.0, 5.333333333333333]})\"", \""<Execution Error: name 'df' is not defined>\""]]""}"
"DS1000","hallucinated","DS0080","","","","{""error_type"": ""AssertionError"", ""error_message"": """", ""line_no"": """", ""test_case"": ""[[\""DataFrame({'col1': [2, 1, 3, 1, 0, 2, 1, 3, 1]})\"", \""DataFrame({'col1': [6.0, 0.5, 6.0, 1.0]})\"", \""<Execution Error: name 'df' is not defined>\""], [\""DataFrame({'col1': [1, 9, 2, 6, 0, 8, 1, 7, 1]})\"", \""DataFrame({'col1': [12.0, 3.0, 16.0, 1.0]})\"", \""<Execution Error: name 'df' is not defined>\""]]""}"
"DS1000","hallucinated","DS0081","","","","{""error_type"": ""AssertionError"", ""error_message"": """", ""line_no"": """", ""test_case"": ""[[\""DataFrame({'col1': [2, 1, 3, 1, 0, 2, 1, 3, 1]})\"", \""DataFrame({'col1': [5.0, 1.0, 5.0, 2.0]})\"", \""<Execution Error: name 'df' is not defined>\""], [\""DataFrame({'col1': [1, 9, 2, 6, 0, 8, 1, 7, 1]})\"", \""DataFrame({'col1': [9.0, 4.0, 17.0, 1.0]})\"", \""<Execution Error: name 'df' is not defined>\""]]""}"
"DS1000","hallucinated","DS0082","","","","{""error_type"": ""TypeError"", ""error_message"": ""NDFrame.replace() got an unexpected keyword argument 'method'"", ""line_no"": """", ""test_case"": """"}"
"DS1000","hallucinated","DS0083","","","","{""error_type"": ""TypeError"", ""error_message"": ""NDFrame.replace() got an unexpected keyword argument 'method'"", ""line_no"": """", ""test_case"": """"}"
"DS1000","hallucinated","DS0084","","","","{""error_type"": ""TypeError"", ""error_message"": ""NDFrame.replace() got an unexpected keyword argument 'method'"", ""line_no"": """", ""test_case"": """"}"
"DS1000","hallucinated","DS0085","","","","{""error_type"": ""AttributeError"", ""error_message"": ""'DataFrame' object has no attribute 'str'"", ""line_no"": ""11.0"", ""test_case"": ""[[\""DataFrame({'duration': ['7 year', '2day', '4 week', '8 month'], 'number': [7, 2, 4, 8]})\"", \""DataFrame({'duration': ['7 year', '2day', '4 week', '8 month'], 'number': ['7', '2', '4', '8'], 'time': [365, 'day', 'week', 'month'], 'time_days': [365, 1, 7, 30]})\"", \""<Execution Error: 'DataFrame' object has no attribute 'str'>\""], [\""DataFrame({'duration': ['2 year', '6day', '8 week', '7 month'], 'number': [2, 6, 8, 7]})\"", \""DataFrame({'duration': ['2 year', '6day', '8 week', '7 month'], 'number': ['2', '6', '8', '7'], 'time': [365, 'day', 'week', 'month'], 'time_days': [365, 1, 7, 30]})\"", \""<Execution Error: 'DataFrame' object has no attribute 'str'>\""]]""}"
"DS1000","hallucinated","DS0086","","","","{""error_type"": ""AssertionError"", ""error_message"": """", ""line_no"": """", ""test_case"": ""[[\""DataFrame({'duration': ['year 7', 'day2', 'week 4', 'month 8'], 'number': ['7', '2', '4', '8'], 'time': ['year', 'day2', 'week', 'month'], 'time_day': [365.0, nan, 7.0, 30.0]})\"", \""DataFrame({'duration': ['year 7', 'day2', 'week 4', 'month 8'], 'time': [365, 'day', 'week', 'month'], 'number': ['7', '2', '4', '8'], 'time_days': [365, 1, 7, 30]})\"", \""DataFrame({'duration': ['year 7', 'day2', 'week 4', 'month 8'], 'number': ['7', '2', '4', '8'], 'time': ['year', 'day2', 'week', 'month'], 'time_day': [365.0, nan, 7.0, 30.0]})\""], [\""DataFrame({'duration': ['year 2', 'day6', 'week 8', 'month 7'], 'number': ['2', '6', '8', '7'], 'time': ['year', 'day6', 'week', 'month'], 'time_day': [365.0, nan, 7.0, 30.0]})\"", \""DataFrame({'duration': ['year 2', 'day6', 'week 8', 'month 7'], 'time': [365, 'day', 'week', 'month'], 'number': ['2', '6', '8', '7'], 'time_days': [365, 1, 7, 30]})\"", \""DataFrame({'duration': ['year 2', 'day6', 'week 8', 'month 7'], 'number': ['2', '6', '8', '7'], 'time': ['year', 'day6', 'week', 'month'], 'time_day': [365.0, nan, 7.0, 30.0]})\""]]""}"
"DS1000","hallucinated","DS0087","{""type"": ""IndentationError"", ""value"": 5, ""message"": ""expected an indented block after function definition on line 4 (<unknown>, line 5)""}","","","{""error_type"": ""IndentationError"", ""error_message"": ""expected an indented block after function definition on line 4 (<string>, line 5)"", ""line_no"": ""1.0"", ""test_case"": ""[[\""DataFrame({'duration': ['7 year', '2day', '4 week', '8 month']})\"", \""DataFrame({'duration': ['7 year', '2day', '4 week', '8 month'], 'number': ['7', '2', '4', '8'], 'time': [365, 'day', 'week', 'month'], 'time_days': [365, 1, 7, 30]})\"", \""<Execution Error: 'DataFrame' object has no attribute 'str'>\""], [\""DataFrame({'duration': ['2 year', '6day', '8 week', '7 month']})\"", \""DataFrame({'duration': ['2 year', '6day', '8 week', '7 month'], 'number': ['2', '6', '8', '7'], 'time': [365, 'day', 'week', 'month'], 'time_days': [365, 1, 7, 30]})\"", \""<Execution Error: 'DataFrame' object has no attribute 'str'>\""]]""}"
"DS1000","hallucinated","DS0088","","","","{""error_type"": ""TypeError"", ""error_message"": ""Invalid value '7' for dtype 'str'. Value should be a string or missing value, got 'int' instead."", ""line_no"": ""11.0"", ""test_case"": """"}"
"DS1000","passed","DS0089","","","",""
"DS1000","hallucinated","DS0090","","","","{""error_type"": ""AssertionError"", ""error_message"": """", ""line_no"": """", ""test_case"": ""[[\""(   A  B  C  D  E  F Postset\\n0  1  2  3  4  5  6     yes\\n1  1  2  3  4  5  6      no\\n2  1  2  3  4  5  6     yes,    A  B  C  D  E  F Preset\\n0  1  2  3  4  5  6    yes\\n1  1  2  3  4  5  4    yes\\n2  1  2  3  4  5  6    yes, ['A', 'B', 'C', 'D', 'E', 'F'])\"", \""array([True, True, True])\"", \""<Execution Error: name 'np' is not defined>\""]]""}"
"DS1000","hallucinated","DS0091","","","","{""error_type"": ""AssertionError"", ""error_message"": """", ""line_no"": """", ""test_case"": ""[[\""DataFrame({'x': [100, 90, 80], 'y': [7, 8, 9]})\"", \""DataFrame({'x': [100, 90, 80], 'y': [7, 8, 9]})\"", \""<Execution Error: name 'df' is not defined>\""]]""}"
"DS1000","hallucinated","DS0092","","","","{""error_type"": ""AssertionError"", ""error_message"": """", ""line_no"": """", ""test_case"": ""[[\""DataFrame({'fee': [100, 90, 80], 'credits': [7, 8, 9]})\"", \""DataFrame({'fee': [100, 90, 80], 'credits': [7, 8, 9]})\"", \""<Execution Error: name 'df' is not defined>\""]]""}"
"DS1000","hallucinated","DS0093","{""type"": ""IndentationError"", ""value"": 5, ""message"": ""expected an indented block after function definition on line 4 (<unknown>, line 5)""}","","","{""error_type"": ""IndentationError"", ""error_message"": ""expected an indented block after function definition on line 4 (<string>, line 5)"", ""line_no"": ""1.0"", ""test_case"": ""[[\""DataFrame({'x': [100, 90, 80], 'y': [7, 8, 9]})\"", \""array([[Timestamp('1994-03-01 00:00:00'), 100, 7], [Timestamp('1994-09-01 00:00:00'), 90, 8], [Timestamp('1995-03-01 00:00:00'), 80, 9]])\"", \""<Execution Error: Length of values (2) does not match length of index (3)>\""]]""}"
"DS1000","hallucinated","DS0094","{""type"": ""IndentationError"", ""value"": 5, ""message"": ""expected an indented block after function definition on line 4 (<unknown>, line 5)""}","","","{""error_type"": ""IndentationError"", ""error_message"": ""expected an indented block after function definition on line 4 (<string>, line 5)"", ""line_no"": ""4.0"", ""test_case"": ""[[\""DataFrame({'x': [100, 90, 80], 'y': [7, 8, 9]})\"", \""DataFrame({'x': [100, 90, 80], 'y': [7, 8, 9]})\"", \""<Execution Error: name 'pd' is not defined>\""]]""}"
"DS1000","hallucinated","DS0095","","","","{""error_type"": ""KeyError"", ""error_message"": ""\""The following id_vars or value_vars are not present in the DataFrame: ['Variable 2000', 'Variable 2001', 'Variable 2002', 'Variable 2003', 'Variable 2004', 'Variable 2005']\"""", ""line_no"": ""4.0"", ""test_case"": ""[[\""DataFrame({'Country': ['Argentina', 'Argentina', 'Brazil', 'Brazil'], 'Variable': ['var1', 'var2', 'var1', 'var2'], '2000': [12, 1, 20, 0], '2001': [15, 3, 23, 1], '2002': [18, 2, 25, 2], '2003': [17, 5, 29, 2], '2004': [23, 7, 31, 3], '2005': [29, 5, 32, 3]})\"", \""DataFrame({'Country': ['Argentina', 'Argentina', 'Argentina', 'Argentina', 'Argentina', 'Argentina', 'Brazil', 'Brazil', 'Brazil', 'Brazil', 'Brazil', 'Brazil'], 'year': ['2000', '2001', '2002', '2003', '2004', '2005', '2000', '2001', '2002', '2003', '2004', '2005'], 'var1': [12, 15, 18, 17, 23, 29, 20, 23, 25, 29, 31, 32], 'var2': [1, 3, 2, 5, 7, 5, 0, 1, 2, 2, 3, 3]})\"", \""<Execution Error: name 'df' is not defined>\""]]""}"
"DS1000","hallucinated","DS0096","","","","{""error_type"": ""KeyError"", ""error_message"": ""\""The following id_vars or value_vars are not present in the DataFrame: ['Variable 2000', 'Variable 2001', 'Variable 2002', 'Variable 2003', 'Variable 2004', 'Variable 2005']\"""", ""line_no"": ""4.0"", ""test_case"": ""[[\""DataFrame({'Country': ['Argentina', 'Argentina', 'Brazil', 'Brazil'], 'Variable': ['var1', 'var2', 'var1', 'var2'], '2000': [12, 1, 20, 0], '2001': [15, 3, 23, 1], '2002': [18, 2, 25, 2], '2003': [17, 5, 29, 2], '2004': [23, 7, 31, 3], '2005': [29, 5, 32, 3]})\"", \""DataFrame({'Country': ['Argentina', 'Argentina', 'Argentina', 'Argentina', 'Argentina', 'Argentina', 'Brazil', 'Brazil', 'Brazil', 'Brazil', 'Brazil', 'Brazil'], 'year': ['2005', '2004', '2003', '2002', '2001', '2000', '2005', '2004', '2003', '2002', '2001', '2000'], 'var1': [29, 23, 17, 18, 15, 12, 32, 31, 29, 25, 23, 20], 'var2': [5, 7, 5, 2, 3, 1, 3, 3, 2, 2, 1, 0]})\"", \""<Execution Error: name 'df' is not defined>\""], [\""DataFrame({'Country': ['Argentina', 'Argentina', 'Brazil', 'Brazil'], 'Variable': ['var1', 'var2', 'var1', 'var2'], '2000': [12, 1, 20, 0], '2001': [15, 1, 23, 1], '2002': [18, 4, 25, 2], '2003': [17, 5, 29, 2], '2004': [23, 1, 31, 3], '2005': [29, 4, 32, 3]})\"", \""DataFrame({'Country': ['Argentina', 'Argentina', 'Argentina', 'Argentina', 'Argentina', 'Argentina', 'Brazil', 'Brazil', 'Brazil', 'Brazil', 'Brazil', 'Brazil'], 'year': ['2005', '2004', '2003', '2002', '2001', '2000', '2005', '2004', '2003', '2002', '2001', '2000'], 'var1': [29, 23, 17, 18, 15, 12, 32, 31, 29, 25, 23, 20], 'var2': [4, 1, 5, 4, 1, 1, 3, 3, 2, 2, 1, 0]})\"", \""<Execution Error: name 'df' is not defined>\""]]""}"
"DS1000","hallucinated","DS0097","","","","{""error_type"": ""AssertionError"", ""error_message"": """", ""line_no"": """", ""test_case"": ""[[\""DataFrame({'A_Name': ['AA', 'BB', 'CC', 'DD', 'EE', 'FF', 'GG'], 'B_Detail': ['X1', 'Y1', 'Z1', 'L1', 'M1', 'N1', 'K1'], 'Value_B': [1.2, 0.76, 0.7, 0.9, 1.3, 0.7, -2.4], 'Value_C': [0.5, -0.7, -1.3, -0.5, 1.8, -0.8, -1.9], 'Value_D': [-1.3, 0.8, 2.5, 0.4, -1.3, 0.9, 2.1]})\"", \""DataFrame({'A_Name': ['BB', 'DD', 'FF'], 'B_Detail': ['Y1', 'L1', 'N1'], 'Value_B': [0.76, 0.9, 0.7], 'Value_C': [-0.7, -0.5, -0.8], 'Value_D': [0.8, 0.4, 0.9]})\"", \""<Execution Error: name 'df' is not defined>\""], [\""DataFrame({'A_Name': ['AA', 'BB', 'CC', 'DD', 'EE', 'FF', 'GG'], 'B_Detail': ['X1', 'Y1', 'Z1', 'L1', 'M1', 'N1', 'K1'], 'Value_B': [1.2, 0.76, 0.7, 0.9, 1.3, 0.7, -2.4], 'Value_C': [0.5, -0.7, -1.3, -0.5, 1.8, -0.8, -1.9], 'Value_D': [-1.3, 0.8, 2.5, 0.4, -1.3, 0.9, 2.1], 'Value_E': [1.0, 1.0, 4.0, -5.0, -1.0, -4.0, 2.1], 'Value_F': [-1.9, 2.6, 0.8, 1.7, -1.3, 0.9, 2.1]})\"", \""DataFrame({'A_Name': [], 'B_Detail': [], 'Value_B': [], 'Value_C': [], 'Value_D': [], 'Value_E': [], 'Value_F': []})\"", \""<Execution Error: name 'df' is not defined>\""]]""}"
"DS1000","hallucinated","DS0098","","","","{""error_type"": ""AssertionError"", ""error_message"": """", ""line_no"": """", ""test_case"": ""[[\""DataFrame({'A_Name': ['AA', 'BB', 'CC', 'DD', 'EE', 'FF', 'GG'], 'B_Detail': ['X1', 'Y1', 'Z1', 'L1', 'M1', 'N1', 'K1'], 'Value_B': [1.2, 0.76, 0.7, 0.9, 1.3, 0.7, -2.4], 'Value_C': [0.5, -0.7, -1.3, -0.5, 1.8, -0.8, -1.9], 'Value_D': [-1.3, 0.8, 2.5, 0.4, -1.3, 0.9, 2.1]})\"", \""DataFrame({'A_Name': ['AA', 'CC', 'EE', 'GG'], 'B_Detail': ['X1', 'Z1', 'M1', 'K1'], 'Value_B': [1.2, 0.7, 1.3, -2.4], 'Value_C': [0.5, -1.3, 1.8, -1.9], 'Value_D': [-1.3, 2.5, -1.3, 2.1]})\"", \""<Execution Error: name 'df' is not defined>\""], [\""DataFrame({'A_Name': ['AA', 'BB', 'CC', 'DD', 'EE', 'FF', 'GG'], 'B_Detail': ['X1', 'Y1', 'Z1', 'L1', 'M1', 'N1', 'K1'], 'Value_B': [1.2, 0.76, 0.7, 0.9, 1.3, 0.7, -2.4], 'Value_C': [0.5, -0.7, -1.3, -0.5, 1.8, -0.8, -1.9], 'Value_D': [-1.3, 0.8, 2.5, 0.4, -1.3, 0.9, 2.1], 'Value_E': [1.0, 1.0, 4.0, -5.0, -1.0, -4.0, 2.1], 'Value_F': [-1.9, 2.6, 0.8, 1.7, -1.3, 0.9, 2.1]})\"", \""DataFrame({'A_Name': ['AA', 'BB', 'CC', 'DD', 'EE', 'FF', 'GG'], 'B_Detail': ['X1', 'Y1', 'Z1', 'L1', 'M1', 'N1', 'K1'], 'Value_B': [1.2, 0.76, 0.7, 0.9, 1.3, 0.7, -2.4], 'Value_C': [0.5, -0.7, -1.3, -0.5, 1.8, -0.8, -1.9], 'Value_D': [-1.3, 0.8, 2.5, 0.4, -1.3, 0.9, 2.1], 'Value_E': [1.0, 1.0, 4.0, -5.0, -1.0, -4.0, 2.1], 'Value_F': [-1.9, 2.6, 0.8, 1.7, -1.3, 0.9, 2.1]})\"", \""<Execution Error: name 'df' is not defined>\""]]""}"
"DS1000","hallucinated","DS0099","{""type"": ""SyntaxError"", ""value"": 5, ""message"": ""closing parenthesis ']' does not match opening parenthesis '(' (<unknown>, line 5)""}","","","{""error_type"": ""SyntaxError"", ""error_message"": ""closing parenthesis ']' does not match opening parenthesis '(' (<string>, line 5)"", ""line_no"": ""4.0"", ""test_case"": ""[[\""DataFrame({'A_Name': ['AA', 'BB', 'CC', 'DD', 'EE', 'FF', 'GG'], 'B_Detail': ['X1', 'Y1', 'Z1', 'L1', 'M1', 'N1', 'K1'], 'Value_B': [1.2, 0.76, 0.7, 0.9, 1.3, 0.7, -2.4], 'Value_C': [0.5, -0.7, -1.3, -0.5, 1.8, -0.8, -1.9], 'Value_D': [-1.3, 0.8, 2.5, 0.4, -1.3, 0.9, 2.1]})\"", \""DataFrame({'A_Name': ['AA', 'CC', 'EE', 'GG'], 'B_Detail': ['X1', 'Z1', 'M1', 'K1'], 'B': [1.2, 0.7, 1.3, -2.4], 'C': [0.5, -1.3, 1.8, -1.9], 'D': [-1.3, 2.5, -1.3, 2.1]})\"", \""<Execution Error: closing parenthesis ']' does not match opening parenthesis '(' (<string>, line 1)>\""], [\""DataFrame({'A_Name': ['AA', 'BB', 'CC', 'DD', 'EE', 'FF', 'GG'], 'B_Detail': ['X1', 'Y1', 'Z1', 'L1', 'M1', 'N1', 'K1'], 'Value_B': [1.2, 0.76, 0.7, 0.9, 1.3, 0.7, -2.4], 'Value_C': [0.5, -0.7, -1.3, -0.5, 1.8, -0.8, -1.9], 'Value_D': [-1.3, 0.8, 2.5, 0.4, -1.3, 0.9, 2.1], 'Value_E': [1.0, 1.0, 4.0, -5.0, -1.0, -4.0, 2.1], 'Value_F': [-1.9, 2.6, 0.8, 1.7, -1.3, 0.9, 2.1]})\"", \""DataFrame({'A_Name': ['AA', 'BB', 'CC', 'DD', 'EE', 'FF', 'GG'], 'B_Detail': ['X1', 'Y1', 'Z1', 'L1', 'M1', 'N1', 'K1'], 'B': [1.2, 0.76, 0.7, 0.9, 1.3, 0.7, -2.4], 'C': [0.5, -0.7, -1.3, -0.5, 1.8, -0.8, -1.9], 'D': [-1.3, 0.8, 2.5, 0.4, -1.3, 0.9, 2.1], 'E': [1.0, 1.0, 4.0, -5.0, -1.0, -4.0, 2.1], 'F': [-1.9, 2.6, 0.8, 1.7, -1.3, 0.9, 2.1]})\"", \""<Execution Error: closing parenthesis ']' does not match opening parenthesis '(' (<string>, line 1)>\""]]""}"
"DS1000","hallucinated","DS0100","","","","{""error_type"": ""AssertionError"", ""error_message"": """", ""line_no"": """", ""test_case"": ""[[\""DataFrame({'A': ['Good &AMP; bad', 'BB', 'CC', 'DD', 'Good &AMP; bad'], 'B': [0, 1, 2, 3, 4], 'C': ['Good &AMP; bad', 'Good &AMP; bad', 'Good &AMP; bad', 'Good &AMP; bad', 'Good &AMP; bad']})\"", \""DataFrame({'A': ['Good & bad', 'BB', 'CC', 'DD', 'Good & bad'], 'B': [0, 1, 2, 3, 4], 'C': ['Good & bad', 'Good & bad', 'Good & bad', 'Good & bad', 'Good & bad']})\"", \""<Execution Error: name 'df' is not defined>\""]]""}"
"DS1000","hallucinated","DS0101","","","","{""error_type"": ""AssertionError"", ""error_message"": """", ""line_no"": """", ""test_case"": ""[[\""DataFrame({'A': ['Good &LT; bad', 'BB', 'CC', 'DD', 'Good &LT; bad'], 'B': [0, 1, 2, 3, 4], 'C': ['Good &LT; bad', 'Good &LT; bad', 'Good &LT; bad', 'Good &LT; bad', 'Good &LT; bad']})\"", \""DataFrame({'A': ['Good < bad', 'BB', 'CC', 'DD', 'Good < bad'], 'B': [0, 1, 2, 3, 4], 'C': ['Good < bad', 'Good < bad', 'Good < bad', 'Good < bad', 'Good < bad']})\"", \""<Execution Error: name 'df' is not defined>\""]]""}"
"DS1000","hallucinated","DS0102","{""type"": ""IndentationError"", ""value"": 5, ""message"": ""expected an indented block after function definition on line 4 (<unknown>, line 5)""}","","","{""error_type"": ""IndentationError"", ""error_message"": ""expected an indented block after function definition on line 4 (<string>, line 5)"", ""line_no"": ""4.0"", ""test_case"": ""[[\""DataFrame({'A': ['Good &AMP; bad', 'BB', 'CC', 'DD', 'Good &AMP; bad'], 'B': [0, 1, 2, 3, 4], 'C': ['Good &AMP; bad', 'Good &AMP; bad', 'Good &AMP; bad', 'Good &AMP; bad', 'Good &AMP; bad']})\"", \""DataFrame({'A': ['Good & bad', 'BB', 'CC', 'DD', 'Good & bad'], 'B': [0, 1, 2, 3, 4], 'C': ['Good & bad', 'Good & bad', 'Good & bad', 'Good & bad', 'Good & bad']})\"", \""<Execution Error: name 'df' is not defined>\""]]""}"
"DS1000","hallucinated","DS0103","","","","{""error_type"": ""AssertionError"", ""error_message"": """", ""line_no"": """", ""test_case"": ""[[\""DataFrame({'A': ['Good &AMP; bad', 'BB', 'CC', 'DD', 'Good &LT; bad'], 'B': [0, 1, 2, 3, 4], 'C': ['Good &GT; bad', 'Good &GT; bad', 'Good &GT; bad', 'Good &GT; bad', 'Good &GT; bad']})\"", \""DataFrame({'A': ['Good & bad', 'BB', 'CC', 'DD', 'Good < bad'], 'B': [0, 1, 2, 3, 4], 'C': ['Good > bad', 'Good > bad', 'Good > bad', 'Good > bad', 'Good > bad']})\"", \""<Execution Error: name 'df' is not defined>\""]]""}"
"DS1000","hallucinated","DS0104","","","","{""error_type"": ""AssertionError"", ""error_message"": """", ""line_no"": """", ""test_case"": ""[[\""DataFrame({'A': ['1 &AMP; 1', 'BB', 'CC', 'DD', '1 &AMP; 0'], 'B': [0, 1, 2, 3, 4], 'C': ['0 &AMP; 0', '0 &AMP; 0', '0 &AMP; 0', '0 &AMP; 0', '0 &AMP; 0']})\"", \""DataFrame({'A': ['1 & 1 = 1', 'BB', 'CC', 'DD', '1 & 0 = 0'], 'B': [0, 1, 2, 3, 4], 'C': ['0 & 0 = 0', '0 & 0 = 0', '0 & 0 = 0', '0 & 0 = 0', '0 & 0 = 0']})\"", \""<Execution Error: name 'df' is not defined>\""]]""}"
"DS1000","hallucinated","DS0105","","","","{""error_type"": ""NameError"", ""error_message"": ""name 'name_df' is not defined"", ""line_no"": ""4.0"", ""test_case"": ""[[\""DataFrame({'name': ['Jack Fine', 'Kim Q. Danger', 'Jane Smith', 'Zhongli']})\"", \""DataFrame({'first_name': ['Jack', 'Kim Q. Danger', 'Jane', 'Zhongli'], 'last_name': ['Fine', nan, 'Smith', nan]})\"", \""<Execution Error: name 'name_df' is not defined>\""]]""}"
"DS1000","hallucinated","DS0106","","","","{""error_type"": ""NameError"", ""error_message"": ""name 'name_df' is not defined"", ""line_no"": ""4.0"", ""test_case"": ""[[\""DataFrame({'name': ['Jack Fine', 'Kim Q. Danger', 'Jane Smith', 'Zhongli']})\"", \""DataFrame({'1_name': ['Jack', 'Kim Q. Danger', 'Jane', 'Zhongli'], '2_name': ['Fine', nan, 'Smith', nan]})\"", \""<Execution Error: name 'name_df' is not defined>\""]]""}"
"DS1000","hallucinated","DS0107","","","","{""error_type"": ""NameError"", ""error_message"": ""name 'name_df' is not defined"", ""line_no"": ""4.0"", ""test_case"": ""[[\""DataFrame({'name': ['Jack Fine', 'Kim Q. Danger', 'Jane 114 514 Smith', 'Zhongli']})\"", \""DataFrame({'first name': ['Jack', 'Kim', 'Jane', 'Zhongli'], 'middle_name': [nan, 'Q.', '114 514', nan], 'last_name': ['Fine', 'Danger', 'Smith', nan]})\"", \""<Execution Error: name 'name_df' is not defined>\""]]""}"
"DS1000","hallucinated","DS0108","","","","{""error_type"": ""AssertionError"", ""error_message"": """", ""line_no"": """", ""test_case"": ""[[\""(            Timestamp  data\\n0 2019-04-02 11:00:01   111\\n1 2019-04-02 11:00:15   222\\n2 2019-04-02 11:00:29   333\\n3 2019-04-02 11:00:30   444,             Timestamp  stuff\\n0 2019-04-02 11:00:14    101\\n1 2019-04-02 11:00:15    202\\n2 2019-04-02 11:00:16    303\\n3 2019-04-02 11:00:30    404\\n4 2019-04-02 11:00:31    505)\"", \""DataFrame({'Timestamp': [Timestamp('2019-04-02 11:00:14'), Timestamp('2019-04-02 11:00:15'), Timestamp('2019-04-02 11:00:16'), Timestamp('2019-04-02 11:00:30'), Timestamp('2019-04-02 11:00:31')], 'stuff': [101, 202, 303, 404, 505], 'data': [222.0, 222.0, 333.0, 444.0, nan]})\"", \""<Execution Error: name 'df2' is not defined>\""], [\""(            Timestamp  data\\n0 2019-04-02 11:00:01   101\\n1 2019-04-02 11:00:15   202\\n2 2019-04-02 11:00:29   303\\n3 2019-04-02 11:00:30   404,             Timestamp  stuff\\n0 2019-04-02 11:00:14    111\\n1 2019-04-02 11:00:15    222\\n2 2019-04-02 11:00:16    333\\n3 2019-04-02 11:00:30    444\\n4 2019-04-02 11:00:31    555)\"", \""DataFrame({'Timestamp': [Timestamp('2019-04-02 11:00:14'), Timestamp('2019-04-02 11:00:15'), Timestamp('2019-04-02 11:00:16'), Timestamp('2019-04-02 11:00:30'), Timestamp('2019-04-02 11:00:31')], 'stuff': [111, 222, 333, 444, 555], 'data': [202.0, 202.0, 303.0, 404.0, nan]})\"", \""<Execution Error: name 'df2' is not defined>\""]]""}"
"DS1000","hallucinated","DS0109","","","","{""error_type"": ""AssertionError"", ""error_message"": """", ""line_no"": """", ""test_case"": ""[[\""(            Timestamp  data\\n0 2019-04-02 11:00:01   111\\n1 2019-04-02 11:00:15   222\\n2 2019-04-02 11:00:29   333\\n3 2019-04-02 11:00:30   444,             Timestamp  stuff\\n0 2019-04-02 11:00:14    101\\n1 2019-04-02 11:00:15    202\\n2 2019-04-02 11:00:16    303\\n3 2019-04-02 11:00:30    404\\n4 2019-04-02 11:00:31    505)\"", \""DataFrame({'Timestamp': [Timestamp('2019-04-02 11:00:01'), Timestamp('2019-04-02 11:00:15'), Timestamp('2019-04-02 11:00:29'), Timestamp('2019-04-02 11:00:30')], 'data': [111, 222, 333, 444], 'stuff': [101, 202, 404, 404]})\"", \""<Execution Error: name 'df1' is not defined>\""], [\""(            Timestamp  data\\n0 2019-04-02 11:00:01   101\\n1 2019-04-02 11:00:15   202\\n2 2019-04-02 11:00:29   303\\n3 2019-04-02 11:00:30   404,             Timestamp  stuff\\n0 2019-04-02 11:00:14    111\\n1 2019-04-02 11:00:15    222\\n2 2019-04-02 11:00:16    333\\n3 2019-04-02 11:00:30    444\\n4 2019-04-02 11:00:31    555)\"", \""DataFrame({'Timestamp': [Timestamp('2019-04-02 11:00:01'), Timestamp('2019-04-02 11:00:15'), Timestamp('2019-04-02 11:00:29'), Timestamp('2019-04-02 11:00:30')], 'data': [101, 202, 303, 404], 'stuff': [111, 222, 444, 444]})\"", \""<Execution Error: name 'df1' is not defined>\""]]""}"
"DS1000","hallucinated","DS0110","","","","{""error_type"": ""NameError"", ""error_message"": ""name 'result' is not defined"", ""line_no"": ""3.0"", ""test_case"": ""[[\""DataFrame({'datetime': [Timestamp('2021-04-10 01:00:00'), Timestamp('2021-04-10 02:00:00'), Timestamp('2021-04-10 03:00:00'), Timestamp('2021-04-10 04:00:00'), Timestamp('2021-04-10 05:00:00')], 'col1': [25, 25, 25, 50, 100], 'col2': [50, 50, 100, 50, 100], 'col3': [50, 50, 50, 100, 100]})\"", \""DataFrame({'datetime': [Timestamp('2021-04-10 01:00:00'), Timestamp('2021-04-10 02:00:00'), Timestamp('2021-04-10 03:00:00'), Timestamp('2021-04-10 04:00:00'), Timestamp('2021-04-10 05:00:00')], 'col1': [25, 25, 25, 50, 100], 'col2': [50, 50, 100, 50, 100], 'col3': [50, 50, 50, 100, 100], 'state': [25, 25, 100, 100, 100]})\"", \""<Execution Error: name 'df' is not defined>\""], [\""DataFrame({'datetime': [Timestamp('2021-04-10 01:00:00'), Timestamp('2021-04-10 02:00:00'), Timestamp('2021-04-10 03:00:00'), Timestamp('2021-04-10 04:00:00'), Timestamp('2021-04-10 05:00:00')], 'col1': [50, 25, 25, 50, 100], 'col2': [50, 50, 10, 50, 100], 'col3': [50, 50, 13, 100, 100]})\"", \""DataFrame({'datetime': [Timestamp('2021-04-10 01:00:00'), Timestamp('2021-04-10 02:00:00'), Timestamp('2021-04-10 03:00:00'), Timestamp('2021-04-10 04:00:00'), Timestamp('2021-04-10 05:00:00')], 'col1': [50, 25, 25, 50, 100], 'col2': [50, 50, 10, 50, 100], 'col3': [50, 50, 13, 100, 100], 'state': [50, 25, 25, 100, 100]})\"", \""<Execution Error: name 'df' is not defined>\""]]""}"
"DS1000","hallucinated","DS0111","","","","{""error_type"": ""NameError"", ""error_message"": ""name 'result' is not defined"", ""line_no"": ""3.0"", ""test_case"": ""[[\""DataFrame({'datetime': [Timestamp('2021-04-10 01:00:00'), Timestamp('2021-04-10 02:00:00'), Timestamp('2021-04-10 03:00:00'), Timestamp('2021-04-10 04:00:00'), Timestamp('2021-04-10 05:00:00')], 'col1': [25, 25, 25, 50, 100], 'col2': [50, 50, 100, 50, 100], 'col3': [50, 50, 50, 100, 100]})\"", \""DataFrame({'datetime': [Timestamp('2021-04-10 01:00:00'), Timestamp('2021-04-10 02:00:00'), Timestamp('2021-04-10 03:00:00'), Timestamp('2021-04-10 04:00:00'), Timestamp('2021-04-10 05:00:00')], 'col1': [25, 25, 25, 50, 100], 'col2': [50, 50, 100, 50, 100], 'col3': [50, 50, 50, 100, 100], 'state': [125, 125, 175, 200, 100]})\"", \""<Execution Error: name 'df' is not defined>\""], [\""DataFrame({'datetime': [Timestamp('2021-04-10 01:00:00'), Timestamp('2021-04-10 02:00:00'), Timestamp('2021-04-10 03:00:00'), Timestamp('2021-04-10 04:00:00'), Timestamp('2021-04-10 05:00:00')], 'col1': [25, 10, 66, 50, 100], 'col2': [50, 13, 100, 50, 100], 'col3': [50, 16, 50, 100, 100]})\"", \""DataFrame({'datetime': [Timestamp('2021-04-10 01:00:00'), Timestamp('2021-04-10 02:00:00'), Timestamp('2021-04-10 03:00:00'), Timestamp('2021-04-10 04:00:00'), Timestamp('2021-04-10 05:00:00')], 'col1': [25, 10, 66, 50, 100], 'col2': [50, 13, 100, 50, 100], 'col3': [50, 16, 50, 100, 100], 'state': [125, 39, 216, 200, 100]})\"", \""<Execution Error: name 'df' is not defined>\""]]""}"
"DS1000","hallucinated","DS0112","","","","{""error_type"": ""AttributeError"", ""error_message"": ""'str' object has no attribute 'is_integer'"", ""line_no"": ""4.0"", ""test_case"": ""[[\""DataFrame({'ID': [1, 2, 3, 4, 5], 'Field1': [1.15, 2, 1, 25, 'and']})\"", \""[1.15, 'and']\"", \""<Execution Error: name 'df' is not defined>\""], [\""DataFrame({'ID': [1, 2, 3, 4, 5], 'Field1': [1, 2, 1, 2.5, 'and']})\"", \""[2.5, 'and']\"", \""<Execution Error: name 'df' is not defined>\""]]""}"
"DS1000","hallucinated","DS0113","","","","{""error_type"": ""AttributeError"", ""error_message"": ""'str' object has no attribute 'is_integer'"", ""line_no"": ""4.0"", ""test_case"": ""[[\""DataFrame({'ID': [1, 2, 3, 4, 5], 'Field1': [1.15, 2, 1, 25, 'and']})\"", \""[2, 1, 25]\"", \""<Execution Error: name 'df' is not defined>\""], [\""DataFrame({'ID': [1, 2, 3, 4, 5], 'Field1': [1, 2, 1, 2.5, 'and']})\"", \""[1, 2, 1]\"", \""<Execution Error: name 'df' is not defined>\""]]""}"
"DS1000","hallucinated","DS0114","{""type"": ""IndentationError"", ""value"": 5, ""message"": ""expected an indented block after function definition on line 4 (<unknown>, line 5)""}","","","{""error_type"": ""IndentationError"", ""error_message"": ""expected an indented block after function definition on line 4 (<string>, line 5)"", ""line_no"": ""4.0"", ""test_case"": ""[[\""DataFrame({'ID': [1, 2, 3, 4, 5], 'Field1': [1.15, 2, 1, 25, 'and']})\"", \""[1.15, 'and']\"", \""<Execution Error: name 'df' is not defined>\""], [\""DataFrame({'ID': [1, 2, 3, 4, 5], 'Field1': [1, 2, 1, 2.5, 'and']})\"", \""[2.5, 'and']\"", \""<Execution Error: name 'df' is not defined>\""]]""}"
"DS1000","hallucinated","DS0115","","","","{""error_type"": ""NameError"", ""error_message"": ""name 'result' is not defined"", ""line_no"": ""4.0"", ""test_case"": ""[[\""DataFrame({'cat': ['A', 'B', 'C'], 'val1': [7, 10, 5], 'val2': [10, 2, 15], 'val3': [0, 1, 6], 'val4': [19, 14, 16]})\"", \""DataFrame({'cat': ['A', 'B', 'C'], 'val1': [0.19444444444444445, 0.37037037037037035, 0.11904761904761904], 'val2': [0.2777777777777778, 0.07407407407407407, 0.35714285714285715], 'val3': [0.0, 0.037037037037037035, 0.14285714285714285], 'val4': [0.5277777777777778, 0.5185185185185185, 0.38095238095238093]})\"", \""<Execution Error: name 'result' is not defined>\""], [\""DataFrame({'cat': ['A', 'B', 'C'], 'val1': [1, 1, 4], 'val2': [10, 2, 15], 'val3': [0, 1, 6], 'val4': [19, 14, 16]})\"", \""DataFrame({'cat': ['A', 'B', 'C'], 'val1': [0.03333333333333333, 0.05555555555555555, 0.0975609756097561], 'val2': [0.3333333333333333, 0.1111111111111111, 0.36585365853658536], 'val3': [0.0, 0.05555555555555555, 0.14634146341463414], 'val4': [0.6333333333333333, 0.7777777777777778, 0.3902439024390244]})\"", \""<Execution Error: name 'result' is not defined>\""]]""}"
"DS1000","hallucinated","DS0116","","","","{""error_type"": ""TypeError"", ""error_message"": ""can only concatenate str (not \""int\"") to str"", ""line_no"": ""4.0"", ""test_case"": ""[[\""DataFrame({'cat': ['A', 'B', 'C'], 'val1': [7, 10, 5], 'val2': [10, 2, 15], 'val3': [0, 1, 6], 'val4': [19, 14, 16]})\"", \""DataFrame({'cat': ['A', 'B', 'C'], 'val1': [0.3181818181818182, 0.45454545454545453, 0.22727272727272727], 'val2': [0.37037037037037035, 0.07407407407407407, 0.5555555555555556], 'val3': [0.0, 0.14285714285714285, 0.8571428571428571], 'val4': [0.3877551020408163, 0.2857142857142857, 0.32653061224489793]})\"", \""<Execution Error: name 'df' is not defined>\""], [\""DataFrame({'cat': ['A', 'B', 'C'], 'val1': [1, 1, 4], 'val2': [10, 2, 15], 'val3': [0, 1, 6], 'val4': [19, 14, 16]})\"", \""DataFrame({'cat': ['A', 'B', 'C'], 'val1': [0.16666666666666666, 0.16666666666666666, 0.6666666666666666], 'val2': [0.37037037037037035, 0.07407407407407407, 0.5555555555555556], 'val3': [0.0, 0.14285714285714285, 0.8571428571428571], 'val4': [0.3877551020408163, 0.2857142857142857, 0.32653061224489793]})\"", \""<Execution Error: name 'df' is not defined>\""]]""}"
"DS1000","hallucinated","DS0117","","","","{""error_type"": ""TypeError"", ""error_message"": ""read_csv() got an unexpected keyword argument 'delim_whitespace'"", ""line_no"": """", ""test_case"": """"}"
"DS1000","hallucinated","DS0118","","","","{""error_type"": ""TypeError"", ""error_message"": ""read_csv() got an unexpected keyword argument 'delim_whitespace'"", ""line_no"": """", ""test_case"": """"}"
"DS1000","hallucinated","DS0119","","","","{""error_type"": ""TypeError"", ""error_message"": ""read_csv() got an unexpected keyword argument 'delim_whitespace'"", ""line_no"": """", ""test_case"": """"}"
"DS1000","hallucinated","DS0120","{""type"": ""IndentationError"", ""value"": 7, ""message"": ""expected an indented block after function definition on line 6 (<unknown>, line 7)""}","","","{""error_type"": ""TypeError"", ""error_message"": ""read_csv() got an unexpected keyword argument 'delim_whitespace'"", ""line_no"": """", ""test_case"": """"}"
"DS1000","hallucinated","DS0121","","","","{""error_type"": ""AssertionError"", ""error_message"": """", ""line_no"": """", ""test_case"": ""[[\""DataFrame({'time': [0, 0, 0, 1, 1, 2, 2], 'x': [216, 218, 217, 280, 290, 130, 132], 'y': [13, 12, 12, 110, 109, 3, 56], 'car': [1, 2, 3, 1, 3, 4, 5]})\"", \""DataFrame({'time': [0, 0, 0, 1, 1, 2, 2], 'car': [1, 2, 3, 1, 3, 4, 5], 'nearest_neighbour': [3, 3, 2, 3, 1, 5, 4], 'euclidean_distance': [1.4142135623730951, 1.0, 1.0, 10.04987562112089, 10.04987562112089, 53.03772242470448, 53.03772242470448]})\"", \""<Execution Error: name 'df' is not defined>\""], [\""DataFrame({'time': [0, 0, 0, 1, 1, 2, 2], 'x': [219, 219, 216, 280, 290, 130, 132], 'y': [15, 11, 14, 110, 109, 3, 56], 'car': [1, 2, 3, 1, 3, 4, 5]})\"", \""DataFrame({'time': [0, 0, 0, 1, 1, 2, 2], 'car': [1, 2, 3, 1, 3, 4, 5], 'nearest_neighbour': [3, 1, 1, 3, 1, 5, 4], 'euclidean_distance': [3.1622776601683795, 4.0, 3.1622776601683795, 10.04987562112089, 10.04987562112089, 53.03772242470448, 53.03772242470448]})\"", \""<Execution Error: name 'df' is not defined>\""]]""}"
"DS1000","hallucinated","DS0122","","","","{""error_type"": ""KeyError"", ""error_message"": ""'Column not found: euclidean_distance'"", ""line_no"": ""4.0"", ""test_case"": ""[[\""DataFrame({'time': [0, 0, 0, 1, 1, 2, 2], 'x': [216, 218, 217, 280, 290, 130, 132], 'y': [13, 12, 12, 110, 109, 3, 56], 'car': [1, 2, 3, 1, 3, 4, 5]})\"", \""DataFrame({'time': [0, 0, 0, 1, 1, 2, 2], 'car': [1, 2, 3, 1, 3, 4, 5], 'farmost_neighbour': [2, 1, 1, 3, 1, 5, 4], 'euclidean_distance': [2.23606797749979, 2.23606797749979, 1.4142135623730951, 10.04987562112089, 10.04987562112089, 53.03772242470448, 53.03772242470448]})\"", \""<Execution Error: name 'df' is not defined>\""], [\""DataFrame({'time': [0, 0, 0, 1, 1, 2, 2], 'x': [219, 219, 216, 280, 290, 130, 132], 'y': [15, 11, 14, 110, 109, 3, 56], 'car': [1, 2, 3, 1, 3, 4, 5]})\"", \""DataFrame({'time': [0, 0, 0, 1, 1, 2, 2], 'car': [1, 2, 3, 1, 3, 4, 5], 'farmost_neighbour': [2, 3, 2, 3, 1, 5, 4], 'euclidean_distance': [4.0, 4.242640687119285, 4.242640687119285, 10.04987562112089, 10.04987562112089, 53.03772242470448, 53.03772242470448]})\"", \""<Execution Error: name 'df' is not defined>\""]]""}"
"DS1000","hallucinated","DS0123","","","","{""error_type"": ""NameError"", ""error_message"": ""name 'result' is not defined"", ""line_no"": ""4.0"", ""test_case"": ""[[\""DataFrame({'keywords_0': ['a', nan, 'c'], 'keywords_1': ['d', 'e', nan], 'keywords_2': [nan, nan, 'b'], 'keywords_3': ['f', nan, 'g']})\"", \""DataFrame({'keywords_0': ['a', nan, 'c'], 'keywords_1': ['d', 'e', nan], 'keywords_2': [nan, nan, 'b'], 'keywords_3': ['f', nan, 'g'], 'keywords_all': ['a,d,f', 'e', 'c,b,g']})\"", \""<Execution Error: name 'df' is not defined>\""], [\""DataFrame({'keywords_0': ['a', nan, 'c'], 'keywords_1': ['b', 'g', nan], 'keywords_2': [nan, nan, 'j'], 'keywords_3': ['d', nan, 'b']})\"", \""DataFrame({'keywords_0': ['a', nan, 'c'], 'keywords_1': ['b', 'g', nan], 'keywords_2': [nan, nan, 'j'], 'keywords_3': ['d', nan, 'b'], 'keywords_all': ['a,b,d', 'g', 'c,j,b']})\"", \""<Execution Error: name 'df' is not defined>\""]]""}"
"DS1000","hallucinated","DS0124","","","","{""error_type"": ""NameError"", ""error_message"": ""name 'result' is not defined"", ""line_no"": ""4.0"", ""test_case"": ""[[\""DataFrame({'keywords_0': ['a', nan, 'c'], 'keywords_1': ['d', 'e', nan], 'keywords_2': [nan, nan, 'b'], 'keywords_3': ['f', nan, 'g']})\"", \""DataFrame({'keywords_0': ['a', nan, 'c'], 'keywords_1': ['d', 'e', nan], 'keywords_2': [nan, nan, 'b'], 'keywords_3': ['f', nan, 'g'], 'keywords_all': ['a-d-f', 'e', 'c-b-g']})\"", \""<Execution Error: name 'df' is not defined>\""], [\""DataFrame({'keywords_0': ['a', nan, 'c'], 'keywords_1': ['b', 'g', nan], 'keywords_2': [nan, nan, 'j'], 'keywords_3': ['d', nan, 'b']})\"", \""DataFrame({'keywords_0': ['a', nan, 'c'], 'keywords_1': ['b', 'g', nan], 'keywords_2': [nan, nan, 'j'], 'keywords_3': ['d', nan, 'b'], 'keywords_all': ['a-b-d', 'g', 'c-j-b']})\"", \""<Execution Error: name 'df' is not defined>\""]]""}"
"DS1000","hallucinated","DS0125","","","","{""error_type"": ""NameError"", ""error_message"": ""name 'result' is not defined"", ""line_no"": ""4.0"", ""test_case"": ""[[\""DataFrame({'users': ['Hu Tao', 'Zhongli', 'Xingqiu'], 'keywords_0': ['a', nan, 'c'], 'keywords_1': ['d', 'e', nan], 'keywords_2': [nan, nan, 'b'], 'keywords_3': ['f', nan, 'g']})\"", \""DataFrame({'users': ['Hu Tao', 'Zhongli', 'Xingqiu'], 'keywords_0': ['a', nan, 'c'], 'keywords_1': ['d', 'e', nan], 'keywords_2': [nan, nan, 'b'], 'keywords_3': ['f', nan, 'g'], 'keywords_all': ['a-d-f', 'e', 'c-b-g']})\"", \""<Execution Error: name 'df' is not defined>\""], [\""DataFrame({'users': ['Hu Tao', 'Zhongli', 'Xingqiu'], 'keywords_0': ['a', nan, 'c'], 'keywords_1': ['b', 'g', nan], 'keywords_2': [nan, nan, 'j'], 'keywords_3': ['d', nan, 'b']})\"", \""DataFrame({'users': ['Hu Tao', 'Zhongli', 'Xingqiu'], 'keywords_0': ['a', nan, 'c'], 'keywords_1': ['b', 'g', nan], 'keywords_2': [nan, nan, 'j'], 'keywords_3': ['d', nan, 'b'], 'keywords_all': ['a-b-d', 'g', 'c-j-b']})\"", \""<Execution Error: name 'df' is not defined>\""]]""}"
"DS1000","hallucinated","DS0126","","","","{""error_type"": ""NameError"", ""error_message"": ""name 'result' is not defined"", ""line_no"": ""4.0"", ""test_case"": ""[[\""DataFrame({'users': ['Hu Tao', 'Zhongli', 'Xingqiu'], 'keywords_0': ['a', nan, 'c'], 'keywords_1': ['d', 'e', nan], 'keywords_2': [nan, nan, 'b'], 'keywords_3': ['f', nan, 'g']})\"", \""DataFrame({'users': ['Hu Tao', 'Zhongli', 'Xingqiu'], 'keywords_0': ['a', nan, 'c'], 'keywords_1': ['d', 'e', nan], 'keywords_2': [nan, nan, 'b'], 'keywords_3': ['f', nan, 'g'], 'keywords_all': ['f-d-a', 'e', 'g-b-c']})\"", \""<Execution Error: name 'df' is not defined>\""], [\""DataFrame({'users': ['Hu Tao', 'Zhongli', 'Xingqiu'], 'keywords_0': ['a', nan, 'c'], 'keywords_1': ['b', 'g', nan], 'keywords_2': [nan, nan, 'j'], 'keywords_3': ['d', nan, 'b']})\"", \""DataFrame({'users': ['Hu Tao', 'Zhongli', 'Xingqiu'], 'keywords_0': ['a', nan, 'c'], 'keywords_1': ['b', 'g', nan], 'keywords_2': [nan, nan, 'j'], 'keywords_3': ['d', nan, 'b'], 'keywords_all': ['d-b-a', 'g', 'b-j-c']})\"", \""<Execution Error: name 'df' is not defined>\""]]""}"
"DS1000","hallucinated","DS0127","","","","{""error_type"": ""AssertionError"", ""error_message"": """", ""line_no"": """", ""test_case"": ""[[\""DataFrame({'UserId': [1, 1, 1, 2, 3, 3], 'ProductId': [1, 4, 7, 4, 2, 1], 'Quantity': [6, 1, 3, 2, 7, 2]})\"", \""DataFrame({'UserId': [1, 1, 1, 2, 3, 3], 'ProductId': [1, 4, 7, 4, 2, 1], 'Quantity': [6, 1, 3, 2, 7, 0]})\"", \""<Execution Error: name 'df' is not defined>\""], [\""DataFrame({'UserId': [1, 1, 1, 2, 3, 3, 1, 1, 4], 'ProductId': [1, 4, 7, 4, 2, 1, 5, 1, 4], 'Quantity': [6, 1, 3, 2, 7, 2, 9, 9, 6]})\"", \""DataFrame({'UserId': [1, 1, 1, 2, 3, 3, 1, 1, 4], 'ProductId': [1, 4, 7, 4, 2, 1, 5, 1, 4], 'Quantity': [6, 1, 3, 2, 7, 2, 9, 0, 6]})\"", \""<Execution Error: name 'df' is not defined>\""]]""}"
"DS1000","hallucinated","DS0128","","","","{""error_type"": ""AssertionError"", ""error_message"": """", ""line_no"": """", ""test_case"": ""[[\""DataFrame({'UserId': [1, 1, 1, 2, 3, 3], 'ProductId': [1, 4, 7, 4, 2, 1], 'Quantity': [6, 1, 3, 2, 7, 2]})\"", \""DataFrame({'UserId': [1, 1, 1, 2, 3, 3], 'ProductId': [1, 4, 7, 4, 2, 0], 'Quantity': [6, 1, 3, 2, 7, 2]})\"", \""<Execution Error: name 'df' is not defined>\""], [\""DataFrame({'UserId': [1, 1, 1, 2, 3, 3, 1, 1, 4], 'ProductId': [1, 4, 7, 4, 2, 1, 5, 1, 4], 'Quantity': [6, 1, 3, 2, 7, 2, 9, 9, 6]})\"", \""DataFrame({'UserId': [1, 1, 1, 2, 3, 3, 1, 1, 4], 'ProductId': [1, 4, 7, 4, 2, 1, 5, 0, 4], 'Quantity': [6, 1, 3, 2, 7, 2, 9, 9, 6]})\"", \""<Execution Error: name 'df' is not defined>\""]]""}"
"DS1000","hallucinated","DS0129","","","","{""error_type"": ""AssertionError"", ""error_message"": """", ""line_no"": """", ""test_case"": ""[[\""DataFrame({'UserId': [1, 1, 1, 1, 1, 2, 2, 2, 2, 2, 3, 3, 3, 3, 3], 'ProductId': [1, 4, 7, 4, 2, 1, 1, 4, 7, 4, 2, 1, 1, 4, 7], 'Quantity': [6, 1, 3, 2, 7, 2, 6, 1, 3, 2, 7, 2, 6, 1, 3]})\"", \""DataFrame({'UserId': [1, 1, 1, 1, 1, 2, 2, 2, 2, 2, 3, 3, 3, 3, 3], 'ProductId': [1, 4, 7, 4, 2, 1, 1, 4, 7, 4, 2, 1, 1, 4, 7], 'Quantity': [6, 1, 0, 2, 7, 2, 6, 0, 3, 2, 7, 2, 0, 1, 3]})\"", \""<Execution Error: name 'df' is not defined>\""], [\""DataFrame({'UserId': [1, 1, 1, 1, 1, 2, 2, 2, 2, 2, 3, 3, 3, 3, 3], 'ProductId': [6, 1, 3, 2, 7, 2, 6, 1, 3, 2, 7, 2, 6, 1, 3], 'Quantity': [1, 4, 7, 4, 2, 1, 1, 4, 7, 4, 2, 1, 1, 4, 7]})\"", \""DataFrame({'UserId': [1, 1, 1, 1, 1, 2, 2, 2, 2, 2, 3, 3, 3, 3, 3], 'ProductId': [6, 1, 3, 2, 7, 2, 6, 1, 3, 2, 7, 2, 6, 1, 3], 'Quantity': [1, 4, 0, 4, 2, 1, 1, 0, 7, 4, 2, 1, 0, 4, 7]})\"", \""<Execution Error: name 'df' is not defined>\""]]""}"
"DS1000","hallucinated","DS0130","","","","{""error_type"": ""AssertionError"", ""error_message"": """", ""line_no"": """", ""test_case"": ""[[\""DataFrame({'col1': [1, 3, 1, 1, 1], 'col2': [2, 4, 2, 4, 2]})\"", \""DataFrame({'col1': [1, 1], 'col2': [2, 2], 'index_original': [0, 0]})\"", \""<Execution Error: name 'df' is not defined>\""], [\""DataFrame({'col1': [1, 3, 1, 1, 1], 'col2': [1, 1, 4, 9, 6]})\"", \""DataFrame({'col1': [], 'col2': [], 'index_original': []})\"", \""<Execution Error: name 'df' is not defined>\""]]""}"
"DS1000","hallucinated","DS0131","","","","{""error_type"": ""AssertionError"", ""error_message"": """", ""line_no"": """", ""test_case"": ""[[\""DataFrame({'col1': [1, 3, 1, 1, 1], 'col2': [2, 4, 2, 4, 2]})\"", \""DataFrame({'col1': [1, 1], 'col2': [2, 2], 'index_original': [4, 4]})\"", \""<Execution Error: name 'df' is not defined>\""], [\""DataFrame({'col1': [1, 3, 1, 1, 1], 'col2': [1, 1, 4, 9, 6]})\"", \""DataFrame({'col1': [], 'col2': [], 'index_original': []})\"", \""<Execution Error: name 'df' is not defined>\""]]""}"
"DS1000","hallucinated","DS0132","{""type"": ""IndentationError"", ""value"": 5, ""message"": ""expected an indented block after function definition on line 4 (<unknown>, line 5)""}","","","{""error_type"": ""IndentationError"", ""error_message"": ""expected an indented block after function definition on line 4 (<string>, line 5)"", ""line_no"": ""4.0"", ""test_case"": ""[[\""DataFrame({'col1': [1, 3, 1, 1, 1], 'col2': [2, 4, 2, 4, 2]})\"", \""DataFrame({'col1': [1, 1], 'col2': [2, 2], 'index_original': [0, 0]})\"", \""<Execution Error: name 'df' is not defined>\""], [\""DataFrame({'col1': [1, 3, 1, 1, 1], 'col2': [1, 1, 4, 9, 6]})\"", \""DataFrame({'col1': [], 'col2': [], 'index_original': []})\"", \""<Execution Error: name 'df' is not defined>\""]]""}"
"DS1000","hallucinated","DS0133","","","","{""error_type"": ""AssertionError"", ""error_message"": """", ""line_no"": """", ""test_case"": ""[[\""DataFrame({'val': [1, 1, 4, 5, 1], 'col1': [1, 3, 1, 1, 1], 'col2': [2, 4, 2, 4, 2], '3col': [5, 1, 5, 9, 5]})\"", \""DataFrame({'val': [4, 1], 'col1': [1, 1], 'col2': [2, 2], '3col': [5, 5], 'index_original': [0, 0]})\"", \""<Execution Error: name 'df' is not defined>\""], [\""DataFrame({'val': [1, 1, 4, 5, 1, 4], 'col1': [1, 3, 1, 1, 1, 1], 'col2': [2, 4, 2, 4, 2, 2], '3col': [5, 1, 5, 9, 5, 6]})\"", \""DataFrame({'val': [4, 1], 'col1': [1, 1], 'col2': [2, 2], '3col': [5, 5], 'index_original': [0, 0]})\"", \""<Execution Error: name 'df' is not defined>\""]]""}"
"DS1000","hallucinated","DS0134","","","","{""error_type"": ""AssertionError"", ""error_message"": """", ""line_no"": """", ""test_case"": ""[[\""DataFrame({'val': [1, 1, 4, 5, 1], 'col1': [1, 3, 1, 1, 1], 'col2': [2, 4, 2, 4, 2], '3col': [5, 1, 5, 9, 5]})\"", \""DataFrame({'val': [1, 4], 'col1': [1, 1], 'col2': [2, 2], '3col': [5, 5], 'index_original': [4, 4]})\"", \""<Execution Error: name 'df' is not defined>\""], [\""DataFrame({'val': [4, 1, 1, 9, 1], 'col1': [1, 1, 3, 9, 1], 'col2': [2, 2, 4, 1, 2], '3col': [5, 5, 1, 4, 5]})\"", \""DataFrame({'val': [4, 1], 'col1': [1, 1], 'col2': [2, 2], '3col': [5, 5], 'index_original': [4, 4]})\"", \""<Execution Error: name 'df' is not defined>\""]]""}"
"DS1000","passed","DS0135","","","",""
"DS1000","hallucinated","DS0136","","","","{""error_type"": ""AssertionError"", ""error_message"": """", ""line_no"": """", ""test_case"": ""[[\""DataFrame({'Sp': ['MM2', 'MM2', 'MM4', 'MM4', 'MM4'], 'Mt': ['S4', 'S4', 'S2', 'S2', 'S2'], 'Value': ['bg', 'dgd', 'rd', 'cb', 'uyi'], 'count': [10, 1, 2, 8, 8]})\"", \""DataFrame({'Sp': ['MM2', 'MM4', 'MM4'], 'Mt': ['S4', 'S2', 'S2'], 'Value': ['bg', 'cb', 'uyi'], 'count': [10, 8, 8]})\"", \""<Execution Error: name 'df' is not defined>\""], [\""DataFrame({'Sp': ['MM1', 'MM1', 'MM1', 'MM2', 'MM2', 'MM2', 'MM4', 'MM4', 'MM4'], 'Mt': ['S1', 'S1', 'S3', 'S3', 'S4', 'S4', 'S2', 'S2', 'S2'], 'Value': ['a', 'n', 'cb', 'mk', 'bg', 'dgd', 'rd', 'cb', 'uyi'], 'count': [3, 2, 5, 8, 10, 1, 2, 2, 7]})\"", \""DataFrame({'Sp': ['MM1', 'MM1', 'MM2', 'MM2', 'MM4'], 'Mt': ['S1', 'S3', 'S3', 'S4', 'S2'], 'Value': ['a', 'cb', 'mk', 'bg', 'uyi'], 'count': [3, 5, 8, 10, 7]})\"", \""<Execution Error: name 'df' is not defined>\""]]""}"
"DS1000","hallucinated","DS0137","","","","{""error_type"": ""AssertionError"", ""error_message"": """", ""line_no"": """", ""test_case"": ""[[\""DataFrame({'Sp': ['MM1', 'MM1', 'MM1', 'MM2', 'MM2', 'MM2', 'MM4', 'MM4', 'MM4'], 'Mt': ['S1', 'S1', 'S3', 'S3', 'S4', 'S4', 'S2', 'S2', 'S2'], 'Value': ['a', 'n', 'cb', 'mk', 'bg', 'dgd', 'rd', 'cb', 'uyi'], 'count': [3, 2, 5, 8, 10, 1, 2, 2, 7]})\"", \""DataFrame({'Sp': ['MM1', 'MM1', 'MM2', 'MM2', 'MM4', 'MM4'], 'Mt': ['S1', 'S3', 'S3', 'S4', 'S2', 'S2'], 'Value': ['n', 'cb', 'mk', 'dgd', 'rd', 'cb'], 'count': [2, 5, 8, 1, 2, 2]})\"", \""<Execution Error: name 'df' is not defined>\""], [\""DataFrame({'Sp': ['MM2', 'MM2', 'MM4', 'MM4', 'MM4'], 'Mt': ['S4', 'S4', 'S2', 'S2', 'S2'], 'Value': ['bg', 'dgd', 'rd', 'cb', 'uyi'], 'count': [10, 1, 2, 8, 8]})\"", \""DataFrame({'Sp': ['MM2', 'MM4'], 'Mt': ['S4', 'S2'], 'Value': ['dgd', 'rd'], 'count': [1, 2]})\"", \""<Execution Error: name 'df' is not defined>\""]]""}"
"DS1000","passed","DS0138","","","",""
"DS1000","passed","DS0139","","","",""
"DS1000","hallucinated","DS0140","","","","{""error_type"": ""ValueError"", ""error_message"": ""('Lengths must match to compare', (4,), (2,))"", ""line_no"": ""4.0"", ""test_case"": ""[[\""(  Category  Index\\n0      Foo      1\\n1      Bar      2\\n2      Cho      3\\n3      Foo      4, ['Foo', 'Bar'])\"", \""DataFrame({'Category': ['Cho'], 'Index': [3]})\"", \""<Execution Error: name 'df' is not defined>\""], [\""(  Category  Index\\n0      Foo      1\\n1      Bar      2\\n2      Cho      3\\n3      Foo      4\\n4      Bar      5, ['Foo', 'Bar'])\"", \""DataFrame({'Category': ['Cho'], 'Index': [3]})\"", \""<Execution Error: name 'df' is not defined>\""]]""}"
"DS1000","hallucinated","DS0141","","","","{""error_type"": ""ValueError"", ""error_message"": ""id_vars must be a list of tuples when columns are a MultiIndex"", ""line_no"": ""4.0"", ""test_case"": ""[[\""DataFrame({('A', 'B', 'E'): ['a', 'b', 'c'], ('A', 'B', 'F'): [1, 3, 5], ('A', 'C', 'G'): [2, 4, 6], ('A', 'C', 'H'): [3, 6, 2], ('A', 'D', 'I'): [7, 2, 3], ('A', 'D', 'J'): [2, 9, 5]})\"", \""DataFrame({'variable_0': ['A', 'A', 'A', 'A', 'A', 'A', 'A', 'A', 'A', 'A', 'A', 'A', 'A', 'A', 'A', 'A', 'A', 'A'], 'variable_1': ['B', 'B', 'B', 'B', 'B', 'B', 'C', 'C', 'C', 'C', 'C', 'C', 'D', 'D', 'D', 'D', 'D', 'D'], 'variable_2': ['E', 'E', 'E', 'F', 'F', 'F', 'G', 'G', 'G', 'H', 'H', 'H', 'I', 'I', 'I', 'J', 'J', 'J'], 'value': ['a', 'b', 'c', 1, 3, 5, 2, 4, 6, 3, 6, 2, 7, 2, 3, 2, 9, 5]})\"", \""<Execution Error: name 'df' is not defined>\""], [\""DataFrame({('A', 'B', 'D', 'G'): ['a', 'b', 'c'], ('A', 'B', 'D', 'H'): [1, 3, 5], ('A', 'B', 'E', 'I'): [2, 4, 6], ('A', 'C', 'E', 'J'): [3, 6, 2], ('A', 'C', 'F', 'K'): [7, 2, 3], ('A', 'C', 'F', 'L'): [2, 9, 5]})\"", \""DataFrame({'variable_0': ['A', 'A', 'A', 'A', 'A', 'A', 'A', 'A', 'A', 'A', 'A', 'A', 'A', 'A', 'A', 'A', 'A', 'A'], 'variable_1': ['B', 'B', 'B', 'B', 'B', 'B', 'B', 'B', 'B', 'C', 'C', 'C', 'C', 'C', 'C', 'C', 'C', 'C'], 'variable_2': ['D', 'D', 'D', 'D', 'D', 'D', 'E', 'E', 'E', 'E', 'E', 'E', 'F', 'F', 'F', 'F', 'F', 'F'], 'variable_3': ['G', 'G', 'G', 'H', 'H', 'H', 'I', 'I', 'I', 'J', 'J', 'J', 'K', 'K', 'K', 'L', 'L', 'L'], 'value': ['a', 'b', 'c', 1, 3, 5, 2, 4, 6, 3, 6, 2, 7, 2, 3, 2, 9...[truncated]\"", \""<Execution Error: name 'df' is not defined>\""]]""}"
"DS1000","hallucinated","DS0142","","","","{""error_type"": ""KeyError"", ""error_message"": ""\""The following id_vars or value_vars are not present in the DataFrame: ['A', 'B', 'E']\"""", ""line_no"": ""4.0"", ""test_case"": ""[[\""DataFrame({('A', 'B', 'E'): ['a', 'b', 'c'], ('A', 'B', 'F'): [1, 3, 5], ('A', 'C', 'G'): [2, 4, 6], ('A', 'C', 'H'): [3, 6, 2], ('A', 'D', 'I'): [7, 2, 3], ('A', 'D', 'J'): [2, 9, 5]})\"", \""DataFrame({'variable_0': ['E', 'E', 'E', 'F', 'F', 'F', 'G', 'G', 'G', 'H', 'H', 'H', 'I', 'I', 'I', 'J', 'J', 'J'], 'variable_1': ['B', 'B', 'B', 'B', 'B', 'B', 'C', 'C', 'C', 'C', 'C', 'C', 'D', 'D', 'D', 'D', 'D', 'D'], 'variable_2': ['A', 'A', 'A', 'A', 'A', 'A', 'A', 'A', 'A', 'A', 'A', 'A', 'A', 'A', 'A', 'A', 'A', 'A'], 'value': ['a', 'b', 'c', 1, 3, 5, 2, 4, 6, 3, 6, 2, 7, 2, 3, 2, 9, 5]})\"", \""<Execution Error: name 'df' is not defined>\""], [\""DataFrame({('A', 'B', 'D', 'G'): ['a', 'b', 'c'], ('A', 'B', 'D', 'H'): [1, 3, 5], ('A', 'B', 'E', 'I'): [2, 4, 6], ('A', 'C', 'E', 'J'): [3, 6, 2], ('A', 'C', 'F', 'K'): [7, 2, 3], ('A', 'C', 'F', 'L'): [2, 9, 5]})\"", \""DataFrame({'variable_0': ['G', 'G', 'G', 'H', 'H', 'H', 'I', 'I', 'I', 'J', 'J', 'J', 'K', 'K', 'K', 'L', 'L', 'L'], 'variable_1': ['D', 'D', 'D', 'D', 'D', 'D', 'E', 'E', 'E', 'E', 'E', 'E', 'F', 'F', 'F', 'F', 'F', 'F'], 'variable_2': ['B', 'B', 'B', 'B', 'B', 'B', 'B', 'B', 'B', 'C', 'C', 'C', 'C', 'C', 'C', 'C', 'C', 'C'], 'variable_3': ['A', 'A', 'A', 'A', 'A', 'A', 'A', 'A', 'A', 'A', 'A', 'A', 'A', 'A', 'A', 'A', 'A', 'A'], 'value': ['a', 'b', 'c', 1, 3, 5, 2, 4, 6, 3, 6, 2, 7, 2, 3, 2, 9...[truncated]\"", \""<Execution Error: name 'df' is not defined>\""]]""}"
"DS1000","passed","DS0143","","","",""
"DS1000","hallucinated","DS0144","","","","{""error_type"": ""NameError"", ""error_message"": ""name 'result' is not defined"", ""line_no"": ""4.0"", ""test_case"": ""[[\""DataFrame({'id': ['A', 'B', 'A', 'C', 'D', 'B', 'C'], 'val': [1, 2, -3, 1, 5, 6, -2], 'stuff': ['12', '23232', '13', '1234', '3235', '3236', '732323']})\"", \""DataFrame({'id': ['A', 'B', 'A', 'C', 'D', 'B', 'C'], 'val': [1, 2, -3, 1, 5, 6, -2], 'stuff': ['12', '23232', '13', '1234', '3235', '3236', '732323'], 'cumsum': [1, 2, -2, 1, 5, 8, -1]})\"", \""<Execution Error: name 'df' is not defined>\""], [\""DataFrame({'id': ['A', 'B', 'A', 'B', 'A', 'B', 'A', 'B', 'A', 'B', 'A', 'B', 'A', 'B', 'A', 'B', 'A', 'B', 'A', 'B', 'C', 'C', 'C', 'C', 'C', 'C', 'C', 'C', 'C', 'C'], 'val': [98, 67, 28, 49, 5, 4, 14, 12, 35, 50, 52, 22, 47, 53, 92, 50, 18, 81, 84, 51, 90, 8, 84, 24, 24, 69, 59, 23, 43, 34]})\"", \""DataFrame({'id': ['A', 'B', 'A', 'B', 'A', 'B', 'A', 'B', 'A', 'B', 'A', 'B', 'A', 'B', 'A', 'B', 'A', 'B', 'A', 'B', 'C', 'C', 'C', 'C', 'C', 'C', 'C', 'C', 'C', 'C'], 'val': [98, 67, 28, 49, 5, 4, 14, 12, 35, 50, 52, 22, 47, 53, 92, 50, 18, 81, 84, 51, 90, 8, 84, 24, 24, 69, 59, 23, 43, 34], 'cumsum': [98, 67, 126, 116, 131, 120, 145, 132, 180, 182, 232, 204, 279, 257, 371, 307, 389, 388, 473, 439, 90, 98, 182, 206, 230, 299, 358, 381, 424, 458]})\"", \""<Execution Error: name 'df' is not defined>\""], [\""DataFrame({'id': ['C', 'D', 'E', 'B', 'E', 'E', 'D', 'C', 'E', 'A', 'E', 'C', 'E', 'C', 'E', 'B', 'E', 'A', 'C', 'D', 'D', 'C', 'A', 'C', 'E', 'A', 'A', 'D', 'D', 'C', 'A', 'C', 'C', 'C', 'C', 'D', 'D', 'C', 'D', 'D', 'E', 'B', 'C', 'B', 'B', 'B', 'D', 'E', 'C', 'E', 'E', 'C', 'E', 'B', 'B', 'B', 'E', 'D', 'B', 'B', 'C', 'B', 'D', 'D', 'B', 'C', 'A', 'A', 'E', 'B', 'E', 'B', 'D', 'B', 'D', 'D', 'D', 'E', 'C', 'B', 'B', 'D', 'D', 'D', 'B', 'A', 'B', 'C', 'D', 'C', 'C', 'C', 'B', 'B', 'B', 'D', 'A...[truncated]\"", \""DataFrame({'id': ['C', 'D', 'E', 'B', 'E', 'E', 'D', 'C', 'E', 'A', 'E', 'C', 'E', 'C', 'E', 'B', 'E', 'A', 'C', 'D', 'D', 'C', 'A', 'C', 'E', 'A', 'A', 'D', 'D', 'C', 'A', 'C', 'C', 'C', 'C', 'D', 'D', 'C', 'D', 'D', 'E', 'B', 'C', 'B', 'B', 'B', 'D', 'E', 'C', 'E', 'E', 'C', 'E', 'B', 'B', 'B', 'E', 'D', 'B', 'B', 'C', 'B', 'D', 'D', 'B', 'C', 'A', 'A', 'E', 'B', 'E', 'B', 'D', 'B', 'D', 'D', 'D', 'E', 'C', 'B', 'B', 'D', 'D', 'D', 'B', 'A', 'B', 'C', 'D', 'C', 'C', 'C', 'B', 'B', 'B', 'D', 'A...[truncated]\"", \""<Execution Error: name 'df' is not defined>\""]]""}"
"DS1000","passed","DS0145","","","",""
"DS1000","passed","DS0146","","","",""
"DS1000","passed","DS0147","","","",""
"DS1000","hallucinated","DS0148","","","","{""error_type"": ""AssertionError"", ""error_message"": """", ""line_no"": """", ""test_case"": ""[[\""DataFrame({'l': ['left', 'right', 'left', 'right', 'left', 'right'], 'r': ['right', 'left', 'right', 'left', 'right', 'left'], 'v': [-1.0, 1.0, -1.0, 1.0, -1.0, nan]})\"", \""Series({'left': -3.0, 'right': nan})\"", \""<Execution Error: name 'df' is not defined>\""], [\""DataFrame({'l': ['left', 'right', 'left', 'left', 'right', 'right'], 'r': ['right', 'left', 'right', 'right', 'left', 'left'], 'v': [-1.0, 1.0, -1.0, -1.0, 1.0, nan]})\"", \""Series({'left': -3.0, 'right': nan})\"", \""<Execution Error: name 'df' is not defined>\""]]""}"
"DS1000","hallucinated","DS0149","","","","{""error_type"": ""AssertionError"", ""error_message"": """", ""line_no"": """", ""test_case"": ""[[\""DataFrame({'l': ['left', 'right', 'left', 'right', 'left', 'right'], 'r': ['right', 'left', 'right', 'left', 'right', 'left'], 'v': [-1.0, 1.0, -1.0, 1.0, -1.0, nan]})\"", \""Series({'left': nan, 'right': -3.0})\"", \""<Execution Error: name 'df' is not defined>\""], [\""DataFrame({'l': ['left', 'right', 'left', 'left', 'right', 'right'], 'r': ['right', 'left', 'right', 'right', 'left', 'left'], 'v': [-1.0, 1.0, -1.0, -1.0, 1.0, nan]})\"", \""Series({'left': nan, 'right': -3.0})\"", \""<Execution Error: name 'df' is not defined>\""]]""}"
"DS1000","hallucinated","DS0150","","","","{""error_type"": ""AssertionError"", ""error_message"": """", ""line_no"": """", ""test_case"": ""[[\""DataFrame({'l': ['left', 'right', 'left', 'right', 'left', 'right'], 'r': ['right', 'left', 'right', 'left', 'right', 'left'], 'v': [-1.0, 1.0, -1.0, 1.0, -1.0, nan]})\"", \""DataFrame({'l': ['left', 'right'], 'v': [-3.0, nan]})\"", \""<Execution Error: name 'df' is not defined>\""], [\""DataFrame({'l': ['left', 'right', 'left', 'left', 'right', 'right'], 'r': ['right', 'left', 'right', 'right', 'left', 'left'], 'v': [-1.0, 1.0, -1.0, -1.0, 1.0, nan]})\"", \""DataFrame({'l': ['left', 'right'], 'v': [-3.0, nan]})\"", \""<Execution Error: name 'df' is not defined>\""]]""}"
"DS1000","hallucinated","DS0151","","","","{""error_type"": ""KeyError"", ""error_message"": ""0"", ""line_no"": """", ""test_case"": """"}"
"DS1000","hallucinated","DS0152","","","","{""error_type"": ""KeyError"", ""error_message"": ""0"", ""line_no"": """", ""test_case"": """"}"
"DS1000","hallucinated","DS0153","","","","{""error_type"": ""KeyError"", ""error_message"": ""0"", ""line_no"": """", ""test_case"": """"}"
"DS1000","hallucinated","DS0154","","","","{""error_type"": ""KeyError"", ""error_message"": ""0"", ""line_no"": """", ""test_case"": """"}"
"DS1000","hallucinated","DS0155","","","","{""error_type"": ""AttributeError"", ""error_message"": ""'DataFrame' object has no attribute 'applymap'"", ""line_no"": """", ""test_case"": """"}"
"DS1000","hallucinated","DS0156","","","","{""error_type"": ""NameError"", ""error_message"": ""name 'df' is not defined"", ""line_no"": ""4.0"", ""test_case"": ""[[\""Series({'2016-10-31': '2,144.78', '2016-07-31': '2,036.62', '2016-04-30': '1,916.60', '2016-01-31': '6,667.22', '2015-10-31': '1,711.97', '2015-01-31': '5,373.59', '2014-01-31': '4,071.00', '2013-01-31': '3,050.20', '2016-09-30': '-0.06', '2016-06-30': '-1.88', '2016-03-31': '', '2015-12-31': '-0.14', '2015-09-30': '', '2014-12-31': '0.07', '2013-12-31': '0', '2012-12-31': '0'})\"", \""Series({'2016-10-31': 2144.78, '2016-07-31': 2036.62, '2016-04-30': 1916.6, '2016-01-31': 6667.22, '2015-10-31': 1711.97, '2015-01-31': 5373.59, '2014-01-31': 4071.0, '2013-01-31': 3050.2, '2016-09-30': -0.06, '2016-06-30': -1.88, '2016-03-31': nan, '2015-12-31': -0.14, '2015-09-30': nan, '2014-12-31': 0.07, '2013-12-31': 0.0, '2012-12-31': 0.0})\"", \""<Execution Error: name 'df' is not defined>\""], [\""Series({'2026-10-31': '2,144.78', '2026-07-31': '2,036.62', '2026-04-30': '1,916.60', '2026-01-31': '6,667.22', '2025-10-31': '1,711.97', '2025-01-31': '5,373.59', '2024-01-31': '4,071.00', '2023-01-31': '3,050.20', '2026-09-30': '-0.06', '2026-06-30': '-1.88', '2026-03-31': '', '2025-12-31': '-0.14', '2025-09-30': '', '2024-12-31': '0.07', '2023-12-31': '0', '2022-12-31': '0'})\"", \""Series({'2026-10-31': 2144.78, '2026-07-31': 2036.62, '2026-04-30': 1916.6, '2026-01-31': 6667.22, '2025-10-31': 1711.97, '2025-01-31': 5373.59, '2024-01-31': 4071.0, '2023-01-31': 3050.2, '2026-09-30': -0.06, '2026-06-30': -1.88, '2026-03-31': nan, '2025-12-31': -0.14, '2025-09-30': nan, '2024-12-31': 0.07, '2023-12-31': 0.0, '2022-12-31': 0.0})\"", \""<Execution Error: name 'df' is not defined>\""]]""}"
"DS1000","hallucinated","DS0157","","","","{""error_type"": ""AssertionError"", ""error_message"": """", ""line_no"": """", ""test_case"": ""[[\""DataFrame({'Survived': [0, 1, 1, 1, 0], 'SibSp': [1, 1, 0, 1, 0], 'Parch': [0, 0, 0, 0, 1]})\"", \""Series({'Has Family': 0.5, 'No Family': 1.0})\"", \""<Execution Error: name 'df' is not defined>\""], [\""DataFrame({'Survived': [1, 0, 0, 0, 1], 'SibSp': [0, 0, 1, 0, 1], 'Parch': [1, 1, 1, 1, 0]})\"", \""Series({'Has Family': 0.4})\"", \""<Execution Error: name 'df' is not defined>\""]]""}"
"DS1000","hallucinated","DS0158","","","","{""error_type"": ""AssertionError"", ""error_message"": """", ""line_no"": """", ""test_case"": ""[[\""DataFrame({'Survived': [0, 1, 1, 1, 0], 'SibSp': [1, 1, 0, 1, 0], 'Parch': [0, 0, 0, 0, 1]})\"", \""Series({'Has Family': 0.5, 'No Family': 1.0})\"", \""<Execution Error: name 'df' is not defined>\""], [\""DataFrame({'Survived': [1, 0, 0, 0, 1], 'SibSp': [0, 0, 1, 0, 1], 'Parch': [1, 1, 1, 1, 0]})\"", \""Series({'Has Family': 0.4})\"", \""<Execution Error: name 'df' is not defined>\""]]""}"
"DS1000","hallucinated","DS0159","","","","{""error_type"": ""TypeError"", ""error_message"": ""DataFrame.groupby() got an unexpected keyword argument 'axis'"", ""line_no"": ""4.0"", ""test_case"": ""[[\""DataFrame({'Survived': [0, 1, 1, 1, 0], 'SibSp': [1, 1, 0, 1, 0], 'Parch': [0, 0, 0, 0, 1]})\"", \""Series({'New Family': 0.0, 'No Family': 1.0, 'Old Family': 0.6666666666666666})\"", \""<Execution Error: name 'df' is not defined>\""], [\""DataFrame({'Survived': [1, 0, 0, 0, 1], 'SibSp': [0, 0, 1, 0, 1], 'Parch': [1, 1, 1, 1, 0]})\"", \""Series({'Has Family': 0.0, 'New Family': 0.3333333333333333, 'Old Family': 1.0})\"", \""<Execution Error: name 'df' is not defined>\""]]""}"
"DS1000","hallucinated","DS0160","","","","{""error_type"": ""AssertionError"", ""error_message"": """", ""line_no"": """", ""test_case"": ""[[\""DataFrame({'cokey': [11168155, 11168155, 11168155, 11168156, 11168156], 'A': [18, 0, 56, 96, 0], 'B': [56, 18, 96, 152, 96]})\"", \""DataFrame({'A': [0, 18, 56, 0, 96], 'B': [18, 56, 96, 96, 152]})\"", \""<Execution Error: name 'df' is not defined>\""], [\""DataFrame({'cokey': [155, 155, 155, 156, 156], 'A': [18, 0, 56, 96, 0], 'B': [56, 18, 96, 152, 96]})\"", \""DataFrame({'A': [0, 18, 56, 0, 96], 'B': [18, 56, 96, 96, 152]})\"", \""<Execution Error: name 'df' is not defined>\""]]""}"
"DS1000","hallucinated","DS0161","","","","{""error_type"": ""AssertionError"", ""error_message"": """", ""line_no"": """", ""test_case"": ""[[\""DataFrame({'cokey': [11168155, 11168155, 11168155, 11168156, 11168156], 'A': [18, 0, 56, 96, 0], 'B': [56, 18, 96, 152, 96]})\"", \""DataFrame({'A': [56, 18, 0, 96, 0], 'B': [96, 56, 18, 152, 96]})\"", \""<Execution Error: name 'df' is not defined>\""], [\""DataFrame({'cokey': [155, 155, 155, 156, 156], 'A': [18, 0, 56, 96, 0], 'B': [56, 18, 96, 152, 96]})\"", \""DataFrame({'A': [56, 18, 0, 96, 0], 'B': [96, 56, 18, 152, 96]})\"", \""<Execution Error: name 'df' is not defined>\""]]""}"
"DS1000","passed","DS0162","","","",""
"DS1000","passed","DS0163","","","",""
"DS1000","hallucinated","DS0164","","","","{""error_type"": ""AssertionError"", ""error_message"": """", ""line_no"": """", ""test_case"": ""[[\""DataFrame({('A', 'a', '1'): [1.6243453636632417, 1.74481176421648, -0.3224172040135075, 0.04221374671559283, 0.9008559492644115], ('A', 'b', '2'): [-0.6117564136500754, -0.7612069008951028, -0.38405435466841564, 0.5828152137158222, -0.683727859174333], ('B', 'a', '1'): [-0.5281717522634558, 0.31903909605709857, 1.1337694423354374, -1.1006191772129212, -0.12289022551864817], ('A', 'b', '1'): [-1.0729686221561705, -0.2493703754774101, -1.0998912673140309, 1.1447237098396141, -0.9357694342590688], ...[truncated]\"", \""DataFrame({('A', 'a', '1'): [1.6243453636632417, 1.74481176421648, -0.3224172040135075, 0.04221374671559283, 0.9008559492644115], ('A', 'a', '2'): [-2.3015386968802827, -2.060140709497654, -0.8778584179213718, 0.5024943389018682, 0.530355466738186], ('A', 'b', '1'): [-1.0729686221561705, -0.2493703754774101, -1.0998912673140309, 1.1447237098396141, -0.9357694342590688], ('A', 'b', '2'): [-0.6117564136500754, -0.7612069008951028, -0.38405435466841564, 0.5828152137158222, -0.683727859174333], ('B'...[truncated]\"", \""<Execution Error: name 'pd' is not defined>\""]]""}"
"DS1000","hallucinated","DS0165","","","","{""error_type"": ""AssertionError"", ""error_message"": """", ""line_no"": """", ""test_case"": ""[[\""(array(['African Swallow', 'Dead Parrot', 'Exploding Penguin'],\\n      dtype='<U17'), array([16510, 16570, 16920]))\"", \""DataFrame({'birdType': ['African Swallow', 'Dead Parrot', 'Exploding Penguin'], 'birdCount': ['16510', '16570', '16920']})\"", \""<Execution Error: name 'pd' is not defined>\""]]""}"
"DS1000","hallucinated","DS0166","","","","{""error_type"": ""AssertionError"", ""error_message"": """", ""line_no"": """", ""test_case"": ""[[\""DataFrame({'a': [1, 1, 1, 2, 2, 2, 3, 3, 3], 'b': [12, 13, 23, 22, 23, 24, 30, 35, 55]})\"", \""DataFrame({'mean': [16.0, 23.0, 40.0], 'std': [4.96655480858378, 0.816496580927726, 10.801234497346433]})\"", \""<Execution Error: name 'df' is not defined>\""], [\""DataFrame({'a': [4, 4, 4, 5, 5, 5, 6, 6, 6], 'b': [12, 13, 23, 22, 23, 24, 30, 35, 55]})\"", \""DataFrame({'mean': [16.0, 23.0, 40.0], 'std': [4.96655480858378, 0.816496580927726, 10.801234497346433]})\"", \""<Execution Error: name 'df' is not defined>\""]]""}"
"DS1000","hallucinated","DS0167","","","","{""error_type"": ""AssertionError"", ""error_message"": """", ""line_no"": """", ""test_case"": ""[[\""DataFrame({'a': [12, 13, 23, 22, 23, 24, 30, 35, 55], 'b': [1, 1, 1, 2, 2, 2, 3, 3, 3]})\"", \""DataFrame({'mean': [16.0, 23.0, 40.0], 'std': [4.96655480858378, 0.816496580927726, 10.801234497346433]})\"", \""<Execution Error: name 'df' is not defined>\""], [\""DataFrame({'a': [12, 13, 23, 22, 23, 24, 30, 35, 55], 'b': [4, 4, 4, 5, 5, 5, 6, 6, 6]})\"", \""DataFrame({'mean': [16.0, 23.0, 40.0], 'std': [4.96655480858378, 0.816496580927726, 10.801234497346433]})\"", \""<Execution Error: name 'df' is not defined>\""]]""}"
"DS1000","hallucinated","DS0168","","","","{""error_type"": ""NameError"", ""error_message"": ""name 'result' is not defined"", ""line_no"": ""4.0"", ""test_case"": ""[[\""DataFrame({'a': [1, 1, 1, 2, 2, 2, 3, 3, 3], 'b': [12, 13, 23, 22, 23, 24, 30, 35, 55]})\"", \""DataFrame({'a': [1, 1, 1, 2, 2, 2, 3, 3, 3], 'b': [12, 13, 23, 22, 23, 24, 30, 35, 55], 'softmax': [1.670066365180157e-05, 4.539711052789868e-05, 0.9999379022258204, 0.09003057317038046, 0.24472847105479767, 0.6652409557748218, 1.3887943836145961e-11, 2.0611536181615783e-09, 0.9999999979249585], 'min-max': [0.0, 0.09090909090909091, 1.0, 0.0, 0.5, 1.0, 0.0, 0.2, 1.0]})\"", \""<Execution Error: name 'df' is not defined>\""], [\""DataFrame({'a': [4, 4, 4, 5, 5, 5, 6, 6, 6], 'b': [12, 13, 23, 22, 23, 24, 30, 35, 55]})\"", \""DataFrame({'a': [4, 4, 4, 5, 5, 5, 6, 6, 6], 'b': [12, 13, 23, 22, 23, 24, 30, 35, 55], 'softmax': [1.670066365180157e-05, 4.539711052789868e-05, 0.9999379022258204, 0.09003057317038046, 0.24472847105479767, 0.6652409557748218, 1.3887943836145961e-11, 2.0611536181615783e-09, 0.9999999979249585], 'min-max': [0.0, 0.09090909090909091, 1.0, 0.0, 0.5, 1.0, 0.0, 0.2, 1.0]})\"", \""<Execution Error: name 'df' is not defined>\""]]""}"
"DS1000","hallucinated","DS0169","","","","{""error_type"": ""AssertionError"", ""error_message"": """", ""line_no"": """", ""test_case"": ""[[\""DataFrame({'A': [1, 0, 1, 0, 1], 'B': [1, 0, 0, 1, 1], 'C': [0, 0, 0, 0, 0], 'D': [1, 0, 1, 0, 1]})\"", \""DataFrame({'A': [1, 1, 0, 1], 'B': [1, 0, 1, 1], 'D': [1, 1, 0, 1]})\"", \""<Execution Error: name 'df' is not defined>\""], [\""DataFrame({'A': [0, 0, 1, 0, 1], 'B': [0, 0, 0, 1, 1], 'C': [0, 0, 0, 0, 0], 'D': [0, 0, 1, 0, 1]})\"", \""DataFrame({'A': [1, 0, 1], 'B': [0, 1, 1], 'D': [1, 0, 1]})\"", \""<Execution Error: name 'df' is not defined>\""]]""}"
"DS1000","hallucinated","DS0170","","","","{""error_type"": ""AssertionError"", ""error_message"": """", ""line_no"": """", ""test_case"": ""[[\""DataFrame({'A': [-1, 0, 1, 0, 1], 'B': [-1, 0, 0, 1, 1], 'C': [0, 0, 0, 0, 0], 'D': [2, 0, 1, 0, 1]})\"", \""DataFrame({'A': [1, 0, 1], 'B': [0, 1, 1], 'D': [1, 0, 1]})\"", \""<Execution Error: name 'df' is not defined>\""], [\""DataFrame({'A': [1, 0, 1, 0, 1], 'B': [1, 0, 0, 1, 1], 'C': [0, 0, 0, 0, 0], 'D': [1, 0, 1, 0, 1]})\"", \""DataFrame({'A': [1, 1, 0, 1], 'B': [1, 0, 1, 1], 'D': [1, 1, 0, 1]})\"", \""<Execution Error: name 'df' is not defined>\""]]""}"
"DS1000","hallucinated","DS0171","","","","{""error_type"": ""AssertionError"", ""error_message"": """", ""line_no"": """", ""test_case"": ""[[\""DataFrame({'A': [1, 0, 1, 0, 1], 'B': [2, 0, 0, 1, 1], 'C': [3, 0, 0, 2, 0], 'D': [1, 0, 1, 0, 1]})\"", \""DataFrame({'A': [1, 0, 1, 1], 'C': [3, 0, 0, 0], 'D': [1, 0, 1, 1]})\"", \""<Execution Error: name 'df' is not defined>\""], [\""DataFrame({'A': [1, 0, 1, 0, 1], 'B': [1, 0, 0, 1, 1], 'C': [3, 0, 0, 2, 0], 'D': [1, 0, 1, 0, 1]})\"", \""DataFrame({'A': [1, 0, 1, 1], 'B': [1, 0, 0, 1], 'C': [3, 0, 0, 0], 'D': [1, 0, 1, 1]})\"", \""<Execution Error: name 'df' is not defined>\""]]""}"
"DS1000","hallucinated","DS0172","","","","{""error_type"": ""AssertionError"", ""error_message"": """", ""line_no"": """", ""test_case"": ""[[\""DataFrame({'A': [1, 0, 1, 0, 1], 'B': [2, 0, 0, 1, 1], 'C': [1, 0, 0, 2, 0], 'D': [1, 0, 1, 0, 1]})\"", \""DataFrame({'A': [0, 0, 1, 0, 1], 'B': [0, 0, 0, 0, 0], 'C': [0, 0, 0, 0, 0], 'D': [0, 0, 1, 0, 1]})\"", \""<Execution Error: name 'df' is not defined>\""], [\""DataFrame({'A': [1, 0, 1, 0, 1], 'B': [1, 0, 0, 1, 1], 'C': [1, 0, 0, 2, 0], 'D': [1, 0, 1, 0, 1]})\"", \""DataFrame({'A': [1, 0, 1, 0, 1], 'B': [1, 0, 0, 0, 1], 'C': [0, 0, 0, 0, 0], 'D': [1, 0, 1, 0, 1]})\"", \""<Execution Error: name 'df' is not defined>\""]]""}"
"DS1000","hallucinated","DS0173","","","","{""error_type"": ""AssertionError"", ""error_message"": """", ""line_no"": """", ""test_case"": ""[[\""Series({'146tf150p': 1.0, 'havent': 1.0, 'home': 1.0, 'okie': 1.0, 'thanx': 1.0, 'er': 1.0, 'anything': 1.0, 'lei': 1.0, 'nite': 1.0, 'yup': 1.0, 'thank': 1.0, 'ok': 1.0, 'where': 1.0, 'beerage': 1.0, 'anytime': 1.0, 'too': 1.0, 'done': 1.0, '645': 1.0, 'tick': 0.98, 'blank': 0.93})\"", \""Series({'blank': 0.93, 'tick': 0.98, '146tf150p': 1.0, '645': 1.0, 'anything': 1.0, 'anytime': 1.0, 'beerage': 1.0, 'done': 1.0, 'er': 1.0, 'havent': 1.0, 'home': 1.0, 'lei': 1.0, 'nite': 1.0, 'ok': 1.0, 'okie': 1.0, 'thank': 1.0, 'thanx': 1.0, 'too': 1.0, 'where': 1.0, 'yup': 1.0})\"", \""<Execution Error: name 's' is not defined>\""], [\""Series({'146tf150p': 1.0, 'havent': 1.0, 'homo': 1.0, 'okie': 1.0, 'thanx': 1.0, 'er': 1.0, 'anything': 1.0, 'lei': 0.86, 'nite': 1.0, 'yup': 1.0, 'thank': 1.0, 'ok': 1.0, 'where': 1.0, 'beerage': 1.0, 'anytime': 1.0, 'too': 1.0, 'done': 1.0, '645': 1.0, 'tick': 0.98, 'blank': 0.93})\"", \""Series({'lei': 0.86, 'blank': 0.93, 'tick': 0.98, '146tf150p': 1.0, '645': 1.0, 'anything': 1.0, 'anytime': 1.0, 'beerage': 1.0, 'done': 1.0, 'er': 1.0, 'havent': 1.0, 'homo': 1.0, 'nite': 1.0, 'ok': 1.0, 'okie': 1.0, 'thank': 1.0, 'thanx': 1.0, 'too': 1.0, 'where': 1.0, 'yup': 1.0})\"", \""<Execution Error: name 's' is not defined>\""]]""}"
"DS1000","hallucinated","DS0174","","","","{""error_type"": ""KeyError"", ""error_message"": ""'value'"", ""line_no"": ""4.0"", ""test_case"": ""[[\""Series({'146tf150p': 1.0, 'havent': 1.0, 'home': 1.0, 'okie': 1.0, 'thanx': 1.0, 'er': 1.0, 'anything': 1.0, 'lei': 1.0, 'nite': 1.0, 'yup': 1.0, 'thank': 1.0, 'ok': 1.0, 'where': 1.0, 'beerage': 1.0, 'anytime': 1.0, 'too': 1.0, 'done': 1.0, '645': 1.0, 'tick': 0.98, 'blank': 0.93})\"", \""DataFrame({'index': ['blank', 'tick', '146tf150p', '645', 'anything', 'anytime', 'beerage', 'done', 'er', 'havent', 'home', 'lei', 'nite', 'ok', 'okie', 'thank', 'thanx', 'too', 'where', 'yup'], 1: [0.93, 0.98, 1.0, 1.0, 1.0, 1.0, 1.0, 1.0, 1.0, 1.0, 1.0, 1.0, 1.0, 1.0, 1.0, 1.0, 1.0, 1.0, 1.0, 1.0]})\"", \""<Execution Error: name 's' is not defined>\""], [\""Series({'146tf150p': 1.0, 'havent': 1.0, 'homo': 1.0, 'okie': 1.0, 'thanx': 1.0, 'er': 1.0, 'anything': 1.0, 'lei': 0.86, 'nite': 1.0, 'yup': 1.0, 'thank': 1.0, 'ok': 1.0, 'where': 1.0, 'beerage': 1.0, 'anytime': 1.0, 'too': 1.0, 'done': 1.0, '645': 1.0, 'tick': 0.98, 'blank': 0.93})\"", \""DataFrame({'index': ['lei', 'blank', 'tick', '146tf150p', '645', 'anything', 'anytime', 'beerage', 'done', 'er', 'havent', 'homo', 'nite', 'ok', 'okie', 'thank', 'thanx', 'too', 'where', 'yup'], 1: [0.86, 0.93, 0.98, 1.0, 1.0, 1.0, 1.0, 1.0, 1.0, 1.0, 1.0, 1.0, 1.0, 1.0, 1.0, 1.0, 1.0, 1.0, 1.0, 1.0]})\"", \""<Execution Error: name 's' is not defined>\""]]""}"
"DS1000","passed","DS0175","","","",""
"DS1000","passed","DS0176","","","",""
"DS1000","passed","DS0177","","","",""
"DS1000","hallucinated","DS0178","","","","{""error_type"": ""AssertionError"", ""error_message"": """", ""line_no"": """", ""test_case"": ""[[\""DataFrame({'Sp': ['MM1', 'MM1', 'MM1', 'MM2', 'MM2', 'MM2', 'MM4', 'MM4', 'MM4'], 'Mt': ['S1', 'S1', 'S3', 'S3', 'S4', 'S4', 'S2', 'S2', 'S2'], 'Value': ['a', 'n', 'cb', 'mk', 'bg', 'dgd', 'rd', 'cb', 'uyi'], 'count': [3, 2, 5, 8, 10, 1, 2, 2, 7]})\"", \""DataFrame({'Sp': ['MM1', 'MM1', 'MM2', 'MM2', 'MM4'], 'Mt': ['S1', 'S3', 'S3', 'S4', 'S2'], 'Value': ['a', 'cb', 'mk', 'bg', 'uyi'], 'count': [3, 5, 8, 10, 7]})\"", \""<Execution Error: name 'df' is not defined>\""], [\""DataFrame({'Sp': ['MM2', 'MM2', 'MM4', 'MM4', 'MM4'], 'Mt': ['S4', 'S4', 'S2', 'S2', 'S2'], 'Value': ['bg', 'dgb', 'rd', 'cb', 'uyi'], 'count': [10, 1, 2, 8, 8]})\"", \""DataFrame({'Sp': ['MM2', 'MM4', 'MM4'], 'Mt': ['S4', 'S2', 'S2'], 'Value': ['bg', 'cb', 'uyi'], 'count': [10, 8, 8]})\"", \""<Execution Error: name 'df' is not defined>\""]]""}"
"DS1000","hallucinated","DS0179","","","","{""error_type"": ""AssertionError"", ""error_message"": """", ""line_no"": """", ""test_case"": ""[[\""DataFrame({'Sp': ['MM1', 'MM1', 'MM1', 'MM2', 'MM2', 'MM2', 'MM4', 'MM4', 'MM4'], 'Mt': ['S1', 'S1', 'S3', 'S3', 'S4', 'S4', 'S2', 'S2', 'S2'], 'Value': ['a', 'n', 'cb', 'mk', 'bg', 'dgd', 'rd', 'cb', 'uyi'], 'count': [3, 2, 5, 8, 10, 1, 2, 2, 7]})\"", \""DataFrame({'Sp': ['MM1', 'MM1', 'MM2', 'MM2', 'MM4', 'MM4'], 'Mt': ['S1', 'S3', 'S3', 'S4', 'S2', 'S2'], 'Value': ['n', 'cb', 'mk', 'dgd', 'rd', 'cb'], 'count': [2, 5, 8, 1, 2, 2]})\"", \""<Execution Error: name 'df' is not defined>\""], [\""DataFrame({'Sp': ['MM2', 'MM2', 'MM4', 'MM4', 'MM4'], 'Mt': ['S4', 'S4', 'S2', 'S2', 'S2'], 'Value': ['bg', 'dgb', 'rd', 'cb', 'uyi'], 'count': [10, 1, 2, 8, 8]})\"", \""DataFrame({'Sp': ['MM2', 'MM4'], 'Mt': ['S4', 'S2'], 'Value': ['dgb', 'rd'], 'count': [1, 2]})\"", \""<Execution Error: name 'df' is not defined>\""]]""}"
"DS1000","passed","DS0180","","","",""
"DS1000","hallucinated","DS0181","","","","{""error_type"": ""AttributeError"", ""error_message"": ""module 'numpy' has no attribute 'NAN'"", ""line_no"": """", ""test_case"": """"}"
"DS1000","hallucinated","DS0182","","","","{""error_type"": ""AttributeError"", ""error_message"": ""module 'numpy' has no attribute 'NAN'"", ""line_no"": """", ""test_case"": """"}"
"DS1000","hallucinated","DS0183","{""type"": ""IndentationError"", ""value"": 5, ""message"": ""expected an indented block after function definition on line 4 (<unknown>, line 5)""}","","","{""error_type"": ""AttributeError"", ""error_message"": ""module 'numpy' has no attribute 'NAN'"", ""line_no"": """", ""test_case"": """"}"
"DS1000","hallucinated","DS0184","","","","{""error_type"": ""AttributeError"", ""error_message"": ""module 'numpy' has no attribute 'NAN'"", ""line_no"": """", ""test_case"": """"}"
"DS1000","hallucinated","DS0185","","","","{""error_type"": ""AttributeError"", ""error_message"": ""Can only use .dt accessor with datetimelike values"", ""line_no"": ""4.0"", ""test_case"": ""[[\""DataFrame({'Date': ['1/1/18', '1/1/18', '2/1/18', '3/1/18', '1/2/18', '1/3/18', '2/1/19', '3/1/19'], 'Val': ['A', 'B', 'C', 'D', 'A', 'B', 'C', 'D']})\"", \""DataFrame({'Date': [Timestamp('2018-01-01 00:00:00'), Timestamp('2018-01-01 00:00:00'), Timestamp('2018-01-02 00:00:00'), Timestamp('2018-01-03 00:00:00'), Timestamp('2018-02-01 00:00:00'), Timestamp('2018-03-01 00:00:00'), Timestamp('2019-01-02 00:00:00'), Timestamp('2019-01-03 00:00:00')], 'Val': ['A', 'B', 'C', 'D', 'A', 'B', 'C', 'D'], 'Count_d': [2, 2, 1, 1, 1, 1, 1, 1], 'Count_m': [4, 4, 4, 4, 1, 1, 2, 2], 'Count_y': [6, 6, 6, 6, 6, 6, 2, 2]})\"", \""<Execution Error: name 'df' is not defined>\""], [\""DataFrame({'Date': ['1/1/19', '1/1/19', '2/1/19', '3/1/19', '1/2/19', '1/3/19', '2/1/20', '3/1/20'], 'Val': ['A', 'B', 'C', 'D', 'A', 'B', 'C', 'D']})\"", \""DataFrame({'Date': [Timestamp('2019-01-01 00:00:00'), Timestamp('2019-01-01 00:00:00'), Timestamp('2019-01-02 00:00:00'), Timestamp('2019-01-03 00:00:00'), Timestamp('2019-02-01 00:00:00'), Timestamp('2019-03-01 00:00:00'), Timestamp('2020-01-02 00:00:00'), Timestamp('2020-01-03 00:00:00')], 'Val': ['A', 'B', 'C', 'D', 'A', 'B', 'C', 'D'], 'Count_d': [2, 2, 1, 1, 1, 1, 1, 1], 'Count_m': [4, 4, 4, 4, 1, 1, 2, 2], 'Count_y': [6, 6, 6, 6, 6, 6, 2, 2]})\"", \""<Execution Error: name 'df' is not defined>\""]]""}"
"DS1000","hallucinated","DS0186","","","","{""error_type"": ""AttributeError"", ""error_message"": ""Can only use .dt accessor with datetimelike values"", ""line_no"": ""4.0"", ""test_case"": ""[[\""DataFrame({'Date': ['1/1/18', '1/1/18', '1/1/18', '2/1/18', '3/1/18', '1/2/18', '1/3/18', '2/1/19', '3/1/19'], 'Val': ['A', 'A', 'B', 'C', 'D', 'A', 'B', 'C', 'D']})\"", \""DataFrame({'Date': [Timestamp('2018-01-01 00:00:00'), Timestamp('2018-01-01 00:00:00'), Timestamp('2018-01-01 00:00:00'), Timestamp('2018-01-02 00:00:00'), Timestamp('2018-01-03 00:00:00'), Timestamp('2018-02-01 00:00:00'), Timestamp('2018-03-01 00:00:00'), Timestamp('2019-01-02 00:00:00'), Timestamp('2019-01-03 00:00:00')], 'Val': ['A', 'A', 'B', 'C', 'D', 'A', 'B', 'C', 'D'], 'Count_d': [3, 3, 3, 1, 1, 1, 1, 1, 1], 'Count_m': [5, 5, 5, 5, 5, 1, 1, 2, 2], 'Count_y': [7, 7, 7, 7, 7, 7, 7, 2, 2],...[truncated]\"", \""<Execution Error: name 'df' is not defined>\""], [\""DataFrame({'Date': ['1/1/19', '1/1/19', '1/1/19', '2/1/19', '3/1/19', '1/2/19', '1/3/19', '2/1/20', '3/1/20'], 'Val': ['A', 'A', 'B', 'C', 'D', 'A', 'B', 'C', 'D']})\"", \""DataFrame({'Date': [Timestamp('2019-01-01 00:00:00'), Timestamp('2019-01-01 00:00:00'), Timestamp('2019-01-01 00:00:00'), Timestamp('2019-01-02 00:00:00'), Timestamp('2019-01-03 00:00:00'), Timestamp('2019-02-01 00:00:00'), Timestamp('2019-03-01 00:00:00'), Timestamp('2020-01-02 00:00:00'), Timestamp('2020-01-03 00:00:00')], 'Val': ['A', 'A', 'B', 'C', 'D', 'A', 'B', 'C', 'D'], 'Count_d': [3, 3, 3, 1, 1, 1, 1, 1, 1], 'Count_m': [5, 5, 5, 5, 5, 1, 1, 2, 2], 'Count_y': [7, 7, 7, 7, 7, 7, 7, 2, 2],...[truncated]\"", \""<Execution Error: name 'df' is not defined>\""]]""}"
"DS1000","hallucinated","DS0187","","","","{""error_type"": ""AttributeError"", ""error_message"": ""Can only use .dt accessor with datetimelike values"", ""line_no"": ""4.0"", ""test_case"": ""[[\""DataFrame({'Date': ['1/1/18', '1/1/18', '1/1/18', '2/1/18', '3/1/18', '1/2/18', '1/3/18', '2/1/19', '3/1/19'], 'Val': ['A', 'A', 'B', 'C', 'D', 'A', 'B', 'C', 'D']})\"", \""DataFrame({'Date': [Timestamp('2018-01-01 00:00:00'), Timestamp('2018-01-01 00:00:00'), Timestamp('2018-01-01 00:00:00'), Timestamp('2018-01-02 00:00:00'), Timestamp('2018-01-03 00:00:00'), Timestamp('2018-02-01 00:00:00'), Timestamp('2018-03-01 00:00:00'), Timestamp('2019-01-02 00:00:00'), Timestamp('2019-01-03 00:00:00')], 'Val': ['A', 'A', 'B', 'C', 'D', 'A', 'B', 'C', 'D'], 'Count_d': [3, 3, 3, 1, 1, 1, 1, 1, 1], 'Count_m': [5, 5, 5, 5, 5, 1, 1, 2, 2], 'Count_y': [7, 7, 7, 7, 7, 7, 7, 2, 2],...[truncated]\"", \""<Execution Error: name 'df' is not defined>\""], [\""DataFrame({'Date': ['1/1/19', '1/1/19', '1/1/19', '2/1/19', '3/1/19', '1/2/19', '1/3/19', '2/1/20', '3/1/20'], 'Val': ['A', 'A', 'B', 'C', 'D', 'A', 'B', 'C', 'D']})\"", \""DataFrame({'Date': [Timestamp('2019-01-01 00:00:00'), Timestamp('2019-01-01 00:00:00'), Timestamp('2019-01-01 00:00:00'), Timestamp('2019-01-02 00:00:00'), Timestamp('2019-01-03 00:00:00'), Timestamp('2019-02-01 00:00:00'), Timestamp('2019-03-01 00:00:00'), Timestamp('2020-01-02 00:00:00'), Timestamp('2020-01-03 00:00:00')], 'Val': ['A', 'A', 'B', 'C', 'D', 'A', 'B', 'C', 'D'], 'Count_d': [3, 3, 3, 1, 1, 1, 1, 1, 1], 'Count_m': [5, 5, 5, 5, 5, 1, 1, 2, 2], 'Count_y': [7, 7, 7, 7, 7, 7, 7, 2, 2],...[truncated]\"", \""<Execution Error: name 'df' is not defined>\""]]""}"
"DS1000","hallucinated","DS0188","","","","{""error_type"": ""TypeError"", ""error_message"": ""DataFrame.reset_index() got an unexpected keyword argument 'name'. Did you mean 'names'?"", ""line_no"": ""4.0"", ""test_case"": ""[[\""DataFrame({'Date': ['20.07.2018', '20.07.2018', '21.07.2018', '21.07.2018'], 'B': [10, 1, 0, 1], 'C': [8, 0, 1, 0]})\"", \""(            B  C\\nDate            \\n20.07.2018  0  1\\n21.07.2018  1  1,             B  C\\nDate            \\n20.07.2018  2  1\\n21.07.2018  1  1)\"", \""<Execution Error: name 'df' is not defined>\""], [\""DataFrame({'Date': ['20.07.2019', '20.07.2019', '21.07.2019', '21.07.2019'], 'B': [10, 1, 0, 1], 'C': [8, 0, 1, 0]})\"", \""(            B  C\\nDate            \\n20.07.2019  0  1\\n21.07.2019  1  1,             B  C\\nDate            \\n20.07.2019  2  1\\n21.07.2019  1  1)\"", \""<Execution Error: name 'df' is not defined>\""]]""}"
"DS1000","hallucinated","DS0189","","","","{""error_type"": ""AttributeError"", ""error_message"": ""'DataFrame' object has no attribute 'applymap'"", ""line_no"": ""4.0"", ""test_case"": ""[[\""DataFrame({'Date': ['20.07.2018', '20.07.2018', '21.07.2018', '21.07.2018'], 'B': [10, 1, 0, 1], 'C': [8, 0, 1, 0]})\"", \""(            B  C\\nDate            \\n20.07.2018  1  2\\n21.07.2018  1  1,             B  C\\nDate            \\n20.07.2018  1  0\\n21.07.2018  1  1)\"", \""<Execution Error: name 'df' is not defined>\""], [\""DataFrame({'Date': ['20.07.2019', '20.07.2019', '21.07.2019', '21.07.2019'], 'B': [10, 1, 0, 1], 'C': [8, 0, 1, 0]})\"", \""(            B  C\\nDate            \\n20.07.2019  1  2\\n21.07.2019  1  1,             B  C\\nDate            \\n20.07.2019  1  0\\n21.07.2019  1  1)\"", \""<Execution Error: name 'df' is not defined>\""]]""}"
"DS1000","passed","DS0190","","","",""
"DS1000","passed","DS0191","","","",""
"DS1000","passed","DS0192","","","",""
"DS1000","hallucinated","DS0193","","","[{'type': 'type_error', 'function': 'pivot_table', 'invalid_arg': 'rows', 'line': 5}]","{""error_type"": ""ValueError"", ""error_message"": ""No group keys passed!"", ""line_no"": ""4.0"", ""test_case"": ""[[\""DataFrame({'A': ['one', 'one', 'two', 'three', 'one', 'one', 'two', 'three', 'one', 'one', 'two', 'three', 'one', 'one', 'two', 'three', 'one', 'one', 'two', 'three', 'one', 'one', 'two', 'three'], 'B': ['A', 'B', 'C', 'A', 'B', 'C', 'A', 'B', 'C', 'A', 'B', 'C', 'A', 'B', 'C', 'A', 'B', 'C', 'A', 'B', 'C', 'A', 'B', 'C'], 'C': ['foo', 'foo', 'foo', 'bar', 'bar', 'bar', 'foo', 'foo', 'foo', 'bar', 'bar', 'bar', 'foo', 'foo', 'foo', 'bar', 'bar', 'bar', 'foo', 'foo', 'foo', 'bar', 'bar', 'bar'], ...[truncated]\"", \""DataFrame({'D': [1.74481176421648, 1.462107937044974, 1.1337694423354374], 'E': [-1.1173103486352778, -0.683727859174333, -0.8876289640848363]})\"", \""<Execution Error: name 'pd' is not defined>\""]]""}"
"DS1000","hallucinated","DS0194","","","","{""error_type"": ""AssertionError"", ""error_message"": """", ""line_no"": """", ""test_case"": ""[[\""DataFrame({'var1': ['A', 'B', 'C'], 'var2': ['Z,Y', 'X', 'W,U,V']})\"", \""DataFrame({'var1': ['A', 'A', 'A', 'B', 'B', 'B', 'C', 'C', 'C'], 'var2': ['Z', 'Y', nan, 'X', nan, nan, 'W', 'U', 'V']})\"", \""<Execution Error: name 'df' is not defined>\""], [\""DataFrame({'var1': ['A', 'B', 'C'], 'var2': ['Z,Y,X', 'W', 'U,V']})\"", \""DataFrame({'var1': ['A', 'A', 'A', 'B', 'B', 'B', 'C', 'C', 'C'], 'var2': ['Z', 'Y', 'X', 'W', nan, nan, 'U', 'V', nan]})\"", \""<Execution Error: name 'df' is not defined>\""]]""}"
"DS1000","hallucinated","DS0195","","","","{""error_type"": ""TypeError"", ""error_message"": ""DataFrame.drop() takes from 1 to 2 positional arguments but 3 were given"", ""line_no"": """", ""test_case"": """"}"
"DS1000","hallucinated","DS0196","","","","{""error_type"": ""TypeError"", ""error_message"": ""DataFrame.drop() takes from 1 to 2 positional arguments but 3 were given"", ""line_no"": """", ""test_case"": """"}"
"DS1000","hallucinated","DS0197","","","","{""error_type"": ""AttributeError"", ""error_message"": ""module 'numpy' has no attribute 'NAN'"", ""line_no"": """", ""test_case"": """"}"
"DS1000","hallucinated","DS0198","","","","{""error_type"": ""AssertionError"", ""error_message"": """", ""line_no"": """", ""test_case"": ""[[\""DataFrame({'str': ['Aa', 'Bb', '?? ?', '###', '{}xxa;']})\"", \""DataFrame({'str': ['Aa', 'Bb', '?? ?', '###', '{}xxa;'], 'new': [2, 2, 0, 0, 3]})\"", \""<Execution Error: name 'df' is not defined>\""], [\""DataFrame({'str': ['Cc', 'Dd', '!! ', '###%', '{}xxa;']})\"", \""DataFrame({'str': ['Cc', 'Dd', '!! ', '###%', '{}xxa;'], 'new': [2, 2, 0, 0, 3]})\"", \""<Execution Error: name 'df' is not defined>\""]]""}"
"DS1000","hallucinated","DS0199","","","","{""error_type"": ""TypeError"", ""error_message"": ""StringMethods.split() takes from 1 to 2 positional arguments but 3 were given"", ""line_no"": """", ""test_case"": """"}"
"DS1000","hallucinated","DS0200","","","","{""error_type"": ""TypeError"", ""error_message"": ""StringMethods.split() takes from 1 to 2 positional arguments but 3 were given"", ""line_no"": """", ""test_case"": """"}"
"DS1000","hallucinated","DS0201","","","","{""error_type"": ""TypeError"", ""error_message"": ""StringMethods.split() takes from 1 to 2 positional arguments but 3 were given"", ""line_no"": """", ""test_case"": """"}"
"DS1000","hallucinated","DS0202","","","","{""error_type"": ""TypeError"", ""error_message"": ""Invalid value '3.5' for dtype 'int64'"", ""line_no"": """", ""test_case"": """"}"
"DS1000","hallucinated","DS0203","","","","{""error_type"": ""TypeError"", ""error_message"": ""Invalid value '3.5' for dtype 'int64'"", ""line_no"": """", ""test_case"": """"}"
"DS1000","hallucinated","DS0204","{""type"": ""IndentationError"", ""value"": 5, ""message"": ""expected an indented block after function definition on line 4 (<unknown>, line 5)""}","","","{""error_type"": ""TypeError"", ""error_message"": ""Invalid value '3.5' for dtype 'int64'"", ""line_no"": """", ""test_case"": """"}"
"DS1000","hallucinated","DS0205","","","","{""error_type"": ""TypeError"", ""error_message"": ""Invalid value '4.25' for dtype 'int64'"", ""line_no"": """", ""test_case"": """"}"
"DS1000","passed","DS0206","","","",""
"DS1000","hallucinated","DS0207","","","","{""error_type"": ""NameError"", ""error_message"": ""name 'result' is not defined"", ""line_no"": ""4.0"", ""test_case"": ""[[\""DataFrame({'DateTime': ['2000-01-04', '2000-01-05', '2000-01-06', '2000-01-07', '2000-01-08'], 'Close': [1460, 1470, 1480, 1480, 1450]})\"", \""DataFrame({'DateTime': ['2000-01-04', '2000-01-05', '2000-01-06', '2000-01-07', '2000-01-08'], 'Close': [1460, 1470, 1480, 1480, 1450], 'label': [1, 1, 1, 0, -1]})\"", \""<Execution Error: name 'df' is not defined>\""], [\""DataFrame({'DateTime': ['2000-02-04', '2000-02-05', '2000-02-06', '2000-02-07', '2000-02-08'], 'Close': [1460, 1470, 1480, 1480, 1450]})\"", \""DataFrame({'DateTime': ['2000-02-04', '2000-02-05', '2000-02-06', '2000-02-07', '2000-02-08'], 'Close': [1460, 1470, 1480, 1480, 1450], 'label': [1, 1, 1, 0, -1]})\"", \""<Execution Error: name 'df' is not defined>\""]]""}"
"DS1000","hallucinated","DS0208","","","","{""error_type"": ""AssertionError"", ""error_message"": """", ""line_no"": """", ""test_case"": ""[[\""DataFrame({'DateTime': [Timestamp('2000-01-04 00:00:00'), Timestamp('2000-01-05 00:00:00'), Timestamp('2000-01-06 00:00:00'), Timestamp('2000-01-07 00:00:00'), Timestamp('2000-01-08 00:00:00')], 'Close': [1460, 1470, 1480, 1480, 1450]})\"", \""DataFrame({'DateTime': ['04-Jan-2000', '05-Jan-2000', '06-Jan-2000', '07-Jan-2000', '08-Jan-2000'], 'Close': [1460, 1470, 1480, 1480, 1450], 'label': [-1, -1, 0, 1, 1]})\"", \""<Execution Error: name 'pd' is not defined>\""], [\""DataFrame({'DateTime': [Timestamp('2000-02-04 00:00:00'), Timestamp('2000-02-05 00:00:00'), Timestamp('2000-02-06 00:00:00'), Timestamp('2000-02-07 00:00:00'), Timestamp('2000-02-08 00:00:00')], 'Close': [1460, 1470, 1480, 1480, 1450]})\"", \""DataFrame({'DateTime': ['04-Feb-2000', '05-Feb-2000', '06-Feb-2000', '07-Feb-2000', '08-Feb-2000'], 'Close': [1460, 1470, 1480, 1480, 1450], 'label': [-1, -1, 0, 1, 1]})\"", \""<Execution Error: name 'pd' is not defined>\""]]""}"
"DS1000","hallucinated","DS0209","","","","{""error_type"": ""ValueError"", ""error_message"": ""time data \""2016-05-19 21:25:00\"" doesn't match format \"" %Y-%m-%d %H:%M:%S\"". You might want to try:\n    - passing `format` if your strings have a consistent format;\n    - passing `format='ISO8601'` if your strings are all ISO8601 but not necessarily in exactly the same format;\n    - passing `format='mixed'`, and the format will be inferred for each element individually. You might want to use `dayfirst` alongside this."", ""line_no"": """", ""test_case"": """"}"
"DS1000","hallucinated","DS0210","","","","{""error_type"": ""ValueError"", ""error_message"": ""time data \""2016-05-19 21:25:00\"" doesn't match format \"" %Y-%m-%d %H:%M:%S\"". You might want to try:\n    - passing `format` if your strings have a consistent format;\n    - passing `format='ISO8601'` if your strings are all ISO8601 but not necessarily in exactly the same format;\n    - passing `format='mixed'`, and the format will be inferred for each element individually. You might want to use `dayfirst` alongside this."", ""line_no"": """", ""test_case"": """"}"
"DS1000","hallucinated","DS0211","","","","{""error_type"": ""ValueError"", ""error_message"": ""time data \""2016-05-19 21:25:00\"" doesn't match format \"" %Y-%m-%d %H:%M:%S\"". You might want to try:\n    - passing `format` if your strings have a consistent format;\n    - passing `format='ISO8601'` if your strings are all ISO8601 but not necessarily in exactly the same format;\n    - passing `format='mixed'`, and the format will be inferred for each element individually. You might want to use `dayfirst` alongside this."", ""line_no"": ""8.0"", ""test_case"": """"}"
"DS1000","hallucinated","DS0212","","","","{""error_type"": ""AssertionError"", ""error_message"": """", ""line_no"": """", ""test_case"": ""[[\""DataFrame({'key1': ['a', 'a', 'b', 'b', 'a', 'c'], 'key2': ['one', 'two', 'one', 'two', 'one', 'two']})\"", \""DataFrame({'key1': ['a', 'b', 'c'], 'count': [2, 1, 0]})\"", \""<Execution Error: name 'df' is not defined>\""], [\""DataFrame({'key1': ['a', 'a', 'b', 'b', 'a', 'c'], 'key2': ['one', 'two', 'gee', 'two', 'three', 'two']})\"", \""DataFrame({'key1': ['a', 'b', 'c'], 'count': [1, 0, 0]})\"", \""<Execution Error: name 'df' is not defined>\""]]""}"
"DS1000","hallucinated","DS0213","","","","{""error_type"": ""AssertionError"", ""error_message"": """", ""line_no"": """", ""test_case"": ""[[\""DataFrame({'key1': ['a', 'a', 'b', 'b', 'a', 'c'], 'key2': ['one', 'two', 'one', 'two', 'one', 'two']})\"", \""DataFrame({'key1': ['a', 'b', 'c'], 'count': [1, 1, 1]})\"", \""<Execution Error: name 'df' is not defined>\""]]""}"
"DS1000","hallucinated","DS0214","","","","{""error_type"": ""AssertionError"", ""error_message"": """", ""line_no"": """", ""test_case"": ""[[\""DataFrame({'key1': ['a', 'a', 'b', 'b', 'a', 'c'], 'key2': ['one', 'two', 'gee', 'two', 'three', 'two']})\"", \""DataFrame({'key1': ['a', 'b', 'c'], 'count': [2, 1, 0]})\"", \""<Execution Error: name 'df' is not defined>\""]]""}"
"DS1000","passed","DS0215","","","",""
"DS1000","hallucinated","DS0216","","","","{""error_type"": ""ValueError"", ""error_message"": ""Length of values (13) does not match length of index (12)"", ""line_no"": ""7.0"", ""test_case"": ""[[\""DataFrame({'value': [10000.0, 2000.0, 2000.0, 200.0, 5.0, 70.0, 200.0, 5.0, 25.0, 0.02, 12.0, 0.022]})\"", \""('2014-03-17', '2014-03-27')\"", \""<Execution Error: Length of values (13) does not match length of index (12)>\""], [\""DataFrame({'value': [10000.0, 2000.0, 2000.0, 200.0, 5.0, 70.0, 200.0, 5.0, 25.0, 0.02, 12.0, 0.022]})\"", \""('2015-03-17', '2015-03-27')\"", \""<Execution Error: Length of values (13) does not match length of index (12)>\""]]""}"
"DS1000","passed","DS0217","","","",""
"DS1000","passed","DS0218","","","",""
"DS1000","hallucinated","DS0219","","","","{""error_type"": ""AssertionError"", ""error_message"": """", ""line_no"": """", ""test_case"": ""[[\""DataFrame({'item': [1, 1, 1, 2, 2, 2, 2, 3, 3], 'diff': [2, 1, 3, -1, 1, 4, -6, 0, 2], 'otherstuff': [1, 2, 7, 0, 3, 9, 2, 0, 9]})\"", \""DataFrame({'item': [1, 2, 3], 'diff': [1, -6, 0], 'otherstuff': [2, 2, 0]})\"", \""<Execution Error: name 'df' is not defined>\""], [\""DataFrame({'item': [3, 3, 3, 1, 1, 1, 1, 2, 2], 'diff': [2, 1, 3, -1, 1, 4, -6, 0, 2], 'otherstuff': [1, 2, 7, 0, 3, 9, 2, 0, 9]})\"", \""DataFrame({'item': [1, 2, 3], 'diff': [-6, 0, 1], 'otherstuff': [2, 0, 2]})\"", \""<Execution Error: name 'df' is not defined>\""]]""}"
"DS1000","hallucinated","DS0220","","","","{""error_type"": ""TypeError"", ""error_message"": ""StringMethods.rsplit() takes from 1 to 2 positional arguments but 3 were given"", ""line_no"": """", ""test_case"": """"}"
"DS1000","hallucinated","DS0221","","","","{""error_type"": ""TypeError"", ""error_message"": ""StringMethods.rsplit() takes from 1 to 2 positional arguments but 3 were given"", ""line_no"": """", ""test_case"": """"}"
"DS1000","hallucinated","DS0222","{""type"": ""IndentationError"", ""value"": 5, ""message"": ""expected an indented block after function definition on line 4 (<unknown>, line 5)""}","","","{""error_type"": ""TypeError"", ""error_message"": ""StringMethods.rsplit() takes from 1 to 2 positional arguments but 3 were given"", ""line_no"": """", ""test_case"": """"}"
"DS1000","hallucinated","DS0223","","","","{""error_type"": ""TypeError"", ""error_message"": ""NDFrame.fillna() got an unexpected keyword argument 'method'"", ""line_no"": ""4.0"", ""test_case"": ""[[\""DataFrame({'Column_x': [0.0, 0.0, 0.0, 0.0, 0.0, 0.0, 1.0, 1.0, 1.0, 1.0, 1.0, 1.0, nan, nan, nan, nan, nan, nan, nan, nan, nan]})\"", \""DataFrame({'Column_x': [0.0, 0.0, 0.0, 0.0, 0.0, 0.0, 1.0, 1.0, 1.0, 1.0, 1.0, 1.0, 0.0, 0.0, 0.0, 0.0, 1.0, 1.0, 1.0, 1.0, 1.0]})\"", \""<Execution Error: name 'df' is not defined>\""], [\""DataFrame({'Column_x': [0.0, 0.0, 0.0, 0.0, 1.0, 1.0, 1.0, 1.0, 1.0, 1.0, 1.0, 1.0, nan, nan, nan, nan, nan, nan, nan, nan, nan]})\"", \""DataFrame({'Column_x': [0.0, 0.0, 0.0, 0.0, 1.0, 1.0, 1.0, 1.0, 1.0, 1.0, 1.0, 1.0, 0.0, 0.0, 0.0, 0.0, 1.0, 1.0, 1.0, 1.0, 1.0]})\"", \""<Execution Error: name 'df' is not defined>\""]]""}"
"DS1000","hallucinated","DS0224","","","","{""error_type"": ""AssertionError"", ""error_message"": """", ""line_no"": """", ""test_case"": ""[[\""DataFrame({'Column_x': [0.0, 0.0, 0.0, 0.0, 0.0, 0.0, 1.0, 1.0, 1.0, 1.0, 1.0, 1.0, 1.0, 1.0, 1.0, 1.0, 1.0, 1.0, 1.0, 1.0, 1.0]})\"", \""DataFrame({'Column_x': [0.0, 0.0, 0.0, 0.0, 0.0, 0.0, 1.0, 1.0, 1.0, 1.0, 1.0, 1.0, 0.0, 0.0, 0.5, 0.5, 1.0, 1.0, 1.0, 1.0, 1.0]})\"", \""DataFrame({'Column_x': [0.0, 0.0, 0.0, 0.0, 0.0, 0.0, 1.0, 1.0, 1.0, 1.0, 1.0, 1.0, 1.0, 1.0, 1.0, 1.0, 1.0, 1.0, 1.0, 1.0, 1.0]})\""], [\""DataFrame({'Column_x': [0.0, 0.0, 0.0, 0.0, 1.0, 1.0, 1.0, 1.0, 1.0, 1.0, 1.0, 1.0, 1.0, 1.0, 1.0, 1.0, 1.0, 1.0, 1.0, 1.0, 1.0]})\"", \""DataFrame({'Column_x': [0.0, 0.0, 0.0, 0.0, 1.0, 1.0, 1.0, 1.0, 1.0, 1.0, 1.0, 1.0, 0.0, 0.0, 0.5, 0.5, 1.0, 1.0, 1.0, 1.0, 1.0]})\"", \""DataFrame({'Column_x': [0.0, 0.0, 0.0, 0.0, 1.0, 1.0, 1.0, 1.0, 1.0, 1.0, 1.0, 1.0, 1.0, 1.0, 1.0, 1.0, 1.0, 1.0, 1.0, 1.0, 1.0]})\""]]""}"
"DS1000","hallucinated","DS0225","","","","{""error_type"": ""AssertionError"", ""error_message"": """", ""line_no"": """", ""test_case"": ""[[\""DataFrame({'Column_x': [0.0, 0.0, 0.0, 0.0, 0.0, 0.0, 1.0, 1.0, 1.0, 1.0, 1.0, 1.0, nan, nan, nan, nan, nan, nan, nan, nan, nan]})\"", \""DataFrame({'Column_x': [0.0, 0.0, 0.0, 0.0, 0.0, 0.0, 1.0, 1.0, 1.0, 1.0, 1.0, 1.0, 0.0, 0.0, 0.0, 0.0, 1.0, 1.0, 1.0, 1.0, 1.0]})\"", \""<Execution Error: name 'df' is not defined>\""], [\""DataFrame({'Column_x': [0.0, 0.0, 0.0, 0.0, 1.0, 1.0, 1.0, 1.0, 1.0, 1.0, 1.0, 1.0, nan, nan, nan, nan, nan, nan, nan, nan, nan]})\"", \""DataFrame({'Column_x': [0.0, 0.0, 0.0, 0.0, 1.0, 1.0, 1.0, 1.0, 1.0, 1.0, 1.0, 1.0, 0.0, 0.0, 0.0, 0.0, 0.0, 0.0, 1.0, 1.0, 1.0]})\"", \""<Execution Error: name 'df' is not defined>\""]]""}"
"DS1000","hallucinated","DS0226","","","","{""error_type"": ""AssertionError"", ""error_message"": """", ""line_no"": """", ""test_case"": ""[[\""(   one  two\\n0    1    2\\n1    3    4,    one  two\\n0    5    6\\n1    7    8)\"", \""DataFrame({'one': [(1, 5), (3, 7)], 'two': [(2, 6), (4, 8)]})\"", \""<Execution Error: name 'pd' is not defined>\""], [\""(   one  two\\n0    5    6\\n1    7    8,    one  two\\n0    1    2\\n1    3    4)\"", \""DataFrame({'one': [(5, 1), (7, 3)], 'two': [(6, 2), (8, 4)]})\"", \""<Execution Error: name 'pd' is not defined>\""]]""}"
"DS1000","hallucinated","DS0227","","","","{""error_type"": ""ValueError"", ""error_message"": ""1 columns passed, passed data had 3 columns"", ""line_no"": ""4.0"", ""test_case"": ""[[\""(   one  two\\n0    1    2\\n1    3    4,    one  two\\n0    5    6\\n1    7    8,    one  two\\n0    9   10\\n1   11   12)\"", \""DataFrame({'one': [(1, 5, 9), (3, 7, 11)], 'two': [(2, 6, 10), (4, 8, 12)]})\"", \""<Execution Error: name 'pd' is not defined>\""], [\""(   one  two\\n0    9   10\\n1   11   12,    one  two\\n0    1    2\\n1    3    4,    one  two\\n0    5    6\\n1    7    8)\"", \""DataFrame({'one': [(9, 1, 5), (11, 3, 7)], 'two': [(10, 2, 6), (12, 4, 8)]})\"", \""<Execution Error: name 'pd' is not defined>\""]]""}"
"DS1000","hallucinated","DS0228","","","","{""error_type"": ""AssertionError"", ""error_message"": """", ""line_no"": """", ""test_case"": ""[[\""(   one  two\\n0    1    2\\n1    3    4,    one  two\\n0    5    6\\n1    7    8\\n2    9   10)\"", \""DataFrame({'one': [(1.0, 5), (3.0, 7), (nan, 9)], 'two': [(2.0, 6), (4.0, 8), (nan, 10)]})\"", \""<Execution Error: name 'pd' is not defined>\""], [\""(   one  two\\n0    1    2\\n1    3    4\\n2    5    6,    one  two\\n0    7    8\\n1    9   10)\"", \""DataFrame({'one': [(1, 7.0), (3, 9.0), (5, nan)], 'two': [(2, 8.0), (4, 10.0), (6, nan)]})\"", \""<Execution Error: name 'pd' is not defined>\""]]""}"
"DS1000","hallucinated","DS0229","","","","{""error_type"": ""AssertionError"", ""error_message"": """", ""line_no"": """", ""test_case"": ""[[\""(  username  post_id  views\\n0     john        1      3\\n1     john        2     23\\n2     john        3     44\\n3     john        4     82\\n4     jane        7      5\\n5     jane        8     25\\n6     jane        9     46\\n7     jane       10     56, [1, 10, 25, 50, 100])\"", \""DataFrame({Interval(1, 10, closed='right'): [1, 1], Interval(10, 25, closed='right'): [1, 1], Interval(25, 50, closed='right'): [1, 1], Interval(50, 100, closed='right'): [1, 1]})\"", \""<Execution Error: name 'df' is not defined>\""], [\""(  username  post_id  views\\n0     john        1      3\\n1     john        2     23\\n2     john        3     44\\n3     john        4     82\\n4     jane        7      5\\n5     jane        8     25\\n6     jane        9     46\\n7     jane       10     56, [1, 5, 25, 50, 100])\"", \""DataFrame({Interval(1, 5, closed='right'): [1, 1], Interval(5, 25, closed='right'): [1, 1], Interval(25, 50, closed='right'): [1, 1], Interval(50, 100, closed='right'): [1, 1]})\"", \""<Execution Error: name 'df' is not defined>\""]]""}"
"DS1000","hallucinated","DS0230","","","","{""error_type"": ""AssertionError"", ""error_message"": """", ""line_no"": """", ""test_case"": ""[[\""(  username  post_id  views\\n0     john        1      3\\n1     john        2     23\\n2     john        3     44\\n3     john        4     82\\n4     jane        7      5\\n5     jane        8     25\\n6     jane        9     46\\n7     jane       10     56, [1, 10, 25, 50, 100])\"", \""DataFrame({Interval(1, 10, closed='right'): [1, 1], Interval(10, 25, closed='right'): [1, 1], Interval(25, 50, closed='right'): [1, 1], Interval(50, 100, closed='right'): [1, 1]})\"", \""<Execution Error: name 'df' is not defined>\""], [\""(  username  post_id  views\\n0     john        1      3\\n1     john        2     23\\n2     john        3     44\\n3     john        4     82\\n4     jane        7      5\\n5     jane        8     25\\n6     jane        9     46\\n7     jane       10     56, [1, 5, 25, 50, 100])\"", \""DataFrame({Interval(1, 5, closed='right'): [1, 1], Interval(5, 25, closed='right'): [1, 1], Interval(25, 50, closed='right'): [1, 1], Interval(50, 100, closed='right'): [1, 1]})\"", \""<Execution Error: name 'df' is not defined>\""]]""}"
"DS1000","hallucinated","DS0231","","","","{""error_type"": ""AssertionError"", ""error_message"": """", ""line_no"": """", ""test_case"": ""[[\""(  username  post_id  views\\n0      tom       10      3\\n1      tom        8     23\\n2      tom        7     44\\n3      tom        6     82\\n4     jack        5      5\\n5     jack        4     25\\n6     jack        3     46\\n7     jack        2     56, [1, 10, 25, 50, 100])\"", \""DataFrame({Interval(1, 10, closed='right'): [1, 1], Interval(10, 25, closed='right'): [1, 1], Interval(25, 50, closed='right'): [1, 1], Interval(50, 100, closed='right'): [1, 1]})\"", \""<Execution Error: name 'df' is not defined>\""], [\""(  username  post_id  views\\n0      tom       10      3\\n1      tom        8     23\\n2      tom        7     44\\n3      tom        6     82\\n4     jack        5      5\\n5     jack        4     25\\n6     jack        3     46\\n7     jack        2     56, [1, 5, 25, 50, 100])\"", \""DataFrame({Interval(1, 5, closed='right'): [1, 1], Interval(5, 25, closed='right'): [1, 1], Interval(25, 50, closed='right'): [1, 1], Interval(50, 100, closed='right'): [1, 1]})\"", \""<Execution Error: name 'df' is not defined>\""]]""}"
"DS1000","hallucinated","DS0232","","","","{""error_type"": ""AssertionError"", ""error_message"": """", ""line_no"": """", ""test_case"": ""[[\""DataFrame({'text': ['abc', 'def', 'ghi', 'jkl']})\"", \""DataFrame({'text': ['abc, def, ghi, jkl']})\"", \""<Execution Error: name 'df' is not defined>\""], [\""DataFrame({'text': ['abc', 'dgh', 'mni', 'qwe']})\"", \""DataFrame({'text': ['abc, dgh, mni, qwe']})\"", \""<Execution Error: name 'df' is not defined>\""]]""}"
"DS1000","hallucinated","DS0233","","","","{""error_type"": ""AssertionError"", ""error_message"": """", ""line_no"": """", ""test_case"": ""[[\""DataFrame({'text': ['abc', 'def', 'ghi', 'jkl']})\"", \""DataFrame({'text': ['abc-def-ghi-jkl']})\"", \""<Execution Error: name 'df' is not defined>\""], [\""DataFrame({'text': ['abc', 'dgh', 'mni', 'qwe']})\"", \""DataFrame({'text': ['abc-dgh-mni-qwe']})\"", \""<Execution Error: name 'df' is not defined>\""]]""}"
"DS1000","hallucinated","DS0234","","","","{""error_type"": ""AssertionError"", ""error_message"": """", ""line_no"": """", ""test_case"": ""[[\""DataFrame({'text': ['abc', 'def', 'ghi', 'jkl']})\"", \""DataFrame({'text': ['jkl, ghi, def, abc']})\"", \""<Execution Error: name 'df' is not defined>\""], [\""DataFrame({'text': ['abc', 'dgh', 'mni', 'qwe']})\"", \""DataFrame({'text': ['qwe, mni, dgh, abc']})\"", \""<Execution Error: name 'df' is not defined>\""]]""}"
"DS1000","hallucinated","DS0235","","","","{""error_type"": ""AssertionError"", ""error_message"": """", ""line_no"": """", ""test_case"": ""[[\""DataFrame({'text': ['abc', 'def', 'ghi', 'jkl']})\"", \""Series({0: 'abc, def, ghi, jkl'})\"", \""<Execution Error: name 'df' is not defined>\""], [\""DataFrame({'text': ['abc', 'dgh', 'mni', 'qwe']})\"", \""Series({0: 'abc, dgh, mni, qwe'})\"", \""<Execution Error: name 'df' is not defined>\""]]""}"
"DS1000","hallucinated","DS0236","","","","{""error_type"": ""AssertionError"", ""error_message"": """", ""line_no"": """", ""test_case"": ""[[\""DataFrame({'text': ['abc', 'def', 'ghi', 'jkl']})\"", \""Series({0: 'jkl-ghi-def-abc'})\"", \""<Execution Error: name 'df' is not defined>\""], [\""DataFrame({'text': ['abc', 'dgh', 'mni', 'qwe']})\"", \""Series({0: 'qwe-mni-dgh-abc'})\"", \""<Execution Error: name 'df' is not defined>\""]]""}"
"DS1000","hallucinated","DS0237","","","","{""error_type"": ""AssertionError"", ""error_message"": """", ""line_no"": """", ""test_case"": ""[[\""(   id city district      date  value\\n0   1   bj       ft  2019/1/1      1\\n1   2   bj       ft  2019/1/1      5\\n2   3   sh       hp  2019/1/1      9\\n3   4   sh       hp  2019/1/1     13\\n4   5   sh       hp  2019/1/1     17,    id      date  value\\n0   3  2019/2/1      1\\n1   4  2019/2/1      5\\n2   5  2019/2/1      9\\n3   6  2019/2/1     13\\n4   7  2019/2/1     17)\"", \""DataFrame({'id': [1, 2, 3, 4, 5, 3, 4, 5, 6, 7], 'city': ['bj', 'bj', 'sh', 'sh', 'sh', 'sh', 'sh', 'sh', nan, nan], 'district': ['ft', 'ft', 'hp', 'hp', 'hp', 'hp', 'hp', 'hp', nan, nan], 'date': ['2019/1/1', '2019/1/1', '2019/1/1', '2019/1/1', '2019/1/1', '2019/2/1', '2019/2/1', '2019/2/1', '2019/2/1', '2019/2/1'], 'value': [1, 5, 9, 13, 17, 1, 5, 9, 13, 17]})\"", \""<Execution Error: name 'pd' is not defined>\""], [\""(   id city district      date  value\\n0   1   bj       ft  2019/2/1      1\\n1   2   bj       ft  2019/2/1      5\\n2   3   sh       hp  2019/2/1      9\\n3   4   sh       hp  2019/2/1     13\\n4   5   sh       hp  2019/2/1     17,    id      date  value\\n0   3  2019/3/1      1\\n1   4  2019/3/1      5\\n2   5  2019/3/1      9\\n3   6  2019/3/1     13\\n4   7  2019/3/1     17)\"", \""DataFrame({'id': [1, 2, 3, 4, 5, 3, 4, 5, 6, 7], 'city': ['bj', 'bj', 'sh', 'sh', 'sh', 'sh', 'sh', 'sh', nan, nan], 'district': ['ft', 'ft', 'hp', 'hp', 'hp', 'hp', 'hp', 'hp', nan, nan], 'date': ['2019/2/1', '2019/2/1', '2019/2/1', '2019/2/1', '2019/2/1', '2019/3/1', '2019/3/1', '2019/3/1', '2019/3/1', '2019/3/1'], 'value': [1, 5, 9, 13, 17, 1, 5, 9, 13, 17]})\"", \""<Execution Error: name 'pd' is not defined>\""]]""}"
"DS1000","hallucinated","DS0238","","","","{""error_type"": ""KeyError"", ""error_message"": ""'date'"", ""line_no"": ""4.0"", ""test_case"": ""[[\""(   id city district      date  value\\n0   1   bj       ft  2019/1/1      1\\n1   2   bj       ft  2019/1/1      5\\n2   3   sh       hp  2019/1/1      9\\n3   4   sh       hp  2019/1/1     13\\n4   5   sh       hp  2019/1/1     17,    id      date  value\\n0   3  2019/2/1      1\\n1   4  2019/2/1      5\\n2   5  2019/2/1      9\\n3   6  2019/2/1     13\\n4   7  2019/2/1     17)\"", \""DataFrame({'id': [1, 2, 3, 3, 4, 4, 5, 5, 6, 7], 'city': ['bj', 'bj', 'sh', 'sh', 'sh', 'sh', 'sh', 'sh', nan, nan], 'district': ['ft', 'ft', 'hp', 'hp', 'hp', 'hp', 'hp', 'hp', nan, nan], 'date': ['01-Jan-2019', '01-Jan-2019', '01-Feb-2019', '01-Jan-2019', '01-Feb-2019', '01-Jan-2019', '01-Feb-2019', '01-Jan-2019', '01-Feb-2019', '01-Feb-2019'], 'value': [1, 5, 1, 9, 5, 13, 9, 17, 13, 17]})\"", \""<Execution Error: name 'pd' is not defined>\""], [\""(   id city district      date  value\\n0   1   bj       ft  2019/2/1      1\\n1   2   bj       ft  2019/2/1      5\\n2   3   sh       hp  2019/2/1      9\\n3   4   sh       hp  2019/2/1     13\\n4   5   sh       hp  2019/2/1     17,    id      date  value\\n0   3  2019/3/1      1\\n1   4  2019/3/1      5\\n2   5  2019/3/1      9\\n3   6  2019/3/1     13\\n4   7  2019/3/1     17)\"", \""DataFrame({'id': [1, 2, 3, 3, 4, 4, 5, 5, 6, 7], 'city': ['bj', 'bj', 'sh', 'sh', 'sh', 'sh', 'sh', 'sh', nan, nan], 'district': ['ft', 'ft', 'hp', 'hp', 'hp', 'hp', 'hp', 'hp', nan, nan], 'date': ['01-Feb-2019', '01-Feb-2019', '01-Feb-2019', '01-Mar-2019', '01-Feb-2019', '01-Mar-2019', '01-Feb-2019', '01-Mar-2019', '01-Mar-2019', '01-Mar-2019'], 'value': [1, 5, 9, 1, 13, 5, 17, 9, 13, 17]})\"", \""<Execution Error: name 'pd' is not defined>\""]]""}"
"DS1000","hallucinated","DS0239","","","","{""error_type"": ""AssertionError"", ""error_message"": """", ""line_no"": """", ""test_case"": ""[[\""(   id city district      date  value\\n0   1   bj       ft  2019/1/1      1\\n1   2   bj       ft  2019/1/1      5\\n2   3   sh       hp  2019/1/1      9\\n3   4   sh       hp  2019/1/1     13\\n4   5   sh       hp  2019/1/1     17,    id      date  value\\n0   3  2019/2/1      1\\n1   4  2019/2/1      5\\n2   5  2019/2/1      9\\n3   6  2019/2/1     13\\n4   7  2019/2/1     17)\"", \""DataFrame({'id': [1, 2, 3, 3, 4, 4, 5, 5, 6, 7], 'city': ['bj', 'bj', 'sh', 'sh', 'sh', 'sh', 'sh', 'sh', nan, nan], 'district': ['ft', 'ft', 'hp', 'hp', 'hp', 'hp', 'hp', 'hp', nan, nan], 'date': ['2019/1/1', '2019/1/1', '2019/1/1', '2019/2/1', '2019/1/1', '2019/2/1', '2019/1/1', '2019/2/1', '2019/2/1', '2019/2/1'], 'value': [1, 5, 9, 1, 13, 5, 17, 9, 13, 17]})\"", \""<Execution Error: name 'pd' is not defined>\""], [\""(   id city district      date  value\\n0   1   bj       ft  2019/2/1      1\\n1   2   bj       ft  2019/2/1      5\\n2   3   sh       hp  2019/2/1      9\\n3   4   sh       hp  2019/2/1     13\\n4   5   sh       hp  2019/2/1     17,    id      date  value\\n0   3  2019/3/1      1\\n1   4  2019/3/1      5\\n2   5  2019/3/1      9\\n3   6  2019/3/1     13\\n4   7  2019/3/1     17)\"", \""DataFrame({'id': [1, 2, 3, 3, 4, 4, 5, 5, 6, 7], 'city': ['bj', 'bj', 'sh', 'sh', 'sh', 'sh', 'sh', 'sh', nan, nan], 'district': ['ft', 'ft', 'hp', 'hp', 'hp', 'hp', 'hp', 'hp', nan, nan], 'date': ['2019/2/1', '2019/2/1', '2019/2/1', '2019/3/1', '2019/2/1', '2019/3/1', '2019/2/1', '2019/3/1', '2019/3/1', '2019/3/1'], 'value': [1, 5, 9, 1, 13, 5, 17, 9, 13, 17]})\"", \""<Execution Error: name 'pd' is not defined>\""]]""}"
"DS1000","hallucinated","DS0240","","","","{""error_type"": ""AssertionError"", ""error_message"": """", ""line_no"": """", ""test_case"": ""[[\""(    A  B\\n0  AB  1\\n1  CD  2\\n2  EF  3,     A  B\\n0  CD  4\\n1  GH  5)\"", \""DataFrame({'A': ['AB', 'CD', 'EF', 'GH'], 'B': [1, 4, 3, 5]})\"", \""<Execution Error: name 'pd' is not defined>\""], [\""(    A  B\\n0  CD  4\\n1  GH  5,     A  B\\n0  AB  1\\n1  CD  2\\n2  EF  3)\"", \""DataFrame({'A': ['AB', 'CD', 'EF', 'GH'], 'B': [1, 2, 3, 5]})\"", \""<Execution Error: name 'pd' is not defined>\""]]""}"
"DS1000","hallucinated","DS0241","","","","{""error_type"": ""AssertionError"", ""error_message"": """", ""line_no"": """", ""test_case"": ""[[\""(    A  B\\n0  AB  1\\n1  CD  2\\n2  EF  3,     A  B\\n0  CD  4\\n1  GH  5)\"", \""DataFrame({'A': ['AB', 'CD', 'EF', 'GH'], 'B': [1, 2, 3, 5]})\"", \""<Execution Error: name 'C' is not defined>\""], [\""(    A  B\\n0  CD  4\\n1  GH  5,     A  B\\n0  AB  1\\n1  CD  2\\n2  EF  3)\"", \""DataFrame({'A': ['AB', 'CD', 'EF', 'GH'], 'B': [1, 4, 3, 5]})\"", \""<Execution Error: name 'C' is not defined>\""]]""}"
"DS1000","hallucinated","DS0242","","","","{""error_type"": ""TypeError"", ""error_message"": ""NDFrame.fillna() got an unexpected keyword argument 'method'"", ""line_no"": ""4.0"", ""test_case"": ""[[\""(    A  B\\n0  AB  1\\n1  CD  2\\n2  EF  3,     A  B\\n0  CD  4\\n1  GH  5)\"", \""DataFrame({'A': ['AB', 'CD', 'EF', 'GH'], 'B': [1, 4, 3, 5], 'dulplicated': [False, True, False, False]})\"", \""<Execution Error: name 'pd' is not defined>\""], [\""(    A  B\\n0  CD  4\\n1  GH  5,     A  B\\n0  AB  1\\n1  CD  2\\n2  EF  3)\"", \""DataFrame({'A': ['AB', 'CD', 'EF', 'GH'], 'B': [1, 2, 3, 5], 'dulplicated': [True, True, False, False]})\"", \""<Execution Error: name 'pd' is not defined>\""]]""}"
"DS1000","hallucinated","DS0243","","","","{""error_type"": ""KeyError"", ""error_message"": ""'time'"", ""line_no"": ""4.0"", ""test_case"": ""[[\""DataFrame({'user': [1, 1, 2, 2, 3], 'time': [20, 10, 11, 18, 15], 'amount': [10.99, 4.99, 2.99, 1.99, 10.99]})\"", \""Series({1: [[20.0, 10.99], [10.0, 4.99]], 2: [[11.0, 2.99], [18.0, 1.99]], 3: [[15.0, 10.99]]})\"", \""<Execution Error: name 'df' is not defined>\""], [\""DataFrame({'user': [1, 1, 1, 2, 2, 3], 'time': [20, 10, 30, 11, 18, 15], 'amount': [10.99, 4.99, 16.99, 2.99, 1.99, 10.99]})\"", \""Series({1: [[20.0, 10.99], [10.0, 4.99], [30.0, 16.99]], 2: [[11.0, 2.99], [18.0, 1.99]], 3: [[15.0, 10.99]]})\"", \""<Execution Error: name 'df' is not defined>\""]]""}"
"DS1000","hallucinated","DS0244","","","","{""error_type"": ""KeyError"", ""error_message"": ""'time'"", ""line_no"": ""4.0"", ""test_case"": ""[[\""DataFrame({'user': [1, 1, 2, 2, 3], 'time': [20, 10, 11, 18, 15], 'amount': [10.99, 4.99, 2.99, 1.99, 10.99]})\"", \""DataFrame({'amount-time-tuple': [[[20.0, 10.99], [10.0, 4.99]], [[11.0, 2.99], [18.0, 1.99]], [[15.0, 10.99]]]})\"", \""<Execution Error: name 'df' is not defined>\""], [\""DataFrame({'user': [1, 1, 1, 2, 2, 3], 'time': [20, 10, 30, 11, 18, 15], 'amount': [10.99, 4.99, 16.99, 2.99, 1.99, 10.99]})\"", \""DataFrame({'amount-time-tuple': [[[20.0, 10.99], [10.0, 4.99], [30.0, 16.99]], [[11.0, 2.99], [18.0, 1.99]], [[15.0, 10.99]]]})\"", \""<Execution Error: name 'df' is not defined>\""]]""}"
"DS1000","hallucinated","DS0245","","","","{""error_type"": ""KeyError"", ""error_message"": ""'time'"", ""line_no"": ""4.0"", ""test_case"": ""[[\""DataFrame({'user': [1, 1, 2, 2, 3], 'time': [20, 10, 11, 18, 15], 'amount': [10.99, 4.99, 2.99, 1.99, 10.99]})\"", \""DataFrame({'amount-time-tuple': [[[10.0, 4.99], [20.0, 10.99]], [[18.0, 1.99], [11.0, 2.99]], [[15.0, 10.99]]]})\"", \""<Execution Error: name 'df' is not defined>\""], [\""DataFrame({'user': [1, 1, 1, 2, 2, 3], 'time': [20, 10, 30, 11, 18, 15], 'amount': [10.99, 4.99, 16.99, 2.99, 1.99, 10.99]})\"", \""DataFrame({'amount-time-tuple': [[[30.0, 16.99], [10.0, 4.99], [20.0, 10.99]], [[18.0, 1.99], [11.0, 2.99]], [[15.0, 10.99]]]})\"", \""<Execution Error: name 'df' is not defined>\""]]""}"
"DS1000","hallucinated","DS0246","","","","{""error_type"": ""NameError"", ""error_message"": ""name 'df' is not defined"", ""line_no"": """", ""test_case"": ""[[\""Series({'file1': array([1, 2, 3, 4]), 'file2': array([5, 6, 7, 8]), 'file3': array([ 9, 10, 11, 12])})\"", \""DataFrame({0: [1, 5, 9], 1: [2, 6, 10], 2: [3, 7, 11], 3: [4, 8, 12]})\"", \""<Execution Error: name 'pd' is not defined>\""], [\""Series({'file1': array([11, 12, 13, 14]), 'file2': array([5, 6, 7, 8]), 'file3': array([ 9, 10, 11, 12])})\"", \""DataFrame({0: [11, 5, 9], 1: [12, 6, 10], 2: [13, 7, 11], 3: [14, 8, 12]})\"", \""<Execution Error: name 'pd' is not defined>\""]]""}"
"DS1000","hallucinated","DS0247","","","","{""error_type"": ""NameError"", ""error_message"": ""name 'df' is not defined"", ""line_no"": """", ""test_case"": ""[[\""Series({'file1': array([1, 2, 3, 4]), 'file2': array([5, 6, 7, 8]), 'file3': array([ 9, 10, 11, 12])})\"", \""DataFrame({'name': ['file1', 'file2', 'file3'], 0: [1, 5, 9], 1: [2, 6, 10], 2: [3, 7, 11], 3: [4, 8, 12]})\"", \""<Execution Error: name 'pd' is not defined>\""], [\""Series({'file1': array([11, 12, 13, 14]), 'file2': array([5, 6, 7, 8]), 'file3': array([ 9, 10, 11, 12])})\"", \""DataFrame({'name': ['file1', 'file2', 'file3'], 0: [11, 5, 9], 1: [12, 6, 10], 2: [13, 7, 11], 3: [14, 8, 12]})\"", \""<Execution Error: name 'pd' is not defined>\""]]""}"
"DS1000","hallucinated","DS0248","","","","{""error_type"": ""AssertionError"", ""error_message"": """", ""line_no"": """", ""test_case"": ""[[\""(   spike-2  hey spke  spiked-in  no  spike\\n0        1         4          7  10     13\\n1        2         5          8  11     14\\n2        3         6          9  12     15, 'spike')\"", \""['spike-2', 'spiked-in']\"", \""<Execution Error: name 'df' is not defined>\""]]""}"
"DS1000","hallucinated","DS0249","","","","{""error_type"": ""ValueError"", ""error_message"": ""Item wrong length 5 instead of 3."", ""line_no"": ""4.0"", ""test_case"": ""[[\""(   spike-2  hey spke  spiked-in  no  spike\\n0        1         4          7  10     13\\n1        2         5          8  11     14\\n2        3         6          9  12     15, 'spike')\"", \""DataFrame({'spike-2': [1, 2, 3], 'spiked-in': [7, 8, 9]})\"", \""<Execution Error: name 'df' is not defined>\""]]""}"
"DS1000","hallucinated","DS0250","","","","{""error_type"": ""AttributeError"", ""error_message"": ""'Index' object has no attribute 'columns'"", ""line_no"": ""5.0"", ""test_case"": ""[[\""(   spike-2  hey spke  spiked-in  no  spike\\n0        1         4          7  10     13\\n1        2         5          8  11     14\\n2        3         6          9  12     15, 'spike')\"", \""DataFrame({'spike1': [1, 2, 3], 'spike2': [7, 8, 9]})\"", \""<Execution Error: name 'df' is not defined>\""]]""}"
"DS1000","hallucinated","DS0251","","","","{""error_type"": ""AssertionError"", ""error_message"": """", ""line_no"": """", ""test_case"": ""[[\""DataFrame({'codes': [[71020], [77085], [36415], [99213, 99287], [99233, 99234, 99233]]})\"", \""DataFrame({'code_0': [71020.0, 77085.0, 36415.0, 99213.0, 99233.0], 'code_1': [nan, nan, nan, 99287.0, 99234.0], 'code_2': [nan, nan, nan, nan, 99233.0]})\"", \""<Execution Error: name 'pd' is not defined>\""], [\""DataFrame({'codes': [[71020, 71011], [77085], [99999, 36415], [99213, 99287], [99233, 99232, 99234]]})\"", \""DataFrame({'code_0': [71020.0, 77085.0, 99999.0, 99213.0, 99233.0], 'code_1': [71011.0, nan, 36415.0, 99287.0, 99232.0], 'code_2': [nan, nan, nan, nan, 99234.0]})\"", \""<Execution Error: name 'pd' is not defined>\""]]""}"
"DS1000","hallucinated","DS0252","","","","{""error_type"": ""ValueError"", ""error_message"": ""1 columns passed, passed data had 3 columns"", ""line_no"": ""4.0"", ""test_case"": ""[[\""DataFrame({'codes': [[71020], [77085], [36416], [99213, 99287], [99233, 99233, 99233]]})\"", \""DataFrame({'code_1': [71020.0, 77085.0, 36416.0, 99213.0, 99233.0], 'code_2': [nan, nan, nan, 99287.0, 99233.0], 'code_3': [nan, nan, nan, nan, 99233.0]})\"", \""<Execution Error: name 'pd' is not defined>\""], [\""DataFrame({'codes': [[71020, 71011], [77085], [99999, 36415], [99213, 99287], [99233, 99232, 99234]]})\"", \""DataFrame({'code_1': [71020.0, 77085.0, 99999.0, 99213.0, 99233.0], 'code_2': [71011.0, nan, 36415.0, 99287.0, 99232.0], 'code_3': [nan, nan, nan, nan, 99234.0]})\"", \""<Execution Error: name 'pd' is not defined>\""]]""}"
"DS1000","hallucinated","DS0253","","","","{""error_type"": ""AssertionError"", ""error_message"": """", ""line_no"": """", ""test_case"": ""[[\""DataFrame({'codes': [[71020], [77085], [36415], [99213, 99287], [99234, 99233, 99234]]})\"", \""DataFrame({'code_1': [71020.0, 77085.0, 36415.0, 99213.0, 99233.0], 'code_2': [nan, nan, nan, 99287.0, 99234.0], 'code_3': [nan, nan, nan, nan, 99234.0]})\"", \""<Execution Error: name 'df' is not defined>\""], [\""DataFrame({'codes': [[71020, 71011], [77085], [99999, 36415], [99213, 99287], [99233, 99232, 99234]]})\"", \""DataFrame({'code_1': [71011.0, 77085.0, 36415.0, 99213.0, 99232.0], 'code_2': [71020.0, nan, 99999.0, 99287.0, 99233.0], 'code_3': [nan, nan, nan, nan, 99234.0]})\"", \""<Execution Error: name 'df' is not defined>\""]]""}"
"DS1000","hallucinated","DS0254","","","","{""error_type"": ""KeyError"", ""error_message"": ""'User IDs'"", ""line_no"": ""4.0"", ""test_case"": ""[[\""DataFrame({'col1': [[1, 2, 3], [1, 2, 3]]})\"", \""[1, 2, 3, 1, 2, 3]\"", \""<Execution Error: name 'df' is not defined>\""]]""}"
"DS1000","hallucinated","DS0255","","","","{""error_type"": ""KeyError"", ""error_message"": ""'User IDs'"", ""line_no"": ""4.0"", ""test_case"": ""[[\""DataFrame({'col1': [[1, 2, 3], [4, 5]]})\"", \""3,2,1,5,4\"", \""<Execution Error: name 'df' is not defined>\""]]""}"
"DS1000","hallucinated","DS0256","","","","{""error_type"": ""KeyError"", ""error_message"": ""'User IDs'"", ""line_no"": ""4.0"", ""test_case"": ""[[\""DataFrame({'col1': [[1, 2, 3], [1, 2, 3]]})\"", \""1,2,3,1,2,3\"", \""<Execution Error: name 'df' is not defined>\""]]""}"
"DS1000","hallucinated","DS0257","","","","{""error_type"": ""ValueError"", ""error_message"": ""Invalid frequency: 2T. Failed to parse with error message: ValueError(\""Invalid frequency: T. Failed to parse with error message: KeyError('T'). Did you mean min?\"")"", ""line_no"": """", ""test_case"": """"}"
"DS1000","hallucinated","DS0258","","","","{""error_type"": ""ValueError"", ""error_message"": ""Invalid frequency: 3T. Failed to parse with error message: ValueError(\""Invalid frequency: T. Failed to parse with error message: KeyError('T'). Did you mean min?\"")"", ""line_no"": """", ""test_case"": """"}"
"DS1000","hallucinated","DS0259","","","","{""error_type"": ""AssertionError"", ""error_message"": """", ""line_no"": """", ""test_case"": ""[[\""DataFrame({'ID': ['01', '01', '01', '02', '02'], 'TIME': ['2018-07-11 11:12:20', '2018-07-12 12:00:23', '2018-07-13 12:00:00', '2019-09-11 11:00:00', '2019-09-12 12:00:00']})\"", \""DataFrame({'ID': ['01', '01', '01', '02', '02'], 'TIME': [Timestamp('2018-07-11 11:12:20'), Timestamp('2018-07-12 12:00:23'), Timestamp('2018-07-13 12:00:00'), Timestamp('2019-09-11 11:00:00'), Timestamp('2019-09-12 12:00:00')], 'RANK': [1.0, 2.0, 3.0, 1.0, 2.0]})\"", \""<Execution Error: name 'df' is not defined>\""]]""}"
"DS1000","hallucinated","DS0260","","","","{""error_type"": ""AssertionError"", ""error_message"": """", ""line_no"": """", ""test_case"": ""[[\""DataFrame({'ID': ['01', '01', '01', '02', '02'], 'TIME': ['2018-07-11 11:12:20', '2018-07-12 12:00:23', '2018-07-13 12:00:00', '2019-09-11 11:00:00', '2019-09-12 12:00:00']})\"", \""DataFrame({'ID': ['01', '01', '01', '02', '02'], 'TIME': [Timestamp('2018-07-11 11:12:20'), Timestamp('2018-07-12 12:00:23'), Timestamp('2018-07-13 12:00:00'), Timestamp('2019-09-11 11:00:00'), Timestamp('2019-09-12 12:00:00')], 'RANK': [3.0, 2.0, 1.0, 2.0, 1.0]})\"", \""<Execution Error: name 'df' is not defined>\""]]""}"
"DS1000","passed","DS0261","","","",""
"DS1000","hallucinated","DS0262","","","","{""error_type"": ""IndexingError"", ""error_message"": ""Unalignable boolean Series provided as indexer (index of the boolean Series and of the indexed object do not match)."", ""line_no"": ""4.0"", ""test_case"": ""[[\""(     c\\na b   \\n1 1  0\\n  2  1\\n  3  2\\n2 1  3\\n  2  4\\n  3  5\\n3 1  6\\n  2  7\\n  3  8, 1     True\\n2    False\\n3     True\\ndtype: bool)\"", \""DataFrame({'c': [0, 1, 2, 6, 7, 8]})\"", \""<Execution Error: name 'df' is not defined>\""], [\""(     c\\na b   \\n1 1  0\\n  2  1\\n  3  2\\n2 1  3\\n  2  4\\n  3  5\\n3 1  6\\n  2  7\\n  3  8, 1     True\\n2     True\\n3    False\\ndtype: bool)\"", \""DataFrame({'c': [0, 1, 2, 3, 4, 5]})\"", \""<Execution Error: name 'df' is not defined>\""]]""}"
"DS1000","hallucinated","DS0263","","","","{""error_type"": ""IndexingError"", ""error_message"": ""Unalignable boolean Series provided as indexer (index of the boolean Series and of the indexed object do not match)."", ""line_no"": ""4.0"", ""test_case"": ""[[\""(     c\\na b   \\n1 1  0\\n  2  1\\n  3  2\\n2 1  3\\n  2  4\\n  3  5\\n3 1  6\\n  2  7\\n  3  8, 1     True\\n2    False\\n3     True\\ndtype: bool)\"", \""DataFrame({'c': [0, 2, 6, 8]})\"", \""<Execution Error: name 'df' is not defined>\""], [\""(     c\\na b   \\n1 1  0\\n  2  1\\n  3  2\\n2 1  3\\n  2  4\\n  3  5\\n3 1  6\\n  2  7\\n  3  8, 1     True\\n2     True\\n3    False\\ndtype: bool)\"", \""DataFrame({'c': [0, 1, 3, 4]})\"", \""<Execution Error: name 'df' is not defined>\""]]""}"
"DS1000","hallucinated","DS0264","","","","{""error_type"": ""AssertionError"", ""error_message"": """", ""line_no"": """", ""test_case"": ""[[\""DataFrame({'c0': [nan, 10.0, 8.0, 12.0, 16.0, 5.0, 6.0, 10.0, 18.0, nan], 'c1': [nan, 8.0, nan, nan, 7.0, 4.0, nan, 13.0, nan, nan], 'c2': [nan, nan, 14.0, 4.0, 11.0, 7.0, 11.0, nan, nan, nan], 'c3': [nan, nan, 17.0, 18.0, 17.0, nan, 16.0, 1.0, 18.0, nan], 'c4': [17.0, nan, 19.0, 13.0, 14.0, 12.0, 12.0, nan, 16.0, nan], 'c5': [16.0, nan, nan, 11.0, nan, nan, nan, nan, nan, 0.0], 'c6': [nan, nan, nan, 10.0, nan, 8.0, 17.0, 8.0, nan, nan], 'c7': [nan, nan, nan, 9.0, 1.0, nan, 15.0, 9.0, nan, 9.0],...[truncated]\"", \""Index(['c0', 'c3', 'c4', 'c5', 'c9'], dtype='str')\"", \""<Execution Error: name 'df' is not defined>\""]]""}"
"DS1000","hallucinated","DS0265","","","","{""error_type"": ""TypeError"", ""error_message"": ""Series.eq() got an unexpected keyword argument 'na_equal'"", ""line_no"": ""4.0"", ""test_case"": ""[[\""DataFrame({'c0': [nan, 10.0, 8.0, 12.0, 16.0, 5.0, 6.0, 10.0, 18.0, nan], 'c1': [nan, 8.0, nan, nan, 7.0, 4.0, nan, 13.0, nan, nan], 'c2': [nan, nan, 14.0, 4.0, 11.0, 7.0, 11.0, nan, nan, nan], 'c3': [nan, nan, 17.0, 18.0, 17.0, nan, 16.0, 1.0, 18.0, nan], 'c4': [17.0, nan, 19.0, 13.0, 14.0, 12.0, 12.0, nan, 16.0, nan], 'c5': [16.0, nan, nan, 11.0, nan, nan, nan, nan, nan, 0.0], 'c6': [nan, nan, nan, 10.0, nan, 8.0, 17.0, 8.0, nan, nan], 'c7': [nan, nan, nan, 9.0, 1.0, nan, 15.0, 9.0, nan, 9.0],...[truncated]\"", \""Index(['c1', 'c2', 'c6', 'c7', 'c8'], dtype='str')\"", \""<Execution Error: name 'df' is not defined>\""]]""}"
"DS1000","hallucinated","DS0266","","","","{""error_type"": ""AssertionError"", ""error_message"": """", ""line_no"": """", ""test_case"": ""[[\""DataFrame({'c0': [nan, 10.0, 8.0, 12.0, 16.0, 5.0, 6.0, 10.0, 18.0, nan], 'c1': [nan, 8.0, nan, nan, 7.0, 4.0, nan, 13.0, nan, nan], 'c2': [nan, nan, 14.0, 4.0, 11.0, 7.0, 11.0, nan, nan, nan], 'c3': [nan, nan, 17.0, 18.0, 17.0, nan, 16.0, 1.0, 18.0, nan], 'c4': [17.0, nan, 19.0, 13.0, 14.0, 12.0, 12.0, nan, 16.0, nan], 'c5': [16.0, nan, nan, 11.0, nan, nan, nan, nan, nan, 0.0], 'c6': [nan, nan, nan, 10.0, nan, 8.0, 17.0, 8.0, nan, nan], 'c7': [nan, nan, nan, 9.0, 1.0, nan, 15.0, 9.0, nan, 9.0],...[truncated]\"", \""['c0', 'c3', 'c4', 'c5', 'c9']\"", \""<Execution Error: name 'df' is not defined>\""]]""}"
"DS1000","hallucinated","DS0267","","","[{'type': 'attribute_error', 'object': 'pd', 'attribute': 'isclose', 'line': 5}]","{""error_type"": ""AttributeError"", ""error_message"": ""module 'pandas' has no attribute 'isclose'"", ""line_no"": ""4.0"", ""test_case"": ""[[\""DataFrame({'c0': [nan, 10.0, 8.0, 12.0, 16.0, 5.0, 6.0, 10.0, 18.0, nan], 'c1': [nan, 8.0, nan, nan, 7.0, 4.0, nan, 13.0, nan, nan], 'c2': [nan, nan, 14.0, 4.0, 11.0, 7.0, 11.0, nan, nan, nan], 'c3': [nan, nan, 17.0, 18.0, 17.0, nan, 16.0, 1.0, 18.0, nan], 'c4': [17.0, nan, 19.0, 13.0, 14.0, 12.0, 12.0, nan, 16.0, nan], 'c5': [16.0, nan, nan, 11.0, nan, nan, nan, nan, nan, 0.0], 'c6': [nan, nan, nan, 10.0, nan, 8.0, 17.0, 8.0, nan, nan], 'c7': [nan, nan, nan, 9.0, 1.0, nan, 15.0, 9.0, nan, 9.0],...[truncated]\"", \""[(np.float64(nan), np.float64(18.0)), (np.float64(nan), np.float64(18.0)), (np.float64(17.0), np.float64(16.0)), (np.float64(16.0), np.float64(nan)), (np.float64(0.0), np.float64(nan))]\"", \""<Execution Error: name 'df' is not defined>\""]]""}"
"DS1000","hallucinated","DS0268","","","","{""error_type"": ""NameError"", ""error_message"": ""name 'ts' is not defined"", ""line_no"": """", ""test_case"": ""[[\""DataFrame({'Date': [Timestamp('2016-01-01 00:00:00'), Timestamp('2016-01-02 00:00:00'), Timestamp('2016-01-03 00:00:00'), Timestamp('2016-01-04 00:00:00'), Timestamp('2016-01-05 00:00:00'), Timestamp('2016-01-06 00:00:00'), Timestamp('2016-01-07 00:00:00'), Timestamp('2016-01-08 00:00:00'), Timestamp('2016-01-09 00:00:00'), Timestamp('2016-01-10 00:00:00'), Timestamp('2016-01-11 00:00:00'), Timestamp('2016-01-12 00:00:00'), Timestamp('2016-01-13 00:00:00'), Timestamp('2016-01-14 00:00:00'), Time...[truncated]\"", \""Series({Timestamp('2016-01-01 00:00:00'): 0, Timestamp('2016-01-02 00:00:00'): 1, Timestamp('2016-01-03 00:00:00'): 2, Timestamp('2016-01-04 00:00:00'): 3, Timestamp('2016-01-05 00:00:00'): 4, Timestamp('2016-01-06 00:00:00'): 5, Timestamp('2016-01-07 00:00:00'): 6, Timestamp('2016-01-08 00:00:00'): 7, Timestamp('2016-01-09 00:00:00'): 8, Timestamp('2016-01-10 00:00:00'): 9, Timestamp('2016-01-11 00:00:00'): 10, Timestamp('2016-01-12 00:00:00'): 11, Timestamp('2016-01-13 00:00:00'): 12, Timestam...[truncated]\"", \""<Execution Error: name 'df' is not defined>\""]]""}"
"DS1000","hallucinated","DS0269","","","","{""error_type"": ""AssertionError"", ""error_message"": """", ""line_no"": """", ""test_case"": ""[[\""DataFrame({'A': [1, 6, 11], 'B': [2, 7, 12], 'C': [3, 8, 13], 'D': [4, 9, 14], 'E': [5, 10, 15]})\"", \""DataFrame({'A_1': [1], 'B_1': [2], 'C_1': [3], 'D_1': [4], 'E_1': [5], 'A_2': [6], 'B_2': [7], 'C_2': [8], 'D_2': [9], 'E_2': [10], 'A_3': [11], 'B_3': [12], 'C_3': [13], 'D_3': [14], 'E_3': [15]})\"", \""<Execution Error: name 'df' is not defined>\""], [\""DataFrame({'A': [1, 6], 'B': [2, 7], 'C': [3, 8], 'D': [4, 9], 'E': [5, 10]})\"", \""DataFrame({'A_1': [1], 'B_1': [2], 'C_1': [3], 'D_1': [4], 'E_1': [5], 'A_2': [6], 'B_2': [7], 'C_2': [8], 'D_2': [9], 'E_2': [10]})\"", \""<Execution Error: name 'df' is not defined>\""]]""}"
"DS1000","hallucinated","DS0270","","","","{""error_type"": ""AssertionError"", ""error_message"": """", ""line_no"": """", ""test_case"": ""[[\""DataFrame({'A': [1, 6, 11], 'B': [2, 7, 12], 'C': [3, 8, 13], 'D': [4, 9, 14], 'E': [5, 10, 15]})\"", \""DataFrame({'A_0': [1], 'B_0': [2], 'C_0': [3], 'D_0': [4], 'E_0': [5], 'A_1': [6], 'B_1': [7], 'C_1': [8], 'D_1': [9], 'E_1': [10], 'A_2': [11], 'B_2': [12], 'C_2': [13], 'D_2': [14], 'E_2': [15]})\"", \""<Execution Error: name 'df' is not defined>\""], [\""DataFrame({'A': [1, 6], 'B': [2, 7], 'C': [3, 8], 'D': [4, 9], 'E': [5, 10]})\"", \""DataFrame({'A_0': [1], 'B_0': [2], 'C_0': [3], 'D_0': [4], 'E_0': [5], 'A_1': [6], 'B_1': [7], 'C_1': [8], 'D_1': [9], 'E_1': [10]})\"", \""<Execution Error: name 'df' is not defined>\""]]""}"
"DS1000","hallucinated","DS0271","","","","{""error_type"": ""TypeError"", ""error_message"": ""type NAType doesn't define __round__ method"", ""line_no"": ""4.0"", ""test_case"": ""[[\""DataFrame({'dogs': [0.21, 0.01, 0.66123, 0.21, None], 'cats': [0.3212, 0.61237, 0.03, 0.18, 0.18]})\"", \""DataFrame({'dogs': [0.21, 0.01, 0.66, 0.21, None], 'cats': [0.3212, 0.61237, 0.03, 0.18, 0.18]})\"", \""<Execution Error: name 'df' is not defined>\""], [\""DataFrame({'dogs': [0.215, 0.01, 0.36123, 0.21, None], 'cats': [0.3212, 0.11237, 0.03, 0.18, 0.18]})\"", \""DataFrame({'dogs': [0.21, 0.01, 0.36, 0.21, None], 'cats': [0.3212, 0.11237, 0.03, 0.18, 0.18]})\"", \""<Execution Error: name 'df' is not defined>\""]]""}"
"DS1000","hallucinated","DS0272","","","","{""error_type"": ""AssertionError"", ""error_message"": """", ""line_no"": """", ""test_case"": ""[[\""DataFrame({'dogs': [0.21, 0.01, 0.66123, 0.21, None], 'cats': [0.3212, 0.61237, None, 0.18, 0.188]})\"", \""DataFrame({'dogs': [0.21, 0.01, 0.66123, 0.21, None], 'cats': [0.32, 0.61, None, 0.18, 0.188]})\"", \""<Execution Error: name 'df' is not defined>\""], [\""DataFrame({'dogs': [None, 0.01, 0.66123, 0.21, None], 'cats': [0.3212, 0.61237, None, 0.18, 0.188]})\"", \""DataFrame({'dogs': [None, 0.01, 0.66123, 0.21, None], 'cats': [0.3212, 0.61, None, 0.18, 0.188]})\"", \""<Execution Error: name 'df' is not defined>\""]]""}"
"DS1000","hallucinated","DS0273","","","","{""error_type"": ""AssertionError"", ""error_message"": """", ""line_no"": """", ""test_case"": ""[[\""(   Col A  Col B  Col C  Col D  Col E  Col F  Col G  Col H  Col I  Col J  ...  Col Q  Col R  Col S  Col T  Col U  Col V  Col W  Col X  Col Y  Col Z\\n0     10     41     50     31     94     16     29     89     23     98  ...     31      5      4      3     43     19     72     69     10     12\\n1     16     37     52     31     78     19     34     51     12     51  ...     90     88     10     66     35     51     89     15     41     79\\n2     65     17     55     90     23     81     85     55 ...[truncated]\"", \""DataFrame({'Col A': [10, 16, 65, 29, 90, 94, 30, 9, 74, 1], 'Col B': [41, 37, 17, 12, 55, 89, 63, 34, 73, 79], 'Col C': [50, 52, 55, 78, 70, 14, 26, 14, 93, 87], 'Col D': [31, 31, 90, 13, 66, 32, 58, 37, 28, 19], 'Col E': [94, 78, 23, 24, 95, 12, 29, 75, 89, 10], 'Col F': [16, 19, 81, 72, 89, 12, 18, 47, 8, 76], 'Col G': [29, 34, 85, 97, 89, 45, 6, 5, 72, 89], 'Col H': [89, 51, 55, 35, 16, 78, 89, 16, 7, 86], 'Col I': [23, 12, 13, 93, 97, 63, 58, 80, 43, 58], 'Col J': [98, 51, 46, 41, 90, 74, 38...[truncated]\"", \""<Execution Error: name 'df' is not defined>\""]]""}"
"DS1000","hallucinated","DS0274","","","","{""error_type"": ""NameError"", ""error_message"": ""name 'result' is not defined"", ""line_no"": ""4.0"", ""test_case"": ""[[\""(   Col A  Col B  Col C  Col D  Col E  Col F  Col G  Col H  Col I  Col J  ...  Col Q  Col R  Col S  Col T  Col U  Col V  Col W  Col X  Col Y  Col Z\\n0     10     41     50     31     94     16     29     89     23     98  ...     31      5      4      3     43     19     72     69     10     12\\n1     16     37     52     31     78     19     34     51     12     51  ...     90     88     10     66     35     51     89     15     41     79\\n2     65     17     55     90     23     81     85     55 ...[truncated]\"", \""DataFrame({'Col A': [10, 16, 65, 29, 90, 94, 30, 9, 74, 1], 'Col B': [41, 37, 17, 12, 55, 89, 63, 34, 73, 79], 'Col C': [50, 52, 55, 78, 70, 14, 26, 14, 93, 87], 'Col D': [31, 31, 90, 13, 66, 32, 58, 37, 28, 19], 'Col E': [94, 78, 23, 24, 95, 12, 29, 75, 89, 10], 'Col F': [16, 19, 81, 72, 89, 12, 18, 47, 8, 76], 'Col G': [29, 34, 85, 97, 89, 45, 6, 5, 72, 89], 'Col H': [89, 51, 55, 35, 16, 78, 89, 16, 7, 86], 'Col I': [23, 12, 13, 93, 97, 63, 58, 80, 43, 58], 'Col J': [98, 51, 46, 41, 90, 74, 38...[truncated]\"", \""<Execution Error: name 'df' is not defined>\""]]""}"
"DS1000","hallucinated","DS0275","","","","{""error_type"": ""NameError"", ""error_message"": ""name 'result' is not defined"", ""line_no"": ""4.0"", ""test_case"": ""[[\""(   Col A  Col B  Col C  Col D  Col E  Col F  Col G  Col H  Col I  Col J  ...  Col Q  Col R  Col S  Col T  Col U  Col V  Col W  Col X  Col Y  Col Z\\n0     10     41     50     31     94     16     29     89     23     98  ...     31      5      4      3     43     19     72     69     10     12\\n1     16     37     52     31     78     19     34     51     12     51  ...     90     88     10     66     35     51     89     15     41     79\\n2     65     17     55     90     23     81     85     55 ...[truncated]\"", \""DataFrame({'Col A': [10, 16, 65, 29, 90, 94, 30, 9, 74, 1], 'Col B': [41, 37, 17, 12, 55, 89, 63, 34, 73, 79], 'Col C': [50, 52, 55, 78, 70, 14, 26, 14, 93, 87], 'Col D': [31, 31, 90, 13, 66, 32, 58, 37, 28, 19], 'Col E': [94, 78, 23, 24, 95, 12, 29, 75, 89, 10], 'Col F': [16, 19, 81, 72, 89, 12, 18, 47, 8, 76], 'Col G': [29, 34, 85, 97, 89, 45, 6, 5, 72, 89], 'Col H': [89, 51, 55, 35, 16, 78, 89, 16, 7, 86], 'Col I': [23, 12, 13, 93, 97, 63, 58, 80, 43, 58], 'Col J': [98, 51, 46, 41, 90, 74, 38...[truncated]\"", \""<Execution Error: name 'df' is not defined>\""]]""}"
"DS1000","passed","DS0276","","","",""
"DS1000","passed","DS0277","","","",""
"DS1000","hallucinated","DS0278","","","","{""error_type"": ""NameError"", ""error_message"": ""name 'sp' is not defined"", ""line_no"": ""4.0"", ""test_case"": ""[[\""DataFrame({'Open': [2898.75, 2899.25, 2898.5, 2898.25, 2898.5], 'High': [2899.25, 2899.75, 2899.0, 2899.25, 2899.5], 'Low': [2896.5, 2897.75, 2896.5, 2897.75, 2898.25], 'Last': [2899.25, 2898.5, 2898.0, 2898.0, 2898.75], 'Volume': [1636, 630, 1806, 818, 818], '# of Trades': [862, 328, 562, 273, 273], 'OHLC Avg': [2898.44, 2898.81, 2898.0, 2898.31, 2898.62], 'HLC Avg': [2898.33, 2898.67, 2897.75, 2898.33, 2898.75], 'HL Avg': [2897.88, 2898.75, 2897.75, 2898.5, 2898.75], 'Delta': [-146, 168, -162,...[truncated]\"", \""DataFrame({'Open': [2898.75, 2899.25, 2898.5], 'High': [2899.25, 2899.75, 2899.5], 'Low': [2896.5, 2897.75, 2898.25], 'Last': [2899.25, 2898.5, 2898.75], 'Volume': [1636, 630, 818], '# of Trades': [862, 328, 273], 'OHLC Avg': [2898.44, 2898.81, 2898.62], 'HLC Avg': [2898.33, 2898.67, 2898.75], 'HL Avg': [2897.88, 2898.75, 2898.75], 'Delta': [-146, 168, -100], 'HiLodiff': [11, 8, 6], 'OCdiff': [-2, 3, 1], 'div_Bar_Delta': [1, 2, -1]})\"", \""<Execution Error: name 'sp' is not defined>\""]]""}"
"DS1000","hallucinated","DS0279","","","","{""error_type"": ""NameError"", ""error_message"": ""name 'sp' is not defined"", ""line_no"": ""4.0"", ""test_case"": ""[[\""DataFrame({'Open': [2898.75, 2899.25, 2898.5, 2898.25, 2898.5], 'High': [2899.25, 2899.75, 2899.0, 2899.25, 2899.5], 'Low': [2896.5, 2897.75, 2896.5, 2897.75, 2898.25], 'Last': [2899.25, 2898.5, 2898.0, 2898.0, 2898.75], 'Volume': [1636, 630, 1806, 818, 818], '# of Trades': [862, 328, 562, 273, 273], 'OHLC Avg': [2898.44, 2898.81, 2898.0, 2898.31, 2898.62], 'HLC Avg': [2898.33, 2898.67, 2897.75, 2898.33, 2898.75], 'HL Avg': [2897.88, 2898.75, 2897.75, 2898.5, 2898.75], 'Delta': [-146, 168, -162,...[truncated]\"", \""DataFrame({'Open': [2898.75, 2899.25, 2898.5], 'High': [2899.25, 2899.75, 2899.5], 'Low': [2896.5, 2897.75, 2898.25], 'Last': [2899.25, 2898.5, 2898.75], 'Volume': [1636, 630, 818], '# of Trades': [862, 328, 273], 'OHLC Avg': [2898.44, 2898.81, 2898.62], 'HLC Avg': [2898.33, 2898.67, 2898.75], 'HL Avg': [2897.88, 2898.75, 2898.75], 'Delta': [-146, 168, -100], 'HiLodiff': [11, 8, 6], 'OCdiff': [-2, 3, 1], 'div_Bar_Delta': [1, 2, -1]})\"", \""<Execution Error: name 'sp' is not defined>\""]]""}"
"DS1000","hallucinated","DS0280","","","","{""error_type"": ""AssertionError"", ""error_message"": """", ""line_no"": """", ""test_case"": ""[[\""DataFrame({0: [1.0, 0.21411899726218292, -0.07341389490125763, 0.37315318154218513, -0.03291358921900351], 1: [0.21411899726218292, 1.0, -0.6829830437389907, 0.41921858368084847, 0.3561491865059525], 2: [-0.07341389490125763, -0.6829830437389907, 1.0, -0.6827316407317322, -0.6588376599505005], 3: [0.37315318154218513, 0.41921858368084847, -0.6827316407317322, 1.0, 0.38997171263981584], 4: [-0.03291358921900351, 0.3561491865059525, -0.6588376599505005, 0.38997171263981584, 1.0]})\"", \""DataFrame({'Pearson Correlation Coefficient': [0.37315318154218513, 0.41921858368084847, 0.3561491865059525, 0.38997171263981584]})\"", \""<Execution Error: name 'corr' is not defined>\""]]""}"
"DS1000","hallucinated","DS0281","","","","{""error_type"": ""AssertionError"", ""error_message"": """", ""line_no"": """", ""test_case"": ""[[\""DataFrame({0: [1.0, 0.21411899726218292, -0.07341389490125763, 0.37315318154218513, -0.03291358921900351], 1: [0.21411899726218292, 1.0, -0.6829830437389907, 0.41921858368084847, 0.3561491865059525], 2: [-0.07341389490125763, -0.6829830437389907, 1.0, -0.6827316407317322, -0.6588376599505005], 3: [0.37315318154218513, 0.41921858368084847, -0.6827316407317322, 1.0, 0.38997171263981584], 4: [-0.03291358921900351, 0.3561491865059525, -0.6588376599505005, 0.38997171263981584, 1.0]})\"", \""Series({(0, 3): 0.37315318154218513, (1, 3): 0.41921858368084847, (1, 4): 0.3561491865059525, (3, 4): 0.38997171263981584})\"", \""<Execution Error: name 'corr' is not defined>\""]]""}"
"DS1000","hallucinated","DS0282","","","","{""error_type"": ""TypeError"", ""error_message"": ""DataFrame.set_axis() got an unexpected keyword argument 'inplace'"", ""line_no"": """", ""test_case"": """"}"
"DS1000","hallucinated","DS0283","","","","{""error_type"": ""TypeError"", ""error_message"": ""DataFrame.set_axis() got an unexpected keyword argument 'inplace'"", ""line_no"": """", ""test_case"": """"}"
"DS1000","hallucinated","DS0284","","","","{""error_type"": ""NameError"", ""error_message"": ""name 'result' is not defined"", ""line_no"": ""4.0"", ""test_case"": ""[[\""DataFrame({'bit1': [0, 1, 1], 'bit2': [0, 1, 0], 'bit3': [1, 0, 1], 'bit4': [1, 0, 1], 'bit5': [0, 1, 1]})\"", \""DataFrame({'bit1': [0, 1, 1], 'bit2': [0, 1, 0], 'bit3': [1, 0, 1], 'bit4': [1, 0, 1], 'bit5': [0, 1, 1], 'frequent': [0, 1, 1], 'freq_count': [3.0, 3.0, 4.0]})\"", \""<Execution Error: name 'df' is not defined>\""]]""}"
"DS1000","hallucinated","DS0285","","","","{""error_type"": ""NameError"", ""error_message"": ""name 'result' is not defined"", ""line_no"": ""4.0"", ""test_case"": ""[[\""DataFrame({'bit1': [0, 2, 4], 'bit2': [0, 2, 0], 'bit3': [3, 0, 4], 'bit4': [3, 0, 4], 'bit5': [0, 2, 4]})\"", \""DataFrame({'bit1': [0, 2, 4], 'bit2': [0, 2, 0], 'bit3': [3, 0, 4], 'bit4': [3, 0, 4], 'bit5': [0, 2, 4], 'frequent': [0, 2, 4], 'freq_count': [3.0, 3.0, 4.0]})\"", \""<Execution Error: name 'df' is not defined>\""]]""}"
"DS1000","hallucinated","DS0286","","","","{""error_type"": ""KeyError"", ""error_message"": ""'frequent'"", ""line_no"": ""4.0"", ""test_case"": ""[[\""DataFrame({'bit1': [0, 2, 4], 'bit2': [0, 2, 0], 'bit3': [3, 0, 4], 'bit4': [3, 0, 4], 'bit5': [0, 2, 4], 'bit6': [3, 0, 5]})\"", \""DataFrame({'bit1': [0, 2, 4], 'bit2': [0, 2, 0], 'bit3': [3, 0, 4], 'bit4': [3, 0, 4], 'bit5': [0, 2, 4], 'bit6': [3, 0, 5], 'frequent': [[np.float64(0.0), np.float64(3.0)], [np.float64(0.0), np.float64(2.0)], [np.float64(4.0)]], 'freq_count': [3.0, 3.0, 4.0]})\"", \""<Execution Error: name 'df' is not defined>\""]]""}"
"DS1000","hallucinated","DS0287","","","","{""error_type"": ""TypeError"", ""error_message"": ""agg function failed [how->mean,dtype->object]"", ""line_no"": ""4.0"", ""test_case"": ""[[\""DataFrame({'foo': [8, 5, 3, 4, 7, 9, 5, 7], 'id1': [1, 1, 1, 1, 1, 1, 1, 1], 'bar': ['NULL', 'NULL', 'NULL', 1, 3, 4, 2, 3], 'id2': [1, 1, 1, 2, 2, 3, 3, 1]})\"", \""DataFrame({'foo': [5.75, 5.5, 7.0], 'bar': [3.0, 2.0, 3.0]})\"", \""<Execution Error: name 'df' is not defined>\""], [\""DataFrame({'foo': [18, 5, 3, 4, 17, 9, 5, 7], 'id1': [1, 1, 1, 1, 1, 1, 1, 1], 'bar': ['NULL', 'NULL', 'NULL', 11, 3, 4, 2, 3], 'id2': [1, 1, 1, 2, 2, 3, 3, 1]})\"", \""DataFrame({'foo': [8.25, 10.5, 7.0], 'bar': [3.0, 7.0, 3.0]})\"", \""<Execution Error: name 'df' is not defined>\""]]""}"
"DS1000","hallucinated","DS0288","","","","{""error_type"": ""TypeError"", ""error_message"": ""can only concatenate str (not \""int\"") to str"", ""line_no"": ""4.0"", ""test_case"": ""[[\""DataFrame({'foo': [8, 5, 3, 4, 7, 9, 5, 7], 'id1': [1, 1, 1, 1, 1, 1, 1, 1], 'bar': ['NULL', 'NULL', 'NULL', 1, 3, 4, 2, 3], 'id2': [1, 1, 1, 2, 2, 3, 3, 1]})\"", \""DataFrame({'foo': [5.75, 5.5, 7.0], 'bar': [0.75, 2.0, 3.0]})\"", \""<Execution Error: name 'df' is not defined>\""], [\""DataFrame({'foo': [18, 5, 3, 4, 17, 9, 5, 7], 'id1': [1, 1, 1, 1, 1, 1, 1, 1], 'bar': ['NULL', 'NULL', 'NULL', 11, 3, 4, 2, 3], 'id2': [1, 1, 1, 2, 2, 3, 3, 1]})\"", \""DataFrame({'foo': [8.25, 10.5, 7.0], 'bar': [0.75, 7.0, 3.0]})\"", \""<Execution Error: name 'df' is not defined>\""]]""}"
"DS1000","passed","DS0289","","","",""
"DS1000","passed","DS0290","","","",""
"DS1000","passed","DS0291","","","",""
"DS1000","hallucinated","DS0292","","","","{""error_type"": ""AssertionError"", ""error_message"": ""\nArrays are not equal\n\n(shapes (7,), (4,) mismatch)\n ACTUAL: array([1400., 1500., 1600.,   nan,   nan,   nan, 1700.])\n DESIRED: array([1400., 1500., 1600., 1700.])"", ""line_no"": """", ""test_case"": ""[[\""array([1400.0, 1500.0, 1600.0, nan, nan, nan, 1700.0])\"", \""array([1400.0, 1500.0, 1600.0, 1700.0])\"", \""<Execution Error: name 'x' is not defined>\""], [\""array([0.3745401188473625, 0.9507143064099162, 0.7319939418114051, 0.5986584841970366, 0.15601864044243652, 0.15599452033620265, 0.05808361216819946, 0.8661761457749352, 0.6011150117432088, nan, 0.020584494295802447, 0.9699098521619943, 0.8324426408004217, 0.21233911067827616, nan, nan, 0.3042422429595377, 0.5247564316322378, 0.43194501864211576, 0.2912291401980419])\"", \""array([0.3745401188473625, 0.9507143064099162, 0.7319939418114051, 0.5986584841970366, 0.15601864044243652, 0.15599452033620265, 0.05808361216819946, 0.8661761457749352, 0.6011150117432088, 0.020584494295802447, 0.9699098521619943, 0.8324426408004217, 0.21233911067827616, 0.3042422429595377, 0.5247564316322378, 0.43194501864211576, 0.2912291401980419])\"", \""<Execution Error: name 'x' is not defined>\""]]""}"
"DS1000","hallucinated","DS0293","","","","{""error_type"": ""AttributeError"", ""error_message"": ""'numpy.ndarray' object has no attribute 'fillna'"", ""line_no"": ""3.0"", ""test_case"": ""[[\""array([1400.0, 1500.0, 1600.0, nan, nan, nan, 1700.0])\"", \""array([1400.0, 1500.0, 1600.0, inf, inf, inf, 1700.0])\"", \""<Execution Error: name 'x' is not defined>\""], [\""array([0.3745401188473625, 0.9507143064099162, 0.7319939418114051, 0.5986584841970366, 0.15601864044243652, 0.15599452033620265, 0.05808361216819946, 0.8661761457749352, 0.6011150117432088, nan, 0.020584494295802447, 0.9699098521619943, 0.8324426408004217, 0.21233911067827616, nan, nan, 0.3042422429595377, 0.5247564316322378, 0.43194501864211576, 0.2912291401980419])\"", \""array([0.3745401188473625, 0.9507143064099162, 0.7319939418114051, 0.5986584841970366, 0.15601864044243652, 0.15599452033620265, 0.05808361216819946, 0.8661761457749352, 0.6011150117432088, inf, 0.020584494295802447, 0.9699098521619943, 0.8324426408004217, 0.21233911067827616, inf, inf, 0.3042422429595377, 0.5247564316322378, 0.43194501864211576, 0.2912291401980419])\"", \""<Execution Error: name 'x' is not defined>\""]]""}"
"DS1000","hallucinated","DS0294","","","","{""error_type"": ""AssertionError"", ""error_message"": ""\nArrays are not equal\n\nMismatched elements: 2 / 3 (66.7%)\nMismatch at indices:\n [1]: 1500.0 (ACTUAL), 1400.0 (DESIRED)\n [2]: 1600.0 (ACTUAL), 1400.0 (DESIRED)\nMax absolute difference among violations: 200.\nMax relative difference among violations: 0.14285714\n ACTUAL: array([1400., 1500., 1600.])\n DESIRED: array(1400.)"", ""line_no"": """", ""test_case"": ""[[\""array([[1400.0, 1500.0, 1600.0, nan], [1800.0, nan, nan, 1700.0]])\"", \""[array([1400., 1500., 1600.]), array([1800., 1700.])]\"", \""<Execution Error: name 'x' is not defined>\""], [\""array([[1.0, 2.0, nan], [3.0, nan, nan]])\"", \""[array([1., 2.]), array([3.])]\"", \""<Execution Error: name 'x' is not defined>\""], [\""array([[5.0, 5.0, nan, nan, 2.0], [3.0, 4.0, 5.0, 6.0, 7.0]])\"", \""[array([5., 5., 2.]), array([3., 4., 5., 6., 7.])]\"", \""<Execution Error: name 'x' is not defined>\""]]""}"
"DS1000","passed","DS0295","","","",""
"DS1000","hallucinated","DS0296","","","","{""error_type"": ""AssertionError"", ""error_message"": ""\nArrays are not equal\n\n(shapes (3, 1, 4), (3, 4) mismatch)\n ACTUAL: array([[[0., 1., 0., 0.]],\n\n       [[1., 0., 0., 0.]],...\n DESIRED: array([[0., 1., 0., 0.],\n       [1., 0., 0., 0.],\n       [0., 0., 0., 1.]])"", ""line_no"": """", ""test_case"": ""[[\""array([1, 0, 3])\"", \""array([[0.0, 1.0, 0.0, 0.0], [1.0, 0.0, 0.0, 0.0], [0.0, 0.0, 0.0, 1.0]])\"", \""<Execution Error: name 'np' is not defined>\""], [\""array([6, 19, 14, 10, 7, 6, 18, 10, 10, 3, 7, 2, 1, 11, 5, 1, 0, 11, 11, 16, 9, 15, 14, 14, 18, 11, 19, 2, 4, 18, 6, 8, 6, 17, 3, 13, 17, 8, 1, 19, 14, 6, 11, 7, 14, 2, 13, 16, 3, 17])\"", \""array([[0.0, 0.0, 0.0, 0.0, 0.0, 0.0, 1.0, 0.0, 0.0, 0.0, 0.0, 0.0, 0.0, 0.0, 0.0, 0.0, 0.0, 0.0, 0.0, 0.0], [0.0, 0.0, 0.0, 0.0, 0.0, 0.0, 0.0, 0.0, 0.0, 0.0, 0.0, 0.0, 0.0, 0.0, 0.0, 0.0, 0.0, 0.0, 0.0, 1.0], [0.0, 0.0, 0.0, 0.0, 0.0, 0.0, 0.0, 0.0, 0.0, 0.0, 0.0, 0.0, 0.0, 0.0, 1.0, 0.0, 0.0, 0.0, 0.0, 0.0], [0.0, 0.0, 0.0, 0.0, 0.0, 0.0, 0.0, 0.0, 0.0, 0.0, 1.0, 0.0, 0.0, 0.0, 0.0, 0.0, 0.0, 0.0, 0.0, 0.0], [0.0, 0.0, 0.0, 0.0, 0.0, 0.0, 0.0, 1.0, 0.0, 0.0, 0.0, 0.0, 0.0, 0.0, 0.0, 0.0, 0.0,...[truncated]\"", \""<Execution Error: name 'np' is not defined>\""]]""}"
"DS1000","passed","DS0297","","","",""
"DS1000","hallucinated","DS0298","","","","{""error_type"": ""AssertionError"", ""error_message"": ""\nArrays are not equal\n\nMismatched elements: 6 / 9 (66.7%)\nFirst 5 mismatches are at indices:\n [0, 0]: 1.0 (ACTUAL), 0.0 (DESIRED)\n [0, 2]: 0.0 (ACTUAL), 1.0 (DESIRED)\n [1, 0]: 0.0 (ACTUAL), 1.0 (DESIRED)\n [1, 1]: 1.0 (ACTUAL), 0.0 (DESIRED)\n [2, 1]: 0.0 (ACTUAL), 1.0 (DESIRED)\nMax absolute difference among violations: 1.\nMax relative difference among violations: 1.\n ACTUAL: array([[1., 0., 0.],\n       [0., 1., 0.],\n       [0., 0., 1.]])\n DESIRED: array([[0., 0., 1.],\n       [1., 0., 0.],\n       [0., 1., 0.]])"", ""line_no"": """", ""test_case"": ""[[\""array([1.5, -0.4, 1.3])\"", \""array([[0.0, 0.0, 1.0], [1.0, 0.0, 0.0], [0.0, 1.0, 0.0]])\"", \""<Execution Error: name 'np' is not defined>\""], [\""array([0.3745401188473625, 0.9507143064099162, 0.7319939418114051, 0.5986584841970366, 0.15601864044243652, 0.15599452033620265, 0.05808361216819946, 0.8661761457749352, 0.6011150117432088, 0.7080725777960455, 0.020584494295802447, 0.9699098521619943, 0.8324426408004217, 0.21233911067827616, 0.18182496720710062, 0.18340450985343382, 0.3042422429595377, 0.5247564316322378, 0.43194501864211576, 0.2912291401980419])\"", \""array([[0.0, 0.0, 0.0, 0.0, 0.0, 0.0, 0.0, 0.0, 0.0, 1.0, 0.0, 0.0, 0.0, 0.0, 0.0, 0.0, 0.0, 0.0, 0.0, 0.0], [0.0, 0.0, 0.0, 0.0, 0.0, 0.0, 0.0, 0.0, 0.0, 0.0, 0.0, 0.0, 0.0, 0.0, 0.0, 0.0, 0.0, 0.0, 1.0, 0.0], [0.0, 0.0, 0.0, 0.0, 0.0, 0.0, 0.0, 0.0, 0.0, 0.0, 0.0, 0.0, 0.0, 0.0, 0.0, 1.0, 0.0, 0.0, 0.0, 0.0], [0.0, 0.0, 0.0, 0.0, 0.0, 0.0, 0.0, 0.0, 0.0, 0.0, 0.0, 0.0, 1.0, 0.0, 0.0, 0.0, 0.0, 0.0, 0.0, 0.0], [0.0, 0.0, 0.0, 1.0, 0.0, 0.0, 0.0, 0.0, 0.0, 0.0, 0.0, 0.0, 0.0, 0.0, 0.0, 0.0, 0.0,...[truncated]\"", \""<Execution Error: name 'np' is not defined>\""], [\""array([1.5, -0.4, 1.3, 1.5, 1.3])\"", \""array([[0.0, 0.0, 1.0], [1.0, 0.0, 0.0], [0.0, 1.0, 0.0], [0.0, 0.0, 1.0], [0.0, 1.0, 0.0]])\"", \""<Execution Error: name 'np' is not defined>\""]]""}"
"DS1000","hallucinated","DS0299","","","","{""error_type"": ""AssertionError"", ""error_message"": ""\nArrays are not equal\n\n(shapes (5, 5), (6, 5) mismatch)\n ACTUAL: array([[1., 0., 0., 0., 0.],\n       [0., 1., 0., 0., 0.],\n       [0., 0., 1., 0., 0.],...\n DESIRED: array([[0., 1., 0., 0., 0.],\n       [1., 0., 0., 0., 0.],\n       [0., 0., 0., 1., 0.],..."", ""line_no"": """", ""test_case"": ""[[\""array([[1, 0, 3], [2, 4, 1]])\"", \""array([[0.0, 1.0, 0.0, 0.0, 0.0], [1.0, 0.0, 0.0, 0.0, 0.0], [0.0, 0.0, 0.0, 1.0, 0.0], [0.0, 0.0, 1.0, 0.0, 0.0], [0.0, 0.0, 0.0, 0.0, 1.0], [0.0, 1.0, 0.0, 0.0, 0.0]])\"", \""array([[[0.0, 1.0, 0.0, 0.0, 0.0], [1.0, 0.0, 0.0, 0.0, 0.0], [0.0, 0.0, 0.0, 1.0, 0.0]], [[0.0, 0.0, 1.0, 0.0, 0.0], [0.0, 0.0, 0.0, 0.0, 1.0], [0.0, 1.0, 0.0, 0.0, 0.0]]])\""], [\""array([[6, 19, 14, 10, 7, 6, 18, 10, 10, 3, 7, 2, 1, 11, 5, 1, 0, 11, 11, 16], [9, 15, 14, 14, 18, 11, 19, 2, 4, 18, 6, 8, 6, 17, 3, 13, 17, 8, 1, 19], [14, 6, 11, 7, 14, 2, 13, 16, 3, 17, 7, 3, 1, 5, 9, 3, 17, 11, 1, 9], [3, 13, 15, 14, 7, 13, 7, 15, 12, 17, 14, 12, 8, 14, 12, 0, 6, 8, 0, 11], [7, 10, 18, 16, 7, 2, 2, 0, 4, 9, 6, 8, 6, 8, 7, 11, 1, 0, 15, 4], [2, 11, 7, 2, 0, 2, 4, 14, 13, 2, 0, 4, 13, 6, 8, 14, 14, 9, 12, 18], [6, 16, 19, 3, 4, 6, 12, 14, 10, 3, 12, 6, 18, 1, 9, 12, 5, 11, 11,...[truncated]\"", \""array([[0.0, 0.0, 0.0, 0.0, 0.0, 0.0, 1.0, 0.0, 0.0, 0.0, 0.0, 0.0, 0.0, 0.0, 0.0, 0.0, 0.0, 0.0, 0.0, 0.0], [0.0, 0.0, 0.0, 0.0, 0.0, 0.0, 0.0, 0.0, 0.0, 0.0, 0.0, 0.0, 0.0, 0.0, 0.0, 0.0, 0.0, 0.0, 0.0, 1.0], [0.0, 0.0, 0.0, 0.0, 0.0, 0.0, 0.0, 0.0, 0.0, 0.0, 0.0, 0.0, 0.0, 0.0, 1.0, 0.0, 0.0, 0.0, 0.0, 0.0], [0.0, 0.0, 0.0, 0.0, 0.0, 0.0, 0.0, 0.0, 0.0, 0.0, 1.0, 0.0, 0.0, 0.0, 0.0, 0.0, 0.0, 0.0, 0.0, 0.0], [0.0, 0.0, 0.0, 0.0, 0.0, 0.0, 0.0, 1.0, 0.0, 0.0, 0.0, 0.0, 0.0, 0.0, 0.0, 0.0, 0.0,...[truncated]\"", \""array([[[0.0, 0.0, 0.0, 0.0, 0.0, 0.0, 1.0, 0.0, 0.0, 0.0, 0.0, 0.0, 0.0, 0.0, 0.0, 0.0, 0.0, 0.0, 0.0, 0.0], [0.0, 0.0, 0.0, 0.0, 0.0, 0.0, 0.0, 0.0, 0.0, 0.0, 0.0, 0.0, 0.0, 0.0, 0.0, 0.0, 0.0, 0.0, 0.0, 1.0], [0.0, 0.0, 0.0, 0.0, 0.0, 0.0, 0.0, 0.0, 0.0, 0.0, 0.0, 0.0, 0.0, 0.0, 1.0, 0.0, 0.0, 0.0, 0.0, 0.0], [0.0, 0.0, 0.0, 0.0, 0.0, 0.0, 0.0, 0.0, 0.0, 0.0, 1.0, 0.0, 0.0, 0.0, 0.0, 0.0, 0.0, 0.0, 0.0, 0.0], [0.0, 0.0, 0.0, 0.0, 0.0, 0.0, 0.0, 1.0, 0.0, 0.0, 0.0, 0.0, 0.0, 0.0, 0.0, 0.0, 0.0...[truncated]\""]]""}"
"DS1000","passed","DS0300","","","",""
"DS1000","passed","DS0301","","","",""
"DS1000","passed","DS0302","","","",""
"DS1000","hallucinated","DS0303","","","","{""error_type"": ""ValueError"", ""error_message"": ""cannot reshape array of size 7 into shape (2)"", ""line_no"": ""3.0"", ""test_case"": ""[[\""(array([1, 2, 3, 4, 5, 6, 7]), 2)\"", \""array([[1, 2], [3, 4], [5, 6]])\"", \""<Execution Error: name 'A' is not defined>\""], [\""(array([0.37454012, 0.95071431, 0.73199394, 0.59865848, 0.15601864,\\n       0.15599452, 0.05808361, 0.86617615, 0.60111501, 0.70807258,\\n       0.02058449, 0.96990985, 0.83244264, 0.21233911, 0.18182497,\\n       0.18340451, 0.30424224, 0.52475643, 0.43194502, 0.29122914,\\n       0.61185289, 0.13949386, 0.29214465]), 5)\"", \""array([[0.3745401188473625, 0.9507143064099162, 0.7319939418114051, 0.5986584841970366, 0.15601864044243652], [0.15599452033620265, 0.05808361216819946, 0.8661761457749352, 0.6011150117432088, 0.7080725777960455], [0.020584494295802447, 0.9699098521619943, 0.8324426408004217, 0.21233911067827616, 0.18182496720710062], [0.18340450985343382, 0.3042422429595377, 0.5247564316322378, 0.43194501864211576, 0.2912291401980419]])\"", \""<Execution Error: name 'A' is not defined>\""]]""}"
"DS1000","hallucinated","DS0304","","","","{""error_type"": ""ValueError"", ""error_message"": ""cannot reshape array of size 1 into shape (2)"", ""line_no"": ""3.0"", ""test_case"": ""[[\""(array([1, 2, 3, 4, 5, 6, 7]), 2)\"", \""array([[7, 6], [5, 4], [3, 2]])\"", \""<Execution Error: name 'A' is not defined>\""], [\""(array([0.37454012, 0.95071431, 0.73199394, 0.59865848, 0.15601864,\\n       0.15599452, 0.05808361, 0.86617615, 0.60111501, 0.70807258,\\n       0.02058449, 0.96990985, 0.83244264, 0.21233911, 0.18182497,\\n       0.18340451, 0.30424224, 0.52475643, 0.43194502, 0.29122914,\\n       0.61185289, 0.13949386, 0.29214465]), 5)\"", \""array([[0.29214464853521815, 0.13949386065204183, 0.6118528947223795, 0.2912291401980419, 0.43194501864211576], [0.5247564316322378, 0.3042422429595377, 0.18340450985343382, 0.18182496720710062, 0.21233911067827616], [0.8324426408004217, 0.9699098521619943, 0.020584494295802447, 0.7080725777960455, 0.6011150117432088], [0.8661761457749352, 0.05808361216819946, 0.15599452033620265, 0.15601864044243652, 0.5986584841970366]])\"", \""<Execution Error: name 'A' is not defined>\""]]""}"
"DS1000","hallucinated","DS0305","","","","{""error_type"": ""AssertionError"", ""error_message"": ""\nArrays are not equal\n\nnan location mismatch:\n ACTUAL: array([7., 8., 9., 0., 1., 2., 3., 4., 5., 6.])\n DESIRED: array([nan, nan, nan,  0.,  1.,  2.,  3.,  4.,  5.,  6.])"", ""line_no"": """", ""test_case"": ""[[\""(array([0., 1., 2., 3., 4., 5., 6., 7., 8., 9.]), 3)\"", \""array([nan, nan, nan, 0.0, 1.0, 2.0, 3.0, 4.0, 5.0, 6.0])\"", \""<Execution Error: name 'np' is not defined>\""], [\""(array([0.37454012, 0.95071431, 0.73199394, 0.59865848, 0.15601864,\\n       0.15599452, 0.05808361, 0.86617615, 0.60111501, 0.70807258,\\n       0.02058449, 0.96990985, 0.83244264, 0.21233911, 0.18182497,\\n       0.18340451, 0.30424224, 0.52475643, 0.43194502, 0.29122914,\\n       0.61185289, 0.13949386, 0.29214465, 0.36636184, 0.45606998,\\n       0.78517596, 0.19967378, 0.51423444, 0.59241457, 0.04645041,\\n       0.60754485, 0.17052412, 0.06505159, 0.94888554, 0.96563203,\\n       0.80839735, 0.30461377,...[truncated]\"", \""array([0.09767211400638387, 0.6842330265121569, 0.4401524937396013, 0.12203823484477883, 0.4951769101112702, 0.034388521115218396, 0.9093204020787821, 0.2587799816000169, 0.662522284353982, 0.31171107608941095, 0.5200680211778108, 0.5467102793432796, 0.18485445552552704, 0.9695846277645586, 0.7751328233611146, 0.9394989415641891, 0.8948273504276488, 0.5978999788110851, 0.9218742350231168, 0.0884925020519195, 0.1959828624191452, 0.045227288910538066, 0.32533033076326434, 0.388677289689482, 0.2713...[truncated]\"", \""<Execution Error: name 'np' is not defined>\""]]""}"
"DS1000","hallucinated","DS0306","","","","{""error_type"": ""AssertionError"", ""error_message"": ""\nArrays are not equal\n\nnan location mismatch:\n ACTUAL: array([[ 7.,  8.,  9.,  0.,  1.,  2.,  3.,  4.,  5.,  6.],\n       [ 8.,  9., 10.,  1.,  2.,  3.,  4.,  5.,  6.,  7.]])\n DESIRED: array([[nan, nan, nan,  0.,  1.,  2.,  3.,  4.,  5.,  6.],\n       [nan, nan, nan,  1.,  2.,  3.,  4.,  5.,  6.,  7.]])"", ""line_no"": """", ""test_case"": ""[[\""(array([[ 0.,  1.,  2.,  3.,  4.,  5.,  6.,  7.,  8.,  9.],\\n       [ 1.,  2.,  3.,  4.,  5.,  6.,  7.,  8.,  9., 10.]]), 3)\"", \""array([[nan, nan, nan, 0.0, 1.0, 2.0, 3.0, 4.0, 5.0, 6.0], [nan, nan, nan, 1.0, 2.0, 3.0, 4.0, 5.0, 6.0, 7.0]])\"", \""<Execution Error: name 'np' is not defined>\""], [\""(array([[0.37454012, 0.95071431, 0.73199394, 0.59865848, 0.15601864,\\n        0.15599452, 0.05808361, 0.86617615, 0.60111501, 0.70807258,\\n        0.02058449, 0.96990985, 0.83244264, 0.21233911, 0.18182497,\\n        0.18340451, 0.30424224, 0.52475643, 0.43194502, 0.29122914,\\n        0.61185289, 0.13949386, 0.29214465, 0.36636184, 0.45606998,\\n        0.78517596, 0.19967378, 0.51423444, 0.59241457, 0.04645041,\\n        0.60754485, 0.17052412, 0.06505159, 0.94888554, 0.96563203,\\n        0.80839735, 0.3...[truncated]\"", \""array([[0.8948273504276488, 0.5978999788110851, 0.9218742350231168, 0.0884925020519195, 0.1959828624191452, 0.045227288910538066, 0.32533033076326434, 0.388677289689482, 0.2713490317738959, 0.8287375091519293, 0.3567533266935893, 0.28093450968738076, 0.5426960831582485, 0.14092422497476265, 0.8021969807540397, 0.07455064367977082, 0.9868869366005173, 0.7722447692966574, 0.1987156815341724, 0.005522117123602399, 0.8154614284548342, 0.7068573438476171, 0.7290071680409873, 0.7712703466859457, 0.074...[truncated]\"", \""<Execution Error: name 'np' is not defined>\""]]""}"
"DS1000","hallucinated","DS0307","","","","{""error_type"": ""AssertionError"", ""error_message"": ""\nArrays are not equal\n\nnan location mismatch:\n ACTUAL: array([[ 9.,  0.,  1.,  2.,  3.,  4.,  5.,  6.,  7.,  8.],\n       [10.,  1.,  2.,  3.,  4.,  5.,  6.,  7.,  8.,  9.]])\n DESIRED: array([[ 2.,  3.,  4.,  5.,  6.,  7.,  8.,  9., nan, nan],\n       [nan, nan, nan,  1.,  2.,  3.,  4.,  5.,  6.,  7.]])"", ""line_no"": """", ""test_case"": ""[[\""(array([[ 0.,  1.,  2.,  3.,  4.,  5.,  6.,  7.,  8.,  9.],\\n       [ 1.,  2.,  3.,  4.,  5.,  6.,  7.,  8.,  9., 10.]]), [-2, 3])\"", \""array([[2.0, 3.0, 4.0, 5.0, 6.0, 7.0, 8.0, 9.0, nan, nan], [nan, nan, nan, 1.0, 2.0, 3.0, 4.0, 5.0, 6.0, 7.0]])\"", \""<Execution Error: name 'np' is not defined>\""], [\""(array([[0.37454012, 0.95071431, 0.73199394, 0.59865848, 0.15601864,\\n        0.15599452, 0.05808361, 0.86617615, 0.60111501, 0.70807258,\\n        0.02058449, 0.96990985, 0.83244264, 0.21233911, 0.18182497,\\n        0.18340451, 0.30424224, 0.52475643, 0.43194502, 0.29122914,\\n        0.61185289, 0.13949386, 0.29214465, 0.36636184, 0.45606998,\\n        0.78517596, 0.19967378, 0.51423444, 0.59241457, 0.04645041,\\n        0.60754485, 0.17052412, 0.06505159, 0.94888554, 0.96563203,\\n        0.80839735, 0.3...[truncated]\"", \""array([[0.8948273504276488, 0.5978999788110851, 0.9218742350231168, 0.0884925020519195, 0.1959828624191452, 0.045227288910538066, 0.32533033076326434, 0.388677289689482, 0.2713490317738959, 0.8287375091519293, 0.3567533266935893, 0.28093450968738076, 0.5426960831582485, 0.14092422497476265, 0.8021969807540397, 0.07455064367977082, 0.9868869366005173, 0.7722447692966574, 0.1987156815341724, 0.005522117123602399, 0.8154614284548342, 0.7068573438476171, 0.7290071680409873, 0.7712703466859457, 0.074...[truncated]\"", \""<Execution Error: name 'np' is not defined>\""]]""}"
"DS1000","hallucinated","DS0308","","","","{""error_type"": ""AssertionError"", ""error_message"": ""\nArrays are not equal\n\nMismatched elements: 133413 / 200000 (66.7%)\nFirst 5 mismatches are at indices:\n [0, 0]: 1 (ACTUAL), -1 (DESIRED)\n [0, 1]: -1 (ACTUAL), 1 (DESIRED)\n [0, 4]: -1 (ACTUAL), 1 (DESIRED)\n [0, 5]: -1 (ACTUAL), 1 (DESIRED)\n [0, 6]: 1 (ACTUAL), 0 (DESIRED)\nMax absolute difference among violations: 2\nMax relative difference among violations: 2.\n ACTUAL: array([[ 1, -1,  1, ...,  0,  1,  1],\n       [ 0, -1, -1, ...,  0,  1,  0],\n       [-1,  0,  0, ...,  1,  0,  0],...\n DESIRED: array([[-1,  1,  1, ...,  1, -1,  1],\n       [ 1,  0, -1, ...,  0,  1,  0],\n       [ 1,  0, -1, ...,  1,  0, -1],..."", ""line_no"": """", ""test_case"": ""[[\""None\"", \""(array([[-1,  0, -1, ..., -1,  0,  1],\\n       [ 0,  0, -1, ...,  1,  0,  1],\\n       [ 1,  0,  0, ...,  1,  0,  1],\\n       ...,\\n       [-1, -1,  1, ..., -1, -1,  1],\\n       [ 0, -1,  0, ...,  1,  0,  0],\\n       [-1, -1,  0, ...,  1,  0,  0]], shape=(100, 2000)), array([[-1,  0, -1, ..., -1,  0,  1],\\n       [ 0,  0, -1, ...,  1,  0,  1],\\n       [ 1,  0,  0, ...,  1,  0,  1],\\n       ...,\\n       [-1, -1,  1, ..., -1, -1,  1],\\n       [ 0, -1,  0, ...,  1,  0,  0],\\n       [-1, -1,  0, ...,  1,  0,  0]...[truncated]\"", \""[array([[ 1, -1,  1, ...,  0,  1,  1],\\n       [ 0, -1, -1, ...,  0,  1,  0],\\n       [-1,  0,  0, ...,  1,  0,  0],\\n       ...,\\n       [ 0, -1,  1, ...,  0, -1, -1],\\n       [ 1,  0, -1, ..., -1,  0,  0],\\n       [-1, -1,  1, ..., -1,  1,  0]], shape=(100, 2000)), array([[-1,  1,  1, ...,  1, -1,  1],\\n       [ 1,  0, -1, ...,  0,  1,  0],\\n       [ 1,  0, -1, ...,  1,  0, -1],\\n       ...,\\n       [ 0, -1,  0, ...,  1,  0,  1],\\n       [-1,  1,  1, ...,  1, -1, -1],\\n       [-1, -1, -1, ...,  1,  0,  0]...[truncated]\""], [\""None\"", \""(array([[-1,  0, -1, ..., -1,  0,  1],\\n       [ 0,  0, -1, ...,  1,  0,  1],\\n       [ 1,  0,  0, ...,  1,  0,  1],\\n       ...,\\n       [-1, -1,  1, ..., -1, -1,  1],\\n       [ 0, -1,  0, ...,  1,  0,  0],\\n       [-1, -1,  0, ...,  1,  0,  0]], shape=(100, 2000)), array([[-1,  0, -1, ..., -1,  0,  1],\\n       [ 0,  0, -1, ...,  1,  0,  1],\\n       [ 1,  0,  0, ...,  1,  0,  1],\\n       ...,\\n       [-1, -1,  1, ..., -1, -1,  1],\\n       [ 0, -1,  0, ...,  1,  0,  0],\\n       [-1, -1,  0, ...,  1,  0,  0]...[truncated]\"", \""[array([[ 1, -1,  1, ...,  0,  1,  1],\\n       [ 0, -1, -1, ...,  0,  1,  0],\\n       [-1,  0,  0, ...,  1,  0,  0],\\n       ...,\\n       [ 0, -1,  1, ...,  0, -1, -1],\\n       [ 1,  0, -1, ..., -1,  0,  0],\\n       [-1, -1,  1, ..., -1,  1,  0]], shape=(100, 2000)), array([[-1,  1,  1, ...,  1, -1,  1],\\n       [ 1,  0, -1, ...,  0,  1,  0],\\n       [ 1,  0, -1, ...,  1,  0, -1],\\n       ...,\\n       [ 0, -1,  0, ...,  1,  0,  1],\\n       [-1,  1,  1, ...,  1, -1, -1],\\n       [-1, -1, -1, ...,  1,  0,  0]...[truncated]\""], [\""None\"", \""(array([[-1,  0, -1, ..., -1,  0,  1],\\n       [ 0,  0, -1, ...,  1,  0,  1],\\n       [ 1,  0,  0, ...,  1,  0,  1],\\n       ...,\\n       [-1, -1,  1, ..., -1, -1,  1],\\n       [ 0, -1,  0, ...,  1,  0,  0],\\n       [-1, -1,  0, ...,  1,  0,  0]], shape=(100, 2000)), array([[-1,  0, -1, ..., -1,  0,  1],\\n       [ 0,  0, -1, ...,  1,  0,  1],\\n       [ 1,  0,  0, ...,  1,  0,  1],\\n       ...,\\n       [-1, -1,  1, ..., -1, -1,  1],\\n       [ 0, -1,  0, ...,  1,  0,  0],\\n       [-1, -1,  0, ...,  1,  0,  0]...[truncated]\"", \""[array([[ 1, -1,  1, ...,  0,  1,  1],\\n       [ 0, -1, -1, ...,  0,  1,  0],\\n       [-1,  0,  0, ...,  1,  0,  0],\\n       ...,\\n       [ 0, -1,  1, ...,  0, -1, -1],\\n       [ 1,  0, -1, ..., -1,  0,  0],\\n       [-1, -1,  1, ..., -1,  1,  0]], shape=(100, 2000)), array([[-1,  1,  1, ...,  1, -1,  1],\\n       [ 1,  0, -1, ...,  0,  1,  0],\\n       [ 1,  0, -1, ...,  1,  0, -1],\\n       ...,\\n       [ 0, -1,  0, ...,  1,  0,  1],\\n       [-1,  1,  1, ...,  1, -1, -1],\\n       [-1, -1, -1, ...,  1,  0,  0]...[truncated]\""], [\""None\"", \""(array([[-1,  0, -1, ..., -1,  0,  1],\\n       [ 0,  0, -1, ...,  1,  0,  1],\\n       [ 1,  0,  0, ...,  1,  0,  1],\\n       ...,\\n       [-1, -1,  1, ..., -1, -1,  1],\\n       [ 0, -1,  0, ...,  1,  0,  0],\\n       [-1, -1,  0, ...,  1,  0,  0]], shape=(100, 2000)), array([[-1,  0, -1, ..., -1,  0,  1],\\n       [ 0,  0, -1, ...,  1,  0,  1],\\n       [ 1,  0,  0, ...,  1,  0,  1],\\n       ...,\\n       [-1, -1,  1, ..., -1, -1,  1],\\n       [ 0, -1,  0, ...,  1,  0,  0],\\n       [-1, -1,  0, ...,  1,  0,  0]...[truncated]\"", \""[array([[ 1, -1,  1, ...,  0,  1,  1],\\n       [ 0, -1, -1, ...,  0,  1,  0],\\n       [-1,  0,  0, ...,  1,  0,  0],\\n       ...,\\n       [ 0, -1,  1, ...,  0, -1, -1],\\n       [ 1,  0, -1, ..., -1,  0,  0],\\n       [-1, -1,  1, ..., -1,  1,  0]], shape=(100, 2000)), array([[-1,  1,  1, ...,  1, -1,  1],\\n       [ 1,  0, -1, ...,  0,  1,  0],\\n       [ 1,  0, -1, ...,  1,  0, -1],\\n       ...,\\n       [ 0, -1,  0, ...,  1,  0,  1],\\n       [-1,  1,  1, ...,  1, -1, -1],\\n       [-1, -1, -1, ...,  1,  0,  0]...[truncated]\""], [\""None\"", \""(array([[-1,  0, -1, ..., -1,  0,  1],\\n       [ 0,  0, -1, ...,  1,  0,  1],\\n       [ 1,  0,  0, ...,  1,  0,  1],\\n       ...,\\n       [-1, -1,  1, ..., -1, -1,  1],\\n       [ 0, -1,  0, ...,  1,  0,  0],\\n       [-1, -1,  0, ...,  1,  0,  0]], shape=(100, 2000)), array([[-1,  0, -1, ..., -1,  0,  1],\\n       [ 0,  0, -1, ...,  1,  0,  1],\\n       [ 1,  0,  0, ...,  1,  0,  1],\\n       ...,\\n       [-1, -1,  1, ..., -1, -1,  1],\\n       [ 0, -1,  0, ...,  1,  0,  0],\\n       [-1, -1,  0, ...,  1,  0,  0]...[truncated]\"", \""[array([[ 1, -1,  1, ...,  0,  1,  1],\\n       [ 0, -1, -1, ...,  0,  1,  0],\\n       [-1,  0,  0, ...,  1,  0,  0],\\n       ...,\\n       [ 0, -1,  1, ...,  0, -1, -1],\\n       [ 1,  0, -1, ..., -1,  0,  0],\\n       [-1, -1,  1, ..., -1,  1,  0]], shape=(100, 2000)), array([[-1,  1,  1, ...,  1, -1,  1],\\n       [ 1,  0, -1, ...,  0,  1,  0],\\n       [ 1,  0, -1, ...,  1,  0, -1],\\n       ...,\\n       [ 0, -1,  0, ...,  1,  0,  1],\\n       [-1,  1,  1, ...,  1, -1, -1],\\n       [-1, -1, -1, ...,  1,  0,  0]...[truncated]\""], [\""None\"", \""(array([[-1,  0, -1, ..., -1,  0,  1],\\n       [ 0,  0, -1, ...,  1,  0,  1],\\n       [ 1,  0,  0, ...,  1,  0,  1],\\n       ...,\\n       [-1, -1,  1, ..., -1, -1,  1],\\n       [ 0, -1,  0, ...,  1,  0,  0],\\n       [-1, -1,  0, ...,  1,  0,  0]], shape=(100, 2000)), array([[-1,  0, -1, ..., -1,  0,  1],\\n       [ 0,  0, -1, ...,  1,  0,  1],\\n       [ 1,  0,  0, ...,  1,  0,  1],\\n       ...,\\n       [-1, -1,  1, ..., -1, -1,  1],\\n       [ 0, -1,  0, ...,  1,  0,  0],\\n       [-1, -1,  0, ...,  1,  0,  0]...[truncated]\"", \""[array([[ 1, -1,  1, ...,  0,  1,  1],\\n       [ 0, -1, -1, ...,  0,  1,  0],\\n       [-1,  0,  0, ...,  1,  0,  0],\\n       ...,\\n       [ 0, -1,  1, ...,  0, -1, -1],\\n       [ 1,  0, -1, ..., -1,  0,  0],\\n       [-1, -1,  1, ..., -1,  1,  0]], shape=(100, 2000)), array([[-1,  1,  1, ...,  1, -1,  1],\\n       [ 1,  0, -1, ...,  0,  1,  0],\\n       [ 1,  0, -1, ...,  1,  0, -1],\\n       ...,\\n       [ 0, -1,  0, ...,  1,  0,  1],\\n       [-1,  1,  1, ...,  1, -1, -1],\\n       [-1, -1, -1, ...,  1,  0,  0]...[truncated]\""], [\""None\"", \""(array([[-1,  0, -1, ..., -1,  0,  1],\\n       [ 0,  0, -1, ...,  1,  0,  1],\\n       [ 1,  0,  0, ...,  1,  0,  1],\\n       ...,\\n       [-1, -1,  1, ..., -1, -1,  1],\\n       [ 0, -1,  0, ...,  1,  0,  0],\\n       [-1, -1,  0, ...,  1,  0,  0]], shape=(100, 2000)), array([[-1,  0, -1, ..., -1,  0,  1],\\n       [ 0,  0, -1, ...,  1,  0,  1],\\n       [ 1,  0,  0, ...,  1,  0,  1],\\n       ...,\\n       [-1, -1,  1, ..., -1, -1,  1],\\n       [ 0, -1,  0, ...,  1,  0,  0],\\n       [-1, -1,  0, ...,  1,  0,  0]...[truncated]\"", \""[array([[ 1, -1,  1, ...,  0,  1,  1],\\n       [ 0, -1, -1, ...,  0,  1,  0],\\n       [-1,  0,  0, ...,  1,  0,  0],\\n       ...,\\n       [ 0, -1,  1, ...,  0, -1, -1],\\n       [ 1,  0, -1, ..., -1,  0,  0],\\n       [-1, -1,  1, ..., -1,  1,  0]], shape=(100, 2000)), array([[-1,  1,  1, ...,  1, -1,  1],\\n       [ 1,  0, -1, ...,  0,  1,  0],\\n       [ 1,  0, -1, ...,  1,  0, -1],\\n       ...,\\n       [ 0, -1,  0, ...,  1,  0,  1],\\n       [-1,  1,  1, ...,  1, -1, -1],\\n       [-1, -1, -1, ...,  1,  0,  0]...[truncated]\""], [\""None\"", \""(array([[-1,  0, -1, ..., -1,  0,  1],\\n       [ 0,  0, -1, ...,  1,  0,  1],\\n       [ 1,  0,  0, ...,  1,  0,  1],\\n       ...,\\n       [-1, -1,  1, ..., -1, -1,  1],\\n       [ 0, -1,  0, ...,  1,  0,  0],\\n       [-1, -1,  0, ...,  1,  0,  0]], shape=(100, 2000)), array([[-1,  0, -1, ..., -1,  0,  1],\\n       [ 0,  0, -1, ...,  1,  0,  1],\\n       [ 1,  0,  0, ...,  1,  0,  1],\\n       ...,\\n       [-1, -1,  1, ..., -1, -1,  1],\\n       [ 0, -1,  0, ...,  1,  0,  0],\\n       [-1, -1,  0, ...,  1,  0,  0]...[truncated]\"", \""[array([[ 1, -1,  1, ...,  0,  1,  1],\\n       [ 0, -1, -1, ...,  0,  1,  0],\\n       [-1,  0,  0, ...,  1,  0,  0],\\n       ...,\\n       [ 0, -1,  1, ...,  0, -1, -1],\\n       [ 1,  0, -1, ..., -1,  0,  0],\\n       [-1, -1,  1, ..., -1,  1,  0]], shape=(100, 2000)), array([[-1,  1,  1, ...,  1, -1,  1],\\n       [ 1,  0, -1, ...,  0,  1,  0],\\n       [ 1,  0, -1, ...,  1,  0, -1],\\n       ...,\\n       [ 0, -1,  0, ...,  1,  0,  1],\\n       [-1,  1,  1, ...,  1, -1, -1],\\n       [-1, -1, -1, ...,  1,  0,  0]...[truncated]\""], [\""None\"", \""(array([[-1,  0, -1, ..., -1,  0,  1],\\n       [ 0,  0, -1, ...,  1,  0,  1],\\n       [ 1,  0,  0, ...,  1,  0,  1],\\n       ...,\\n       [-1, -1,  1, ..., -1, -1,  1],\\n       [ 0, -1,  0, ...,  1,  0,  0],\\n       [-1, -1,  0, ...,  1,  0,  0]], shape=(100, 2000)), array([[-1,  0, -1, ..., -1,  0,  1],\\n       [ 0,  0, -1, ...,  1,  0,  1],\\n       [ 1,  0,  0, ...,  1,  0,  1],\\n       ...,\\n       [-1, -1,  1, ..., -1, -1,  1],\\n       [ 0, -1,  0, ...,  1,  0,  0],\\n       [-1, -1,  0, ...,  1,  0,  0]...[truncated]\"", \""[array([[ 1, -1,  1, ...,  0,  1,  1],\\n       [ 0, -1, -1, ...,  0,  1,  0],\\n       [-1,  0,  0, ...,  1,  0,  0],\\n       ...,\\n       [ 0, -1,  1, ...,  0, -1, -1],\\n       [ 1,  0, -1, ..., -1,  0,  0],\\n       [-1, -1,  1, ..., -1,  1,  0]], shape=(100, 2000)), array([[-1,  1,  1, ...,  1, -1,  1],\\n       [ 1,  0, -1, ...,  0,  1,  0],\\n       [ 1,  0, -1, ...,  1,  0, -1],\\n       ...,\\n       [ 0, -1,  0, ...,  1,  0,  1],\\n       [-1,  1,  1, ...,  1, -1, -1],\\n       [-1, -1, -1, ...,  1,  0,  0]...[truncated]\""]]""}"
"DS1000","passed","DS0309","","","",""
"DS1000","passed","DS0310","","","",""
"DS1000","hallucinated","DS0311","","","","{""error_type"": ""AssertionError"", ""error_message"": ""\nArrays are not equal\n\nMismatched elements: 2 / 2 (100%)\nMismatch at indices:\n [0]: 3 (ACTUAL), 1 (DESIRED)\n [1]: 3 (ACTUAL), 1 (DESIRED)\nMax absolute difference among violations: 2\nMax relative difference among violations: 2.\n ACTUAL: array(3)\n DESIRED: array([1, 1])"", ""line_no"": """", ""test_case"": ""[[\""array([[10, 50, 30], [60, 20, 40]])\"", \""(np.int64(1), np.int64(1))\"", \""<Execution Error: name 'np' is not defined>\""], [\""array([[0.1834347898661638, 0.7796910002727693, 0.596850157946487, 0.44583275285359114, 0.09997491581800289, 0.45924889196586716], [0.33370861113902184, 0.14286681792194078, 0.6508884729488529, 0.056411579027100256, 0.7219987722668247, 0.9385527090157502], [0.0007787658410143283, 0.9922115592912175, 0.6174815096277165, 0.6116531604882809, 0.007066305219717406, 0.023062425041415757], [0.5247746602583891, 0.3998609717152555, 0.04666566321361543, 0.9737555188414592, 0.23277134043030423, 0.090606434...[truncated]\"", \""(np.int64(5), np.int64(1))\"", \""<Execution Error: name 'np' is not defined>\""]]""}"
"DS1000","hallucinated","DS0312","","","","{""error_type"": ""AssertionError"", ""error_message"": ""\nArrays are not equal\n\nMismatched elements: 2 / 2 (100%)\nMismatch at indices:\n [0]: 3 (ACTUAL), 1 (DESIRED)\n [1]: 3 (ACTUAL), 0 (DESIRED)\nMax absolute difference among violations: 3\nMax relative difference among violations: 2.\n ACTUAL: array(3)\n DESIRED: array([1, 0])"", ""line_no"": """", ""test_case"": ""[[\""array([[10, 50, 30], [60, 20, 40]])\"", \""(np.int64(1), np.int64(0))\"", \""<Execution Error: name 'np' is not defined>\""], [\""array([[0.1834347898661638, 0.7796910002727693, 0.596850157946487, 0.44583275285359114, 0.09997491581800289, 0.45924889196586716], [0.33370861113902184, 0.14286681792194078, 0.6508884729488529, 0.056411579027100256, 0.7219987722668247, 0.9385527090157502], [0.0007787658410143283, 0.9922115592912175, 0.6174815096277165, 0.6116531604882809, 0.007066305219717406, 0.023062425041415757], [0.5247746602583891, 0.3998609717152555, 0.04666566321361543, 0.9737555188414592, 0.23277134043030423, 0.090606434...[truncated]\"", \""(np.int64(2), np.int64(1))\"", \""<Execution Error: name 'np' is not defined>\""]]""}"
"DS1000","hallucinated","DS0313","{""type"": ""IndentationError"", ""value"": 5, ""message"": ""expected an indented block after function definition on line 4 (<unknown>, line 5)""}","","","{""error_type"": ""IndentationError"", ""error_message"": ""expected an indented block after function definition on line 4 (<string>, line 5)"", ""line_no"": ""1.0"", ""test_case"": ""[[\""array([[10, 50, 30], [60, 20, 40]])\"", \""3\"", \""3\""], [\""array([[0.1834347898661638, 0.7796910002727693, 0.596850157946487, 0.44583275285359114, 0.09997491581800289, 0.45924889196586716], [0.33370861113902184, 0.14286681792194078, 0.6508884729488529, 0.056411579027100256, 0.7219987722668247, 0.9385527090157502], [0.0007787658410143283, 0.9922115592912175, 0.6174815096277165, 0.6116531604882809, 0.007066305219717406, 0.023062425041415757], [0.5247746602583891, 0.3998609717152555, 0.04666566321361543, 0.9737555188414592, 0.23277134043030423, 0.090606434...[truncated]\"", \""13\"", \""13\""]]""}"
"DS1000","passed","DS0314","","","",""
"DS1000","hallucinated","DS0315","","","","{""error_type"": ""NameError"", ""error_message"": ""name 'z' is not defined"", ""line_no"": ""3.0"", ""test_case"": ""[[\""array([[nan, 2.0, 3.0, nan], [1.0, 2.0, 3.0, 9.0]])\"", \""array([[2.0, 3.0], [2.0, 3.0]])\"", \""<Execution Error: name 'a' is not defined>\""], [\""array([[0.1834347898661638, 0.7796910002727693, 0.596850157946487, 0.44583275285359114, 0.09997491581800289, 0.45924889196586716], [0.33370861113902184, 0.14286681792194078, 0.6508884729488529, nan, 0.7219987722668247, 0.9385527090157502], [0.0007787658410143283, 0.9922115592912175, nan, 0.6116531604882809, 0.007066305219717406, 0.023062425041415757], [0.5247746602583891, 0.3998609717152555, 0.04666566321361543, nan, 0.23277134043030423, 0.0906064345328208], [0.6183860093330873, 0.38246199126716...[truncated]\"", \""array([[0.1834347898661638, 0.7796910002727693, 0.09997491581800289, 0.45924889196586716], [0.33370861113902184, 0.14286681792194078, 0.7219987722668247, 0.9385527090157502], [0.0007787658410143283, 0.9922115592912175, 0.007066305219717406, 0.023062425041415757], [0.5247746602583891, 0.3998609717152555, 0.23277134043030423, 0.0906064345328208], [0.6183860093330873, 0.38246199126716274, 0.8599404067363206, 0.6803075385877797], [0.450499251969543, 0.013264961159866528, 0.3854165025399161, 0.015966...[truncated]\"", \""<Execution Error: name 'a' is not defined>\""]]""}"
"DS1000","hallucinated","DS0316","","","","{""error_type"": ""AssertionError"", ""error_message"": ""\nArrays are not equal\n\n(shapes (2, 4), (1, 4) mismatch)\n ACTUAL: array([[nan,  2.,  3., nan],\n       [ 1.,  2.,  3.,  9.]])\n DESIRED: array([[1., 2., 3., 9.]])"", ""line_no"": """", ""test_case"": ""[[\""array([[nan, 2.0, 3.0, nan], [1.0, 2.0, 3.0, 9.0]])\"", \""array([[1.0, 2.0, 3.0, 9.0]])\"", \""<Execution Error: name 'a' is not defined>\""], [\""array([[0.1834347898661638, 0.7796910002727693, 0.596850157946487, 0.44583275285359114, 0.09997491581800289, 0.45924889196586716], [0.33370861113902184, 0.14286681792194078, 0.6508884729488529, nan, 0.7219987722668247, 0.9385527090157502], [0.0007787658410143283, 0.9922115592912175, nan, 0.6116531604882809, 0.007066305219717406, 0.023062425041415757], [0.5247746602583891, 0.3998609717152555, 0.04666566321361543, nan, 0.23277134043030423, 0.0906064345328208], [0.6183860093330873, 0.38246199126716...[truncated]\"", \""array([[0.1834347898661638, 0.7796910002727693, 0.596850157946487, 0.44583275285359114, 0.09997491581800289, 0.45924889196586716], [0.6183860093330873, 0.38246199126716274, 0.9832308858067882, 0.4667628932479799, 0.8599404067363206, 0.6803075385877797], [0.450499251969543, 0.013264961159866528, 0.9422017556848528, 0.5632882178455393, 0.3854165025399161, 0.015966252220214194], [0.230893825622149, 0.24102546602601171, 0.6832635188254582, 0.6099966577826209, 0.8331949117361643, 0.17336465350777208]...[truncated]\"", \""<Execution Error: name 'a' is not defined>\""]]""}"
"DS1000","passed","DS0317","","","",""
"DS1000","hallucinated","DS0318","","","","{""error_type"": ""AssertionError"", ""error_message"": ""\nArrays are not equal\n\nMismatched elements: 6 / 10 (60%)\nFirst 5 mismatches are at indices:\n [0, 1]: 20 (ACTUAL), 30 (DESIRED)\n [0, 2]: 30 (ACTUAL), 50 (DESIRED)\n [0, 4]: 50 (ACTUAL), 20 (DESIRED)\n [1, 1]: 7 (ACTUAL), 8 (DESIRED)\n [1, 2]: 8 (ACTUAL), 10 (DESIRED)\nMax absolute difference among violations: 30\nMax relative difference among violations: 1.5\n ACTUAL: array([[10, 20, 30, 40, 50],\n       [ 6,  7,  8,  9, 10]])\n DESIRED: array([[10, 30, 50, 40, 20],\n       [ 6,  8, 10,  9,  7]])"", ""line_no"": """", ""test_case"": ""[[\""(array([[10, 20, 30, 40, 50],\\n       [ 6,  7,  8,  9, 10]]), [0, 4, 1, 3, 2])\"", \""array([[10, 30, 50, 40, 20], [6, 8, 10, 9, 7]])\"", \""<Execution Error: name 'a' is not defined>\""], [\""(array([[1.83434790e-01, 7.79691000e-01, 5.96850158e-01, 4.45832753e-01,\\n        9.99749158e-02, 4.59248892e-01],\\n       [3.33708611e-01, 1.42866818e-01, 6.50888473e-01, 5.64115790e-02,\\n        7.21998772e-01, 9.38552709e-01],\\n       [7.78765841e-04, 9.92211559e-01, 6.17481510e-01, 6.11653160e-01,\\n        7.06630522e-03, 2.30624250e-02],\\n       [5.24774660e-01, 3.99860972e-01, 4.66656632e-02, 9.73755519e-01,\\n        2.32771340e-01, 9.06064345e-02],\\n       [6.18386009e-01, 3.82461991e-01, 9.83230...[truncated]\"", \""array([[0.1834347898661638, 0.09997491581800289, 0.7796910002727693, 0.596850157946487, 0.45924889196586716, 0.44583275285359114], [0.33370861113902184, 0.7219987722668247, 0.14286681792194078, 0.6508884729488529, 0.9385527090157502, 0.056411579027100256], [0.0007787658410143283, 0.007066305219717406, 0.9922115592912175, 0.6174815096277165, 0.023062425041415757, 0.6116531604882809], [0.5247746602583891, 0.23277134043030423, 0.3998609717152555, 0.04666566321361543, 0.0906064345328208, 0.973755518...[truncated]\"", \""<Execution Error: name 'a' is not defined>\""]]""}"
"DS1000","hallucinated","DS0319","","","","{""error_type"": ""IndexError"", ""error_message"": ""index 2 is out of bounds for axis 2 with size 2"", ""line_no"": ""3.0"", ""test_case"": ""[[\""(array([[[10, 20],\\n        [30, 40]],\\n\\n       [[ 6,  7],\\n        [ 8,  9]],\\n\\n       [[10, 11],\\n        [12, 13]]]), [1, 0, 2])\"", \""array([[[6, 7], [8, 9]], [[10, 20], [30, 40]], [[10, 11], [12, 13]]])\"", \""<Execution Error: name 'a' is not defined>\""], [\""(array([[[0.73199394, 0.59865848, 0.15601864, 0.15599452, 0.05808361,\\n         0.86617615, 0.60111501, 0.70807258],\\n        [0.02058449, 0.96990985, 0.83244264, 0.21233911, 0.18182497,\\n         0.18340451, 0.30424224, 0.52475643],\\n        [0.43194502, 0.29122914, 0.61185289, 0.13949386, 0.29214465,\\n         0.36636184, 0.45606998, 0.78517596],\\n        [0.19967378, 0.51423444, 0.59241457, 0.04645041, 0.60754485,\\n         0.17052412, 0.06505159, 0.94888554],\\n        [0.96563203, 0.80839735, 0.3046...[truncated]\"", \""array([[[0.4741738290873252, 0.09783416065100148, 0.49161587511683236, 0.4734717707805657, 0.17320186991001518, 0.43385164923797304, 0.39850473439737344, 0.6158500980522165], [0.6350936508676438, 0.04530400977204452, 0.3746126146264712, 0.6258599157142364, 0.5031362585800877, 0.8564898411883223, 0.658693631618945, 0.1629344270814297], [0.07056874740042984, 0.6424192782063156, 0.026511310541621813, 0.5857755812734633, 0.9402302414249576, 0.575474177875879, 0.3881699262065219, 0.6432882184423532],...[truncated]\"", \""<Execution Error: name 'a' is not defined>\""]]""}"
"DS1000","passed","DS0320","","","",""
"DS1000","passed","DS0321","","","",""
"DS1000","hallucinated","DS0322","","","","{""error_type"": ""AssertionError"", ""error_message"": ""\nArrays are not equal\n\n(shapes (2,), (2, 2) mismatch)\n ACTUAL: array([0, 0])\n DESIRED: array([[1, 0],\n       [1, 1]])"", ""line_no"": """", ""test_case"": ""[[\""array([[1, 2], [0, 0]])\"", \""array([[1, 0], [1, 1]])\"", \""<Execution Error: name 'np' is not defined>\""], [\""array([[3, 4, 1, 3, 3, 4], [1, 1, 3, 2, 3, 3], [3, 3, 4, 1, 4, 4], [4, 3, 2, 1, 2, 4], [4, 2, 2, 2, 4, 4]])\"", \""array([[0, 2], [1, 0], [1, 1], [2, 3], [3, 3]])\"", \""<Execution Error: name 'np' is not defined>\""], [\""array([[1, 0], [0, 2]])\"", \""array([[0, 1], [1, 0]])\"", \""<Execution Error: name 'np' is not defined>\""]]""}"
"DS1000","passed","DS0323","","","",""
"DS1000","passed","DS0324","","","",""
"DS1000","hallucinated","DS0325","","","","{""error_type"": ""AssertionError"", ""error_message"": """", ""line_no"": """", ""test_case"": ""[[\""4\"", \""0\"", \""<Execution Error: name 'np' is not defined>\""], [\""324\"", \""1\"", \""<Execution Error: name 'np' is not defined>\""], [\""277\"", \""1\"", \""<Execution Error: name 'np' is not defined>\""]]""}"
"DS1000","passed","DS0326","","","",""
"DS1000","hallucinated","DS0327","","","[{'type': 'type_error', 'function': 'pad', 'invalid_arg': 'constant_values', 'line': 4}]",""
"DS1000","hallucinated","DS0328","","","[{'type': 'type_error', 'function': 'pad', 'invalid_arg': 'constant_values', 'line': 4}]","{""error_type"": ""AssertionError"", ""error_message"": ""\nArrays are not equal\n\nMismatched elements: 2 / 5 (40%)\nMismatch at indices:\n [3]: 4 (ACTUAL), 0 (DESIRED)\n [4]: 5 (ACTUAL), 0 (DESIRED)\nMax absolute difference among violations: 5\nMax relative difference among violations: inf\n ACTUAL: array([1, 2, 3, 4, 5])\n DESIRED: array([1, 2, 3, 0, 0])"", ""line_no"": """", ""test_case"": ""[[\""(array([1, 2, 3, 4, 5]), 8)\"", \""array([1, 2, 3, 4, 5, 0, 0, 0])\"", \""<Execution Error: name 'np' is not defined>\""], [\""(array([0.37454012, 0.95071431, 0.73199394, 0.59865848, 0.15601864,\\n       0.15599452, 0.05808361, 0.86617615, 0.60111501, 0.70807258]), 11)\"", \""array([0.3745401188473625, 0.9507143064099162, 0.7319939418114051, 0.5986584841970366, 0.15601864044243652, 0.15599452033620265, 0.05808361216819946, 0.8661761457749352, 0.6011150117432088, 0.7080725777960455, 0.0])\"", \""<Execution Error: name 'np' is not defined>\""], [\""(array([1, 2, 3, 4, 5]), 3)\"", \""array([1, 2, 3, 0, 0])\"", \""<Execution Error: name 'np' is not defined>\""]]""}"
"DS1000","hallucinated","DS0329","","","","{""error_type"": ""AssertionError"", ""error_message"": """", ""line_no"": """", ""test_case"": ""[[\""(array([[0, 1],\\n       [2, 3]]), 5)\"", \""array([[0, 1], [32, 243]])\"", \""<Execution Error: name 'a' is not defined>\""], [\""(array([[1.83434790e-01, 7.79691000e-01, 5.96850158e-01, 4.45832753e-01,\\n        9.99749158e-02, 4.59248892e-01],\\n       [3.33708611e-01, 1.42866818e-01, 6.50888473e-01, 5.64115790e-02,\\n        7.21998772e-01, 9.38552709e-01],\\n       [7.78765841e-04, 9.92211559e-01, 6.17481510e-01, 6.11653160e-01,\\n        7.06630522e-03, 2.30624250e-02],\\n       [5.24774660e-01, 3.99860972e-01, 4.66656632e-02, 9.73755519e-01,\\n        2.32771340e-01, 9.06064345e-02],\\n       [6.18386009e-01, 3.82461991e-01, 9.83230...[truncated]\"", \""array([[3.8096952750352844e-05, 0.22466484890300442, 0.04520556262253003, 0.007852931751758151, 9.984958925888448e-07, 0.009381854706925923], [0.0013810343505893609, 8.503314278309053e-06, 0.07603954023111786, 3.2226232636809125e-08, 0.14165070958219692, 0.683521225656213], [2.230701004836607e-19, 0.9541698589934114, 0.05542985513078401, 0.05236382282977231, 1.2449570064158327e-13, 1.5046303981262623e-10], [0.020885127785541586, 0.004087465521030262, 1.0327249144277076e-08, 0.8525102169696894, 0...[truncated]\"", \""<Execution Error: name 'a' is not defined>\""]]""}"
"DS1000","hallucinated","DS0330","{""type"": ""IndentationError"", ""value"": 5, ""message"": ""expected an indented block after function definition on line 4 (<unknown>, line 5)""}","","","{""error_type"": ""IndentationError"", ""error_message"": ""expected an indented block after function definition on line 4 (<string>, line 5)"", ""line_no"": ""4.0"", ""test_case"": ""[[\""(array([[0, 1],\\n       [2, 3]]), 5)\"", \""array([[0, 1], [32, 243]])\"", \""<Execution Error: name 'a' is not defined>\""], [\""(array([[1.83434790e-01, 7.79691000e-01, 5.96850158e-01, 4.45832753e-01,\\n        9.99749158e-02, 4.59248892e-01],\\n       [3.33708611e-01, 1.42866818e-01, 6.50888473e-01, 5.64115790e-02,\\n        7.21998772e-01, 9.38552709e-01],\\n       [7.78765841e-04, 9.92211559e-01, 6.17481510e-01, 6.11653160e-01,\\n        7.06630522e-03, 2.30624250e-02],\\n       [5.24774660e-01, 3.99860972e-01, 4.66656632e-02, 9.73755519e-01,\\n        2.32771340e-01, 9.06064345e-02],\\n       [6.18386009e-01, 3.82461991e-01, 9.83230...[truncated]\"", \""array([[3.8096952750352844e-05, 0.22466484890300442, 0.04520556262253003, 0.007852931751758151, 9.984958925888448e-07, 0.009381854706925923], [0.0013810343505893609, 8.503314278309053e-06, 0.07603954023111786, 3.2226232636809125e-08, 0.14165070958219692, 0.683521225656213], [2.230701004836607e-19, 0.9541698589934114, 0.05542985513078401, 0.05236382282977231, 1.2449570064158327e-13, 1.5046303981262623e-10], [0.020885127785541586, 0.004087465521030262, 1.0327249144277076e-08, 0.8525102169696894, 0...[truncated]\"", \""<Execution Error: name 'a' is not defined>\""]]""}"
"DS1000","passed","DS0331","","","",""
"DS1000","hallucinated","DS0332","{""type"": ""IndentationError"", ""value"": 5, ""message"": ""expected an indented block after function definition on line 4 (<unknown>, line 5)""}","","","{""error_type"": ""IndentationError"", ""error_message"": ""expected an indented block after function definition on line 4 (<string>, line 5)"", ""line_no"": ""4.0"", ""test_case"": ""[[\""(98, 42)\"", \""(np.int64(7), np.int64(3))\"", \""<Execution Error: name 'numerator' is not defined>\""], [\""(8, 5)\"", \""(np.int64(8), np.int64(5))\"", \""<Execution Error: name 'numerator' is not defined>\""], [\""(-5, 10)\"", \""(np.int64(-1), np.int64(2))\"", \""<Execution Error: name 'numerator' is not defined>\""]]""}"
"DS1000","hallucinated","DS0333","","","","{""error_type"": ""AssertionError"", ""error_message"": """", ""line_no"": """", ""test_case"": ""[[\""(98, 42)\"", \""(np.int64(7), np.int64(3))\"", \""<Execution Error: name 'denominator' is not defined>\""], [\""(8, 5)\"", \""(np.int64(8), np.int64(5))\"", \""<Execution Error: name 'denominator' is not defined>\""], [\""(-5, 10)\"", \""(np.int64(-1), np.int64(2))\"", \""<Execution Error: name 'denominator' is not defined>\""], [\""(5, 0)\"", \""(nan, nan)\"", \""<Execution Error: name 'denominator' is not defined>\""]]""}"
"DS1000","passed","DS0334","","","",""
"DS1000","passed","DS0335","","","",""
"DS1000","hallucinated","DS0336","","","","{""error_type"": ""AssertionError"", ""error_message"": ""\nArrays are not equal\n\nMismatched elements: 4 / 5 (80%)\nMismatch at indices:\n [0]: 20 (ACTUAL), 4 (DESIRED)\n [1]: 16 (ACTUAL), 8 (DESIRED)\n [3]: 8 (ACTUAL), 16 (DESIRED)\n [4]: 4 (ACTUAL), 20 (DESIRED)\nMax absolute difference among violations: 16\nMax relative difference among violations: 4.\n ACTUAL: array([20, 16, 12,  8,  4])\n DESIRED: array([ 4,  8, 12, 16, 20])"", ""line_no"": """", ""test_case"": ""[[\""array([[0, 1, 2, 3, 4], [5, 6, 7, 8, 9], [10, 11, 12, 13, 14], [15, 16, 17, 18, 19], [20, 21, 22, 23, 24]])\"", \""array([4, 8, 12, 16, 20])\"", \""<Execution Error: name 'a' is not defined>\""], [\""array([[0.3745401188473625, 0.9507143064099162, 0.7319939418114051, 0.5986584841970366, 0.15601864044243652, 0.15599452033620265, 0.05808361216819946, 0.8661761457749352], [0.6011150117432088, 0.7080725777960455, 0.020584494295802447, 0.9699098521619943, 0.8324426408004217, 0.21233911067827616, 0.18182496720710062, 0.18340450985343382], [0.3042422429595377, 0.5247564316322378, 0.43194501864211576, 0.2912291401980419, 0.6118528947223795, 0.13949386065204183, 0.29214464853521815, 0.366361843293691...[truncated]\"", \""array([0.8661761457749352, 0.18182496720710062, 0.13949386065204183, 0.5924145688620425, 0.8083973481164611, 0.034388521115218396, 0.18485445552552704, 0.0884925020519195])\"", \""<Execution Error: name 'a' is not defined>\""]]""}"
"DS1000","hallucinated","DS0337","","","","{""error_type"": ""AssertionError"", ""error_message"": ""\nArrays are not equal\n\nMismatched elements: 5 / 5 (100%)\nMismatch at indices:\n [0]: 20 (ACTUAL), 5 (DESIRED)\n [1]: 16 (ACTUAL), 9 (DESIRED)\n [2]: 12 (ACTUAL), 13 (DESIRED)\n [3]: 8 (ACTUAL), 17 (DESIRED)\n [4]: 4 (ACTUAL), 21 (DESIRED)\nMax absolute difference among violations: 17\nMax relative difference among violations: 3.\n ACTUAL: array([20, 16, 12,  8,  4])\n DESIRED: array([ 5,  9, 13, 17, 21])"", ""line_no"": """", ""test_case"": ""[[\""array([[0, 1, 2, 3, 4, 5], [5, 6, 7, 8, 9, 10], [10, 11, 12, 13, 14, 15], [15, 16, 17, 18, 19, 20], [20, 21, 22, 23, 24, 25]])\"", \""array([5, 9, 13, 17, 21])\"", \""<Execution Error: name 'a' is not defined>\""], [\""array([[0.3745401188473625, 0.9507143064099162, 0.7319939418114051, 0.5986584841970366, 0.15601864044243652, 0.15599452033620265, 0.05808361216819946, 0.8661761457749352, 0.6011150117432088, 0.7080725777960455], [0.020584494295802447, 0.9699098521619943, 0.8324426408004217, 0.21233911067827616, 0.18182496720710062, 0.18340450985343382, 0.3042422429595377, 0.5247564316322378, 0.43194501864211576, 0.2912291401980419], [0.6118528947223795, 0.13949386065204183, 0.29214464853521815, 0.366361843293691...[truncated]\"", \""array([0.7080725777960455, 0.43194501864211576, 0.5142344384136116, 0.3046137691733707, 0.662522284353982, 0.5978999788110851, 0.3567533266935893, 0.005522117123602399])\"", \""<Execution Error: name 'a' is not defined>\""]]""}"
"DS1000","hallucinated","DS0338","","","","{""error_type"": ""AssertionError"", ""error_message"": ""\nArrays are not equal\n\n(shapes (5,), (2, 5) mismatch)\n ACTUAL: array([ 0,  5, 10, 15, 20])\n DESIRED: array([[ 0,  6, 12, 18, 24],\n       [ 4,  8, 12, 16, 20]])"", ""line_no"": """", ""test_case"": ""[[\""array([[0, 1, 2, 3, 4], [5, 6, 7, 8, 9], [10, 11, 12, 13, 14], [15, 16, 17, 18, 19], [20, 21, 22, 23, 24]])\"", \""array([[0, 6, 12, 18, 24], [4, 8, 12, 16, 20]])\"", \""<Execution Error: name 'a' is not defined>\""], [\""array([[0.3745401188473625, 0.9507143064099162, 0.7319939418114051, 0.5986584841970366, 0.15601864044243652, 0.15599452033620265, 0.05808361216819946, 0.8661761457749352], [0.6011150117432088, 0.7080725777960455, 0.020584494295802447, 0.9699098521619943, 0.8324426408004217, 0.21233911067827616, 0.18182496720710062, 0.18340450985343382], [0.3042422429595377, 0.5247564316322378, 0.43194501864211576, 0.2912291401980419, 0.6118528947223795, 0.13949386065204183, 0.29214464853521815, 0.366361843293691...[truncated]\"", \""array([[0.3745401188473625, 0.7080725777960455, 0.43194501864211576, 0.5142344384136116, 0.3046137691733707, 0.662522284353982, 0.5978999788110851, 0.3567533266935893], [0.8661761457749352, 0.18182496720710062, 0.13949386065204183, 0.5924145688620425, 0.8083973481164611, 0.034388521115218396, 0.18485445552552704, 0.0884925020519195]])\"", \""<Execution Error: name 'a' is not defined>\""]]""}"
"DS1000","hallucinated","DS0339","","","","{""error_type"": ""AssertionError"", ""error_message"": ""\nArrays are not equal\n\n(shapes (10,), (2, 5) mismatch)\n ACTUAL: array([ 5, 10, 11, 15, 16, 17, 20, 21, 22, 23])\n DESIRED: array([[ 0,  6, 12, 18, 24],\n       [ 4,  8, 12, 16, 20]])"", ""line_no"": """", ""test_case"": ""[[\""array([[0, 1, 2, 3, 4, 5], [5, 6, 7, 8, 9, 10], [10, 11, 12, 13, 14, 15], [15, 16, 17, 18, 19, 20], [20, 21, 22, 23, 24, 25]])\"", \""array([[0, 6, 12, 18, 24], [4, 8, 12, 16, 20]])\"", \""<Execution Error: name 'a' is not defined>\""], [\""array([[0.3745401188473625, 0.9507143064099162, 0.7319939418114051, 0.5986584841970366, 0.15601864044243652, 0.15599452033620265, 0.05808361216819946, 0.8661761457749352, 0.6011150117432088, 0.7080725777960455], [0.020584494295802447, 0.9699098521619943, 0.8324426408004217, 0.21233911067827616, 0.18182496720710062, 0.18340450985343382, 0.3042422429595377, 0.5247564316322378, 0.43194501864211576, 0.2912291401980419], [0.6118528947223795, 0.13949386065204183, 0.29214464853521815, 0.366361843293691...[truncated]\"", \""array([[0.3745401188473625, 0.9699098521619943, 0.29214464853521815, 0.9488855372533332, 0.2587799816000169, 0.9218742350231168, 0.14092422497476265, 0.07404465173409036], [0.8661761457749352, 0.3042422429595377, 0.7851759613930136, 0.9656320330745594, 0.9093204020787821, 0.9394989415641891, 0.2713490317738959, 0.7722447692966574]])\"", \""<Execution Error: name 'a' is not defined>\""]]""}"
"DS1000","passed","DS0340","","","",""
"DS1000","passed","DS0341","","","",""
"DS1000","hallucinated","DS0342","{""type"": ""IndentationError"", ""value"": 5, ""message"": ""expected an indented block after function definition on line 4 (<unknown>, line 5)""}","","","{""error_type"": ""IndentationError"", ""error_message"": ""expected an indented block after function definition on line 4 (<string>, line 5)"", ""line_no"": ""1.0"", ""test_case"": ""[[\""array([[8, 5, 6, 8, 4, 9], [6, 6, 8, 3, 4, 8], [4, 4, 9, 6, 5, 9], [9, 4, 7, 6, 3, 9], [5, 7, 7, 3, 9, 5]])\"", \""[np.int64(8), np.int64(5), np.int64(6), np.int64(8), np.int64(4), np.int64(9), np.int64(6), np.int64(6), np.int64(8), np.int64(3), np.int64(4), np.int64(8), np.int64(4), np.int64(4), np.int64(9), np.int64(6), np.int64(5), np.int64(9), np.int64(9), np.int64(4), np.int64(7), np.int64(6), np.int64(3), np.int64(9), np.int64(5), np.int64(7), np.int64(7), np.int64(3), np.int64(9), np.int64(5)]\"", \""[8, 5, 6, 8, 4, 9, 6, 6, 8, 3, 4, 8, 4, 4, 9, 6, 5, 9, 9, 4, 7, 6, 3, 9, 5, 7, 7, 3, 9, 5]\""]]""}"
"DS1000","passed","DS0343","","","",""
"DS1000","passed","DS0344","","","",""
"DS1000","hallucinated","DS0345","","","","{""error_type"": ""AssertionError"", ""error_message"": ""\nNot equal to tolerance rtol=1e-07, atol=0\n\nMismatched elements: 8 / 8 (100%)\nFirst 5 mismatches are at indices:\n [0]: 3.8063684974193066 (ACTUAL), 4.943714393331565 (DESIRED)\n [1]: 8.31048445544897 (ACTUAL), 5.245749176606202 (DESIRED)\n [2]: 12.639186187611163 (ACTUAL), 10.289280407848572 (DESIRED)\n [3]: 15.3679196320988 (ACTUAL), 11.87134007123817 (DESIRED)\n [4]: 16.887071804481934 (ACTUAL), 12.596708146628787 (DESIRED)\nMax absolute difference among violations: 5.92607907\nMax relative difference among violations: 0.58423214\n ACTUAL: array([ 3.806368,  8.310484, 12.639186, 15.36792 , 16.887072, 19.561091,\n       19.899359, 20.407254])\n DESIRED: array([ 4.943714,  5.245749, 10.28928 , 11.87134 , 12.596708, 13.635012,\n       14.521737, 16.105729])"", ""line_no"": """", ""test_case"": ""[[\""(array([[0.37454012, 0.95071431, 0.73199394, 0.59865848, 0.15601864],\\n       [0.15599452, 0.05808361, 0.86617615, 0.60111501, 0.70807258],\\n       [0.02058449, 0.96990985, 0.83244264, 0.21233911, 0.18182497],\\n       [0.18340451, 0.30424224, 0.52475643, 0.43194502, 0.29122914],\\n       [0.61185289, 0.13949386, 0.29214465, 0.36636184, 0.45606998],\\n       [0.78517596, 0.19967378, 0.51423444, 0.59241457, 0.04645041],\\n       [0.60754485, 0.17052412, 0.06505159, 0.94888554, 0.96563203],\\n       [0.808397...[truncated]\"", \""array([4.943714393331565, 5.245749176606202, 10.289280407848572, 11.87134007123817, 12.596708146628787, 13.635011813852257, 14.521737257026173, 16.1057288567277])\"", \""<Execution Error: name 'np' is not defined>\""], [\""(array([[1.83434790e-01, 7.79691000e-01, 5.96850158e-01, 4.45832753e-01,\\n        9.99749158e-02, 4.59248892e-01],\\n       [3.33708611e-01, 1.42866818e-01, 6.50888473e-01, 5.64115790e-02,\\n        7.21998772e-01, 9.38552709e-01],\\n       [7.78765841e-04, 9.92211559e-01, 6.17481510e-01, 6.11653160e-01,\\n        7.06630522e-03, 2.30624250e-02],\\n       [5.24774660e-01, 3.99860972e-01, 4.66656632e-02, 9.73755519e-01,\\n        2.32771340e-01, 9.06064345e-02],\\n       [6.18386009e-01, 3.82461991e-01, 9.83230...[truncated]\"", \""array([0.01396049137637127, 0.015726923648326716, 0.034879797944062964, 0.06537128928575976, 0.07998717226943643, 0.09762558097160419, 0.11672658471366468, 0.1300396149508078])\"", \""<Execution Error: name 'np' is not defined>\""]]""}"
"DS1000","hallucinated","DS0346","","","","{""error_type"": ""AssertionError"", ""error_message"": ""\nNot equal to tolerance rtol=1e-07, atol=0\n\nMismatched elements: 5 / 5 (100%)\nMismatch at indices:\n [0]: 0.10703937033817272 (ACTUAL), 0.8111715057482538 (DESIRED)\n [1]: 5.150570601580544 (ACTUAL), 1.113206289022891 (DESIRED)\n [2]: 9.479272333742736 (ACTUAL), 5.617322247052554 (DESIRED)\n [3]: 10.583435709269773 (ACTUAL), 8.74312030811724 (DESIRED)\n [4]: 11.528925538746696 (ACTUAL), 12.425097712656676 (DESIRED)\nMax absolute difference among violations: 4.03736431\nMax relative difference among violations: 3.62678899\n ACTUAL: array([ 0.107039,  5.150571,  9.479272, 10.583436, 11.528926])\n DESIRED: array([ 0.811172,  1.113206,  5.617322,  8.74312 , 12.425098])"", ""line_no"": """", ""test_case"": ""[[\""(array([[0.37454012, 0.95071431, 0.73199394, 0.59865848, 0.15601864],\\n       [0.15599452, 0.05808361, 0.86617615, 0.60111501, 0.70807258],\\n       [0.02058449, 0.96990985, 0.83244264, 0.21233911, 0.18182497],\\n       [0.18340451, 0.30424224, 0.52475643, 0.43194502, 0.29122914],\\n       [0.61185289, 0.13949386, 0.29214465, 0.36636184, 0.45606998],\\n       [0.78517596, 0.19967378, 0.51423444, 0.59241457, 0.04645041],\\n       [0.60754485, 0.17052412, 0.06505159, 0.94888554, 0.96563203],\\n       [0.808397...[truncated]\"", \""array([0.8111715057482538, 1.113206289022891, 5.617322247052554, 8.74312030811724, 12.425097712656676])\"", \""<Execution Error: name 'np' is not defined>\""], [\""(array([[1.83434790e-01, 7.79691000e-01, 5.96850158e-01, 4.45832753e-01,\\n        9.99749158e-02, 4.59248892e-01],\\n       [3.33708611e-01, 1.42866818e-01, 6.50888473e-01, 5.64115790e-02,\\n        7.21998772e-01, 9.38552709e-01],\\n       [7.78765841e-04, 9.92211559e-01, 6.17481510e-01, 6.11653160e-01,\\n        7.06630522e-03, 2.30624250e-02],\\n       [5.24774660e-01, 3.99860972e-01, 4.66656632e-02, 9.73755519e-01,\\n        2.32771340e-01, 9.06064345e-02],\\n       [6.18386009e-01, 3.82461991e-01, 9.83230...[truncated]\"", \""array([0.016432422409937336, 0.028953385958820972, 0.030414641518661512, 0.060906132860358314, 0.06819496991852482, 0.07103215570140646])\"", \""<Execution Error: name 'np' is not defined>\""]]""}"
"DS1000","hallucinated","DS0347","","","","{""error_type"": ""AssertionError"", ""error_message"": ""\nNot equal to tolerance rtol=1e-07, atol=0\n\nMismatched elements: 1 / 1 (100%)\nMax absolute difference among violations: 0.00064151\nMax relative difference among violations: 730.1616\n ACTUAL: array(0.000642)\n DESIRED: array(8.785931e-07)"", ""line_no"": """", ""test_case"": ""[[\""(array([[0.37454012, 0.95071431, 0.73199394, 0.59865848, 0.15601864],\\n       [0.15599452, 0.05808361, 0.86617615, 0.60111501, 0.70807258],\\n       [0.02058449, 0.96990985, 0.83244264, 0.21233911, 0.18182497],\\n       [0.18340451, 0.30424224, 0.52475643, 0.43194502, 0.29122914],\\n       [0.61185289, 0.13949386, 0.29214465, 0.36636184, 0.45606998],\\n       [0.78517596, 0.19967378, 0.51423444, 0.59241457, 0.04645041],\\n       [0.60754485, 0.17052412, 0.06505159, 0.94888554, 0.96563203],\\n       [0.808397...[truncated]\"", \""8.78593144433127e-07\"", \""<Execution Error: name 'np' is not defined>\""], [\""(array([[1.83434790e-01, 7.79691000e-01, 5.96850158e-01, 4.45832753e-01,\\n        9.99749158e-02, 4.59248892e-01],\\n       [3.33708611e-01, 1.42866818e-01, 6.50888473e-01, 5.64115790e-02,\\n        7.21998772e-01, 9.38552709e-01],\\n       [7.78765841e-04, 9.92211559e-01, 6.17481510e-01, 6.11653160e-01,\\n        7.06630522e-03, 2.30624250e-02],\\n       [5.24774660e-01, 3.99860972e-01, 4.66656632e-02, 9.73755519e-01,\\n        2.32771340e-01, 9.06064345e-02],\\n       [6.18386009e-01, 3.82461991e-01, 9.83230...[truncated]\"", \""0.00016713757775958327\"", \""<Execution Error: name 'np' is not defined>\""]]""}"
"DS1000","hallucinated","DS0348","","","","{""error_type"": ""IndexError"", ""error_message"": ""tuple index out of range"", ""line_no"": """", ""test_case"": ""[[\""array([[0, 1, 0, 0], [0, 0, 1, 0], [0, 1, 1, 0], [1, 0, 0, 1]])\"", \""array([[0, 1, 0, 0], [0, 0, 1, 0], [0, 1, 1, 0], [1, 0, 0, 1]])\"", \""<Execution Error: name 'a' is not defined>\""], [\""array([[0, 1, 0, 0, 1, 1], [0, 0, 1, 0, 0, 1], [0, 1, 1, 0, 0, 0], [1, 0, 1, 0, 0, 1], [1, 1, 0, 1, 0, 0]])\"", \""array([[0, 1, 0, 0, 1, 1], [0, 0, 1, 0, 0, 1], [0, 1, 1, 0, 0, 0], [1, 0, 1, 0, 0, 1], [1, 1, 0, 1, 0, 0]])\"", \""<Execution Error: name 'a' is not defined>\""], [\""array([[0, 1, 0, 0, 1, 1], [0, 1, 0, 0, 1, 1], [0, 1, 0, 0, 1, 1], [1, 0, 1, 0, 0, 1], [1, 1, 0, 1, 0, 0]])\"", \""array([[0, 1, 0, 0, 1, 1], [0, 1, 0, 0, 1, 1], [0, 1, 0, 0, 1, 1], [1, 0, 1, 0, 0, 1], [1, 1, 0, 1, 0, 0]])\"", \""<Execution Error: name 'a' is not defined>\""]]""}"
"DS1000","hallucinated","DS0349","","","","{""error_type"": ""AssertionError"", ""error_message"": ""\nArrays are not equal\n\nMismatched elements: 1 / 1 (100%)\nMax absolute difference among violations: 2\nMax relative difference among violations: 0.33333333\n ACTUAL: array(8)\n DESIRED: array(6)"", ""line_no"": """", ""test_case"": ""[[\""array([[0.1834347898661638, 0.7796910002727693, 0.596850157946487, 0.44583275285359114, 0.09997491581800289, 0.45924889196586716], [0.33370861113902184, 0.14286681792194078, 0.6508884729488529, 0.056411579027100256, 0.7219987722668247, 0.9385527090157502], [0.0007787658410143283, 0.9922115592912175, 0.6174815096277165, 0.6116531604882809, 0.007066305219717406, 0.023062425041415757], [0.5247746602583891, 0.3998609717152555, 0.04666566321361543, 0.9737555188414592, 0.23277134043030423, 0.090606434...[truncated]\"", \""6\"", \""<Execution Error: name 'a' is not defined>\""]]""}"
"DS1000","hallucinated","DS0350","","","","{""error_type"": ""ModuleNotFoundError"", ""error_message"": ""No module named 'scipy'"", ""line_no"": """", ""test_case"": """"}"
"DS1000","hallucinated","DS0351","","","","{""error_type"": ""ModuleNotFoundError"", ""error_message"": ""No module named 'scipy'"", ""line_no"": """", ""test_case"": """"}"
"DS1000","hallucinated","DS0352","","","","{""error_type"": ""ModuleNotFoundError"", ""error_message"": ""No module named 'scipy'"", ""line_no"": """", ""test_case"": """"}"
"DS1000","hallucinated","DS0353","","","","{""error_type"": ""AttributeError"", ""error_message"": ""module 'numpy' has no attribute 'in1d'"", ""line_no"": """", ""test_case"": """"}"
"DS1000","hallucinated","DS0354","","","","{""error_type"": ""AttributeError"", ""error_message"": ""module 'numpy' has no attribute 'in1d'"", ""line_no"": """", ""test_case"": """"}"
"DS1000","hallucinated","DS0355","","","","{""error_type"": ""NameError"", ""error_message"": ""name 'c' is not defined"", ""line_no"": """", ""test_case"": ""[[\""(array([[[0.37454012, 0.95071431, 0.73199394],\\n        [0.59865848, 0.15601864, 0.15599452],\\n        [0.05808361, 0.86617615, 0.60111501]],\\n\\n       [[0.70807258, 0.02058449, 0.96990985],\\n        [0.83244264, 0.21233911, 0.18182497],\\n        [0.18340451, 0.30424224, 0.52475643]],\\n\\n       [[0.43194502, 0.29122914, 0.61185289],\\n        [0.13949386, 0.29214465, 0.36636184],\\n        [0.45606998, 0.78517596, 0.19967378]]]), array([[[ 0,  1,  2],\\n        [ 3,  4,  5],\\n        [ 6,  7,  8]],\\n\\n       [[ ...[truncated]\"", \""array([[[0, 10, 20], [21, 4, 5], [6, 16, 26]], [[18, 19, 2], [3, 13, 14], [15, 25, 17]], [[9, 1, 11], [12, 22, 23], [24, 7, 8]]])\"", \""<Execution Error: name 'b' is not defined>\""]]""}"
"DS1000","hallucinated","DS0356","","","","{""error_type"": ""NameError"", ""error_message"": ""name 'c' is not defined"", ""line_no"": """", ""test_case"": ""[[\""(array([[[0.37454012, 0.95071431, 0.73199394],\\n        [0.59865848, 0.15601864, 0.15599452],\\n        [0.05808361, 0.86617615, 0.60111501]],\\n\\n       [[0.70807258, 0.02058449, 0.96990985],\\n        [0.83244264, 0.21233911, 0.18182497],\\n        [0.18340451, 0.30424224, 0.52475643]],\\n\\n       [[0.43194502, 0.29122914, 0.61185289],\\n        [0.13949386, 0.29214465, 0.36636184],\\n        [0.45606998, 0.78517596, 0.19967378]]]), array([[[ 0,  1,  2],\\n        [ 3,  4,  5],\\n        [ 6,  7,  8]],\\n\\n       [[ ...[truncated]\"", \""array([[[0, 10, 20], [21, 4, 5], [6, 16, 26]], [[18, 19, 2], [3, 13, 14], [15, 25, 17]], [[9, 1, 11], [12, 22, 23], [24, 7, 8]]])\"", \""<Execution Error: name 'b' is not defined>\""]]""}"
"DS1000","hallucinated","DS0357","","","","{""error_type"": ""NameError"", ""error_message"": ""name 'c' is not defined"", ""line_no"": """", ""test_case"": ""[[\""(array([[[0.37454012, 0.95071431, 0.73199394],\\n        [0.59865848, 0.15601864, 0.15599452],\\n        [0.05808361, 0.86617615, 0.60111501]],\\n\\n       [[0.70807258, 0.02058449, 0.96990985],\\n        [0.83244264, 0.21233911, 0.18182497],\\n        [0.18340451, 0.30424224, 0.52475643]],\\n\\n       [[0.43194502, 0.29122914, 0.61185289],\\n        [0.13949386, 0.29214465, 0.36636184],\\n        [0.45606998, 0.78517596, 0.19967378]]]), array([[[ 0,  1,  2],\\n        [ 3,  4,  5],\\n        [ 6,  7,  8]],\\n\\n       [[ ...[truncated]\"", \""array([[[9, 1, 11], [12, 22, 23], [24, 7, 8]], [[18, 19, 2], [3, 13, 14], [15, 25, 17]], [[0, 10, 20], [21, 4, 5], [6, 16, 26]]])\"", \""<Execution Error: name 'b' is not defined>\""]]""}"
"DS1000","passed","DS0358","","","",""
"DS1000","hallucinated","DS0359","","","","{""error_type"": ""AssertionError"", ""error_message"": ""\nArrays are not equal\n\n(shapes (3, 4), (3, 3) mismatch)\n ACTUAL: array([[ 0,  1,  2,  3],\n       [ 4,  5,  6,  7],\n       [ 8,  9, 10, 11]])\n DESIRED: array([[ 0,  1,  3],\n       [ 4,  5,  7],\n       [ 8,  9, 11]])"", ""line_no"": """", ""test_case"": ""[[\""array([[0, 1, 2, 3], [4, 5, 6, 7], [8, 9, 10, 11]])\"", \""array([[0, 1, 3], [4, 5, 7], [8, 9, 11]])\"", \""<Execution Error: name 'a' is not defined>\""], [\""array([[1.0, 1.0, 1.0], [1.0, 1.0, 1.0], [1.0, 1.0, 1.0]])\"", \""array([[1.0, 1.0], [1.0, 1.0], [1.0, 1.0]])\"", \""<Execution Error: name 'a' is not defined>\""]]""}"
"DS1000","hallucinated","DS0360","","","","{""error_type"": ""AssertionError"", ""error_message"": ""\nArrays are not equal\n\n(shapes (3, 4), (2, 4) mismatch)\n ACTUAL: array([[ 0,  1,  2,  3],\n       [ 4,  5,  6,  7],\n       [ 8,  9, 10, 11]])\n DESIRED: array([[0, 1, 2, 3],\n       [4, 5, 6, 7]])"", ""line_no"": """", ""test_case"": ""[[\""array([[0, 1, 2, 3], [4, 5, 6, 7], [8, 9, 10, 11]])\"", \""array([[0, 1, 2, 3], [4, 5, 6, 7]])\"", \""<Execution Error: name 'a' is not defined>\""], [\""array([[1.0, 1.0, 1.0, 1.0], [1.0, 1.0, 1.0, 1.0], [1.0, 1.0, 1.0, 1.0], [1.0, 1.0, 1.0, 1.0]])\"", \""array([[1.0, 1.0, 1.0, 1.0], [1.0, 1.0, 1.0, 1.0], [1.0, 1.0, 1.0, 1.0]])\"", \""<Execution Error: name 'a' is not defined>\""]]""}"
"DS1000","hallucinated","DS0361","","","","{""error_type"": ""AssertionError"", ""error_message"": ""\nArrays are not equal\n\n(shapes (3, 4), (3, 2) mismatch)\n ACTUAL: array([[ 0,  1,  2,  3],\n       [ 4,  5,  6,  7],\n       [ 8,  9, 10, 11]])\n DESIRED: array([[ 1,  3],\n       [ 5,  7],\n       [ 9, 11]])"", ""line_no"": """", ""test_case"": ""[[\""array([[0, 1, 2, 3], [4, 5, 6, 7], [8, 9, 10, 11]])\"", \""array([[1, 3], [5, 7], [9, 11]])\"", \""<Execution Error: name 'a' is not defined>\""], [\""array([[1.0, 1.0, 1.0, 1.0, 1.0, 1.0], [1.0, 1.0, 1.0, 1.0, 1.0, 1.0], [1.0, 1.0, 1.0, 1.0, 1.0, 1.0], [1.0, 1.0, 1.0, 1.0, 1.0, 1.0], [1.0, 1.0, 1.0, 1.0, 1.0, 1.0], [1.0, 1.0, 1.0, 1.0, 1.0, 1.0]])\"", \""array([[1.0, 1.0, 1.0, 1.0], [1.0, 1.0, 1.0, 1.0], [1.0, 1.0, 1.0, 1.0], [1.0, 1.0, 1.0, 1.0], [1.0, 1.0, 1.0, 1.0], [1.0, 1.0, 1.0, 1.0]])\"", \""<Execution Error: name 'a' is not defined>\""]]""}"
"DS1000","hallucinated","DS0362","","","","{""error_type"": ""NameError"", ""error_message"": ""name 'arr' is not defined"", ""line_no"": ""3.0"", ""test_case"": ""[[\""(array([[ 0,  1,  2,  3],\\n       [ 4,  5,  6,  7],\\n       [ 8,  9, 10, 11]]), array([1, 2, 4, 5]))\"", \""array([[2], [6], [10]])\"", \""<Execution Error: name 'arr' is not defined>\""], [\""(array([[1.83434790e-01, 7.79691000e-01, 5.96850158e-01, 4.45832753e-01,\\n        9.99749158e-02, 4.59248892e-01],\\n       [3.33708611e-01, 1.42866818e-01, 6.50888473e-01, 5.64115790e-02,\\n        7.21998772e-01, 9.38552709e-01],\\n       [7.78765841e-04, 9.92211559e-01, 6.17481510e-01, 6.11653160e-01,\\n        7.06630522e-03, 2.30624250e-02],\\n       [5.24774660e-01, 3.99860972e-01, 4.66656632e-02, 9.73755519e-01,\\n        2.32771340e-01, 9.06064345e-02],\\n       [6.18386009e-01, 3.82461991e-01, 9.83230...[truncated]\"", \""array([[0.7796910002727693, 0.596850157946487, 0.44583275285359114, 0.09997491581800289, 0.45924889196586716], [0.14286681792194078, 0.6508884729488529, 0.056411579027100256, 0.7219987722668247, 0.9385527090157502], [0.9922115592912175, 0.6174815096277165, 0.6116531604882809, 0.007066305219717406, 0.023062425041415757], [0.3998609717152555, 0.04666566321361543, 0.9737555188414592, 0.23277134043030423, 0.0906064345328208], [0.38246199126716274, 0.9832308858067882, 0.4667628932479799, 0.8599404067...[truncated]\"", \""<Execution Error: name 'arr' is not defined>\""]]""}"
"DS1000","hallucinated","DS0363","","","","{""error_type"": ""AssertionError"", ""error_message"": ""\nArrays are not equal\n\n(shapes (4,), (5,) mismatch)\n ACTUAL: array([ 1,  2, 66,  4])\n DESIRED: array([ 1,  2, 66,  3,  4])"", ""line_no"": """", ""test_case"": ""[[\""(array([1, 2, 3, 4]), 2, 66)\"", \""array([1, 2, 66, 3, 4])\"", \""<Execution Error: name 'element' is not defined>\""], [\""(array([0.37454012, 0.95071431, 0.73199394, 0.59865848, 0.15601864,\\n       0.15599452, 0.05808361, 0.86617615, 0.60111501, 0.70807258,\\n       0.02058449, 0.96990985, 0.83244264, 0.21233911, 0.18182497,\\n       0.18340451, 0.30424224, 0.52475643, 0.43194502, 0.29122914,\\n       0.61185289, 0.13949386, 0.29214465, 0.36636184, 0.45606998,\\n       0.78517596, 0.19967378, 0.51423444, 0.59241457, 0.04645041,\\n       0.60754485, 0.17052412, 0.06505159, 0.94888554, 0.96563203,\\n       0.80839735, 0.30461377,...[truncated]\"", \""array([0.3745401188473625, 0.9507143064099162, 0.7319939418114051, 0.5986584841970366, 0.15601864044243652, 0.15599452033620265, 0.05808361216819946, 0.8661761457749352, 0.6011150117432088, 0.7080725777960455, 0.020584494295802447, 0.9699098521619943, 0.8324426408004217, 0.21233911067827616, 0.18182496720710062, 0.18340450985343382, 0.3042422429595377, 0.5247564316322378, 0.43194501864211576, 0.2912291401980419, 0.6118528947223795, 0.13949386065204183, 0.29214464853521815, 0.3663618432936917, 0....[truncated]\"", \""<Execution Error: name 'element' is not defined>\""]]""}"
"DS1000","hallucinated","DS0364","","","","{""error_type"": ""AssertionError"", ""error_message"": ""\nArrays are not equal\n\n(shapes (2, 2), (3, 2) mismatch)\n ACTUAL: array([[1, 2],\n       [3, 4]])\n DESIRED: array([[1, 2],\n       [3, 5],\n       [3, 4]])"", ""line_no"": """", ""test_case"": ""[[\""(array([[1, 2],\\n       [3, 4]]), 1, [3, 5])\"", \""array([[1, 2], [3, 5], [3, 4]])\"", \""<Execution Error: name 'np' is not defined>\""], [\""(array([[0.37454012, 0.95071431, 0.73199394, 0.59865848, 0.15601864,\\n        0.15599452, 0.05808361, 0.86617615, 0.60111501, 0.70807258],\\n       [0.02058449, 0.96990985, 0.83244264, 0.21233911, 0.18182497,\\n        0.18340451, 0.30424224, 0.52475643, 0.43194502, 0.29122914],\\n       [0.61185289, 0.13949386, 0.29214465, 0.36636184, 0.45606998,\\n        0.78517596, 0.19967378, 0.51423444, 0.59241457, 0.04645041],\\n       [0.60754485, 0.17052412, 0.06505159, 0.94888554, 0.96563203,\\n        0.80839735, ...[truncated]\"", \""array([[0.3745401188473625, 0.9507143064099162, 0.7319939418114051, 0.5986584841970366, 0.15601864044243652, 0.15599452033620265, 0.05808361216819946, 0.8661761457749352, 0.6011150117432088, 0.7080725777960455], [0.020584494295802447, 0.9699098521619943, 0.8324426408004217, 0.21233911067827616, 0.18182496720710062, 0.18340450985343382, 0.3042422429595377, 0.5247564316322378, 0.43194501864211576, 0.2912291401980419], [0.6118528947223795, 0.13949386065204183, 0.29214464853521815, 0.366361843293691...[truncated]\"", \""<Execution Error: name 'np' is not defined>\""]]""}"
"DS1000","hallucinated","DS0365","{""type"": ""IndentationError"", ""value"": 5, ""message"": ""expected an indented block after function definition on line 4 (<unknown>, line 5)""}","","","{""error_type"": ""IndentationError"", ""error_message"": ""expected an indented block after function definition on line 4 (<string>, line 5)"", ""line_no"": ""4.0"", ""test_case"": ""[[\""(array([1, 2, 3, 4]), 2, 66)\"", \""array([1, 2, 66, 3, 4])\"", \""<Execution Error: name 'element' is not defined>\""], [\""(array([0.37454012, 0.95071431, 0.73199394, 0.59865848, 0.15601864,\\n       0.15599452, 0.05808361, 0.86617615, 0.60111501, 0.70807258,\\n       0.02058449, 0.96990985, 0.83244264, 0.21233911, 0.18182497,\\n       0.18340451, 0.30424224, 0.52475643, 0.43194502, 0.29122914,\\n       0.61185289, 0.13949386, 0.29214465, 0.36636184, 0.45606998,\\n       0.78517596, 0.19967378, 0.51423444, 0.59241457, 0.04645041,\\n       0.60754485, 0.17052412, 0.06505159, 0.94888554, 0.96563203,\\n       0.80839735, 0.30461377,...[truncated]\"", \""array([0.3745401188473625, 0.9507143064099162, 0.7319939418114051, 0.5986584841970366, 0.15601864044243652, 0.15599452033620265, 0.05808361216819946, 0.8661761457749352, 0.6011150117432088, 0.7080725777960455, 0.020584494295802447, 0.9699098521619943, 0.8324426408004217, 0.21233911067827616, 0.18182496720710062, 0.18340450985343382, 0.3042422429595377, 0.5247564316322378, 0.43194501864211576, 0.2912291401980419, 0.6118528947223795, 0.13949386065204183, 0.29214464853521815, 0.3663618432936917, 0....[truncated]\"", \""<Execution Error: name 'element' is not defined>\""]]""}"
"DS1000","hallucinated","DS0366","","","","{""error_type"": ""AssertionError"", ""error_message"": ""\nArrays are not equal\n\n(shapes (2, 2), (4, 2) mismatch)\n ACTUAL: array([[1, 2],\n       [3, 4]])\n DESIRED: array([[1, 2],\n       [3, 5],\n       [6, 6],\n       [3, 4]])"", ""line_no"": """", ""test_case"": ""[[\""(array([[1, 2],\\n       [3, 4]]), [1, 2], array([[3, 5],\\n       [6, 6]]))\"", \""array([[1, 2], [3, 5], [6, 6], [3, 4]])\"", \""<Execution Error: name 'np' is not defined>\""], [\""(array([[0.37454012, 0.95071431, 0.73199394, 0.59865848, 0.15601864,\\n        0.15599452, 0.05808361, 0.86617615, 0.60111501, 0.70807258],\\n       [0.02058449, 0.96990985, 0.83244264, 0.21233911, 0.18182497,\\n        0.18340451, 0.30424224, 0.52475643, 0.43194502, 0.29122914],\\n       [0.61185289, 0.13949386, 0.29214465, 0.36636184, 0.45606998,\\n        0.78517596, 0.19967378, 0.51423444, 0.59241457, 0.04645041],\\n       [0.60754485, 0.17052412, 0.06505159, 0.94888554, 0.96563203,\\n        0.80839735, ...[truncated]\"", \""array([[0.3745401188473625, 0.9507143064099162, 0.7319939418114051, 0.5986584841970366, 0.15601864044243652, 0.15599452033620265, 0.05808361216819946, 0.8661761457749352, 0.6011150117432088, 0.7080725777960455], [0.020584494295802447, 0.9699098521619943, 0.8324426408004217, 0.21233911067827616, 0.18182496720710062, 0.18340450985343382, 0.3042422429595377, 0.5247564316322378, 0.43194501864211576, 0.2912291401980419], [0.6118528947223795, 0.13949386065204183, 0.29214464853521815, 0.366361843293691...[truncated]\"", \""<Execution Error: name 'np' is not defined>\""]]""}"
"DS1000","passed","DS0367","","","",""
"DS1000","passed","DS0368","","","",""
"DS1000","hallucinated","DS0369","","","","{""error_type"": ""AxisError"", ""error_message"": ""axis 1 is out of bounds for array of dimension 1"", ""line_no"": ""3.0"", ""test_case"": ""[[\""array([[1, 2, 3, 4, 5], [1, 2, 3, 4, 5], [1, 2, 3, 4, 5]])\"", \""False\"", \""<Execution Error: name 'np' is not defined>\""], [\""array([[0.3745401188473625, 0.9507143064099162, 0.7319939418114051, 0.5986584841970366], [0.15601864044243652, 0.15599452033620265, 0.05808361216819946, 0.8661761457749352], [0.6011150117432088, 0.7080725777960455, 0.020584494295802447, 0.9699098521619943]])\"", \""False\"", \""<Execution Error: name 'np' is not defined>\""], [\""array([[1, 1, 1], [2, 2, 2], [3, 3, 3]])\"", \""True\"", \""<Execution Error: name 'np' is not defined>\""], [\""array([[1, 1, 1], [1, 1, 2], [1, 1, 3]])\"", \""False\"", \""<Execution Error: name 'np' is not defined>\""], [\""array([[1, 1, 1], [2, 2, 1], [3, 3, 1]])\"", \""False\"", \""<Execution Error: name 'np' is not defined>\""]]""}"
"DS1000","hallucinated","DS0370","{""type"": ""IndentationError"", ""value"": 5, ""message"": ""expected an indented block after function definition on line 4 (<unknown>, line 5)""}","","","{""error_type"": ""IndentationError"", ""error_message"": ""expected an indented block after function definition on line 4 (<string>, line 5)"", ""line_no"": ""4.0"", ""test_case"": ""[[\""array([[1, 2, 3, 4, 5], [1, 2, 3, 4, 5], [1, 2, 3, 4, 5]])\"", \""True\"", \""<Execution Error: name 'np' is not defined>\""], [\""array([[0.3745401188473625, 0.9507143064099162, 0.7319939418114051, 0.5986584841970366], [0.15601864044243652, 0.15599452033620265, 0.05808361216819946, 0.8661761457749352], [0.6011150117432088, 0.7080725777960455, 0.020584494295802447, 0.9699098521619943]])\"", \""False\"", \""<Execution Error: name 'np' is not defined>\""], [\""array([[1, 1, 1], [2, 2, 2], [3, 3, 3]])\"", \""False\"", \""<Execution Error: name 'np' is not defined>\""], [\""array([[1, 1, 1], [1, 1, 1], [1, 1, 3]])\"", \""False\"", \""<Execution Error: name 'np' is not defined>\""], [\""array([[1, 1, 1], [2, 2, 1], [1, 1, 1]])\"", \""False\"", \""<Execution Error: name 'np' is not defined>\""]]""}"
"DS1000","hallucinated","DS0371","","","","{""error_type"": ""ModuleNotFoundError"", ""error_message"": ""No module named 'scipy'"", ""line_no"": """", ""test_case"": """"}"
"DS1000","hallucinated","DS0372","{""type"": ""IndentationError"", ""value"": 5, ""message"": ""expected an indented block after function definition on line 4 (<unknown>, line 5)""}","","","{""error_type"": ""ModuleNotFoundError"", ""error_message"": ""No module named 'scipy'"", ""line_no"": """", ""test_case"": """"}"
"DS1000","hallucinated","DS0373","","","","{""error_type"": ""AssertionError"", ""error_message"": """", ""line_no"": """", ""test_case"": ""[[\""array([93.5, 93.0, 60.8, 94.5, 82.0, 87.5, 91.5, 99.5, 86.0, 93.5, 92.5, 78.0, 76.0, 69.0, 94.5, 89.5, 92.8, 78.0, 65.5, 98.0, 98.5, 92.3, 95.5, 76.0, 91.0, 95.0, 61.0])\"", \""array([0.037037037037037035, 0.07407407407407407, 0.1111111111111111, 0.14814814814814814, 0.18518518518518517, 0.2222222222222222, 0.25925925925925924, 0.2962962962962963, 0.3333333333333333, 0.37037037037037035, 0.4074074074074074, 0.4444444444444444, 0.48148148148148145, 0.5185185185185185, 0.5555555555555556, 0.5925925925925926, 0.6296296296296297, 0.6666666666666666, 0.7037037037037037, 0.7407407407407407, 0.7777777777777778, 0.8148148148148148, 0.8518518518518519, 0.8888888888888888, 0.925...[truncated]\"", \""<Execution Error: name 'grades' is not defined>\""], [\""array([-12.54598811526375, 45.071430640991615, 23.19939418114051, 9.86584841970366, -34.398135955756345, -34.40054796637973, -44.19163878318005, 36.61761457749352, 10.11150117432088, 20.807257779604548, -47.94155057041976, 46.990985216199434, 33.24426408004217, -28.766088932172384, -31.817503279289937, -31.65954901465662, -19.57577570404623, 2.475643163223784, -6.805498135788424, -20.877085980195808, 11.185289472237947, -36.05061393479582, -20.785535146478185, -13.36381567063083, -4.393001578296...[truncated]\"", \""array([0.02, 0.04, 0.06, 0.08, 0.1, 0.12, 0.14, 0.16, 0.18, 0.2, 0.22, 0.24, 0.26, 0.28, 0.3, 0.32, 0.34, 0.36, 0.38, 0.4, 0.42, 0.44, 0.46, 0.48, 0.5, 0.52, 0.54, 0.56, 0.58, 0.6, 0.62, 0.64, 0.66, 0.68, 0.7, 0.72, 0.74, 0.76, 0.78, 0.8, 0.82, 0.84, 0.86, 0.88, 0.9, 0.92, 0.94, 0.96, 0.98, 1.0])\"", \""<Execution Error: name 'grades' is not defined>\""]]""}"
"DS1000","hallucinated","DS0374","","","","{""error_type"": ""AssertionError"", ""error_message"": """", ""line_no"": """", ""test_case"": ""[[\""(array([93.5, 93. , 60.8, 94.5, 82. , 87.5, 91.5, 99.5, 86. , 93.5, 92.5,\\n       78. , 76. , 69. , 94.5, 89.5, 92.8, 78. , 65.5, 98. , 98.5, 92.3,\\n       95.5, 76. , 91. , 95. , 61. ]), array([88, 87, 62]))\"", \""array([0.4074074074074074, 0.37037037037037035, 0.07407407407407407])\"", \""<Execution Error: name 'grades' is not defined>\""], [\""(array([-12.54598812,  45.07143064,  23.19939418,   9.86584842,\\n       -34.39813596, -34.40054797, -44.19163878,  36.61761458,\\n        10.11150117,  20.80725778, -47.94155057,  46.99098522,\\n        33.24426408, -28.76608893, -31.81750328, -31.65954901,\\n       -19.5757757 ,   2.47564316,  -6.80549814, -20.87708598,\\n        11.18528947, -36.05061393, -20.78553515, -13.36381567,\\n        -4.39300158,  28.51759614, -30.03262178,   1.42344384,\\n         9.24145689, -45.35495873,  10.75448519, -32.94758...[truncated]\"", \""array([1.0, 0.82, 1.0, 0.92, 1.0])\"", \""<Execution Error: name 'grades' is not defined>\""]]""}"
"DS1000","hallucinated","DS0375","","","","{""error_type"": ""AssertionError"", ""error_message"": ""\nNot equal to tolerance rtol=1e-07, atol=0\n\nMismatched elements: 2 / 2 (100%)\nMismatch at indices:\n [0]: 0 (ACTUAL), 60.8 (DESIRED)\n [1]: 1 (ACTUAL), 91.5 (DESIRED)\nMax absolute difference among violations: 90.5\nMax relative difference among violations: 1.\n ACTUAL: array([0, 1])\n DESIRED: array([60.8, 91.5])"", ""line_no"": """", ""test_case"": ""[[\""(array([93.5, 93. , 60.8, 94.5, 82. , 87.5, 91.5, 99.5, 86. , 93.5, 92.5,\\n       78. , 76. , 69. , 94.5, 89.5, 92.8, 78. , 65.5, 98. , 98.5, 92.3,\\n       95.5, 76. , 91. , 95. , 61. ]), 0.5)\"", \""[np.float64(60.8), np.float64(91.5)]\"", \""<Execution Error: name 'grades' is not defined>\""], [\""(array([-12.54598812,  45.07143064,  23.19939418,   9.86584842,\\n       -34.39813596, -34.40054797, -44.19163878,  36.61761458,\\n        10.11150117,  20.80725778, -47.94155057,  46.99098522,\\n        33.24426408, -28.76608893, -31.81750328, -31.65954901,\\n       -19.5757757 ,   2.47564316,  -6.80549814, -20.87708598,\\n        11.18528947, -36.05061393, -20.78553515, -13.36381567,\\n        -4.39300158,  28.51759614, -30.03262178,   1.42344384,\\n         9.24145689, -45.35495873,  10.75448519, -32.94758...[truncated]\"", \""[np.float64(-47.94155057041976), np.float64(2.475643163223784)]\"", \""<Execution Error: name 'grades' is not defined>\""]]""}"
"DS1000","hallucinated","DS0376","","","","{""error_type"": ""AssertionError"", ""error_message"": """", ""line_no"": """", ""test_case"": ""[[\""(1000, 0.9)\"", \""(1000, 0.9)\"", \""array([0, 0, 1, 0, 1, 0, 0, 0, 0, 0, 0, 1, 0, 0, 0, 0, 0, 0, 0, 0, 0, 0, 0, 0, 1, 0, 0, 0, 0, 1, 0, 0, 0, 0, 1, 0, 0, 0, 1, 0, 1, 0, 0, 0, 0, 0, 0, 0, 0, 0, 0, 1, 0, 1, 1, 0, 0, 0, 0, 0, 0, 0, 0, 0, 0, 0, 0, 0, 0, 0, 0, 1, 0, 0, 0, 0, 0, 0, 0, 0, 0, 0, 0, 0, 0, 0, 0, 0, 0, 0, 0, 0, 0, 0, 0, 0, 0, 0, 0, 0, 0, 0, 0, 0, 0, 0, 0, 0, 0, 0, 0, 0, 0, 0, 0, 0, 0, 0, 0, 0, 0, 1, 0, 0, 0, 0, 0, 0, 0, 0, 1, 0, 0, 1, 0, 1, 0, 0, 0, 0, 0, 0, 0, 0, 0, 0, 1, 1, 0, 0, 0, 0, 0, 0, 0, 0, 0, 0, 0, 1, 0, 0, 0, 0, 0...[truncated]\""], [\""(100, 0.8)\"", \""(100, 0.8)\"", \""array([0, 0, 0, 1, 1, 0, 0, 0, 0, 0, 0, 0, 1, 0, 0, 0, 0, 0, 0, 0, 0, 0, 0, 1, 1, 1, 0, 0, 1, 0, 0, 0, 0, 1, 0, 0, 0, 0, 1, 0, 0, 1, 0, 0, 0, 0, 0, 0, 0, 0, 1, 0, 0, 0, 0, 0, 1, 1, 0, 1, 0, 0, 0, 1, 0, 0, 0, 0, 0, 1, 1, 0, 1, 0, 1, 0, 0, 0, 1, 0, 0, 0, 0, 0, 0, 1, 0, 0, 0, 1, 1, 0, 0, 0, 0, 1, 0, 0, 0, 1])\""]]""}"
"DS1000","hallucinated","DS0377","","","","{""error_type"": ""ModuleNotFoundError"", ""error_message"": ""No module named 'torch'"", ""line_no"": """", ""test_case"": """"}"
"DS1000","hallucinated","DS0378","","","","{""error_type"": ""ModuleNotFoundError"", ""error_message"": ""No module named 'torch'"", ""line_no"": """", ""test_case"": """"}"
"DS1000","hallucinated","DS0379","","","[{'type': 'module_not_found', 'module': 'tensorflow', 'line': 2}]","{""error_type"": ""ModuleNotFoundError"", ""error_message"": ""No module named 'tensorflow'"", ""line_no"": """", ""test_case"": """"}"
"DS1000","hallucinated","DS0380","","","[{'type': 'module_not_found', 'module': 'tensorflow', 'line': 2}]","{""error_type"": ""ModuleNotFoundError"", ""error_message"": ""No module named 'tensorflow'"", ""line_no"": """", ""test_case"": """"}"
"DS1000","passed","DS0381","","","",""
"DS1000","passed","DS0382","","","",""
"DS1000","hallucinated","DS0383","","","","{""error_type"": ""AssertionError"", ""error_message"": ""\nArrays are not equal\n\nMismatched elements: 3 / 3 (100%)\nMismatch at indices:\n [0]: 5 (ACTUAL), 3 (DESIRED)\n [1]: 1 (ACTUAL), 4 (DESIRED)\n [2]: 2 (ACTUAL), 0 (DESIRED)\nMax absolute difference among violations: 3\nMax relative difference among violations: 0.75\n ACTUAL: array([5, 1, 2])\n DESIRED: array([3, 4, 0])"", ""line_no"": """", ""test_case"": ""[[\""(array([4, 1, 0, 8, 5, 2]), 3)\"", \""array([3, 4, 0])\"", \""<Execution Error: name 'np' is not defined>\""], [\""(array([-12.54598812,  45.07143064,  23.19939418,   9.86584842,\\n       -34.39813596, -34.40054797, -44.19163878,  36.61761458,\\n        10.11150117,  20.80725778, -47.94155057,  46.99098522,\\n        33.24426408, -28.76608893, -31.81750328, -31.65954901,\\n       -19.5757757 ,   2.47564316,  -6.80549814, -20.87708598,\\n        11.18528947, -36.05061393, -20.78553515, -13.36381567,\\n        -4.39300158,  28.51759614, -30.03262178,   1.42344384,\\n         9.24145689, -45.35495873,  10.75448519, -32.94758...[truncated]\"", \""array([69, 11, 50, 34, 1, 33, 52])\"", \""<Execution Error: name 'np' is not defined>\""]]""}"
"DS1000","hallucinated","DS0384","","","","{""error_type"": ""AssertionError"", ""error_message"": ""\nNot equal to tolerance rtol=1e-07, atol=0\n\nMismatched elements: 16 / 16 (100%)\nFirst 5 mismatches are at indices:\n [0, 0]: 0 (ACTUAL), 1780800 (DESIRED)\n [0, 1]: 1 (ACTUAL), 2050000 (DESIRED)\n [0, 2]: 32 (ACTUAL), 2319200 (DESIRED)\n [0, 3]: 243 (ACTUAL), 2588400 (DESIRED)\n [1, 0]: 1024 (ACTUAL), 5147200 (DESIRED)\nMax absolute difference among violations: 16507425\nMax relative difference among violations: 1.\n ACTUAL: array([[     0,      1,     32,    243],\n       [  1024,   3125,   7776,  16807],\n       [ 32768,  59049, 100000, 161051],\n       [248832, 371293, 537824, 759375]])\n DESIRED: array([[ 1780800,  2050000,  2319200,  2588400],\n       [ 5147200,  5925200,  6703200,  7481200],\n       [ 8513600,  9800400, 11087200, 12374000],\n       [11880000, 13675600, 15471200, 17266800]])"", ""line_no"": """", ""test_case"": ""[[\""(array([[ 0,  1,  2,  3],\\n       [ 4,  5,  6,  7],\\n       [ 8,  9, 10, 11],\\n       [12, 13, 14, 15]]), 5)\"", \""array([[1780800, 2050000, 2319200, 2588400], [5147200, 5925200, 6703200, 7481200], [8513600, 9800400, 11087200, 12374000], [11880000, 13675600, 15471200, 17266800]])\"", \""<Execution Error: name 'A' is not defined>\""], [\""(array([[0.95071431, 0.73199394, 0.59865848, 0.15601864, 0.15599452,\\n        0.05808361, 0.86617615, 0.60111501, 0.70807258, 0.02058449,\\n        0.96990985, 0.83244264, 0.21233911],\\n       [0.18182497, 0.18340451, 0.30424224, 0.52475643, 0.43194502,\\n        0.29122914, 0.61185289, 0.13949386, 0.29214465, 0.36636184,\\n        0.45606998, 0.78517596, 0.19967378],\\n       [0.51423444, 0.59241457, 0.04645041, 0.60754485, 0.17052412,\\n        0.06505159, 0.94888554, 0.96563203, 0.80839735, 0.30461377,\\n ...[truncated]\"", \""array([[740.8341709736229, 735.8629481195638, 817.7792274934556, 881.3046361568045, 469.97415038956757, 503.94877966040895, 751.451558682963, 783.7576057907107, 961.363548565841, 876.038753913369, 829.3029492386424, 799.9522542883936, 804.3329560693606], [520.4638308308197, 516.7308314061445, 574.5735394348113, 619.2811290747628, 330.2396628655144, 354.2208442567424, 528.4926593669672, 550.4640680332244, 675.5114505983913, 615.7329470001969, 582.6454303144419, 562.1381951740616, 565.022950172971...[truncated]\"", \""<Execution Error: name 'A' is not defined>\""]]""}"
"DS1000","hallucinated","DS0385","","","","{""error_type"": ""AssertionError"", ""error_message"": ""\nArrays are not equal\n\nMismatched elements: 12 / 16 (75%)\nFirst 5 mismatches are at indices:\n [0, 1, 0]: 9 (ACTUAL), 2 (DESIRED)\n [0, 1, 1]: 13 (ACTUAL), 6 (DESIRED)\n [1, 0, 0]: 2 (ACTUAL), 3 (DESIRED)\n [1, 0, 1]: 6 (ACTUAL), 7 (DESIRED)\n [1, 1, 0]: 10 (ACTUAL), 4 (DESIRED)\nMax absolute difference among violations: 7\nMax relative difference among violations: 3.5\n ACTUAL: array([[[ 1,  5],\n        [ 9, 13]],\n...\n DESIRED: array([[[ 1,  5],\n        [ 2,  6]],\n..."", ""line_no"": """", ""test_case"": ""[[\""array([[1, 5, 9, 13], [2, 6, 10, 14], [3, 7, 11, 15], [4, 8, 12, 16]])\"", \""array([[[1, 5], [2, 6]], [[3, 7], [4, 8]], [[9, 13], [10, 14]], [[11, 15], [12, 16]]])\"", \""<Execution Error: name 'a' is not defined>\""], [\""array([[0.3745401188473625, 0.9507143064099162, 0.7319939418114051, 0.5986584841970366, 0.15601864044243652, 0.15599452033620265, 0.05808361216819946, 0.8661761457749352, 0.6011150117432088, 0.7080725777960455, 0.020584494295802447, 0.9699098521619943, 0.8324426408004217, 0.21233911067827616, 0.18182496720710062, 0.18340450985343382, 0.3042422429595377, 0.5247564316322378, 0.43194501864211576, 0.2912291401980419, 0.6118528947223795, 0.13949386065204183, 0.29214464853521815, 0.3663618432936917, 0...[truncated]\"", \""array([[[0.3745401188473625, 0.9507143064099162], [0.6420316461542878, 0.08413996499504883]], [[0.10312386883593261, 0.9025529066795667], [0.16893506307216455, 0.2785903390319586]], [[0.7072386343133986, 0.15253904291426135], [0.18513292883861965, 0.5419009473783581]], [[0.7582631959290226, 0.02458691645880151], [0.16704190790094986, 0.16761921628831766]], [[0.1918673247187429, 0.32337156211552076], [0.9565013982994801, 0.737508359459007]], [[0.26170568373590597, 0.24697879907199982], [0.9768003...[truncated]\"", \""<Execution Error: name 'a' is not defined>\""]]""}"
"DS1000","hallucinated","DS0386","","","","{""error_type"": ""AssertionError"", ""error_message"": ""\nArrays are not equal\n\n(shapes (4, 2, 2), (9, 2, 2) mismatch)\n ACTUAL: array([[[ 1,  5],\n        [ 9, 13]],\n...\n DESIRED: array([[[ 1,  5],\n        [ 2,  6]],\n..."", ""line_no"": """", ""test_case"": ""[[\""array([[1, 5, 9, 13], [2, 6, 10, 14], [3, 7, 11, 15], [4, 8, 12, 16]])\"", \""array([[[1, 5], [2, 6]], [[5, 9], [6, 10]], [[9, 13], [10, 14]], [[2, 6], [3, 7]], [[6, 10], [7, 11]], [[10, 14], [11, 15]], [[3, 7], [4, 8]], [[7, 11], [8, 12]], [[11, 15], [12, 16]]])\"", \""<Execution Error: name 'a' is not defined>\""], [\""array([[0.3745401188473625, 0.9507143064099162, 0.7319939418114051, 0.5986584841970366, 0.15601864044243652, 0.15599452033620265, 0.05808361216819946, 0.8661761457749352, 0.6011150117432088, 0.7080725777960455, 0.020584494295802447, 0.9699098521619943, 0.8324426408004217, 0.21233911067827616, 0.18182496720710062, 0.18340450985343382, 0.3042422429595377, 0.5247564316322378, 0.43194501864211576, 0.2912291401980419, 0.6118528947223795, 0.13949386065204183, 0.29214464853521815, 0.3663618432936917, 0...[truncated]\"", \""array([[[0.3745401188473625, 0.9507143064099162], [0.6420316461542878, 0.08413996499504883]], [[0.9507143064099162, 0.7319939418114051], [0.08413996499504883, 0.16162871409461377]], [[0.7319939418114051, 0.5986584841970366], [0.16162871409461377, 0.8985541885270792]], [[0.5986584841970366, 0.15601864044243652], [0.8985541885270792, 0.6064290596595899]], [[0.15601864044243652, 0.15599452033620265], [0.6064290596595899, 0.009197051616629648]], [[0.15599452033620265, 0.05808361216819946], [0.009197...[truncated]\"", \""<Execution Error: name 'a' is not defined>\""]]""}"
"DS1000","hallucinated","DS0387","","","","{""error_type"": ""AssertionError"", ""error_message"": ""\nArrays are not equal\n\nMismatched elements: 8 / 16 (50%)\nFirst 5 mismatches are at indices:\n [0, 1, 0]: 9 (ACTUAL), 2 (DESIRED)\n [0, 1, 1]: 13 (ACTUAL), 6 (DESIRED)\n [1, 0, 0]: 2 (ACTUAL), 9 (DESIRED)\n [1, 0, 1]: 6 (ACTUAL), 13 (DESIRED)\n [2, 1, 0]: 11 (ACTUAL), 4 (DESIRED)\nMax absolute difference among violations: 7\nMax relative difference among violations: 3.5\n ACTUAL: array([[[ 1,  5],\n        [ 9, 13]],\n...\n DESIRED: array([[[ 1,  5],\n        [ 2,  6]],\n..."", ""line_no"": """", ""test_case"": ""[[\""array([[1, 5, 9, 13], [2, 6, 10, 14], [3, 7, 11, 15], [4, 8, 12, 16]])\"", \""array([[[1, 5], [2, 6]], [[9, 13], [10, 14]], [[3, 7], [4, 8]], [[11, 15], [12, 16]]])\"", \""<Execution Error: name 'a' is not defined>\""], [\""array([[0.3745401188473625, 0.9507143064099162, 0.7319939418114051, 0.5986584841970366, 0.15601864044243652, 0.15599452033620265, 0.05808361216819946, 0.8661761457749352, 0.6011150117432088, 0.7080725777960455, 0.020584494295802447, 0.9699098521619943, 0.8324426408004217, 0.21233911067827616, 0.18182496720710062, 0.18340450985343382, 0.3042422429595377, 0.5247564316322378, 0.43194501864211576, 0.2912291401980419, 0.6118528947223795, 0.13949386065204183, 0.29214464853521815, 0.3663618432936917, 0...[truncated]\"", \""array([[[0.3745401188473625, 0.9507143064099162], [0.6420316461542878, 0.08413996499504883]], [[0.7319939418114051, 0.5986584841970366], [0.16162871409461377, 0.8985541885270792]], [[0.15601864044243652, 0.15599452033620265], [0.6064290596595899, 0.009197051616629648]], [[0.05808361216819946, 0.8661761457749352], [0.1014715428660321, 0.6635017691080558]], [[0.6011150117432088, 0.7080725777960455], [0.005061583846218687, 0.16080805141749865]], [[0.020584494295802447, 0.9699098521619943], [0.54873...[truncated]\"", \""<Execution Error: name 'a' is not defined>\""]]""}"
"DS1000","hallucinated","DS0388","","","","{""error_type"": ""AssertionError"", ""error_message"": ""\nArrays are not equal\n\n(shapes (5, 2, 2), (4, 2, 2) mismatch)\n ACTUAL: array([[[ 1,  5],\n        [ 9, 13]],\n...\n DESIRED: array([[[ 1,  5],\n        [ 2,  6]],\n..."", ""line_no"": """", ""test_case"": ""[[\""(array([[ 1,  5,  9, 13, 17],\\n       [ 2,  6, 10, 14, 18],\\n       [ 3,  7, 11, 15, 19],\\n       [ 4,  8, 12, 16, 20]]), 2)\"", \""array([[[1, 5], [2, 6]], [[9, 13], [10, 14]], [[3, 7], [4, 8]], [[11, 15], [12, 16]]])\"", \""<Execution Error: name 'a' is not defined>\""], [\""(array([[0.37454012, 0.95071431, 0.73199394, ..., 0.89711026, 0.88708642,\\n        0.77987555],\\n       [0.64203165, 0.08413996, 0.16162871, ..., 0.42899403, 0.75087107,\\n        0.75454287],\\n       [0.10312387, 0.90255291, 0.50525237, ..., 0.17231987, 0.19228902,\\n        0.04086862],\\n       ...,\\n       [0.72407642, 0.49998353, 0.57057071, ..., 0.43099334, 0.72624259,\\n        0.69339703],\\n       [0.20448195, 0.05850715, 0.54600675, ..., 0.20296941, 0.86229253,\\n        0.34254217],\\n       [0.9465083...[truncated]\"", \""array([[[0.3745401188473625, 0.9507143064099162, 0.7319939418114051, 0.5986584841970366, 0.15601864044243652], [0.6420316461542878, 0.08413996499504883, 0.16162871409461377, 0.8985541885270792, 0.6064290596595899], [0.10312386883593261, 0.9025529066795667, 0.5052523724478571, 0.8264574661077416, 0.32004960103061175], [0.16893506307216455, 0.2785903390319586, 0.17701048427674682, 0.08870253375705561, 0.12063587110060081], [0.7072386343133986, 0.15253904291426135, 0.5762883601668132, 0.60671504638...[truncated]\"", \""<Execution Error: name 'a' is not defined>\""]]""}"
"DS1000","hallucinated","DS0389","","","","{""error_type"": ""ValueError"", ""error_message"": ""all the input arrays must have same number of dimensions, but the array at index 0 has 3 dimension(s) and the array at index 1 has 0 dimension(s)"", ""line_no"": ""3.0"", ""test_case"": ""[[\""(array([[[ 0,  1,  2],\\n        [ 6,  7,  8]],\\n\\n       [[ 3,  4,  5],\\n        [ 9, 10, 11]],\\n\\n       [[12, 13, 14],\\n        [18, 19, 20]],\\n\\n       [[15, 16, 17],\\n        [21, 22, 23]]]), 4, 6)\"", \""array([[0, 1, 2, 3, 4, 5], [6, 7, 8, 9, 10, 11], [12, 13, 14, 15, 16, 17], [18, 19, 20, 21, 22, 23]])\"", \""<Execution Error: name 'np' is not defined>\""], [\""(array([[[0.37454012, 0.95071431, 0.73199394, 0.59865848],\\n        [0.15601864, 0.15599452, 0.05808361, 0.86617615],\\n        [0.60111501, 0.70807258, 0.02058449, 0.96990985]],\\n\\n       [[0.83244264, 0.21233911, 0.18182497, 0.18340451],\\n        [0.30424224, 0.52475643, 0.43194502, 0.29122914],\\n        [0.61185289, 0.13949386, 0.29214465, 0.36636184]],\\n\\n       [[0.45606998, 0.78517596, 0.19967378, 0.51423444],\\n        [0.59241457, 0.04645041, 0.60754485, 0.17052412],\\n        [0.06505159, 0.94888554...[truncated]\"", \""array([[0.3745401188473625, 0.9507143064099162, 0.7319939418114051, 0.5986584841970366, 0.8324426408004217, 0.21233911067827616, 0.18182496720710062, 0.18340450985343382, 0.45606998421703593, 0.7851759613930136, 0.19967378215835974, 0.5142344384136116], [0.15601864044243652, 0.15599452033620265, 0.05808361216819946, 0.8661761457749352, 0.3042422429595377, 0.5247564316322378, 0.43194501864211576, 0.2912291401980419, 0.5924145688620425, 0.046450412719997725, 0.6075448519014384, 0.17052412368729153...[truncated]\"", \""<Execution Error: name 'np' is not defined>\""]]""}"
"DS1000","hallucinated","DS0390","","","","{""error_type"": ""AssertionError"", ""error_message"": ""\nArrays are not equal\n\n(shapes (5, 2, 2), (4, 2, 2) mismatch)\n ACTUAL: array([[[ 1,  5],\n        [ 9, 13]],\n...\n DESIRED: array([[[ 1,  5],\n        [ 2,  6]],\n..."", ""line_no"": """", ""test_case"": ""[[\""(array([[ 1,  5,  9, 13, 17],\\n       [ 2,  6, 10, 14, 18],\\n       [ 3,  7, 11, 15, 19],\\n       [ 4,  8, 12, 16, 20]]), 2)\"", \""array([[[1, 5], [2, 6]], [[3, 7], [4, 8]], [[9, 13], [10, 14]], [[11, 15], [12, 16]]])\"", \""<Execution Error: name 'a' is not defined>\""], [\""(array([[0.37454012, 0.95071431, 0.73199394, ..., 0.89711026, 0.88708642,\\n        0.77987555],\\n       [0.64203165, 0.08413996, 0.16162871, ..., 0.42899403, 0.75087107,\\n        0.75454287],\\n       [0.10312387, 0.90255291, 0.50525237, ..., 0.17231987, 0.19228902,\\n        0.04086862],\\n       ...,\\n       [0.72407642, 0.49998353, 0.57057071, ..., 0.43099334, 0.72624259,\\n        0.69339703],\\n       [0.20448195, 0.05850715, 0.54600675, ..., 0.20296941, 0.86229253,\\n        0.34254217],\\n       [0.9465083...[truncated]\"", \""array([[[0.3745401188473625, 0.9507143064099162, 0.7319939418114051, 0.5986584841970366, 0.15601864044243652], [0.6420316461542878, 0.08413996499504883, 0.16162871409461377, 0.8985541885270792, 0.6064290596595899], [0.10312386883593261, 0.9025529066795667, 0.5052523724478571, 0.8264574661077416, 0.32004960103061175], [0.16893506307216455, 0.2785903390319586, 0.17701048427674682, 0.08870253375705561, 0.12063587110060081], [0.7072386343133986, 0.15253904291426135, 0.5762883601668132, 0.60671504638...[truncated]\"", \""<Execution Error: name 'a' is not defined>\""]]""}"
"DS1000","hallucinated","DS0391","","","","{""error_type"": ""AssertionError"", ""error_message"": ""\nArrays are not equal\n\n(shapes (20, 4), (20, 3) mismatch)\n ACTUAL: array([[0.950714, 0.731994, 0.598658, 0.156019],\n       [0.96991 , 0.832443, 0.212339, 0.181825],\n       [0.139494, 0.292145, 0.366362, 0.45607 ],...\n DESIRED: array([[0.156019, 0.155995, 0.058084],\n       [0.181825, 0.183405, 0.304242],\n       [0.45607 , 0.785176, 0.199674],..."", ""line_no"": """", ""test_case"": ""[[\""(array([[ 0,  1,  2,  3,  5,  6,  7,  8],\\n       [ 4,  5,  6,  7,  5,  3,  2,  5],\\n       [ 8,  9, 10, 11,  4,  5,  3,  5]]), 1, 5)\"", \""array([[1, 2, 3, 5], [5, 6, 7, 5], [9, 10, 11, 4]])\"", \""<Execution Error: name 'a' is not defined>\""], [\""(array([[0.37454012, 0.95071431, 0.73199394, 0.59865848, 0.15601864,\\n        0.15599452, 0.05808361, 0.86617615, 0.60111501, 0.70807258],\\n       [0.02058449, 0.96990985, 0.83244264, 0.21233911, 0.18182497,\\n        0.18340451, 0.30424224, 0.52475643, 0.43194502, 0.29122914],\\n       [0.61185289, 0.13949386, 0.29214465, 0.36636184, 0.45606998,\\n        0.78517596, 0.19967378, 0.51423444, 0.59241457, 0.04645041],\\n       [0.60754485, 0.17052412, 0.06505159, 0.94888554, 0.96563203,\\n        0.80839735, ...[truncated]\"", \""array([[0.15601864044243652, 0.15599452033620265, 0.05808361216819946], [0.18182496720710062, 0.18340450985343382, 0.3042422429595377], [0.45606998421703593, 0.7851759613930136, 0.19967378215835974], [0.9656320330745594, 0.8083973481164611, 0.3046137691733707], [0.2587799816000169, 0.662522284353982, 0.31171107608941095], [0.5978999788110851, 0.9218742350231168, 0.0884925020519195], [0.28093450968738076, 0.5426960831582485, 0.14092422497476265], [0.7068573438476171, 0.7290071680409873, 0.7712703...[truncated]\"", \""<Execution Error: name 'a' is not defined>\""]]""}"
"DS1000","hallucinated","DS0392","","","","{""error_type"": ""AssertionError"", ""error_message"": ""\nArrays are not equal\n\n(shapes (0, 8), (2, 8) mismatch)\n ACTUAL: array([], shape=(0, 8), dtype=int64)\n DESIRED: array([[0, 1, 2, 3, 5, 6, 7, 8],\n       [4, 5, 6, 7, 5, 3, 2, 5]])"", ""line_no"": """", ""test_case"": ""[[\""(array([[ 0,  1,  2,  3,  5,  6,  7,  8],\\n       [ 4,  5,  6,  7,  5,  3,  2,  5],\\n       [ 8,  9, 10, 11,  4,  5,  3,  5]]), 0, 2)\"", \""array([[0, 1, 2, 3, 5, 6, 7, 8], [4, 5, 6, 7, 5, 3, 2, 5]])\"", \""<Execution Error: name 'a' is not defined>\""], [\""(array([[0.37454012, 0.95071431, 0.73199394, 0.59865848, 0.15601864,\\n        0.15599452, 0.05808361, 0.86617615, 0.60111501, 0.70807258],\\n       [0.02058449, 0.96990985, 0.83244264, 0.21233911, 0.18182497,\\n        0.18340451, 0.30424224, 0.52475643, 0.43194502, 0.29122914],\\n       [0.61185289, 0.13949386, 0.29214465, 0.36636184, 0.45606998,\\n        0.78517596, 0.19967378, 0.51423444, 0.59241457, 0.04645041],\\n       [0.60754485, 0.17052412, 0.06505159, 0.94888554, 0.96563203,\\n        0.80839735, ...[truncated]\"", \""array([[0.12203823484477883, 0.4951769101112702, 0.034388521115218396, 0.9093204020787821, 0.2587799816000169, 0.662522284353982, 0.31171107608941095, 0.5200680211778108, 0.5467102793432796, 0.18485445552552704], [0.9695846277645586, 0.7751328233611146, 0.9394989415641891, 0.8948273504276488, 0.5978999788110851, 0.9218742350231168, 0.0884925020519195, 0.1959828624191452, 0.045227288910538066, 0.32533033076326434], [0.388677289689482, 0.2713490317738959, 0.8287375091519293, 0.3567533266935893, 0....[truncated]\"", \""<Execution Error: name 'a' is not defined>\""]]""}"
"DS1000","passed","DS0393","","","",""
"DS1000","hallucinated","DS0394","","","","{""error_type"": ""SyntaxError"", ""error_message"": ""invalid syntax. Perhaps you forgot a comma? (<string>, line 1)"", ""line_no"": """", ""test_case"": ""[[\""[[ 0.5544  0.4456], [ 0.8811  0.1189]]\"", \""array([[0.5544, 0.4456], [0.8811, 0.1189]])\"", \""<Execution Error: invalid syntax. Perhaps you forgot a comma? (<string>, line 1)>\""], [\""[[0.37454012 0.95071431 0.73199394 0.59865848 0.15601864 0.15599452], [0.05808361 0.86617615 0.60111501 0.70807258 0.02058449 0.96990985], [0.83244264 0.21233911 0.18182497 0.18340451 0.30424224 0.52475643], [0.43194502 0.29122914 0.61185289 0.13949386 0.29214465 0.36636184], [0.45606998 0.78517596 0.19967378 0.51423444 0.59241457 0.04645041]]\"", \""array([[0.37454012, 0.95071431, 0.73199394, 0.59865848, 0.15601864, 0.15599452], [0.05808361, 0.86617615, 0.60111501, 0.70807258, 0.02058449, 0.96990985], [0.83244264, 0.21233911, 0.18182497, 0.18340451, 0.30424224, 0.52475643], [0.43194502, 0.29122914, 0.61185289, 0.13949386, 0.29214465, 0.36636184], [0.45606998, 0.78517596, 0.19967378, 0.51423444, 0.59241457, 0.04645041]])\"", \""<Execution Error: invalid syntax. Perhaps you forgot a comma? (<string>, line 1)>\""]]""}"
"DS1000","hallucinated","DS0395","","","","{""error_type"": ""ModuleNotFoundError"", ""error_message"": ""No module named 'scipy'"", ""line_no"": ""3.0"", ""test_case"": """"}"
"DS1000","hallucinated","DS0396","","","","{""error_type"": ""ModuleNotFoundError"", ""error_message"": ""No module named 'scipy'"", ""line_no"": ""3.0"", ""test_case"": """"}"
"DS1000","hallucinated","DS0397","{""type"": ""IndentationError"", ""value"": 5, ""message"": ""expected an indented block after function definition on line 4 (<unknown>, line 5)""}","","","{""error_type"": ""ModuleNotFoundError"", ""error_message"": ""No module named 'scipy'"", ""line_no"": """", ""test_case"": """"}"
"DS1000","hallucinated","DS0398","","","","{""error_type"": ""NameError"", ""error_message"": ""name 'B' is not defined"", ""line_no"": """", ""test_case"": ""[[\""(0    0.496714\\n1   -0.138264\\n2    0.647689\\n3    1.523030\\n4   -0.234153\\n5   -0.234137\\n6    1.579213\\n7    0.767435\\n8   -0.469474\\n9    0.542560\\ndtype: float64, 2, 3)\"", \""array([0.9934283060224653, 2.703756315725027, 9.406646023376465, 31.265997782945444, 93.32968659938966, 279.5207858842706, 841.7207832838266, 2526.6972193097854, 7579.152709157486, 22738.54324755963])\"", \""<Execution Error: name 'pd' is not defined>\""], [\""(0     0.496714\\n1    -0.138264\\n2     0.647689\\n3     1.523030\\n4    -0.234153\\n5    -0.234137\\n6     1.579213\\n7     0.767435\\n8    -0.469474\\n9     0.542560\\n10   -0.463418\\n11   -0.465730\\n12    0.241962\\n13   -1.913280\\n14   -1.724918\\n15   -0.562288\\n16   -1.012831\\n17    0.314247\\n18   -0.908024\\n19   -1.412304\\n20    1.465649\\n21   -0.225776\\n22    0.067528\\n23   -1.424748\\n24   -0.544383\\n25    0.110923\\n26   -1.150994\\n27    0.375698\\n28   -0.600639\\n29   -0.291694\\ndtype: float64, np.int64(5), np.int64(5))\"", \""array([2.4835707650561636, 11.726532319424896, 61.871104287627944, 316.97067072017984, 1583.6825867272826, 7917.242248851667, 39594.10730833587, 197974.3737153251, 989869.5212046959, 4949350.318823697, 24746749.27703002, 123733744.05650134, 618668721.492318, 3093343597.8951893, 15466717980.851357, 77333589901.44534, 386667949502.16254, 1933339747512.384, 9666698737557.379, 48333493687779.83, 241667468438906.47, 1208337342194531.0, 6041686710972655.0, 3.0208433554863268e+16, 1.5104216777431635e+1...[truncated]\"", \""<Execution Error: name 'pd' is not defined>\""]]""}"
"DS1000","hallucinated","DS0399","","","","{""error_type"": ""KeyError"", ""error_message"": ""-1"", ""line_no"": ""10.0"", ""test_case"": ""[[\""(0    0.496714\\n1   -0.138264\\n2    0.647689\\n3    1.523030\\n4   -0.234153\\n5   -0.234137\\n6    1.579213\\n7    0.767435\\n8   -0.469474\\n9    0.542560\\ndtype: float64, 2, 3, 4)\"", \""array([0.9934283060224653, 2.703756315725027, 13.380359247466327, 54.00216271811514, 215.05961839476407, 860.7192321428544, 3445.554595638634, 13781.075584945625, 55124.50618861954, 220498.9060257283])\"", \""<Execution Error: -1>\""], [\""(0     0.496714\\n1    -0.138264\\n2     0.647689\\n3     1.523030\\n4    -0.234153\\n5    -0.234137\\n6     1.579213\\n7     0.767435\\n8    -0.469474\\n9     0.542560\\n10   -0.463418\\n11   -0.465730\\n12    0.241962\\n13   -1.913280\\n14   -1.724918\\n15   -0.562288\\n16   -1.012831\\n17    0.314247\\n18   -0.908024\\n19   -1.412304\\n20    1.465649\\n21   -0.225776\\n22    0.067528\\n23   -1.424748\\n24   -0.544383\\n25    0.110923\\n26   -1.150994\\n27    0.375698\\n28   -0.600639\\n29   -0.291694\\ndtype: float64, np.int64(5), np.int64(5), np.int6...[truncated]\"", \""array([2.4835707650561636, 11.726532319424896, 81.73967040807725, 510.12575987782554, 3203.375395780129, 20096.712373138504, 126118.46109601109, 791369.8416388092, 4965794.549590205, 31159934.193861715, 195526025.04894176, 1226909596.4669538, 7698756183.936113, 48309057681.84979, 303135337872.1133, 1902149150812.5532, 11935828457034.607, 74896335491675.03, 469968305114647.44, 2949012209506630.0, 1.8504807488450336e+16, 1.1611613511830472e+17, 7.286191354991263e+17, 4.572024758442069e+18, 2.86890...[truncated]\"", \""<Execution Error: -1>\""]]""}"
"DS1000","passed","DS0400","","","",""
"DS1000","passed","DS0401","","","",""
"DS1000","hallucinated","DS0402","","","","{""error_type"": ""TypeError"", ""error_message"": ""only int indices permitted"", ""line_no"": ""3.0"", ""test_case"": ""[[\""((3, 4, 2), array([[[0.37454012, 0.95071431],\\n        [0.73199394, 0.59865848],\\n        [0.15601864, 0.15599452],\\n        [0.05808361, 0.86617615]],\\n\\n       [[0.60111501, 0.70807258],\\n        [0.02058449, 0.96990985],\\n        [0.83244264, 0.21233911],\\n        [0.18182497, 0.18340451]],\\n\\n       [[0.30424224, 0.52475643],\\n        [0.43194502, 0.29122914],\\n        [0.61185289, 0.13949386],\\n        [0.29214465, 0.36636184]]]), (1, 0, 1))\"", \""13\"", \""<Execution Error: name 'np' is not defined>\""], [\""(array([8, 9, 8, 8, 8]), array([[[[[7.79691000e-01, 5.96850158e-01, 4.45832753e-01, ...,\\n           3.33708611e-01, 1.42866818e-01, 6.50888473e-01],\\n          [5.64115790e-02, 7.21998772e-01, 9.38552709e-01, ...,\\n           6.17481510e-01, 6.11653160e-01, 7.06630522e-03],\\n          [2.30624250e-02, 5.24774660e-01, 3.99860972e-01, ...,\\n           2.32771340e-01, 9.06064345e-02, 6.18386009e-01],\\n          ...,\\n          [1.73364654e-01, 3.91060608e-01, 1.82236088e-01, ...,\\n           2.07941663e-0...[truncated]\"", \""12697\"", \""<Execution Error: name 'np' is not defined>\""]]""}"
"DS1000","passed","DS0403","","","",""
"DS1000","hallucinated","DS0404","","","","{""error_type"": ""NameError"", ""error_message"": ""name 'df' is not defined"", ""line_no"": """", ""test_case"": ""[[\""(['x', 'y'], ['a', 'b', 'c'])\"", \""DataFrame({'a': [0, 0], 'b': [0.0, 0.0], 'c': [0.0, 0.0]})\"", \""<Execution Error: name 'pd' is not defined>\""]]""}"
"DS1000","passed","DS0405","","","",""
"DS1000","hallucinated","DS0406","","","","{""error_type"": ""AssertionError"", ""error_message"": ""\nArrays are not equal\n\nMismatched elements: 3 / 3 (100%)\nMismatch at indices:\n [0]: 3 (ACTUAL), 5.0 (DESIRED)\n [1]: 3 (ACTUAL), 10.0 (DESIRED)\n [2]: 3 (ACTUAL), 9.0 (DESIRED)\nMax absolute difference among violations: 7.\nMax relative difference among violations: 0.7\n ACTUAL: array(3)\n DESIRED: array([ 5., 10.,  9.])"", ""line_no"": """", ""test_case"": ""[[\""(array([ 1,  2,  3,  4,  5,  6,  7,  8,  9, 10]), array([0, 1, 0, 0, 0, 1, 1, 2, 2, 1]))\"", \""array([5.0, 10.0, 9.0])\"", \""<Execution Error: name 'np' is not defined>\""], [\""(array([ -73,   34,  -29,  -89,   61,  -68,  -53,   50,  -39,  -64,   -2,\\n         71,    3,  -66,   92,    0,   74,   30, -100,  -96,   41,    2,\\n        -74,   36,  -86,  -11,  -59,   23,   78,  -38,   -5,  -49,   -5,\\n         31,   50,   42,   70,  -72,  -65,  -88,   59,  -30,   86,  -15,\\n        -73,  -35,   69,  -56,  -39,   84,   33,  -73,  -73,    7,  -57,\\n        -17,  -71,   89,  -26,   27,   -9,   89,   28,   20,  -74,   89,\\n         20,   15,  -98,    2,   97,   99,   54,   36,  -39, ...[truncated]\"", \""array([97.0, 89.0, 83.0, 92.0, 99.0])\"", \""<Execution Error: name 'np' is not defined>\""]]""}"
"DS1000","hallucinated","DS0407","","","","{""error_type"": ""ValueError"", ""error_message"": ""'list' argument must have no negative elements"", ""line_no"": ""3.0"", ""test_case"": ""[[\""(array([ 1,  2,  3,  4,  5,  6,  7,  8,  9, 10]), array([ 0,  1,  0,  0,  0, -1, -1,  2,  2,  1]))\"", \""array([13.0, 12.0, 30.0])\"", \""<Execution Error: name 'np' is not defined>\""], [\""(array([  99,   89,  -61,  -19,   10,  -48,  -77,   53,   87,   23,  -60,\\n         56,  -86,  -56,  -36,  -12,  -30,  -92,  -13,   28,   35,  -38,\\n         38,  -20,   35,   62,   62,  -68,   22,  -96,  -60,  -73,   34,\\n        -29,  -89,   61,  -68,  -53,   50,  -39,  -64,   -2,   71,    3,\\n        -66,   92,    0,   74,   30, -100,  -96,   41,    2,  -74,   36,\\n        -86,  -11,  -59,   23,   78,  -38,   -5,  -49,   -5,   31,   50,\\n         42,   70,  -72,  -65,  -88,   59,  -30,   86,  -15, ...[truncated]\"", \""array([-325.0, 314.0, -340.0, -235.0, -61.0])\"", \""<Execution Error: name 'np' is not defined>\""]]""}"
"DS1000","hallucinated","DS0408","","","","{""error_type"": ""AssertionError"", ""error_message"": ""\nArrays are not equal\n\n(shapes (10,), (3,) mismatch)\n ACTUAL: array([2, 3, 2, 2, 2, 1, 1, 4, 4, 3])\n DESIRED: array([1., 2., 6.])"", ""line_no"": """", ""test_case"": ""[[\""(array([ 1,  2,  3,  4,  5,  6,  7,  8,  9, 10]), array([ 0,  1,  0,  0,  0, -1, -1,  2,  2,  1]))\"", \""array([1.0, 2.0, 6.0])\"", \""<Execution Error: name 'np' is not defined>\""], [\""(array([  99,   89,  -61,  -19,   10,  -48,  -77,   53,   87,   23,  -60,\\n         56,  -86,  -56,  -36,  -12,  -30,  -92,  -13,   28,   35,  -38,\\n         38,  -20,   35,   62,   62,  -68,   22,  -96,  -60,  -73,   34,\\n        -29,  -89,   61,  -68,  -53,   50,  -39,  -64,   -2,   71,    3,\\n        -66,   92,    0,   74,   30, -100,  -96,   41,    2,  -74,   36,\\n        -86,  -11,  -59,   23,   78,  -38,   -5,  -49,   -5,   31,   50,\\n         42,   70,  -72,  -65,  -88,   59,  -30,   86,  -15, ...[truncated]\"", \""array([-100.0, -88.0, -96.0, -74.0, -98.0])\"", \""<Execution Error: name 'np' is not defined>\""]]""}"
"DS1000","hallucinated","DS0409","","","","{""error_type"": ""NameError"", ""error_message"": ""name 'elementwise_function' is not defined"", ""line_no"": ""3.0"", ""test_case"": ""[[\""([[2, 2, 2], [2, 2, 2], [2, 2, 2]], [[3, 3, 3], [3, 3, 3], [3, 3, 1]])\"", \""array([[5, 5, 5], [5, 5, 5], [5, 5, 3]])\"", \""<Execution Error: name 'np' is not defined>\""], [\""(array([[1.83434790e-01, 7.79691000e-01, 5.96850158e-01, 4.45832753e-01,\\n        9.99749158e-02, 4.59248892e-01],\\n       [3.33708611e-01, 1.42866818e-01, 6.50888473e-01, 5.64115790e-02,\\n        7.21998772e-01, 9.38552709e-01],\\n       [7.78765841e-04, 9.92211559e-01, 6.17481510e-01, 6.11653160e-01,\\n        7.06630522e-03, 2.30624250e-02],\\n       [5.24774660e-01, 3.99860972e-01, 4.66656632e-02, 9.73755519e-01,\\n        2.32771340e-01, 9.06064345e-02],\\n       [6.18386009e-01, 3.82461991e-01, 9.83230...[truncated]\"", \""array([[0.21474808232172238, 1.6219757748677677, 1.0466042913162528, 0.8409829888554056, 1.026633781611797, 1.186520887822288], [0.6602493799448572, 0.7133107923273402, 1.1717227329746764, 1.0175836033764494, 1.5665326209449761, 1.685872819153131], [0.5404708982300941, 1.5789627249550657, 1.5827368168918545, 1.2186874081749655, 0.28306548724226077, 0.31933593074549815], [0.6900415993213916, 0.4154973784564494, 0.47006714391998505, 1.3686370370170289, 0.5262595151483423, 0.10468625724790526], [0....[truncated]\"", \""<Execution Error: name 'np' is not defined>\""]]""}"
"DS1000","hallucinated","DS0410","","","","{""error_type"": ""ValueError"", ""error_message"": ""a must be 1-dimensional"", ""line_no"": ""3.0"", ""test_case"": ""[[\""([0.333, 0.334, 0.333], [(3, 3), (3, 4), (3, 5)], 1000)\"", \""array([[3, 4], [3, 5], [3, 5], [3, 4], [3, 3], [3, 3], [3, 3], [3, 5], [3, 4], [3, 5], [3, 3], [3, 5], [3, 5], [3, 3], [3, 3], [3, 3], [3, 3], [3, 4], [3, 4], [3, 3], [3, 4], [3, 3], [3, 3], [3, 4], [3, 4], [3, 5], [3, 3], [3, 4], [3, 4], [3, 3], [3, 4], [3, 3], [3, 3], [3, 5], [3, 5], [3, 5], [3, 3], [3, 3], [3, 5], [3, 4], [3, 3], [3, 4], [3, 3], [3, 5], [3, 3], [3, 4], [3, 3], [3, 4], [3, 4], [3, 3], [3, 5], [3, 5], [3, 5], [3, 5], [3, 4], [3, 5], [3, 3], [3, 3], [3, 3], [3, 3], [3, 4], [3, 3...[truncated]\"", \""<Execution Error: name 'np' is not defined>\""], [\""(array([0., 0., 0., 0., 0., 0., 1., 0., 0., 0.]), [(np.int64(0), np.int64(10)), (np.int64(1), np.int64(9)), (np.int64(2), np.int64(8)), (np.int64(3), np.int64(7)), (np.int64(4), np.int64(6)), (np.int64(5), np.int64(5)), (np.int64(6), np.int64(4)), (np.int64(7), np.int64(3)), (np.int64(8), np.int64(2)), (np.int64(9), np.int64(1))], 10)\"", \""array([[6, 4], [6, 4], [6, 4], [6, 4], [6, 4], [6, 4], [6, 4], [6, 4], [6, 4], [6, 4]])\"", \""<Execution Error: name 'np' is not defined>\""]]""}"
"DS1000","hallucinated","DS0411","","","","{""error_type"": ""AssertionError"", ""error_message"": ""\nArrays are not equal\n\n(shapes (2, 2), (3, 3) mismatch)\n ACTUAL: array([[1., 1.],\n       [1., 1.]])\n DESIRED: array([[0., 0., 0.],\n       [0., 1., 1.],\n       [0., 1., 1.]])"", ""line_no"": """", ""test_case"": ""[[\""(array([[1., 1., 1.],\\n       [1., 1., 1.],\\n       [1., 1., 1.]]), -1, 2)\"", \""array([[0.0, 0.0, 0.0], [0.0, 1.0, 1.0], [0.0, 1.0, 1.0]])\"", \""<Execution Error: name 'a' is not defined>\""], [\""(array([[2., 2., 2., 2., 2.],\\n       [2., 2., 2., 2., 2.],\\n       [2., 2., 2., 2., 2.],\\n       [2., 2., 2., 2., 2.],\\n       [2., 2., 2., 2., 2.]]), 1, 6)\"", \""array([[2.0, 2.0, 2.0, 2.0, 0.0], [2.0, 2.0, 2.0, 2.0, 0.0], [2.0, 2.0, 2.0, 2.0, 0.0], [2.0, 2.0, 2.0, 2.0, 0.0], [0.0, 0.0, 0.0, 0.0, 0.0]])\"", \""<Execution Error: name 'a' is not defined>\""], [\""(array([[1., 1., 1., 1., 1.],\\n       [1., 1., 1., 1., 1.],\\n       [1., 1., 1., 1., 1.],\\n       [1., 1., 1., 1., 1.],\\n       [1., 1., 1., 1., 1.]]), 2, 7)\"", \""array([[1.0, 1.0, 1.0, 0.0, 0.0], [1.0, 1.0, 1.0, 0.0, 0.0], [1.0, 1.0, 1.0, 0.0, 0.0], [0.0, 0.0, 0.0, 0.0, 0.0], [0.0, 0.0, 0.0, 0.0, 0.0]])\"", \""<Execution Error: name 'a' is not defined>\""]]""}"
"DS1000","passed","DS0412","","","",""
"DS1000","passed","DS0413","","","",""
"DS1000","hallucinated","DS0414","","","","{""error_type"": ""NameError"", ""error_message"": ""name 'bin_data_mean' is not defined"", ""line_no"": """", ""test_case"": ""[[\""(array([4, 2, 5, 6, 7, 5, 4, 3, 5, 7]), 3)\"", \""array([3.6666666666666665, 6.0, 4.0])\"", \""array([3.6666666666666665, 6.0, 4.0, 7.0])\""], [\""(array([0.95071431, 0.73199394, 0.59865848, 0.15601864, 0.15599452,\\n       0.05808361, 0.86617615, 0.60111501]), 4)\"", \""array([0.6093463432151985, 0.4203423225056365])\"", \""array([0.6093463432151985, 0.4203423225056365])\""]]""}"
"DS1000","hallucinated","DS0415","","","","{""error_type"": ""NameError"", ""error_message"": ""name 'bin_data_max' is not defined"", ""line_no"": """", ""test_case"": ""[[\""(array([4, 2, 5, 6, 7, 5, 4, 3, 5, 7]), 3)\"", \""array([5, 7, 5])\"", \""array([5, 7, 5, 7])\""], [\""(array([0.95071431, 0.73199394, 0.59865848, 0.15601864, 0.15599452,\\n       0.05808361, 0.86617615, 0.60111501]), 4)\"", \""array([0.9507143064099162, 0.8661761457749352])\"", \""array([0.9507143064099162, 0.8661761457749352])\""]]""}"
"DS1000","hallucinated","DS0416","","","","{""error_type"": ""NameError"", ""error_message"": ""name 'bin_data_mean' is not defined"", ""line_no"": """", ""test_case"": ""[[\""(array([[4, 2, 5, 6, 7],\\n       [5, 4, 3, 5, 7]]), 3)\"", \""array([[3.6666666666666665], [4.0]])\"", \""array([[4.8, 4.8]])\""], [\""(array([[1.83434790e-01, 7.79691000e-01, 5.96850158e-01, 4.45832753e-01,\\n        9.99749158e-02, 4.59248892e-01],\\n       [3.33708611e-01, 1.42866818e-01, 6.50888473e-01, 5.64115790e-02,\\n        7.21998772e-01, 9.38552709e-01],\\n       [7.78765841e-04, 9.92211559e-01, 6.17481510e-01, 6.11653160e-01,\\n        7.06630522e-03, 2.30624250e-02],\\n       [5.24774660e-01, 3.99860972e-01, 4.66656632e-02, 9.73755519e-01,\\n        2.32771340e-01, 9.06064345e-02],\\n       [6.18386009e-01, 3.82461991e-01, 9.83230...[truncated]\"", \""array([[0.48156289506946653, 0.5213414554000391, 0.279611903891935], [0.2382877145304813, 0.35365002598797657, 0.8302757406412875], [0.4964951625661159, 0.6145673350579988, 0.015064365130566582], [0.4623178159868223, 0.5102105910275373, 0.16168888748156252], [0.500424000300125, 0.7249968895273841, 0.7701239726620501], [0.23188210656470476, 0.7527449867651961, 0.20069137738006515], [0.23595964582408036, 0.6466300883040396, 0.5032797826219682], [0.28664834768065156, 0.5902586424044486, 0.387820995...[truncated]\"", \""array([[0.4275054181204802, 0.47407116038658176], [0.37537562091822707, 0.3780724314986406], [0.6651816208298531, 0.395106156903322], [0.46195650558336276, 0.4215759951430635]])\""]]""}"
"DS1000","hallucinated","DS0417","","","","{""error_type"": ""NameError"", ""error_message"": ""name 'bin_data_mean' is not defined"", ""line_no"": """", ""test_case"": ""[[\""(array([4, 2, 5, 6, 7, 5, 4, 3, 5, 7]), 3)\"", \""array([5.0, 5.333333333333333, 4.333333333333333])\"", \""array([5.0, 4.0, 4.0, 5.333333333333333, 6.0, 6.0, 4.333333333333333, 3.6666666666666665])\""], [\""(array([0.95071431, 0.73199394, 0.59865848, 0.15601864, 0.15599452,\\n       0.05808361, 0.86617615, 0.60111501]), 4)\"", \""array([0.4203423225056365, 0.6093463432151986])\"", \""array([0.4203423225056365, 0.30906822968044345, 0.2421888142859688, 0.4106663966967702, 0.6093463432151985])\""]]""}"
"DS1000","hallucinated","DS0418","","","","{""error_type"": ""NameError"", ""error_message"": ""name 'bin_data_mean' is not defined"", ""line_no"": """", ""test_case"": ""[[\""(array([[4, 2, 5, 6, 7],\\n       [5, 4, 3, 5, 7]]), 3)\"", \""array([[6.0], [5.0]])\"", \""array([])\""], [\""(array([[1.83434790e-01, 7.79691000e-01, 5.96850158e-01, 4.45832753e-01,\\n        9.99749158e-02, 4.59248892e-01],\\n       [3.33708611e-01, 1.42866818e-01, 6.50888473e-01, 5.64115790e-02,\\n        7.21998772e-01, 9.38552709e-01],\\n       [7.78765841e-04, 9.92211559e-01, 6.17481510e-01, 6.11653160e-01,\\n        7.06630522e-03, 2.30624250e-02],\\n       [5.24774660e-01, 3.99860972e-01, 4.66656632e-02, 9.73755519e-01,\\n        2.32771340e-01, 9.06064345e-02],\\n       [6.18386009e-01, 3.82461991e-01, 9.83230...[truncated]\"", \""array([[0.279611903891935, 0.5213414554000391, 0.48156289506946653], [0.8302757406412875, 0.35365002598797657, 0.2382877145304813], [0.015064365130566582, 0.6145673350579988, 0.4964951625661159], [0.16168888748156252, 0.5102105910275373, 0.4623178159868223], [0.7701239726620501, 0.7249968895273841, 0.500424000300125], [0.20069137738006515, 0.7527449867651961, 0.23188210656470476], [0.5032797826219682, 0.6466300883040396, 0.23595964582408036], [0.38782099534409015, 0.5902586424044486, 0.286648347...[truncated]\"", \""array([0.28664834768065156, 0.5902586424044486, 0.38782099534409015, 0.23595964582408036, 0.6466300883040396, 0.5032797826219682, 0.23188210656470476, 0.7527449867651961, 0.20069137738006515, 0.500424000300125, 0.7249968895273841, 0.7701239726620501, 0.4623178159868223, 0.5102105910275373, 0.16168888748156252, 0.4964951625661159, 0.6145673350579988, 0.015064365130566582, 0.2382877145304813, 0.35365002598797657, 0.8302757406412875, 0.48156289506946653, 0.5213414554000391, 0.279611903891935])\""]]""}"
"DS1000","hallucinated","DS0419","","","","{""error_type"": ""NameError"", ""error_message"": ""name 'bin_data_mean' is not defined"", ""line_no"": """", ""test_case"": ""[[\""(array([[4, 2, 5, 6, 7],\\n       [5, 4, 3, 5, 7]]), 3)\"", \""array([[6.0], [5.0]])\"", \""array([[4.8, 4.8]])\""], [\""(array([[1.83434790e-01, 7.79691000e-01, 5.96850158e-01, 4.45832753e-01,\\n        9.99749158e-02, 4.59248892e-01],\\n       [3.33708611e-01, 1.42866818e-01, 6.50888473e-01, 5.64115790e-02,\\n        7.21998772e-01, 9.38552709e-01],\\n       [7.78765841e-04, 9.92211559e-01, 6.17481510e-01, 6.11653160e-01,\\n        7.06630522e-03, 2.30624250e-02],\\n       [5.24774660e-01, 3.99860972e-01, 4.66656632e-02, 9.73755519e-01,\\n        2.32771340e-01, 9.06064345e-02],\\n       [6.18386009e-01, 3.82461991e-01, 9.83230...[truncated]\"", \""array([[0.48156289506946653, 0.5213414554000391, 0.279611903891935], [0.2382877145304813, 0.35365002598797657, 0.8302757406412875], [0.4964951625661159, 0.6145673350579988, 0.015064365130566582], [0.4623178159868223, 0.5102105910275373, 0.16168888748156252], [0.500424000300125, 0.7249968895273841, 0.7701239726620501], [0.23188210656470476, 0.7527449867651961, 0.20069137738006515], [0.23595964582408036, 0.6466300883040396, 0.5032797826219682], [0.28664834768065156, 0.5902586424044486, 0.387820995...[truncated]\"", \""array([[0.4275054181204802, 0.47407116038658176], [0.37537562091822707, 0.3780724314986406], [0.6651816208298531, 0.395106156903322], [0.46195650558336276, 0.4215759951430635]])\""]]""}"
"DS1000","hallucinated","DS0420","","","","{""error_type"": ""NameError"", ""error_message"": ""name 'smoothclamp' is not defined"", ""line_no"": """", ""test_case"": ""[[\""(0.25, 0, 1)\"", \""array(0.15625)\"", \""<Execution Error: name 'np' is not defined>\""], [\""(-1, 0, 1)\"", \""array(0)\"", \""<Execution Error: name 'np' is not defined>\""], [\""(2, 0, 1)\"", \""array(1)\"", \""<Execution Error: name 'np' is not defined>\""]]""}"
"DS1000","hallucinated","DS0421","","","","{""error_type"": ""ModuleNotFoundError"", ""error_message"": ""No module named 'scipy'"", ""line_no"": """", ""test_case"": """"}"
"DS1000","hallucinated","DS0422","","","","{""error_type"": ""AssertionError"", ""error_message"": ""\nNot equal to tolerance rtol=1e-07, atol=0\n\n(shapes (7,), (4,) mismatch)\n ACTUAL: array([ 2,  7, 16, 30, 34, 31, 20])\n DESIRED: array([30, 36, 38, 36])"", ""line_no"": """", ""test_case"": ""[[\""(array([1, 2, 3, 4]), array([5, 4, 3, 2]))\"", \""array([30, 36, 38, 36])\"", \""<Execution Error: name 'np' is not defined>\""], [\""(array([0.37454012, 0.95071431, 0.73199394, 0.59865848, 0.15601864,\\n       0.15599452, 0.05808361, 0.86617615, 0.60111501, 0.70807258,\\n       0.02058449, 0.96990985, 0.83244264, 0.21233911, 0.18182497,\\n       0.18340451, 0.30424224, 0.52475643, 0.43194502, 0.29122914,\\n       0.61185289, 0.13949386, 0.29214465, 0.36636184, 0.45606998,\\n       0.78517596, 0.19967378, 0.51423444, 0.59241457, 0.04645041,\\n       0.60754485, 0.17052412, 0.06505159, 0.94888554, 0.96563203,\\n       0.80839735, 0.30461377,...[truncated]\"", \""array([11.294278927592618, 10.450752432344462, 10.8644254752302, 10.261951926072381, 10.72467542797242, 11.01782678114496, 10.811203169894458, 12.137039732215605, 12.017468447640372, 11.528052685332757, 11.302472648902793, 10.989687617281783, 9.736145334048125, 10.930290005971669, 10.706785741121571, 12.5070892846719, 11.05627316495827, 10.468562371302887, 10.588484346199685, 10.340338588254182, 11.40954159921456, 11.30683268492852, 11.021061076894435, 11.492884474459858, 10.868779243851568, 10....[truncated]\"", \""<Execution Error: name 'np' is not defined>\""]]""}"
"DS1000","hallucinated","DS0423","","","","{""error_type"": ""AssertionError"", ""error_message"": ""\nArrays are not equal\n\nMismatched elements: 278 / 300 (92.7%)\nFirst 5 mismatches are at indices:\n [0, 0, 1]: 3 (ACTUAL), 6 (DESIRED)\n [0, 0, 3]: 4 (ACTUAL), 7 (DESIRED)\n [0, 0, 4]: 6 (ACTUAL), 1 (DESIRED)\n [0, 1, 0]: 9 (ACTUAL), 4 (DESIRED)\n [0, 1, 1]: 2 (ACTUAL), 8 (DESIRED)\nMax absolute difference among violations: 9\nMax relative difference among violations: 8.\n ACTUAL: array([[[6, 3, 7, 4, 6],\n        [9, 2, 6, 7, 4],\n        [3, 7, 7, 2, 5],...\n DESIRED: array([[[6, 6, 7, 7, 1],\n        [4, 8, 6, 4, 8],\n        [8, 9, 6, 3, 1],..."", ""line_no"": """", ""test_case"": ""[[\""(['One', 'Two', 'Three', 'Four', 'Five', 'Six', 'Seven', 'Eight', 'Nine', 'Ten', 'Eleven', 'Twelve', 'Thirteen', 'Fourteen', 'Fifteen'], [Timestamp('2019-01-22 18:12:00'), Timestamp('2019-01-22 18:13:00'), Timestamp('2019-01-22 18:14:00'), Timestamp('2019-01-22 18:15:00'), Timestamp('2019-01-22 18:16:00')],                              c  o  l  u\\nmajor   timestamp                      \\nOne     2019-01-22 18:12:00  6  3  7  4\\n        2019-01-22 18:13:00  6  9  2  6\\n        2019-01-22 18:14:00  7 ...[truncated]\"", \""array([[[6, 6, 7, 7, 1], [4, 8, 6, 4, 8], [8, 9, 6, 3, 1], [3, 1, 6, 1, 8], [6, 7, 7, 4, 8], [1, 7, 5, 4, 9], [9, 0, 6, 2, 8], [9, 0, 3, 5, 0], [5, 0, 6, 4, 0], [6, 2, 5, 7, 4], [5, 2, 9, 6, 7], [0, 6, 9, 1, 6], [2, 5, 3, 5, 8], [1, 8, 0, 7, 0], [5, 5, 0, 3, 4]], [[3, 9, 4, 2, 7], [0, 0, 3, 2, 6], [1, 4, 7, 1, 5], [5, 9, 8, 4, 8], [8, 7, 2, 9, 6], [0, 4, 2, 2, 6], [9, 3, 6, 5, 4], [6, 0, 8, 7, 2], [7, 0, 1, 0, 1], [4, 1, 6, 0, 3], [0, 3, 2, 3, 6], [8, 9, 8, 0, 8], [2, 7, 0, 7, 2], [1, 3, 4, 6, 2...[truncated]\"", \""<Execution Error: name 'df' is not defined>\""]]""}"
"DS1000","hallucinated","DS0424","","","","{""error_type"": ""AssertionError"", ""error_message"": ""\nArrays are not equal\n\nMismatched elements: 245 / 300 (81.7%)\nFirst 5 mismatches are at indices:\n [0, 0, 1]: 3 (ACTUAL), 6 (DESIRED)\n [0, 0, 3]: 4 (ACTUAL), 7 (DESIRED)\n [0, 0, 4]: 6 (ACTUAL), 1 (DESIRED)\n [0, 1, 0]: 9 (ACTUAL), 3 (DESIRED)\n [0, 1, 1]: 2 (ACTUAL), 9 (DESIRED)\nMax absolute difference among violations: 9\nMax relative difference among violations: 8.\n ACTUAL: array([[[6, 3, 7, 4, 6],\n        [9, 2, 6, 7, 4],\n        [3, 7, 7, 2, 5],...\n DESIRED: array([[[6, 6, 7, 7, 1],\n        [3, 9, 4, 2, 7],\n        [7, 2, 3, 5, 5],..."", ""line_no"": """", ""test_case"": ""[[\""(['One', 'Two', 'Three', 'Four', 'Five', 'Six', 'Seven', 'Eight', 'Nine', 'Ten', 'Eleven', 'Twelve', 'Thirteen', 'Fourteen', 'Fifteen'], [Timestamp('2019-01-22 18:12:00'), Timestamp('2019-01-22 18:13:00'), Timestamp('2019-01-22 18:14:00'), Timestamp('2019-01-22 18:15:00'), Timestamp('2019-01-22 18:16:00')],                              c  o  l  u\\nmajor   timestamp                      \\nOne     2019-01-22 18:12:00  6  3  7  4\\n        2019-01-22 18:13:00  6  9  2  6\\n        2019-01-22 18:14:00  7 ...[truncated]\"", \""array([[[6, 6, 7, 7, 1], [3, 9, 4, 2, 7], [7, 2, 3, 5, 5], [4, 6, 7, 4, 1]], [[4, 8, 6, 4, 8], [0, 0, 3, 2, 6], [9, 9, 8, 6, 1], [5, 2, 2, 4, 3]], [[8, 9, 6, 3, 1], [1, 4, 7, 1, 5], [9, 1, 2, 7, 5], [8, 3, 0, 3, 9]], [[3, 1, 6, 1, 8], [5, 9, 8, 4, 8], [1, 3, 7, 7, 0], [9, 7, 4, 9, 8]], [[6, 7, 7, 4, 8], [8, 7, 2, 9, 6], [7, 2, 2, 6, 8], [0, 0, 0, 9, 7]], [[1, 7, 5, 4, 9], [0, 4, 2, 2, 6], [6, 2, 0, 0, 6], [6, 7, 2, 4, 8]], [[9, 0, 6, 2, 8], [9, 3, 6, 5, 4], [2, 3, 3, 1, 5], [6, 4, 6, 9, 3]], [[9...[truncated]\"", \""<Execution Error: name 'df' is not defined>\""]]""}"
"DS1000","hallucinated","DS0425","","","","{""error_type"": ""AxisError"", ""error_message"": ""axis 1 is out of bounds for array of dimension 1"", ""line_no"": ""3.0"", ""test_case"": ""[[\""(array([1, 2, 3, 4, 5]), 8)\"", \""array([[0, 0, 0, 0, 0, 0, 0, 1], [0, 0, 0, 0, 0, 0, 1, 0], [0, 0, 0, 0, 0, 0, 1, 1], [0, 0, 0, 0, 0, 1, 0, 0], [0, 0, 0, 0, 0, 1, 0, 1]])\"", \""<Execution Error: name 'np' is not defined>\""], [\""(array([51, 92, 14, 71, 60, 20, 82, 86, 74, 74, 87, 99, 23,  2, 21, 52,  1,\\n       87, 29, 37]), 11)\"", \""array([[0, 0, 0, 0, 0, 1, 1, 0, 0, 1, 1], [0, 0, 0, 0, 1, 0, 1, 1, 1, 0, 0], [0, 0, 0, 0, 0, 0, 0, 1, 1, 1, 0], [0, 0, 0, 0, 1, 0, 0, 0, 1, 1, 1], [0, 0, 0, 0, 0, 1, 1, 1, 1, 0, 0], [0, 0, 0, 0, 0, 0, 1, 0, 1, 0, 0], [0, 0, 0, 0, 1, 0, 1, 0, 0, 1, 0], [0, 0, 0, 0, 1, 0, 1, 0, 1, 1, 0], [0, 0, 0, 0, 1, 0, 0, 1, 0, 1, 0], [0, 0, 0, 0, 1, 0, 0, 1, 0, 1, 0], [0, 0, 0, 0, 1, 0, 1, 0, 1, 1, 1], [0, 0, 0, 0, 1, 1, 0, 0, 0, 1, 1], [0, 0, 0, 0, 0, 0, 1, 0, 1, 1, 1], [0, 0, 0, 0, 0, 0, 0, 0, 0, 1, 0], [0,...[truncated]\"", \""<Execution Error: name 'np' is not defined>\""]]""}"
"DS1000","hallucinated","DS0426","","","","{""error_type"": ""AxisError"", ""error_message"": ""axis 1 is out of bounds for array of dimension 1"", ""line_no"": ""3.0"", ""test_case"": ""[[\""(array([1, 2, 3, 4, 5]), 6)\"", \""array([[0, 0, 0, 0, 0, 1], [0, 0, 0, 0, 1, 0], [0, 0, 0, 0, 1, 1], [0, 0, 0, 1, 0, 0], [0, 0, 0, 1, 0, 1]])\"", \""<Execution Error: name 'np' is not defined>\""], [\""(array([  2,  79,  -8, -86,   6, -29,  88, -80,   2,  21, -26, -13,  16,\\n        -1,   3,  51,  30,  49, -48, -99]), 5)\"", \""array([[0, 0, 0, 1, 0], [0, 1, 1, 1, 1], [1, 1, 0, 0, 0], [0, 1, 0, 1, 0], [0, 0, 1, 1, 0], [0, 0, 0, 1, 1], [1, 1, 0, 0, 0], [1, 0, 0, 0, 0], [0, 0, 0, 1, 0], [1, 0, 1, 0, 1], [0, 0, 1, 1, 0], [1, 0, 0, 1, 1], [1, 0, 0, 0, 0], [1, 1, 1, 1, 1], [0, 0, 0, 1, 1], [1, 0, 0, 1, 1], [1, 1, 1, 1, 0], [1, 0, 0, 0, 1], [1, 0, 0, 0, 0], [1, 1, 1, 0, 1]])\"", \""<Execution Error: name 'np' is not defined>\""], [\""(array([ 379, -526, -729,  247,  -76,  242, -607,  428,  867,  814,  607,\\n        186,   -8,  142, -448,  493, -526,  818, -237,  -21]), 15)\"", \""array([[0, 0, 0, 0, 0, 0, 1, 0, 1, 1, 1, 1, 0, 1, 1], [1, 1, 1, 1, 1, 0, 1, 1, 1, 1, 1, 0, 0, 1, 0], [1, 1, 1, 1, 1, 0, 1, 0, 0, 1, 0, 0, 1, 1, 1], [0, 0, 0, 0, 0, 0, 0, 1, 1, 1, 1, 0, 1, 1, 1], [1, 1, 1, 1, 1, 1, 1, 1, 0, 1, 1, 0, 1, 0, 0], [0, 0, 0, 0, 0, 0, 0, 1, 1, 1, 1, 0, 0, 1, 0], [1, 1, 1, 1, 1, 0, 1, 1, 0, 1, 0, 0, 0, 0, 1], [0, 0, 0, 0, 0, 0, 1, 1, 0, 1, 0, 1, 1, 0, 0], [0, 0, 0, 0, 0, 1, 1, 0, 1, 1, 0, 0, 0, 1, 1], [0, 0, 0, 0, 0, 1, 1, 0, 0, 1, 0, 1, 1, 1, 0], [0, 0, 0, 0, 0, 1, 0, 0...[truncated]\"", \""<Execution Error: name 'np' is not defined>\""]]""}"
"DS1000","hallucinated","DS0427","","","","{""error_type"": ""AxisError"", ""error_message"": ""axis 1 is out of bounds for array of dimension 1"", ""line_no"": ""3.0"", ""test_case"": ""[[\""(array([1, 2, 3, 4, 5]), 6)\"", \""array([[0, 0, 0, 0, 0, 1]])\"", \""<Execution Error: name 'np' is not defined>\""], [\""(array([51, 92, 14, 71, 60, 20, 82, 86, 74, 74, 87, 99, 23,  2, 21, 52,  1,\\n       87, 29, 37]), 11)\"", \""array([[0, 0, 0, 0, 1, 1, 0, 0, 1, 0, 0]])\"", \""<Execution Error: name 'np' is not defined>\""]]""}"
"DS1000","passed","DS0428","","","",""
"DS1000","passed","DS0429","","","",""
"DS1000","hallucinated","DS0430","{""type"": ""IndentationError"", ""value"": 5, ""message"": ""expected an indented block after function definition on line 4 (<unknown>, line 5)""}","","","{""error_type"": ""IndentationError"", ""error_message"": ""expected an indented block after function definition on line 4 (<string>, line 5)"", ""line_no"": ""1.0"", ""test_case"": ""[[\""array([0, 1, 2, 5, 6, 7, 8, 8, 8, 10, 29, 32, 45])\"", \""(np.float64(-27.545797458510656), np.float64(52.31502822774143))\"", \""(np.float64(-27.545797458510656), np.float64(52.31502822774143))\""], [\""array([0.4967141530112327, -0.13826430117118466, 0.6476885381006925, 1.5230298564080254, -0.23415337472333597, -0.23413695694918055, 1.5792128155073915, 0.7674347291529088, -0.4694743859349521, 0.5425600435859647, -0.46341769281246226, -0.46572975357025687, 0.24196227156603412, -1.913280244657798, -1.7249178325130328, -0.5622875292409727, -1.0128311203344238, 0.3142473325952739, -0.9080240755212111, -1.4123037013352917, 1.465648768921554, -0.22577630048653566, 0.06752820468792384, -1.42474818621...[truncated]\"", \""(np.float64(-2.8427844706399528), np.float64(2.4664906789378778))\"", \""(np.float64(-27.545797458510656), np.float64(52.31502822774143))\""]]""}"
"DS1000","passed","DS0431","","","",""
"DS1000","hallucinated","DS0432","","","","{""error_type"": ""NameError"", ""error_message"": ""name 'prob' is not defined"", ""line_no"": """", ""test_case"": ""[[\""(array([-5.5, -4.5, -3.5, -2.5, -1.5, -0.5,  0.5,  1.5,  2.5,  3.5,  4.5,\\n        5.5,  6.5,  7.5,  8.5,  9.5]), 50)\"", \""5.0\"", \""<Execution Error: name 'np' is not defined>\""], [\""(array([-0.12545988,  0.45071431,  0.23199394,  0.09865848, -0.34398136,\\n       -0.34400548, -0.44191639,  0.36617615,  0.10111501,  0.20807258,\\n       -0.47941551,  0.46990985,  0.33244264, -0.28766089, -0.31817503,\\n       -0.31659549, -0.19575776,  0.02475643, -0.06805498, -0.20877086,\\n        0.11185289, -0.36050614, -0.20785535, -0.13363816, -0.04393002,\\n        0.28517596, -0.30032622,  0.01423444,  0.09241457, -0.45354959,\\n        0.10754485, -0.32947588, -0.43494841,  0.44888554,  0.46563...[truncated]\"", \""0.29051688033940654\"", \""<Execution Error: name 'np' is not defined>\""]]""}"
"DS1000","hallucinated","DS0433","","","","{""error_type"": ""AssertionError"", ""error_message"": ""\nArrays are not equal\n\nMismatched elements: 6 / 16 (37.5%)\nFirst 5 mismatches are at indices:\n [0, 1]: 3 (ACTUAL), 0 (DESIRED)\n [0, 2]: 1 (ACTUAL), 0 (DESIRED)\n [0, 3]: 3 (ACTUAL), 0 (DESIRED)\n [1, 0]: 3 (ACTUAL), 0 (DESIRED)\n [2, 0]: 1 (ACTUAL), 0 (DESIRED)\nMax absolute difference among violations: 3\nMax relative difference among violations: inf\n ACTUAL: array([[0, 3, 1, 3],\n       [3, 0, 0, 0],\n       [1, 0, 0, 0],\n       [3, 0, 0, 0]])\n DESIRED: array([[0, 0, 0, 0],\n       [0, 0, 0, 0],\n       [0, 0, 0, 0],\n       [0, 0, 0, 0]])"", ""line_no"": """", ""test_case"": ""[[\""(array([[0, 3, 1, 3],\\n       [3, 0, 0, 0],\\n       [1, 0, 0, 0],\\n       [3, 0, 0, 0]]), 0, 0)\"", \""array([[0, 0, 0, 0], [0, 0, 0, 0], [0, 0, 0, 0], [0, 0, 0, 0]])\"", \""<Execution Error: name 'a' is not defined>\""]]""}"
"DS1000","hallucinated","DS0434","","","","{""error_type"": ""AssertionError"", ""error_message"": ""\nArrays are not equal\n\nMismatched elements: 4 / 16 (25%)\nMismatch at indices:\n [0, 1]: 3 (ACTUAL), 0 (DESIRED)\n [0, 2]: 1 (ACTUAL), 0 (DESIRED)\n [1, 0]: 3 (ACTUAL), 0 (DESIRED)\n [3, 0]: 3 (ACTUAL), 0 (DESIRED)\nMax absolute difference among violations: 3\nMax relative difference among violations: inf\n ACTUAL: array([[0, 3, 1, 3],\n       [3, 0, 0, 0],\n       [1, 0, 0, 0],\n       [3, 0, 0, 0]])\n DESIRED: array([[0, 0, 0, 3],\n       [0, 0, 0, 0],\n       [1, 0, 0, 0],\n       [0, 0, 0, 0]])"", ""line_no"": """", ""test_case"": ""[[\""(array([[0, 3, 1, 3],\\n       [3, 0, 0, 0],\\n       [1, 0, 0, 0],\\n       [3, 0, 0, 0]]), [1, 3], [1, 2])\"", \""array([[0, 0, 0, 3], [0, 0, 0, 0], [1, 0, 0, 0], [0, 0, 0, 0]])\"", \""<Execution Error: name 'a' is not defined>\""]]""}"
"DS1000","hallucinated","DS0435","","","","{""error_type"": ""AssertionError"", ""error_message"": ""\nArrays are not equal\n\nMismatched elements: 3 / 16 (18.8%)\nMismatch at indices:\n [1, 0]: 3 (ACTUAL), 0 (DESIRED)\n [2, 0]: 1 (ACTUAL), 0 (DESIRED)\n [3, 0]: 3 (ACTUAL), 0 (DESIRED)\nMax absolute difference among violations: 3\nMax relative difference among violations: inf\n ACTUAL: array([[0, 3, 1, 3],\n       [3, 0, 0, 0],\n       [1, 0, 0, 0],\n       [3, 0, 0, 0]])\n DESIRED: array([[0, 3, 1, 3],\n       [0, 0, 0, 0],\n       [0, 0, 0, 0],\n       [0, 0, 0, 0]])"", ""line_no"": """", ""test_case"": ""[[\""array([[0, 3, 1, 3], [3, 0, 0, 0], [1, 0, 0, 0], [3, 0, 0, 0]])\"", \""array([[0, 3, 1, 3], [0, 0, 0, 0], [0, 0, 0, 0], [0, 0, 0, 0]])\"", \""<Execution Error: name 'a' is not defined>\""], [\""array([[5, 3, 1, 3], [3, 1, 2, 0], [1, 0, 0, 0], [3, 0, 0, 0]])\"", \""array([[0, 3, 1, 3], [0, 0, 0, 0], [0, 0, 0, 0], [0, 0, 0, 0]])\"", \""<Execution Error: name 'a' is not defined>\""]]""}"
"DS1000","hallucinated","DS0436","","","","{""error_type"": ""NameError"", ""error_message"": ""name 'mask' is not defined"", ""line_no"": """", ""test_case"": ""[[\""array([[0, 1], [2, 1], [4, 8]])\"", \""array([[False, True], [True, False], [False, True]])\"", \""<Execution Error: name 'a' is not defined>\""], [\""array([[0.3745401188473625, 0.9507143064099162, 0.7319939418114051, 0.5986584841970366, 0.15601864044243652], [0.15599452033620265, 0.05808361216819946, 0.8661761457749352, 0.6011150117432088, 0.7080725777960455], [0.020584494295802447, 0.9699098521619943, 0.8324426408004217, 0.21233911067827616, 0.18182496720710062], [0.18340450985343382, 0.3042422429595377, 0.5247564316322378, 0.43194501864211576, 0.2912291401980419], [0.6118528947223795, 0.13949386065204183, 0.29214464853521815, 0.36636184329...[truncated]\"", \""array([[False, True, False, False, False], [False, False, True, False, False], [False, True, False, False, False], [False, False, True, False, False], [True, False, False, False, False], [True, False, False, False, False], [False, False, False, False, True], [True, False, False, False, False], [False, False, False, True, False], [True, False, False, False, False]])\"", \""<Execution Error: name 'a' is not defined>\""]]""}"
"DS1000","hallucinated","DS0437","","","","{""error_type"": ""NameError"", ""error_message"": ""name 'mask' is not defined"", ""line_no"": """", ""test_case"": ""[[\""array([[0, 1], [2, 1], [4, 8]])\"", \""array([[True, False], [False, True], [True, False]])\"", \""<Execution Error: name 'a' is not defined>\""], [\""array([[0.3745401188473625, 0.9507143064099162, 0.7319939418114051, 0.5986584841970366, 0.15601864044243652], [0.15599452033620265, 0.05808361216819946, 0.8661761457749352, 0.6011150117432088, 0.7080725777960455], [0.020584494295802447, 0.9699098521619943, 0.8324426408004217, 0.21233911067827616, 0.18182496720710062], [0.18340450985343382, 0.3042422429595377, 0.5247564316322378, 0.43194501864211576, 0.2912291401980419], [0.6118528947223795, 0.13949386065204183, 0.29214464853521815, 0.36636184329...[truncated]\"", \""array([[False, False, False, False, True], [False, True, False, False, False], [True, False, False, False, False], [True, False, False, False, False], [False, True, False, False, False], [False, False, False, False, True], [False, False, True, False, False], [False, False, True, False, False], [False, False, True, False, False], [False, False, False, False, True]])\"", \""<Execution Error: name 'a' is not defined>\""]]""}"
"DS1000","passed","DS0438","","","",""
"DS1000","hallucinated","DS0439","","","","{""error_type"": ""AssertionError"", ""error_message"": ""\nNot equal to tolerance rtol=1e-07, atol=0\n\n(shapes (5, 6, 6), (6, 5, 5) mismatch)\n ACTUAL: array([[[64, 40, 48, 64, 32, 72],\n        [40, 25, 30, 40, 20, 45],\n        [48, 30, 36, 48, 24, 54],...\n DESIRED: array([[[64, 48, 32, 72, 40],\n        [48, 36, 24, 54, 30],\n        [32, 24, 16, 36, 20],..."", ""line_no"": """", ""test_case"": ""[[\""array([[8, 5, 6, 8, 4, 9], [6, 6, 8, 3, 4, 8], [4, 4, 9, 6, 5, 9], [9, 4, 7, 6, 3, 9], [5, 7, 7, 3, 9, 5]])\"", \""array([[[64, 48, 32, 72, 40], [48, 36, 24, 54, 30], [32, 24, 16, 36, 20], [72, 54, 36, 81, 45], [40, 30, 20, 45, 25]], [[25, 30, 20, 20, 35], [30, 36, 24, 24, 42], [20, 24, 16, 16, 28], [20, 24, 16, 16, 28], [35, 42, 28, 28, 49]], [[36, 48, 54, 42, 42], [48, 64, 72, 56, 56], [54, 72, 81, 63, 63], [42, 56, 63, 49, 49], [42, 56, 63, 49, 49]], [[64, 24, 48, 48, 24], [24, 9, 18, 18, 9], [48, 18, 36, 36, 18], [48, 18, 36, 36, 18], [24, 9, 18, 18, 9]], [[16, 16, 20, 12, 36], [16, 16, 20, 12, 36], [20,...[truncated]\"", \""<Execution Error: name 'np' is not defined>\""], [\""array([[0.3745401188473625, 0.9507143064099162, 0.7319939418114051, 0.5986584841970366, 0.15601864044243652, 0.15599452033620265, 0.05808361216819946, 0.8661761457749352, 0.6011150117432088, 0.7080725777960455, 0.020584494295802447, 0.9699098521619943, 0.8324426408004217, 0.21233911067827616, 0.18182496720710062, 0.18340450985343382, 0.3042422429595377, 0.5247564316322378, 0.43194501864211576, 0.2912291401980419], [0.6118528947223795, 0.13949386065204183, 0.29214464853521815, 0.3663618432936917,...[truncated]\"", \""array([[[0.14028030062619642, 0.22916345590642279, 0.0457082149826858, 0.14557523827356933, 0.3232668597050105, 0.011771490942385271, 0.3024187316772808, 0.3604751242319409, 0.1377495382387244, 0.12774303165720008], [0.22916345590642279, 0.37436396478015516, 0.07466944725658749, 0.23781332480935843, 0.5280923295667845, 0.019230038241195527, 0.4940345962522189, 0.5888761634280545, 0.22502917438434017, 0.20868243418249993], [0.0457082149826858, 0.07466944725658749, 0.014893330764029388, 0.04743349...[truncated]\"", \""<Execution Error: name 'np' is not defined>\""]]""}"
"DS1000","hallucinated","DS0440","","","","{""error_type"": ""ValueError"", ""error_message"": ""operand has more dimensions than subscripts given in einstein sum, but no '...' ellipsis provided to broadcast the extra dimensions."", ""line_no"": ""3.0"", ""test_case"": ""[[\""array([[[81, 63, 63], [63, 49, 49], [63, 49, 49]], [[4, 12, 8], [12, 36, 24], [8, 24, 16]], [[25, 35, 25], [35, 49, 35], [25, 35, 25]], [[25, 30, 10], [30, 36, 12], [10, 12, 4]]])\"", \""array([[9.0, 2.0, 5.0, 5.0], [7.0, 6.0, 7.0, 6.0], [7.0, 4.0, 5.0, 2.0]])\"", \""<Execution Error: name 'np' is not defined>\""], [\""array([[[0.3745401188473625, 0.9507143064099162, 0.7319939418114051, 0.5986584841970366, 0.15601864044243652], [0.15599452033620265, 0.05808361216819946, 0.8661761457749352, 0.6011150117432088, 0.7080725777960455], [0.020584494295802447, 0.9699098521619943, 0.8324426408004217, 0.21233911067827616, 0.18182496720710062], [0.18340450985343382, 0.3042422429595377, 0.5247564316322378, 0.43194501864211576, 0.2912291401980419], [0.6118528947223795, 0.13949386065204183, 0.29214464853521815, 0.3663618432...[truncated]\"", \""array([[0.6119968291154477, 0.8861015525282718, 0.9846748842966183, 0.8538191658899368, 0.17728278451878585, 0.653534841172417, 0.9530298452654322, 0.4175720644451583, 0.8012687727312776, 0.49395307811479783], [0.24100541937516562, 0.412945666749624, 0.29747689330756344, 0.789492322209379, 0.6406113666144473, 0.4712831531794132, 0.8198387325601777, 0.33685831033327507, 0.31854598234168974, 0.7089690353641632], [0.9123829463555431, 0.3125253813794711, 0.9103502123644116, 0.7984719602811442, 0.964...[truncated]\"", \""<Execution Error: name 'np' is not defined>\""]]""}"
"DS1000","hallucinated","DS0441","","","","{""error_type"": ""NameError"", ""error_message"": ""name 'is_contained' is not defined"", ""line_no"": """", ""test_case"": ""[[\""(array([9, 2, 7, 0]), 0)\"", \""True\"", \""<Execution Error: name 'a' is not defined>\""], [\""(array([1, 2, 3, 5]), 4)\"", \""False\"", \""<Execution Error: name 'a' is not defined>\""], [\""(array([1, 1, 1, 1]), 1)\"", \""True\"", \""<Execution Error: name 'a' is not defined>\""]]""}"
"DS1000","hallucinated","DS0442","","","","{""error_type"": ""AttributeError"", ""error_message"": ""module 'numpy' has no attribute 'in1d'"", ""line_no"": """", ""test_case"": """"}"
"DS1000","hallucinated","DS0443","","","","{""error_type"": ""AttributeError"", ""error_message"": ""module 'numpy' has no attribute 'in1d'"", ""line_no"": """", ""test_case"": """"}"
"DS1000","hallucinated","DS0444","","","","{""error_type"": ""AssertionError"", ""error_message"": ""\nArrays are not equal\n\nMismatched elements: 6 / 7 (85.7%)\nFirst 5 mismatches are at indices:\n [0]: 1 (ACTUAL), 2 (DESIRED)\n [1]: 1 (ACTUAL), 3 (DESIRED)\n [2]: 2 (ACTUAL), 3 (DESIRED)\n [4]: 3 (ACTUAL), 5 (DESIRED)\n [5]: 3 (ACTUAL), 6 (DESIRED)\nMax absolute difference among violations: 3\nMax relative difference among violations: 0.66666667\n ACTUAL: array([1, 1, 2, 3, 3, 3, 4])\n DESIRED: array([2, 3, 3, 3, 5, 6, 7])"", ""line_no"": """", ""test_case"": ""[[\""(array([1, 1, 2, 3, 3, 3, 4, 5, 6, 7, 8, 8]), array([1, 4, 8]))\"", \""array([2, 3, 3, 3, 5, 6, 7])\"", \""<Execution Error: name 'A' is not defined>\""], [\""(array([6, 3, 7, 4, 6, 9, 2, 6, 7, 4, 3, 7, 7, 2, 5, 4, 1, 7, 5, 1]), array([2, 2, 2]))\"", \""array([])\"", \""<Execution Error: name 'A' is not defined>\""], [\""(array([4, 3, 1, 3, 0, 4, 3, 8, 7, 7, 6, 9, 3, 7, 3, 3, 6, 5, 4, 5]), array([2, 3, 5]))\"", \""array([4, 4, 4])\"", \""<Execution Error: name 'A' is not defined>\""]]""}"
"DS1000","hallucinated","DS0445","","","","{""error_type"": ""ModuleNotFoundError"", ""error_message"": ""No module named 'scipy'"", ""line_no"": """", ""test_case"": """"}"
"DS1000","hallucinated","DS0446","","","","{""error_type"": ""ModuleNotFoundError"", ""error_message"": ""No module named 'scipy'"", ""line_no"": """", ""test_case"": """"}"
"DS1000","hallucinated","DS0447","{""type"": ""IndentationError"", ""value"": 6, ""message"": ""expected an indented block after function definition on line 5 (<unknown>, line 6)""}","","","{""error_type"": ""ModuleNotFoundError"", ""error_message"": ""No module named 'scipy'"", ""line_no"": """", ""test_case"": """"}"
"DS1000","passed","DS0448","","","",""
"DS1000","passed","DS0449","","","",""
"DS1000","hallucinated","DS0450","","","","{""error_type"": ""NameError"", ""error_message"": ""name 'A' is not defined"", ""line_no"": ""3.0"", ""test_case"": ""[[\""(array([[[0.37454012, 0.95071431, 0.73199394, 0.59865848, 0.15601864],\\n        [0.15599452, 0.05808361, 0.86617615, 0.60111501, 0.70807258],\\n        [0.02058449, 0.96990985, 0.83244264, 0.21233911, 0.18182497],\\n        [0.18340451, 0.30424224, 0.52475643, 0.43194502, 0.29122914],\\n        [0.61185289, 0.13949386, 0.29214465, 0.36636184, 0.45606998]],\\n\\n       [[0.78517596, 0.19967378, 0.51423444, 0.59241457, 0.04645041],\\n        [0.60754485, 0.17052412, 0.06505159, 0.94888554, 0.96563203],\\n       ...[truncated]\"", \""array([[[0.6011150117432088, 0.7080725777960455], [0.21233911067827616, 0.18182496720710062]], [[0.9488855372533332, 0.9656320330745594], [0.6842330265121569, 0.4401524937396013]], [[0.045227288910538066, 0.32533033076326434], [0.3567533266935893, 0.28093450968738076]], [[0.06355835028602363, 0.3109823217156622], [0.8872127425763265, 0.4722149251619493]], [[0.22879816549162246, 0.07697990982879299], [0.808120379564417, 0.6334037565104235]]])\"", \""<Execution Error: name 'A' is not defined>\""], [\""(array([[[0.98901151, 0.54954473, 0.2814473 , 0.07728957, 0.4444695 ,\\n         0.47280797, 0.048522  , 0.16332445, 0.11595071],\\n        [0.62739168, 0.85618205, 0.65010242, 0.99072168, 0.47035075,\\n         0.61829448, 0.28266721, 0.97600332, 0.673068  ],\\n        [0.44053089, 0.28968734, 0.50969968, 0.1124609 , 0.22695479,\\n         0.4785523 , 0.24275816, 0.38798252, 0.81887343],\\n        [0.07454079, 0.92314954, 0.22489608, 0.70637148, 0.11056546,\\n         0.60100412, 0.40679254, 0.83682945, 0.25...[truncated]\"", \""array([[[0.04852200090644587, 0.16332444820826675], [0.8257539654972054, 0.4516665266465536]], [[0.03941980288626623, 0.15996243096834317], [0.07445300675121813, 0.3733008125683964]], [[0.4191699816987845, 0.11489528131347349], [0.41593195641493697, 0.7621557747895836]], [[0.8240710041564705, 0.801005551723181], [0.23584306680715827, 0.5004484320546707]], [[0.8001737797858093, 0.6200625495791576], [0.5647274741046868, 0.8768279188584096]], [[0.8858703828337904, 0.5901884019457233], [0.4354684932...[truncated]\"", \""<Execution Error: name 'A' is not defined>\""]]""}"
"DS1000","hallucinated","DS0451","","","","{""error_type"": ""NameError"", ""error_message"": ""name 'arr' is not defined"", ""line_no"": """", ""test_case"": ""[[\""None\"", \""array([[[[0.0, 0.0], [0.0, 0.0], [0.0, 0.0], [0.0, 0.0], [0.0, 0.0], [0.0, 0.0], [0.0, 0.0], [0.0, 0.0], [0.0, 0.0], [0.0, 0.0]], [[0.0, 0.0], [0.0, 0.0], [0.0, 0.0], [0.0, 0.0], [0.0, 0.0], [0.0, 0.0], [0.0, 0.0], [0.0, 0.0], [0.0, 0.0], [0.0, 0.0]], [[0.0, 0.0], [0.0, 0.0], [0.0, 0.0], [0.0, 0.0], [0.0, 0.0], [0.0, 0.0], [0.0, 0.0], [0.0, 0.0], [0.0, 0.0], [0.0, 0.0]], [[0.0, 0.0], [0.0, 0.0], [0.0, 0.0], [0.0, 0.0], [0.0, 0.0], [0.0, 0.0], [0.0, 0.0], [0.0, 0.0], [0.0, 0.0], [0.0, 0.0]], [[0....[truncated]\"", \""array([[[[0.0, 0.0], [0.0, 0.0], [0.0, 0.0], [0.0, 0.0], [0.0, 0.0], [0.0, 0.0], [0.0, 0.0], [0.0, 0.0], [0.0, 0.0], [0.0, 0.0]], [[0.0, 0.0], [0.0, 0.0], [0.0, 0.0], [0.0, 0.0], [0.0, 0.0], [0.0, 0.0], [0.0, 0.0], [0.0, 0.0], [0.0, 0.0], [0.0, 0.0]], [[0.0, 0.0], [0.0, 0.0], [0.0, 0.0], [0.0, 0.0], [0.0, 0.0], [0.0, 0.0], [0.0, 0.0], [0.0, 0.0], [0.0, 0.0], [0.0, 0.0]], [[0.0, 0.0], [0.0, 0.0], [0.0, 0.0], [0.0, 0.0], [0.0, 0.0], [0.0, 0.0], [0.0, 0.0], [0.0, 0.0], [0.0, 0.0], [0.0, 0.0]], [[0....[truncated]\""], [\""None\"", \""array([[[[0.0, 0.0], [0.0, 0.0], [0.0, 0.0], [0.0, 0.0], [0.0, 0.0], [0.0, 0.0], [0.0, 0.0], [0.0, 0.0], [0.0, 0.0], [0.0, 0.0]], [[0.0, 0.0], [0.0, 0.0], [0.0, 0.0], [0.0, 0.0], [0.0, 0.0], [0.0, 0.0], [0.0, 0.0], [0.0, 0.0], [0.0, 0.0], [0.0, 0.0]], [[0.0, 0.0], [0.0, 0.0], [0.0, 0.0], [0.0, 0.0], [0.0, 0.0], [0.0, 0.0], [0.0, 0.0], [0.0, 0.0], [0.0, 0.0], [0.0, 0.0]], [[0.0, 0.0], [0.0, 0.0], [0.0, 0.0], [0.0, 0.0], [0.0, 0.0], [0.0, 0.0], [0.0, 0.0], [0.0, 0.0], [0.0, 0.0], [0.0, 0.0]], [[0....[truncated]\"", \""array([[[[0.0, 0.0], [0.0, 0.0], [0.0, 0.0], [0.0, 0.0], [0.0, 0.0], [0.0, 0.0], [0.0, 0.0], [0.0, 0.0], [0.0, 0.0], [0.0, 0.0]], [[0.0, 0.0], [0.0, 0.0], [0.0, 0.0], [0.0, 0.0], [0.0, 0.0], [0.0, 0.0], [0.0, 0.0], [0.0, 0.0], [0.0, 0.0], [0.0, 0.0]], [[0.0, 0.0], [0.0, 0.0], [0.0, 0.0], [0.0, 0.0], [0.0, 0.0], [0.0, 0.0], [0.0, 0.0], [0.0, 0.0], [0.0, 0.0], [0.0, 0.0]], [[0.0, 0.0], [0.0, 0.0], [0.0, 0.0], [0.0, 0.0], [0.0, 0.0], [0.0, 0.0], [0.0, 0.0], [0.0, 0.0], [0.0, 0.0], [0.0, 0.0]], [[0....[truncated]\""], [\""None\"", \""array([[[[0.0, 0.0], [0.0, 0.0], [0.0, 0.0], [0.0, 0.0], [0.0, 0.0], [0.0, 0.0], [0.0, 0.0], [0.0, 0.0], [0.0, 0.0], [0.0, 0.0]], [[0.0, 0.0], [0.0, 0.0], [0.0, 0.0], [0.0, 0.0], [0.0, 0.0], [0.0, 0.0], [0.0, 0.0], [0.0, 0.0], [0.0, 0.0], [0.0, 0.0]], [[0.0, 0.0], [0.0, 0.0], [0.0, 0.0], [0.0, 0.0], [0.0, 0.0], [0.0, 0.0], [0.0, 0.0], [0.0, 0.0], [0.0, 0.0], [0.0, 0.0]], [[0.0, 0.0], [0.0, 0.0], [0.0, 0.0], [0.0, 0.0], [0.0, 0.0], [0.0, 0.0], [0.0, 0.0], [0.0, 0.0], [0.0, 0.0], [0.0, 0.0]], [[0....[truncated]\"", \""array([[[[0.0, 0.0], [0.0, 0.0], [0.0, 0.0], [0.0, 0.0], [0.0, 0.0], [0.0, 0.0], [0.0, 0.0], [0.0, 0.0], [0.0, 0.0], [0.0, 0.0]], [[0.0, 0.0], [0.0, 0.0], [0.0, 0.0], [0.0, 0.0], [0.0, 0.0], [0.0, 0.0], [0.0, 0.0], [0.0, 0.0], [0.0, 0.0], [0.0, 0.0]], [[0.0, 0.0], [0.0, 0.0], [0.0, 0.0], [0.0, 0.0], [0.0, 0.0], [0.0, 0.0], [0.0, 0.0], [0.0, 0.0], [0.0, 0.0], [0.0, 0.0]], [[0.0, 0.0], [0.0, 0.0], [0.0, 0.0], [0.0, 0.0], [0.0, 0.0], [0.0, 0.0], [0.0, 0.0], [0.0, 0.0], [0.0, 0.0], [0.0, 0.0]], [[0....[truncated]\""], [\""None\"", \""array([[[[0.0, 0.0], [0.0, 0.0], [0.0, 0.0], [0.0, 0.0], [0.0, 0.0], [0.0, 0.0], [0.0, 0.0], [0.0, 0.0], [0.0, 0.0], [0.0, 0.0]], [[0.0, 0.0], [0.0, 0.0], [0.0, 0.0], [0.0, 0.0], [0.0, 0.0], [0.0, 0.0], [0.0, 0.0], [0.0, 0.0], [0.0, 0.0], [0.0, 0.0]], [[0.0, 0.0], [0.0, 0.0], [0.0, 0.0], [0.0, 0.0], [0.0, 0.0], [0.0, 0.0], [0.0, 0.0], [0.0, 0.0], [0.0, 0.0], [0.0, 0.0]], [[0.0, 0.0], [0.0, 0.0], [0.0, 0.0], [0.0, 0.0], [0.0, 0.0], [0.0, 0.0], [0.0, 0.0], [0.0, 0.0], [0.0, 0.0], [0.0, 0.0]], [[0....[truncated]\"", \""array([[[[0.0, 0.0], [0.0, 0.0], [0.0, 0.0], [0.0, 0.0], [0.0, 0.0], [0.0, 0.0], [0.0, 0.0], [0.0, 0.0], [0.0, 0.0], [0.0, 0.0]], [[0.0, 0.0], [0.0, 0.0], [0.0, 0.0], [0.0, 0.0], [0.0, 0.0], [0.0, 0.0], [0.0, 0.0], [0.0, 0.0], [0.0, 0.0], [0.0, 0.0]], [[0.0, 0.0], [0.0, 0.0], [0.0, 0.0], [0.0, 0.0], [0.0, 0.0], [0.0, 0.0], [0.0, 0.0], [0.0, 0.0], [0.0, 0.0], [0.0, 0.0]], [[0.0, 0.0], [0.0, 0.0], [0.0, 0.0], [0.0, 0.0], [0.0, 0.0], [0.0, 0.0], [0.0, 0.0], [0.0, 0.0], [0.0, 0.0], [0.0, 0.0]], [[0....[truncated]\""], [\""None\"", \""array([[[[0.0, 0.0], [0.0, 0.0], [0.0, 0.0], [0.0, 0.0], [0.0, 0.0], [0.0, 0.0], [0.0, 0.0], [0.0, 0.0], [0.0, 0.0], [0.0, 0.0]], [[0.0, 0.0], [0.0, 0.0], [0.0, 0.0], [0.0, 0.0], [0.0, 0.0], [0.0, 0.0], [0.0, 0.0], [0.0, 0.0], [0.0, 0.0], [0.0, 0.0]], [[0.0, 0.0], [0.0, 0.0], [0.0, 0.0], [0.0, 0.0], [0.0, 0.0], [0.0, 0.0], [0.0, 0.0], [0.0, 0.0], [0.0, 0.0], [0.0, 0.0]], [[0.0, 0.0], [0.0, 0.0], [0.0, 0.0], [0.0, 0.0], [0.0, 0.0], [0.0, 0.0], [0.0, 0.0], [0.0, 0.0], [0.0, 0.0], [0.0, 0.0]], [[0....[truncated]\"", \""array([[[[0.0, 0.0], [0.0, 0.0], [0.0, 0.0], [0.0, 0.0], [0.0, 0.0], [0.0, 0.0], [0.0, 0.0], [0.0, 0.0], [0.0, 0.0], [0.0, 0.0]], [[0.0, 0.0], [0.0, 0.0], [0.0, 0.0], [0.0, 0.0], [0.0, 0.0], [0.0, 0.0], [0.0, 0.0], [0.0, 0.0], [0.0, 0.0], [0.0, 0.0]], [[0.0, 0.0], [0.0, 0.0], [0.0, 0.0], [0.0, 0.0], [0.0, 0.0], [0.0, 0.0], [0.0, 0.0], [0.0, 0.0], [0.0, 0.0], [0.0, 0.0]], [[0.0, 0.0], [0.0, 0.0], [0.0, 0.0], [0.0, 0.0], [0.0, 0.0], [0.0, 0.0], [0.0, 0.0], [0.0, 0.0], [0.0, 0.0], [0.0, 0.0]], [[0....[truncated]\""], [\""None\"", \""array([[[[0.0, 0.0], [0.0, 0.0], [0.0, 0.0], [0.0, 0.0], [0.0, 0.0], [0.0, 0.0], [0.0, 0.0], [0.0, 0.0], [0.0, 0.0], [0.0, 0.0]], [[0.0, 0.0], [0.0, 0.0], [0.0, 0.0], [0.0, 0.0], [0.0, 0.0], [0.0, 0.0], [0.0, 0.0], [0.0, 0.0], [0.0, 0.0], [0.0, 0.0]], [[0.0, 0.0], [0.0, 0.0], [0.0, 0.0], [0.0, 0.0], [0.0, 0.0], [0.0, 0.0], [0.0, 0.0], [0.0, 0.0], [0.0, 0.0], [0.0, 0.0]], [[0.0, 0.0], [0.0, 0.0], [0.0, 0.0], [0.0, 0.0], [0.0, 0.0], [0.0, 0.0], [0.0, 0.0], [0.0, 0.0], [0.0, 0.0], [0.0, 0.0]], [[0....[truncated]\"", \""array([[[[0.0, 0.0], [0.0, 0.0], [0.0, 0.0], [0.0, 0.0], [0.0, 0.0], [0.0, 0.0], [0.0, 0.0], [0.0, 0.0], [0.0, 0.0], [0.0, 0.0]], [[0.0, 0.0], [0.0, 0.0], [0.0, 0.0], [0.0, 0.0], [0.0, 0.0], [0.0, 0.0], [0.0, 0.0], [0.0, 0.0], [0.0, 0.0], [0.0, 0.0]], [[0.0, 0.0], [0.0, 0.0], [0.0, 0.0], [0.0, 0.0], [0.0, 0.0], [0.0, 0.0], [0.0, 0.0], [0.0, 0.0], [0.0, 0.0], [0.0, 0.0]], [[0.0, 0.0], [0.0, 0.0], [0.0, 0.0], [0.0, 0.0], [0.0, 0.0], [0.0, 0.0], [0.0, 0.0], [0.0, 0.0], [0.0, 0.0], [0.0, 0.0]], [[0....[truncated]\""], [\""None\"", \""array([[[[0.0, 0.0], [0.0, 0.0], [0.0, 0.0], [0.0, 0.0], [0.0, 0.0], [0.0, 0.0], [0.0, 0.0], [0.0, 0.0], [0.0, 0.0], [0.0, 0.0]], [[0.0, 0.0], [0.0, 0.0], [0.0, 0.0], [0.0, 0.0], [0.0, 0.0], [0.0, 0.0], [0.0, 0.0], [0.0, 0.0], [0.0, 0.0], [0.0, 0.0]], [[0.0, 0.0], [0.0, 0.0], [0.0, 0.0], [0.0, 0.0], [0.0, 0.0], [0.0, 0.0], [0.0, 0.0], [0.0, 0.0], [0.0, 0.0], [0.0, 0.0]], [[0.0, 0.0], [0.0, 0.0], [0.0, 0.0], [0.0, 0.0], [0.0, 0.0], [0.0, 0.0], [0.0, 0.0], [0.0, 0.0], [0.0, 0.0], [0.0, 0.0]], [[0....[truncated]\"", \""array([[[[0.0, 0.0], [0.0, 0.0], [0.0, 0.0], [0.0, 0.0], [0.0, 0.0], [0.0, 0.0], [0.0, 0.0], [0.0, 0.0], [0.0, 0.0], [0.0, 0.0]], [[0.0, 0.0], [0.0, 0.0], [0.0, 0.0], [0.0, 0.0], [0.0, 0.0], [0.0, 0.0], [0.0, 0.0], [0.0, 0.0], [0.0, 0.0], [0.0, 0.0]], [[0.0, 0.0], [0.0, 0.0], [0.0, 0.0], [0.0, 0.0], [0.0, 0.0], [0.0, 0.0], [0.0, 0.0], [0.0, 0.0], [0.0, 0.0], [0.0, 0.0]], [[0.0, 0.0], [0.0, 0.0], [0.0, 0.0], [0.0, 0.0], [0.0, 0.0], [0.0, 0.0], [0.0, 0.0], [0.0, 0.0], [0.0, 0.0], [0.0, 0.0]], [[0....[truncated]\""], [\""None\"", \""array([[[[0.0, 0.0], [0.0, 0.0], [0.0, 0.0], [0.0, 0.0], [0.0, 0.0], [0.0, 0.0], [0.0, 0.0], [0.0, 0.0], [0.0, 0.0], [0.0, 0.0]], [[0.0, 0.0], [0.0, 0.0], [0.0, 0.0], [0.0, 0.0], [0.0, 0.0], [0.0, 0.0], [0.0, 0.0], [0.0, 0.0], [0.0, 0.0], [0.0, 0.0]], [[0.0, 0.0], [0.0, 0.0], [0.0, 0.0], [0.0, 0.0], [0.0, 0.0], [0.0, 0.0], [0.0, 0.0], [0.0, 0.0], [0.0, 0.0], [0.0, 0.0]], [[0.0, 0.0], [0.0, 0.0], [0.0, 0.0], [0.0, 0.0], [0.0, 0.0], [0.0, 0.0], [0.0, 0.0], [0.0, 0.0], [0.0, 0.0], [0.0, 0.0]], [[0....[truncated]\"", \""array([[[[0.0, 0.0], [0.0, 0.0], [0.0, 0.0], [0.0, 0.0], [0.0, 0.0], [0.0, 0.0], [0.0, 0.0], [0.0, 0.0], [0.0, 0.0], [0.0, 0.0]], [[0.0, 0.0], [0.0, 0.0], [0.0, 0.0], [0.0, 0.0], [0.0, 0.0], [0.0, 0.0], [0.0, 0.0], [0.0, 0.0], [0.0, 0.0], [0.0, 0.0]], [[0.0, 0.0], [0.0, 0.0], [0.0, 0.0], [0.0, 0.0], [0.0, 0.0], [0.0, 0.0], [0.0, 0.0], [0.0, 0.0], [0.0, 0.0], [0.0, 0.0]], [[0.0, 0.0], [0.0, 0.0], [0.0, 0.0], [0.0, 0.0], [0.0, 0.0], [0.0, 0.0], [0.0, 0.0], [0.0, 0.0], [0.0, 0.0], [0.0, 0.0]], [[0....[truncated]\""], [\""None\"", \""array([[[[0.0, 0.0], [0.0, 0.0], [0.0, 0.0], [0.0, 0.0], [0.0, 0.0], [0.0, 0.0], [0.0, 0.0], [0.0, 0.0], [0.0, 0.0], [0.0, 0.0]], [[0.0, 0.0], [0.0, 0.0], [0.0, 0.0], [0.0, 0.0], [0.0, 0.0], [0.0, 0.0], [0.0, 0.0], [0.0, 0.0], [0.0, 0.0], [0.0, 0.0]], [[0.0, 0.0], [0.0, 0.0], [0.0, 0.0], [0.0, 0.0], [0.0, 0.0], [0.0, 0.0], [0.0, 0.0], [0.0, 0.0], [0.0, 0.0], [0.0, 0.0]], [[0.0, 0.0], [0.0, 0.0], [0.0, 0.0], [0.0, 0.0], [0.0, 0.0], [0.0, 0.0], [0.0, 0.0], [0.0, 0.0], [0.0, 0.0], [0.0, 0.0]], [[0....[truncated]\"", \""array([[[[0.0, 0.0], [0.0, 0.0], [0.0, 0.0], [0.0, 0.0], [0.0, 0.0], [0.0, 0.0], [0.0, 0.0], [0.0, 0.0], [0.0, 0.0], [0.0, 0.0]], [[0.0, 0.0], [0.0, 0.0], [0.0, 0.0], [0.0, 0.0], [0.0, 0.0], [0.0, 0.0], [0.0, 0.0], [0.0, 0.0], [0.0, 0.0], [0.0, 0.0]], [[0.0, 0.0], [0.0, 0.0], [0.0, 0.0], [0.0, 0.0], [0.0, 0.0], [0.0, 0.0], [0.0, 0.0], [0.0, 0.0], [0.0, 0.0], [0.0, 0.0]], [[0.0, 0.0], [0.0, 0.0], [0.0, 0.0], [0.0, 0.0], [0.0, 0.0], [0.0, 0.0], [0.0, 0.0], [0.0, 0.0], [0.0, 0.0], [0.0, 0.0]], [[0....[truncated]\""]]""}"
"DS1000","hallucinated","DS0452","","","","{""error_type"": ""AssertionError"", ""error_message"": """", ""line_no"": """", ""test_case"": ""[[\""array([[1, -2, 3, 6], [4, 5, -6, 5], [-1, 2, 5, 5], [4, 5, 10, -25], [5, -2, 10, 25]])\"", \""array([[0.08333333333333333, -0.16666666666666666, 0.25, 0.5], [0.2, 0.25, -0.3, 0.25], [-0.07692307692307693, 0.15384615384615385, 0.38461538461538464, 0.38461538461538464], [0.09090909090909091, 0.11363636363636363, 0.22727272727272727, -0.5681818181818182], [0.11904761904761904, -0.047619047619047616, 0.23809523809523808, 0.5952380952380952]])\"", \""<Execution Error: name 'X' is not defined>\""], [\""array([[-1, -2, 3, 6], [4, -5, -6, 5], [-1, 2, -5, 5], [4, -5, 10, -25], [5, -2, 10, -25]])\"", \""array([[-0.08333333333333333, -0.16666666666666666, 0.25, 0.5], [0.2, -0.25, -0.3, 0.25], [-0.07692307692307693, 0.15384615384615385, -0.38461538461538464, 0.38461538461538464], [0.09090909090909091, -0.11363636363636363, 0.22727272727272727, -0.5681818181818182], [0.11904761904761904, -0.047619047619047616, 0.23809523809523808, -0.5952380952380952]])\"", \""<Execution Error: name 'X' is not defined>\""]]""}"
"DS1000","passed","DS0453","","","",""
"DS1000","passed","DS0454","","","",""
"DS1000","hallucinated","DS0455","","","","{""error_type"": ""TypeError"", ""error_message"": ""Choicelist and default value do not have a common dtype: The DType <class 'numpy.dtypes.StrDType'> could not be promoted by <class 'numpy.dtypes._PyFloatDType'>. This means that no common DType exists for the given inputs. For example they cannot be stored in a single array unless the dtype is `object`. The full list of DTypes is: (<class 'numpy.dtypes.StrDType'>, <class 'numpy.dtypes._PyFloatDType'>)"", ""line_no"": """", ""test_case"": """"}"
"DS1000","hallucinated","DS0456","","","","{""error_type"": ""AssertionError"", ""error_message"": ""\nNot equal to tolerance rtol=1e-07, atol=0\n\n(shapes (5, 5), (8, 8) mismatch)\n ACTUAL: array([[0.      , 8.717798, 8.124038, 3.316625, 7.348469],\n       [8.717798, 0.      , 6.164414, 8.185353, 1.414214],\n       [8.124038, 6.164414, 0.      , 9.219544, 5.830952],...\n DESIRED: array([[0.      , 1.120508, 0.190388, 0.98813 , 1.010109, 0.699047,\n        0.812519, 0.766637],\n       [1.120508, 0.      , 1.060633, 1.131562, 0.139802, 0.545645,..."", ""line_no"": """", ""test_case"": ""[[\""array([[1, 2, 8], [7, 4, 2], [9, 1, 7], [0, 1, 5], [6, 4, 3]])\"", \""array([[0.0, 8.717797887081348, 8.12403840463596, 3.3166247903554, 7.3484692283495345], [8.717797887081348, 0.0, 6.164414002968976, 8.18535277187245, 1.4142135623730951], [8.12403840463596, 6.164414002968976, 0.0, 9.219544457292887, 5.830951894845301], [3.3166247903554, 8.18535277187245, 9.219544457292887, 0.0, 7.0], [7.3484692283495345, 1.4142135623730951, 5.830951894845301, 7.0, 0.0]])\"", \""array([[0.0, 8.717797887081348, 8.12403840463596, 3.3166247903554, 7.3484692283495345], [8.717797887081348, 0.0, 6.164414002968976, 8.18535277187245, 1.4142135623730951], [8.12403840463596, 6.164414002968976, 0.0, 9.219544457292887, 5.830951894845301], [3.3166247903554, 8.18535277187245, 9.219544457292887, 0.0, 7.0], [7.3484692283495345, 1.4142135623730951, 5.830951894845301, 7.0, 0.0]])\""], [\""array([[0.9507143064099162, 0.7319939418114051, 0.5986584841970366], [0.15601864044243652, 0.15599452033620265, 0.05808361216819946], [0.8661761457749352, 0.6011150117432088, 0.7080725777960455], [0.020584494295802447, 0.9699098521619943, 0.8324426408004217], [0.21233911067827616, 0.18182496720710062, 0.18340450985343382], [0.3042422429595377, 0.5247564316322378, 0.43194501864211576], [0.2912291401980419, 0.6118528947223795, 0.13949386065204183], [0.29214464853521815, 0.3663618432936917, 0.45606...[truncated]\"", \""array([[0.0, 1.1205077988645404, 0.19038760153285808, 0.988129788873983, 1.0101087533018647, 0.699047132920508, 0.8125187426542034, 0.7666370106290267], [1.1205077988645404, 0.0, 1.0606326365374816, 1.1315619649616167, 0.13980176948010836, 0.545644513228629, 0.48240684624118807, 0.47029549539004883], [0.19038760153285808, 1.0606326365374816, 0.0, 0.930861315096098, 0.9373278996326282, 0.6307509594239354, 0.8086786252534633, 0.6694225250847973], [0.988129788873983, 1.1315619649616167, 0.930861315...[truncated]\"", \""array([[0.0, 8.717797887081348, 8.12403840463596, 3.3166247903554, 7.3484692283495345], [8.717797887081348, 0.0, 6.164414002968976, 8.18535277187245, 1.4142135623730951], [8.12403840463596, 6.164414002968976, 0.0, 9.219544457292887, 5.830951894845301], [3.3166247903554, 8.18535277187245, 9.219544457292887, 0.0, 7.0], [7.3484692283495345, 1.4142135623730951, 5.830951894845301, 7.0, 0.0]])\""]]""}"
"DS1000","passed","DS0457","","","",""
"DS1000","hallucinated","DS0458","","","","{""error_type"": ""AssertionError"", ""error_message"": ""\nNot equal to tolerance rtol=1e-07, atol=0\n\nMismatched elements: 28 / 64 (43.8%)\nFirst 5 mismatches are at indices:\n [1, 0]: 1.1474667399821354 (ACTUAL), 0.0 (DESIRED)\n [2, 0]: 1.148062554181415 (ACTUAL), 0.0 (DESIRED)\n [2, 1]: 1.1478698632556275 (ACTUAL), 0.0 (DESIRED)\n [3, 0]: 0.9388101832364938 (ACTUAL), 0.0 (DESIRED)\n [3, 1]: 1.1106901511874923 (ACTUAL), 0.0 (DESIRED)\nMax absolute difference among violations: 1.52251378\nMax relative difference among violations: inf\n ACTUAL: array([[0.      , 1.147467, 1.148063, 0.93881 , 0.906777, 1.522514,\n        0.933728, 0.79074 ],\n       [1.147467, 0.      , 1.14787 , 1.11069 , 1.19818 , 1.423759,...\n DESIRED: array([[0.      , 1.147467, 1.148063, 0.93881 , 0.906777, 1.522514,\n        0.933728, 0.79074 ],\n       [0.      , 0.      , 1.14787 , 1.11069 , 1.19818 , 1.423759,..."", ""line_no"": """", ""test_case"": ""[[\""(6, array([[0.95071431, 0.73199394, 0.59865848, 0.15601864, 0.15599452,\\n        0.05808361],\\n       [0.86617615, 0.60111501, 0.70807258, 0.02058449, 0.96990985,\\n        0.83244264],\\n       [0.21233911, 0.18182497, 0.18340451, 0.30424224, 0.52475643,\\n        0.43194502],\\n       [0.29122914, 0.61185289, 0.13949386, 0.29214465, 0.36636184,\\n        0.45606998],\\n       [0.78517596, 0.19967378, 0.51423444, 0.59241457, 0.04645041,\\n        0.60754485],\\n       [0.17052412, 0.06505159, 0.94888554, 0.96563...[truncated]\"", \""array([[0.0, 1.1474667399821354, 1.148062554181415, 0.9388101832364938, 0.9067767571868222, 1.5225137832233038, 0.9337275056995246, 0.790739628975673], [0.0, 0.0, 1.1478698632556275, 1.1106901511874923, 1.198179995194526, 1.423759482302251, 1.2417096393080396, 0.6999177600702232], [0.0, 0.0, 0.0, 0.46786003428780604, 0.8834955109945453, 1.0655738305894553, 0.7236064695691871, 0.8570342270700781], [0.0, 0.0, 0.0, 0.0, 0.8773571494143918, 1.2808574785965114, 0.5970289685247049, 0.9013767909713029]...[truncated]\"", \""array([[0.0, 1.1474667399821354, 1.148062554181415, 0.9388101832364938, 0.9067767571868222, 1.5225137832233038, 0.9337275056995246, 0.790739628975673], [1.1474667399821354, 0.0, 1.1478698632556275, 1.1106901511874923, 1.198179995194526, 1.423759482302251, 1.2417096393080396, 0.6999177600702232], [1.148062554181415, 1.1478698632556275, 0.0, 0.46786003428780604, 0.8834955109945453, 1.0655738305894553, 0.7236064695691871, 0.8570342270700781], [0.9388101832364938, 1.1106901511874923, 0.4678600342878...[truncated]\""]]""}"
"DS1000","hallucinated","DS0459","","","","{""error_type"": ""AttributeError"", ""error_message"": ""'list' object has no attribute 'mean'"", ""line_no"": ""3.0"", ""test_case"": ""[[\""(['33.33', '33.33', '33.33', '33.37'], array(['33.33', '33.33', '33.33', '33.37'], dtype='<U5'))\"", \""33.339999999999996\"", \""<Execution Error: name 'A' is not defined>\""], [\""(array([0.37454012, 0.95071431, 0.73199394, 0.59865848, 0.15601864]), array(['0.3745401188473625', '0.9507143064099162', '0.7319939418114051',\\n       '0.5986584841970366', '0.15601864044243652'], dtype='<U32'))\"", \""0.5623850983416314\"", \""<Execution Error: name 'A' is not defined>\""]]""}"
"DS1000","hallucinated","DS0460","","","","{""error_type"": ""AttributeError"", ""error_message"": ""'list' object has no attribute 'mean'"", ""line_no"": ""3.0"", ""test_case"": ""[[\""(['inf', '33.33', '33.33', '33.37'], array(['inf', '33.33', '33.33', '33.37'], dtype='<U5'))\"", \""inf\"", \""<Execution Error: name 'A' is not defined>\""], [\""(array([       inf, 0.95071431, 0.73199394, 0.59865848, 0.15601864]), array(['inf', '0.9507143064099162', '0.7319939418114051',\\n       '0.5986584841970366', '0.15601864044243652'], dtype='<U32'))\"", \""inf\"", \""<Execution Error: name 'A' is not defined>\""]]""}"
"DS1000","hallucinated","DS0461","","","","{""error_type"": ""AttributeError"", ""error_message"": ""'list' object has no attribute 'mean'"", ""line_no"": ""3.0"", ""test_case"": ""[[\""(['np.inf', '33.33', '33.33', '33.37'], array(['np.inf', '33.33', '33.33', '33.37'], dtype='<U6'))\"", \""inf\"", \""<Execution Error: name 'A' is not defined>\""], [\""(array([0.37454012, 0.95071431, 0.73199394, 0.59865848, 0.15601864]), array(['np.inf', '0.9507143064099162', '0.7319939418114051',\\n       '0.5986584841970366', '0.15601864044243652'], dtype='<U32'))\"", \""inf\"", \""<Execution Error: name 'A' is not defined>\""]]""}"
"DS1000","hallucinated","DS0462","","","","{""error_type"": ""AssertionError"", ""error_message"": ""\nArrays are not equal\n\n(shapes (3,), (4,) mismatch)\n ACTUAL: array([1, 2, 3])\n DESIRED: array([1, 2, 1, 3])"", ""line_no"": """", ""test_case"": ""[[\""array([0, 0, 1, 1, 1, 2, 2, 0, 1, 3, 3, 3])\"", \""array([1, 2, 1, 3])\"", \""<Execution Error: name 'np' is not defined>\""], [\""array([2, 0, 2, 2, 0, 0, 2, 1, 2, 2, 2, 2, 0, 2, 1, 0, 1, 1, 1, 1])\"", \""array([2, 2, 2, 1, 2, 2, 1, 1])\"", \""<Execution Error: name 'np' is not defined>\""]]""}"
"DS1000","hallucinated","DS0463","","","","{""error_type"": ""AttributeError"", ""error_message"": ""'numpy.ndarray' object has no attribute 'unique'"", ""line_no"": ""3.0"", ""test_case"": ""[[\""array([[0], [0], [1], [1], [1], [2], [2], [0], [1], [3], [3], [3]])\"", \""array([[1], [2], [1], [3]])\"", \""<Execution Error: name 'a' is not defined>\""], [\""array([[2], [0], [2], [2], [0], [0], [2], [1], [2], [2], [2], [2], [0], [2], [1], [0], [1], [1], [1], [1]])\"", \""array([[2], [2], [2], [1], [2], [2], [1], [1]])\"", \""<Execution Error: name 'a' is not defined>\""]]""}"
"DS1000","hallucinated","DS0464","","","","{""error_type"": ""NameError"", ""error_message"": ""name 'df' is not defined"", ""line_no"": """", ""test_case"": ""[[\""(array([[10, 20, 30],\\n       [20, 11, 33],\\n       [21, 20, 10]]), array([[100, 102, 103],\\n       [105, 101, 102],\\n       [100, 102, 103]]), array([[17,  2, 11],\\n       [86, 84,  1],\\n       [ 9,  5, 10]]))\"", \""DataFrame({'lat': [10, 20, 30, 20, 11, 33, 21, 20, 10], 'lon': [100, 102, 103, 105, 101, 102, 100, 102, 103], 'val': [17, 2, 11, 86, 84, 1, 9, 5, 10]})\"", \""<Execution Error: name 'lat' is not defined>\""], [\""(array([[0.37454012, 0.95071431, 0.73199394, 0.59865848, 0.15601864,\\n        0.15599452],\\n       [0.05808361, 0.86617615, 0.60111501, 0.70807258, 0.02058449,\\n        0.96990985],\\n       [0.83244264, 0.21233911, 0.18182497, 0.18340451, 0.30424224,\\n        0.52475643],\\n       [0.43194502, 0.29122914, 0.61185289, 0.13949386, 0.29214465,\\n        0.36636184],\\n       [0.45606998, 0.78517596, 0.19967378, 0.51423444, 0.59241457,\\n        0.04645041]]), array([[0.60754485, 0.17052412, 0.06505159, 0.948885...[truncated]\"", \""DataFrame({'lat': [0.3745401188473625, 0.9507143064099162, 0.7319939418114051, 0.5986584841970366, 0.15601864044243652, 0.15599452033620265, 0.05808361216819946, 0.8661761457749352, 0.6011150117432088, 0.7080725777960455, 0.020584494295802447, 0.9699098521619943, 0.8324426408004217, 0.21233911067827616, 0.18182496720710062, 0.18340450985343382, 0.3042422429595377, 0.5247564316322378, 0.43194501864211576, 0.2912291401980419, 0.6118528947223795, 0.13949386065204183, 0.29214464853521815, 0.36636184...[truncated]\"", \""<Execution Error: name 'lat' is not defined>\""]]""}"
"DS1000","hallucinated","DS0465","{""type"": ""IndentationError"", ""value"": 6, ""message"": ""expected an indented block after function definition on line 5 (<unknown>, line 6)""}","","","{""error_type"": ""IndentationError"", ""error_message"": ""expected an indented block after function definition on line 5 (<string>, line 6)"", ""line_no"": ""1.0"", ""test_case"": ""[[\""(array([[10, 20, 30],\\n       [20, 11, 33],\\n       [21, 20, 10]]), array([[100, 102, 103],\\n       [105, 101, 102],\\n       [100, 102, 103]]), array([[17,  2, 11],\\n       [86, 84,  1],\\n       [ 9,  5, 10]]))\"", \""DataFrame({'lat': [10, 20, 30, 20, 11, 33, 21, 20, 10], 'lon': [100, 102, 103, 105, 101, 102, 100, 102, 103], 'val': [17, 2, 11, 86, 84, 1, 9, 5, 10]})\"", \""DataFrame({'lat': [10, 20, 30, 20, 11, 33, 21, 20, 10], 'lon': [100, 102, 103, 105, 101, 102, 100, 102, 103], 'val': [17, 2, 11, 86, 84, 1, 9, 5, 10]})\""], [\""(array([[0.37454012, 0.95071431, 0.73199394, 0.59865848, 0.15601864,\\n        0.15599452],\\n       [0.05808361, 0.86617615, 0.60111501, 0.70807258, 0.02058449,\\n        0.96990985],\\n       [0.83244264, 0.21233911, 0.18182497, 0.18340451, 0.30424224,\\n        0.52475643],\\n       [0.43194502, 0.29122914, 0.61185289, 0.13949386, 0.29214465,\\n        0.36636184],\\n       [0.45606998, 0.78517596, 0.19967378, 0.51423444, 0.59241457,\\n        0.04645041]]), array([[0.60754485, 0.17052412, 0.06505159, 0.948885...[truncated]\"", \""DataFrame({'lat': [0.3745401188473625, 0.9507143064099162, 0.7319939418114051, 0.5986584841970366, 0.15601864044243652, 0.15599452033620265, 0.05808361216819946, 0.8661761457749352, 0.6011150117432088, 0.7080725777960455, 0.020584494295802447, 0.9699098521619943, 0.8324426408004217, 0.21233911067827616, 0.18182496720710062, 0.18340450985343382, 0.3042422429595377, 0.5247564316322378, 0.43194501864211576, 0.2912291401980419, 0.6118528947223795, 0.13949386065204183, 0.29214464853521815, 0.36636184...[truncated]\"", \""DataFrame({'lat': [0.3745401188473625, 0.9507143064099162, 0.7319939418114051, 0.5986584841970366, 0.15601864044243652, 0.15599452033620265, 0.05808361216819946, 0.8661761457749352, 0.6011150117432088, 0.7080725777960455, 0.020584494295802447, 0.9699098521619943, 0.8324426408004217, 0.21233911067827616, 0.18182496720710062, 0.18340450985343382, 0.3042422429595377, 0.5247564316322378, 0.43194501864211576, 0.2912291401980419, 0.6118528947223795, 0.13949386065204183, 0.29214464853521815, 0.36636184...[truncated]\""]]""}"
"DS1000","hallucinated","DS0466","","","","{""error_type"": ""AssertionError"", ""error_message"": ""DataFrame are different\n\nDataFrame shape mismatch\n[left]:  (9, 3)\n[right]: (9, 4)"", ""line_no"": """", ""test_case"": ""[[\""(array([[10, 20, 30],\\n       [20, 11, 33],\\n       [21, 20, 10]]), array([[100, 102, 103],\\n       [105, 101, 102],\\n       [100, 102, 103]]), array([[17,  2, 11],\\n       [86, 84,  1],\\n       [ 9,  5, 10]]))\"", \""DataFrame({'lat': [10, 20, 30, 20, 11, 33, 21, 20, 10], 'lon': [100, 102, 103, 105, 101, 102, 100, 102, 103], 'val': [17, 2, 11, 86, 84, 1, 9, 5, 10], 'maximum': [100, 102, 103, 105, 101, 102, 100, 102, 103]})\"", \""DataFrame({'lat': [10, 20, 30, 20, 11, 33, 21, 20, 10], 'lon': [100, 102, 103, 105, 101, 102, 100, 102, 103], 'val': [17, 2, 11, 86, 84, 1, 9, 5, 10], 'maximum': [100, 102, 103, 105, 101, 102, 100, 102, 103]})\""], [\""(array([[0.37454012, 0.95071431, 0.73199394, 0.59865848, 0.15601864,\\n        0.15599452],\\n       [0.05808361, 0.86617615, 0.60111501, 0.70807258, 0.02058449,\\n        0.96990985],\\n       [0.83244264, 0.21233911, 0.18182497, 0.18340451, 0.30424224,\\n        0.52475643],\\n       [0.43194502, 0.29122914, 0.61185289, 0.13949386, 0.29214465,\\n        0.36636184],\\n       [0.45606998, 0.78517596, 0.19967378, 0.51423444, 0.59241457,\\n        0.04645041]]), array([[0.60754485, 0.17052412, 0.06505159, 0.948885...[truncated]\"", \""DataFrame({'lat': [0.3745401188473625, 0.9507143064099162, 0.7319939418114051, 0.5986584841970366, 0.15601864044243652, 0.15599452033620265, 0.05808361216819946, 0.8661761457749352, 0.6011150117432088, 0.7080725777960455, 0.020584494295802447, 0.9699098521619943, 0.8324426408004217, 0.21233911067827616, 0.18182496720710062, 0.18340450985343382, 0.3042422429595377, 0.5247564316322378, 0.43194501864211576, 0.2912291401980419, 0.6118528947223795, 0.13949386065204183, 0.29214464853521815, 0.36636184...[truncated]\"", \""DataFrame({'lat': [0.3745401188473625, 0.9507143064099162, 0.7319939418114051, 0.5986584841970366, 0.15601864044243652, 0.15599452033620265, 0.05808361216819946, 0.8661761457749352, 0.6011150117432088, 0.7080725777960455, 0.020584494295802447, 0.9699098521619943, 0.8324426408004217, 0.21233911067827616, 0.18182496720710062, 0.18340450985343382, 0.3042422429595377, 0.5247564316322378, 0.43194501864211576, 0.2912291401980419, 0.6118528947223795, 0.13949386065204183, 0.29214464853521815, 0.36636184...[truncated]\""]]""}"
"DS1000","hallucinated","DS0467","","","","{""error_type"": ""TypeError"", ""error_message"": ""arange: scalar arguments expected instead of a tuple."", ""line_no"": ""3.0"", ""test_case"": ""[[\""(array([[1, 2, 3, 4],\\n       [2, 3, 4, 5],\\n       [3, 4, 5, 6],\\n       [4, 5, 6, 7]]), (3, 3))\"", \""[array([[1, 2],\\n       [2, 3]]), array([[1, 2, 3],\\n       [2, 3, 4]]), array([[2, 3, 4],\\n       [3, 4, 5]]), array([[3, 4],\\n       [4, 5]]), array([[1, 2],\\n       [2, 3],\\n       [3, 4]]), array([[1, 2, 3],\\n       [2, 3, 4],\\n       [3, 4, 5]]), array([[2, 3, 4],\\n       [3, 4, 5],\\n       [4, 5, 6]]), array([[3, 4],\\n       [4, 5],\\n       [5, 6]]), array([[2, 3],\\n       [3, 4],\\n       [4, 5]]), array([[2, 3, 4],\\n       [3, 4, 5],\\n       [4, 5, 6]]), array([[3, 4, 5],\\n       [4, 5, 6],\\n       [5, 6, ...[truncated]\"", \""<Execution Error: name 'a' is not defined>\""]]""}"
"DS1000","hallucinated","DS0468","","","","{""error_type"": ""TypeError"", ""error_message"": ""arange: scalar arguments expected instead of a tuple."", ""line_no"": ""3.0"", ""test_case"": ""[[\""(array([[1, 2, 3, 4],\\n       [2, 3, 4, 5],\\n       [3, 4, 5, 6],\\n       [4, 5, 6, 7]]), (3, 3))\"", \""[array([[1, 2],\\n       [2, 3]]), array([[1, 2],\\n       [2, 3],\\n       [3, 4]]), array([[2, 3],\\n       [3, 4],\\n       [4, 5]]), array([[3, 4],\\n       [4, 5]]), array([[1, 2, 3],\\n       [2, 3, 4]]), array([[1, 2, 3],\\n       [2, 3, 4],\\n       [3, 4, 5]]), array([[2, 3, 4],\\n       [3, 4, 5],\\n       [4, 5, 6]]), array([[3, 4, 5],\\n       [4, 5, 6]]), array([[2, 3, 4],\\n       [3, 4, 5]]), array([[2, 3, 4],\\n       [3, 4, 5],\\n       [4, 5, 6]]), array([[3, 4, 5],\\n       [4, 5, 6],\\n       [5, 6, 7]]), arr...[truncated]\"", \""<Execution Error: name 'a' is not defined>\""]]""}"
"DS1000","hallucinated","DS0469","","","","{""error_type"": ""AssertionError"", ""error_message"": ""\nArrays are not equal\n\ninf location mismatch:\n ACTUAL: array(1.5+0.j)\n DESIRED: array(inf+0.j)"", ""line_no"": """", ""test_case"": ""[[\""array([(1+0j), (2+0j), (inf+0j)])\"", \""(inf+0j)\"", \""<Execution Error: name 'np' is not defined>\""]]""}"
"DS1000","hallucinated","DS0470","{""type"": ""IndentationError"", ""value"": 5, ""message"": ""expected an indented block after function definition on line 4 (<unknown>, line 5)""}","","","{""error_type"": ""IndentationError"", ""error_message"": ""expected an indented block after function definition on line 4 (<string>, line 5)"", ""line_no"": ""4.0"", ""test_case"": ""[[\""array([(1+0j), (2+0j), (inf+0j)])\"", \""(inf+0j)\"", \""<Execution Error: name 'np' is not defined>\""]]""}"
"DS1000","passed","DS0471","","","",""
"DS1000","passed","DS0472","","","",""
"DS1000","passed","DS0473","","","",""
"DS1000","hallucinated","DS0474","","","","{""error_type"": ""AssertionError"", ""error_message"": """", ""line_no"": """", ""test_case"": ""[[\""(array([[[ 75., 763.]],\\n\\n       [[ 57., 763.]],\\n\\n       [[ nan, 749.]],\\n\\n       [[ 75., 749.]]]), [array([[[  nan, 1202.]],\\n\\n       [[  63., 1202.]],\\n\\n       [[  63., 1187.]],\\n\\n       [[  78., 1187.]]]), array([[[ 75., 763.]],\\n\\n       [[ 57., 763.]],\\n\\n       [[ nan, 749.]],\\n\\n       [[ 75., 749.]]]), array([[[ 72., 742.]],\\n\\n       [[ 58., 742.]],\\n\\n       [[ 57., 741.]],\\n\\n       [[ 57.,  nan]],\\n\\n       [[ 58., 726.]],\\n\\n       [[ 72., 726.]]]), array([[[ nan, 194.]],\\n\\n       [[ 51., 194.]],\\n\\n      ...[truncated]\"", \""True\"", \""<Execution Error: name 'CNTS' is not defined>\""], [\""(array([[0.37454012, 0.95071431, 0.73199394, 0.59865848],\\n       [0.15601864, 0.15599452, 0.05808361, 0.86617615],\\n       [0.60111501, 0.70807258, 0.02058449, 0.96990985]]), [array([[0.83244264, 0.21233911, 0.18182497, 0.18340451, 0.30424224],\\n       [0.52475643, 0.43194502, 0.29122914, 0.61185289, 0.13949386],\\n       [0.29214465, 0.36636184, 0.45606998, 0.78517596, 0.19967378]]), array([[0.51423444, 0.59241457, 0.04645041, 0.60754485, 0.17052412,\\n        0.06505159],\\n       [0.94888554, 0.96563...[truncated]\"", \""False\"", \""<Execution Error: name 'CNTS' is not defined>\""], [\""(array([[[ 75., 763.]],\\n\\n       [[ 57., 763.]],\\n\\n       [[ nan, 749.]],\\n\\n       [[ 75., 749.]]]), [array([[[  nan, 1202.]],\\n\\n       [[  63., 1202.]],\\n\\n       [[  63., 1187.]],\\n\\n       [[  78., 1187.]]]), array([[[ nan, 763.]],\\n\\n       [[ 57., 763.]],\\n\\n       [[ 20., 749.]],\\n\\n       [[ 75., 749.]]]), array([[[ 72., 742.]],\\n\\n       [[ 58., 742.]],\\n\\n       [[ 57., 741.]],\\n\\n       [[ 57.,  nan]],\\n\\n       [[ 58., 726.]],\\n\\n       [[ 72., 726.]]]), array([[[ nan, 194.]],\\n\\n       [[ 51., 194.]],\\n\\n      ...[truncated]\"", \""False\"", \""<Execution Error: name 'CNTS' is not defined>\""]]""}"
"DS1000","hallucinated","DS0475","","","","{""error_type"": ""ModuleNotFoundError"", ""error_message"": ""No module named 'scipy'"", ""line_no"": """", ""test_case"": """"}"
"DS1000","hallucinated","DS0476","","","","{""error_type"": ""NameError"", ""error_message"": ""name 'df' is not defined"", ""line_no"": ""4.0"", ""test_case"": ""[[\""({'D': [2015, 2015, 2015, 2015, 2016, 2016, 2016, 2017, 2017, 2017], 'Q': array([0, 1, 2, 3, 4, 5, 6, 7, 8, 9])}, 'Q_cum')\"", \""DataFrame({'D': [2015, 2015, 2015, 2015, 2016, 2016, 2016, 2017, 2017, 2017], 'Q': [0, 1, 2, 3, 4, 5, 6, 7, 8, 9], 'Q_cum': [0, 1, 3, 6, 4, 9, 15, 7, 15, 24]})\"", \""<Execution Error: name 'df' is not defined>\""], [\""({'D': [1995, 1995, 1996, 1996, 1997, 1999, 1999, 1999, 2017, 2017], 'Q': array([ 0,  2,  4,  6,  8, 10, 12, 14, 16, 18])}, 'Q_cum')\"", \""DataFrame({'D': [1995, 1995, 1996, 1996, 1997, 1999, 1999, 1999, 2017, 2017], 'Q': [0, 2, 4, 6, 8, 10, 12, 14, 16, 18], 'Q_cum': [0, 2, 4, 10, 8, 10, 22, 36, 16, 34]})\"", \""<Execution Error: name 'df' is not defined>\""]]""}"
"DS1000","hallucinated","DS0477","","","","{""error_type"": ""AssertionError"", ""error_message"": ""\nNot equal to tolerance rtol=1e-07, atol=0\n\n(shapes (4,), (4, 4) mismatch)\n ACTUAL: array([12.221511,  4.928159,  2.063808,  0.297662])\n DESIRED: array([[12.221511,  0.      ,  0.      ,  0.      ],\n       [ 0.      ,  4.928159,  0.      ,  0.      ],\n       [ 0.      ,  0.      ,  2.063808,  0.      ],\n       [ 0.      ,  0.      ,  0.      ,  0.297662]])"", ""line_no"": """", ""test_case"": ""[[\""array([[3, 4, 3, 1], [1, 3, 2, 6], [2, 4, 1, 5], [3, 3, 5, 2]])\"", \""array([[12.2215112530744, 0.0, 0.0, 0.0], [0.0, 4.928159418060938, 0.0, 0.0], [0.0, 0.0, 2.0638083880207985, 0.0], [0.0, 0.0, 0.0, 0.2976615169754657]])\"", \""<Execution Error: name 'np' is not defined>\""]]""}"
"DS1000","hallucinated","DS0478","","","","{""error_type"": ""AssertionError"", ""error_message"": ""\nArrays are not equal\n\nMismatched elements: 10 / 16 (62.5%)\nFirst 5 mismatches are at indices:\n [0, 2]: 2 (ACTUAL), 0 (DESIRED)\n [0, 3]: 3 (ACTUAL), 0 (DESIRED)\n [1, 2]: 3 (ACTUAL), 0 (DESIRED)\n [1, 3]: 4 (ACTUAL), 0 (DESIRED)\n [2, 0]: 2 (ACTUAL), 0 (DESIRED)\nMax absolute difference among violations: 10\nMax relative difference among violations: inf\n ACTUAL: array([[ 1,  0,  2,  3],\n       [ 0,  5,  3,  4],\n       [ 2,  3,  2, 10],\n       [ 3,  4, 10,  7]])\n DESIRED: array([[1, 0, 0, 0],\n       [0, 5, 0, 0],\n       [0, 0, 2, 0],\n       [0, 0, 0, 7]])"", ""line_no"": """", ""test_case"": ""[[\""array([[1, 0, 2, 3], [0, 5, 3, 4], [2, 3, 2, 10], [3, 4, 10, 7]])\"", \""array([[1, 0, 0, 0], [0, 5, 0, 0], [0, 0, 2, 0], [0, 0, 0, 7]])\"", \""<Execution Error: name 'a' is not defined>\""]]""}"
"DS1000","hallucinated","DS0479","","","","{""error_type"": ""AssertionError"", ""error_message"": """", ""line_no"": """", ""test_case"": ""[[\""('23-FEB-2015 23:09:19.445506', '24-FEB-2015 01:09:22.404973', 50)\"", \""DatetimeIndex(['2015-02-23 23:09:19.445506048',\\n               '2015-02-23 23:11:46.444678912',\\n               '2015-02-23 23:14:13.443851520',\\n               '2015-02-23 23:16:40.443024384',\\n               '2015-02-23 23:19:07.442197248',\\n               '2015-02-23 23:21:34.441370112',\\n               '2015-02-23 23:24:01.440542720',\\n               '2015-02-23 23:26:28.439715584',\\n               '2015-02-23 23:28:55.438888448',\\n               '2015-02-23 23:31:22.438061312',\\n               '2015...[truncated]\"", \""<Execution Error: name 'pd' is not defined>\""]]""}"
"DS1000","hallucinated","DS0480","","","","{""error_type"": ""IndexError"", ""error_message"": ""index 0 is out of bounds for axis 0 with size 0"", ""line_no"": ""3.0"", ""test_case"": ""[[\""(array([0, 1, 1, 1, 3, 1, 5, 5, 5]), array([0, 2, 3, 4, 2, 4, 3, 4, 5]), 1, 4)\"", \""3\"", \""<Execution Error: name 'a' is not defined>\""], [\""(array([5, 6, 4, 6, 6, 3, 4, 4]), array([4, 6, 5, 4, 6, 3, 5, 3]), 5, 6)\"", \""-1\"", \""<Execution Error: name 'a' is not defined>\""]]""}"
"DS1000","passed","DS0481","","","",""
"DS1000","hallucinated","DS0482","","","","{""error_type"": ""AssertionError"", ""error_message"": ""\nNot equal to tolerance rtol=1e-07, atol=0\n\n(shapes (4,), (3,) mismatch)\n ACTUAL: array([ 2.338928e+02,  1.109678e+02,  6.431283e-02, -1.071881e-02])\n DESIRED: array([ -1.049785, 115.166985, 236.161915])"", ""line_no"": """", ""test_case"": ""[[\""([-1, 2, 5, 100], [123, 456, 789, 1255])\"", \""array([-1.0497854552870103, 115.16698544233446, 236.16191491031657])\"", \""array([233.89281195017642, 110.96784358246254, 0.06431283313612565, -0.010718805501575165])\""], [\""(array([-1.25459881,  4.50714306,  2.31993942,  0.98658484, -3.4398136 ,\\n       -3.4400548 , -4.41916388,  3.66176146,  1.01115012,  2.08072578,\\n       -4.79415506,  4.69909852,  3.32442641, -2.87660889, -3.18175033,\\n       -3.1659549 , -1.95757757,  0.24756432, -0.68054981, -2.0877086 ,\\n        1.11852895, -3.60506139, -2.07855351, -1.33638157, -0.43930016,\\n        2.85175961, -3.00326218,  0.14234438,  0.92414569, -4.53549587,\\n        1.07544852, -3.29475876, -4.34948407,  4.48885537,  4.65632...[truncated]\"", \""array([-0.001180331768941628, -0.03384541733934663, -0.021328795696742925])\"", \""array([233.89281195017642, 110.96784358246254, 0.06431283313612565, -0.010718805501575165])\""]]""}"
"DS1000","hallucinated","DS0483","","","[{'type': 'type_error', 'function': 'vander', 'invalid_arg': 'n', 'line': 14}]","{""error_type"": ""TypeError"", ""error_message"": ""vander() got an unexpected keyword argument 'n'. Did you mean 'N'?"", ""line_no"": ""13.0"", ""test_case"": ""[[\""([-1, 2, 5, 100], [123, 456, 789, 1255], 3)\"", \""array([-0.010718805500313497, 0.06431283300185879, 110.96784358349912, 233.89281194499603])\"", \""<Execution Error: name 'degree' is not defined>\""], [\""(array([-1.25459881,  4.50714306,  2.31993942,  0.98658484, -3.4398136 ,\\n       -3.4400548 , -4.41916388,  3.66176146,  1.01115012,  2.08072578,\\n       -4.79415506,  4.69909852,  3.32442641, -2.87660889, -3.18175033,\\n       -3.1659549 , -1.95757757,  0.24756432, -0.68054981, -2.0877086 ,\\n        1.11852895, -3.60506139, -2.07855351, -1.33638157, -0.43930016,\\n        2.85175961, -3.00326218,  0.14234438,  0.92414569, -4.53549587,\\n        1.07544852, -3.29475876, -4.34948407,  4.48885537,  4.65632...[truncated]\"", \""array([0.0005900470789872962, 2.450401355305474e-05, -0.01920313491852765, 0.01443909459671956, 0.15214780475491002, -0.2606078298834713, -0.20391884772017158])\"", \""<Execution Error: name 'degree' is not defined>\""]]""}"
"DS1000","hallucinated","DS0484","","","","{""error_type"": ""NameError"", ""error_message"": ""name 'temp_df' is not defined"", ""line_no"": ""4.0"", ""test_case"": ""[[\""(array([0, 1, 2, 3]),    a  b  c  d\\n0  1  1  1  1\\n1  2  2  2  2\\n2  3  3  3  3\\n3  4  4  4  4)\"", \""DataFrame({'a': [1, 1, 1, 1], 'b': [1, 1, 1, 1], 'c': [1, 1, 1, 1], 'd': [1, 1, 1, 1]})\"", \""<Execution Error: name 'temp_df' is not defined>\""], [\""(array([6, 3, 7, 4]),    a  b  c  d\\n0  1  1  1  1\\n1  2  2  2  2\\n2  3  3  3  3\\n3  4  4  4  4)\"", \""DataFrame({'a': [-5, -1, -4, 0], 'b': [-5, -1, -4, 0], 'c': [-5, -1, -4, 0], 'd': [-5, -1, -4, 0]})\"", \""<Execution Error: name 'temp_df' is not defined>\""]]""}"
"DS1000","hallucinated","DS0485","","","","{""error_type"": ""ValueError"", ""error_message"": ""operands could not be broadcast together with remapped shapes [original->remapped]: (5,6,3)->(5,newaxis,3,6) (3,3)->(3,newaxis,3) "", ""line_no"": ""3.0"", ""test_case"": ""[[\""(array([[[0.37454012, 0.95071431, 0.73199394],\\n        [0.59865848, 0.15601864, 0.15599452],\\n        [0.05808361, 0.86617615, 0.60111501],\\n        [0.70807258, 0.02058449, 0.96990985],\\n        [0.83244264, 0.21233911, 0.18182497],\\n        [0.18340451, 0.30424224, 0.52475643]],\\n\\n       [[0.43194502, 0.29122914, 0.61185289],\\n        [0.13949386, 0.29214465, 0.36636184],\\n        [0.45606998, 0.78517596, 0.19967378],\\n        [0.51423444, 0.59241457, 0.04645041],\\n        [0.60754485, 0.17052412, 0.06...[truncated]\"", \""array([[[0.9610443689717318, 1.3130657504434087, 0.7730097072149259], [0.24070927225167515, 0.6139693505054996, 0.5364569860898053], [0.8073339363732498, 0.966222538325366, 0.4871829288380511], [0.6032387345489517, 0.935575290515933, 0.5735098246219639], [0.31378233044977294, 0.8351794912094685, 0.7427838646276692], [0.467005771811711, 0.5897279938539609, 0.30310373899228665]], [[0.5349540092760332, 0.7942028515477368, 0.48797774524993925], [0.37216615561499033, 0.4813619203491935, 0.25969718263...[truncated]\"", \""<Execution Error: name 'np' is not defined>\""]]""}"
"DS1000","hallucinated","DS0486","","","","{""error_type"": ""ModuleNotFoundError"", ""error_message"": ""No module named 'sklearn'"", ""line_no"": """", ""test_case"": """"}"
"DS1000","hallucinated","DS0487","","","","{""error_type"": ""ModuleNotFoundError"", ""error_message"": ""No module named 'sklearn'"", ""line_no"": """", ""test_case"": """"}"
"DS1000","hallucinated","DS0488","","","","{""error_type"": ""ModuleNotFoundError"", ""error_message"": ""No module named 'sklearn'"", ""line_no"": """", ""test_case"": """"}"
"DS1000","hallucinated","DS0489","","","","{""error_type"": ""AssertionError"", ""error_message"": ""\nArrays are not equal\n\nMismatched elements: 5000 / 5000 (100%)\nFirst 5 mismatches are at indices:\n [0, 0]: -6.272994057631875 (ACTUAL), -1.272994057631875 (DESIRED)\n [0, 1]: 22.535715320495807 (ACTUAL), 30.0 (DESIRED)\n [0, 2]: 11.599697090570254 (ACTUAL), 16.599697090570253 (DESIRED)\n [0, 3]: 4.93292420985183 (ACTUAL), 9.93292420985183 (DESIRED)\n [0, 4]: -17.199067977878173 (ACTUAL), 0.0 (DESIRED)\nMax absolute difference among violations: 24.99941826\nMax relative difference among violations: 471.08514772\n ACTUAL: array([[ -6.272994,  22.535715,  11.599697, ...,   1.003401,   2.335514,\n        -15.757277],\n       [ 23.479231,  13.756641,  21.974947, ...,  -3.622949, -23.729044,...\n DESIRED: array([[-1.272994, 30.      , 16.599697, ...,  6.003401,  7.335514,\n         0.      ],\n       [30.      , 18.756641, 30.      , ...,  1.377051,  0.      ,..."", ""line_no"": """", ""test_case"": ""[[\""array([[-6.272994057631875, 22.535715320495807, 11.599697090570254, 4.93292420985183, -17.199067977878173, -17.200273983189867, -22.095819391590027, 18.30880728874676, 5.05575058716044, 10.403628889802274, -23.97077528520988, 23.495492608099717, 16.622132040021086, -14.383044466086192, -15.908751639644969, -15.82977450732831, -9.787887852023115, 1.237821581611892, -3.402749067894212, -10.438542990097904, 5.592644736118974, -18.02530696739791, -10.392767573239093, -6.681907835315415, -2.196500789...[truncated]\"", \""array([[-1.272994057631875, 30.0, 16.599697090570253, 9.93292420985183, 0.0, 0.0, 0.0, 30.0, 10.05575058716044, 15.403628889802274, 0.0, 30.0, 30.0, 0.0, 0.0, 0.0, -4.787887852023115, 6.237821581611892, 1.597250932105788, 0.0, 10.592644736118974, 0.0, 0.0, -1.6819078353154149, 2.8034992108517964, 19.25879806965068, 0.0, 5.7117219206805805, 9.620728443102124, 0.0, 10.377242595071918, 0.0, 0.0, 30.0, 30.0, 30.0, -4.769311541331465, 0.0, 14.211651325607844, 2.007624686980065, 0.0, 4.758845505563509...[truncated]\"", \""<Execution Error: name 'arr' is not defined>\""]]""}"
"DS1000","hallucinated","DS0490","","","","{""error_type"": ""ValueError"", ""error_message"": ""operands could not be broadcast together with shapes (5,50) (5,) "", ""line_no"": ""4.0"", ""test_case"": ""[[\""(array([[ -6.27299406,  22.53571532,  11.59969709,   4.93292421,\\n        -17.19906798, -17.20027398, -22.09581939,  18.30880729,\\n          5.05575059,  10.40362889, -23.97077529,  23.49549261,\\n         16.62213204, -14.38304447, -15.90875164, -15.82977451,\\n         -9.78788785,   1.23782158,  -3.40274907, -10.43854299,\\n          5.59264474, -18.02530697, -10.39276757,  -6.68190784,\\n         -2.19650079,  14.25879807, -15.01631089,   0.71172192,\\n          4.62072844, -22.67747936,   5.3772426 , -...[truncated]\"", \""array([[0.0, 30.0, 30.0, 9.93292420985183, 0.0, 0.0, 0.0, 30.0, 10.05575058716044, 30.0, 0.0, 30.0, 30.0, 0.0, 0.0, 0.0, 0.0, 6.237821581611892, 0.0, 0.0, 10.592644736118974, 0.0, 0.0, 0.0, 0.0, 30.0, 0.0, 0.0, 9.620728443102124, 0.0, 10.377242595071918, 0.0, 0.0, 30.0, 30.0, 30.0, 0.0, 0.0, 30.0, 0.0, 0.0, 0.0, 0.0, 30.0, 0.0, 30.0, 0.0, 6.003401058890541, 7.335513967163982, 0.0], [30.0, 30.0, 30.0, 30.0, 9.894998940554256, 30.0, 0.0, 0.0, 0.0, 0.0, 0.0, 0.0, 30.0, 0.0, 0.0, 7.1348041579124235,...[truncated]\"", \""<Execution Error: name 'arr' is not defined>\""]]""}"
"DS1000","hallucinated","DS0491","","","","{""error_type"": ""AssertionError"", ""error_message"": """", ""line_no"": """", ""test_case"": ""[[\""(array([5.20136736, 3.95267841, 4.00387239, 5.09270689, 4.04557017,\\n       5.75385094, 4.67370654, 4.54745829, 5.24361489, 4.50324846,\\n       4.11933711, 6.11579849, 4.98307459, 4.92033325, 3.77645242,\\n       5.40949019, 4.23395228, 4.40420426, 5.3184244 , 6.50210531]), array([5.20136736, 3.95267841, 4.00387239, 5.09270689, 4.04557017,\\n       5.75385094, 4.67370654, 4.54745829, 5.24361489, 4.50324846,\\n       4.11933711, 6.11579849, 4.98307459, 4.92033325, 3.77645242,\\n       5.40949019, 4.2339522...[truncated]\"", \""0\"", \""<Execution Error: name 'np' is not defined>\""], [\""(array([[0.98901151],\\n       [0.54954473],\\n       [0.2814473 ],\\n       [0.07728957],\\n       [0.4444695 ],\\n       [0.47280797]]), array([[0.048522  ],\\n       [0.16332445],\\n       [0.11595071],\\n       [0.62739168],\\n       [0.85618205],\\n       [0.65010242]]))\"", \""6\"", \""<Execution Error: name 'np' is not defined>\""]]""}"
"DS1000","hallucinated","DS0492","","","","{""error_type"": ""AssertionError"", ""error_message"": """", ""line_no"": """", ""test_case"": ""[[\""(array([5.20136736, 3.95267841, 4.00387239, 5.09270689, 4.04557017,\\n       5.75385094, 4.67370654, 4.54745829, 5.24361489, 4.50324846,\\n       4.11933711, 6.11579849, 4.98307459, 4.92033325, 3.77645242,\\n       5.40949019, 4.23395228, 4.40420426, 5.3184244 , 6.50210531,\\n              nan]), array([5.20136736, 3.95267841, 4.00387239, 5.09270689, 4.04557017,\\n       5.75385094, 4.67370654, 4.54745829, 5.24361489, 4.50324846,\\n       4.11933711, 6.11579849, 4.98307459, 4.92033325, 3.77645242,\\n       5....[truncated]\"", \""0\"", \""<Execution Error: name 'np' is not defined>\""], [\""(array([[0.98901151],\\n       [0.54954473],\\n       [0.2814473 ],\\n       [0.07728957],\\n       [0.4444695 ],\\n       [0.47280797]]), array([[0.048522  ],\\n       [0.16332445],\\n       [0.11595071],\\n       [0.62739168],\\n       [0.85618205],\\n       [0.65010242]]))\"", \""6\"", \""<Execution Error: name 'np' is not defined>\""]]""}"
"DS1000","passed","DS0493","","","",""
"DS1000","hallucinated","DS0494","","","","{""error_type"": ""AssertionError"", ""error_message"": ""\nArrays are not equal\n\nMismatched elements: 1 / 1 (100%)\n ACTUAL: array(False)\n DESIRED: array(True)"", ""line_no"": """", ""test_case"": ""[[\""[array([nan,  2.,  3.]), array([ 1., nan,  3.]), array([ 1.,  2., nan])]\"", \""True\"", \""<Execution Error: name 'np' is not defined>\""], [\""[array([nan,  2.,  3.]), array([ 1., nan,  3.]), array([1, 2, 3])]\"", \""False\"", \""<Execution Error: name 'np' is not defined>\""], [\""[array([10,  2,  3]), array([1, 9, 3]), array([1, 6, 3])]\"", \""False\"", \""<Execution Error: name 'np' is not defined>\""], [\""[array([10,  4,  3]), array([ 1., nan,  3.]), array([8, 6, 3])]\"", \""False\"", \""<Execution Error: name 'np' is not defined>\""], [\""[array([nan, nan]), array([nan, nan]), array([nan, nan])]\"", \""True\"", \""<Execution Error: name 'np' is not defined>\""]]""}"
"DS1000","hallucinated","DS0495","","","[{'type': 'type_error', 'function': 'pad', 'invalid_arg': 'constant_values', 'line': 4}]",""
"DS1000","hallucinated","DS0496","","","[{'type': 'type_error', 'function': 'pad', 'invalid_arg': 'constant_values', 'line': 4}]",""
"DS1000","hallucinated","DS0497","","","[{'type': 'type_error', 'function': 'pad', 'invalid_arg': 'constant_values', 'line': 4}]",""
"DS1000","hallucinated","DS0498","{""type"": ""IndentationError"", ""value"": 5, ""message"": ""expected an indented block after function definition on line 4 (<unknown>, line 5)""}","","","{""error_type"": ""IndentationError"", ""error_message"": ""expected an indented block after function definition on line 4 (<string>, line 5)"", ""line_no"": ""1.0"", ""test_case"": ""[[\""(array([[1., 1., 1., 1., 1., 1., 1., 1., 1., 1., 1., 1., 1.],\\n       [1., 1., 1., 1., 1., 1., 1., 1., 1., 1., 1., 1., 1.],\\n       [1., 1., 1., 1., 1., 1., 1., 1., 1., 1., 1., 1., 1.],\\n       [1., 1., 1., 1., 1., 1., 1., 1., 1., 1., 1., 1., 1.],\\n       [1., 1., 1., 1., 1., 1., 1., 1., 1., 1., 1., 1., 1.],\\n       [1., 1., 1., 1., 1., 1., 1., 1., 1., 1., 1., 1., 1.],\\n       [1., 1., 1., 1., 1., 1., 1., 1., 1., 1., 1., 1., 1.],\\n       [1., 1., 1., 1., 1., 1., 1., 1., 1., 1., 1., 1., 1.],\\n       [1.,...[truncated]\"", \""array([[1.0, 1.0, 1.0, 1.0, 1.0, 1.0, 1.0, 1.0, 1.0, 1.0, 1.0, 1.0, 1.0], [1.0, 1.0, 1.0, 1.0, 1.0, 1.0, 1.0, 1.0, 1.0, 1.0, 1.0, 1.0, 1.0], [1.0, 1.0, 1.0, 1.0, 1.0, 1.0, 1.0, 1.0, 1.0, 1.0, 1.0, 1.0, 1.0], [1.0, 1.0, 1.0, 1.0, 1.0, 1.0, 1.0, 1.0, 1.0, 1.0, 1.0, 1.0, 1.0], [1.0, 1.0, 1.0, 1.0, 1.0, 1.0, 1.0, 1.0, 1.0, 1.0, 1.0, 1.0, 1.0], [1.0, 1.0, 1.0, 1.0, 1.0, 1.0, 1.0, 1.0, 1.0, 1.0, 1.0, 1.0, 1.0], [1.0, 1.0, 1.0, 1.0, 1.0, 1.0, 1.0, 1.0, 1.0, 1.0, 1.0, 1.0, 1.0], [1.0, 1.0, 1.0, 1.0, 1.0...[truncated]\"", \""array([[1.0, 1.0, 1.0, 1.0, 1.0, 1.0, 1.0, 1.0, 1.0, 1.0, 1.0, 1.0, 1.0], [1.0, 1.0, 1.0, 1.0, 1.0, 1.0, 1.0, 1.0, 1.0, 1.0, 1.0, 1.0, 1.0], [1.0, 1.0, 1.0, 1.0, 1.0, 1.0, 1.0, 1.0, 1.0, 1.0, 1.0, 1.0, 1.0], [1.0, 1.0, 1.0, 1.0, 1.0, 1.0, 1.0, 1.0, 1.0, 1.0, 1.0, 1.0, 1.0], [1.0, 1.0, 1.0, 1.0, 1.0, 1.0, 1.0, 1.0, 1.0, 1.0, 1.0, 1.0, 1.0], [1.0, 1.0, 1.0, 1.0, 1.0, 1.0, 1.0, 1.0, 1.0, 1.0, 1.0, 1.0, 1.0], [1.0, 1.0, 1.0, 1.0, 1.0, 1.0, 1.0, 1.0, 1.0, 1.0, 1.0, 1.0, 1.0], [1.0, 1.0, 1.0, 1.0, 1.0...[truncated]\""]]""}"
"DS1000","hallucinated","DS0499","","","[{'type': 'type_error', 'function': 'pad', 'invalid_arg': 'constant_values', 'line': 4}]","{""error_type"": ""AssertionError"", ""error_message"": ""\nArrays are not equal\n\nMismatched elements: 654 / 1209 (54.1%)\nFirst 5 mismatches are at indices:\n [26, 0]: 0.0 (ACTUAL), 1.0 (DESIRED)\n [26, 1]: 0.0 (ACTUAL), 1.0 (DESIRED)\n [26, 2]: 0.0 (ACTUAL), 1.0 (DESIRED)\n [26, 3]: 0.0 (ACTUAL), 1.0 (DESIRED)\n [26, 4]: 0.0 (ACTUAL), 1.0 (DESIRED)\nMax absolute difference among violations: 1.\nMax relative difference among violations: 1.\n ACTUAL: array([[0., 0., 0., ..., 0., 0., 0.],\n       [0., 0., 0., ..., 0., 0., 0.],\n       [0., 0., 0., ..., 0., 0., 0.],...\n DESIRED: array([[0., 0., 0., ..., 0., 0., 0.],\n       [0., 0., 0., ..., 0., 0., 0.],\n       [0., 0., 0., ..., 0., 0., 0.],..."", ""line_no"": """", ""test_case"": ""[[\""(array([[1., 1., 1., 1., 1., 1., 1., 1., 1., 1., 1., 1.],\\n       [1., 1., 1., 1., 1., 1., 1., 1., 1., 1., 1., 1.],\\n       [1., 1., 1., 1., 1., 1., 1., 1., 1., 1., 1., 1.],\\n       [1., 1., 1., 1., 1., 1., 1., 1., 1., 1., 1., 1.],\\n       [1., 1., 1., 1., 1., 1., 1., 1., 1., 1., 1., 1.],\\n       [1., 1., 1., 1., 1., 1., 1., 1., 1., 1., 1., 1.],\\n       [1., 1., 1., 1., 1., 1., 1., 1., 1., 1., 1., 1.],\\n       [1., 1., 1., 1., 1., 1., 1., 1., 1., 1., 1., 1.],\\n       [1., 1., 1., 1., 1., 1., 1., 1., 1.,...[truncated]\"", \""array([[0.0, 0.0, 0.0, 0.0, 0.0, 0.0, 0.0, 0.0, 0.0, 0.0, 0.0, 0.0, 0.0], [0.0, 0.0, 0.0, 0.0, 0.0, 0.0, 0.0, 0.0, 0.0, 0.0, 0.0, 0.0, 0.0], [0.0, 0.0, 0.0, 0.0, 0.0, 0.0, 0.0, 0.0, 0.0, 0.0, 0.0, 0.0, 0.0], [0.0, 0.0, 0.0, 0.0, 0.0, 0.0, 0.0, 0.0, 0.0, 0.0, 0.0, 0.0, 0.0], [0.0, 0.0, 0.0, 0.0, 0.0, 0.0, 0.0, 0.0, 0.0, 0.0, 0.0, 0.0, 0.0], [0.0, 0.0, 0.0, 0.0, 0.0, 0.0, 0.0, 0.0, 0.0, 0.0, 0.0, 0.0, 0.0], [0.0, 0.0, 0.0, 0.0, 0.0, 0.0, 0.0, 0.0, 0.0, 0.0, 0.0, 0.0, 0.0], [0.0, 0.0, 0.0, 0.0, 0.0...[truncated]\"", \""<Execution Error: name 'np' is not defined>\""], [\""(array([[1., 1., 1., 1., 1., 1., 1., 1., 1., 1., 1., 1., 1.],\\n       [1., 1., 1., 1., 1., 1., 1., 1., 1., 1., 1., 1., 1.],\\n       [1., 1., 1., 1., 1., 1., 1., 1., 1., 1., 1., 1., 1.],\\n       [1., 1., 1., 1., 1., 1., 1., 1., 1., 1., 1., 1., 1.],\\n       [1., 1., 1., 1., 1., 1., 1., 1., 1., 1., 1., 1., 1.],\\n       [1., 1., 1., 1., 1., 1., 1., 1., 1., 1., 1., 1., 1.],\\n       [1., 1., 1., 1., 1., 1., 1., 1., 1., 1., 1., 1., 1.],\\n       [1., 1., 1., 1., 1., 1., 1., 1., 1., 1., 1., 1., 1.],\\n       [1.,...[truncated]\"", \""array([[0.0, 0.0, 0.0, 0.0, 0.0, 0.0, 0.0, 0.0, 0.0, 0.0, 0.0, 0.0, 0.0], [0.0, 0.0, 0.0, 0.0, 0.0, 0.0, 0.0, 0.0, 0.0, 0.0, 0.0, 0.0, 0.0], [0.0, 0.0, 0.0, 0.0, 0.0, 0.0, 0.0, 0.0, 0.0, 0.0, 0.0, 0.0, 0.0], [0.0, 0.0, 0.0, 0.0, 0.0, 0.0, 0.0, 0.0, 0.0, 0.0, 0.0, 0.0, 0.0], [0.0, 0.0, 0.0, 0.0, 0.0, 0.0, 0.0, 0.0, 0.0, 0.0, 0.0, 0.0, 0.0], [0.0, 0.0, 0.0, 0.0, 0.0, 0.0, 0.0, 0.0, 0.0, 0.0, 0.0, 0.0, 0.0], [0.0, 0.0, 0.0, 0.0, 0.0, 0.0, 0.0, 0.0, 0.0, 0.0, 0.0, 0.0, 0.0], [0.0, 0.0, 0.0, 0.0, 0.0...[truncated]\"", \""<Execution Error: name 'np' is not defined>\""], [\""(array([[1., 1., 1., ..., 1., 1., 1.],\\n       [1., 1., 1., ..., 1., 1., 1.],\\n       [1., 1., 1., ..., 1., 1., 1.],\\n       ...,\\n       [1., 1., 1., ..., 1., 1., 1.],\\n       [1., 1., 1., ..., 1., 1., 1.],\\n       [1., 1., 1., ..., 1., 1., 1.]], shape=(93, 11)), (93, 13))\"", \""array([[0.0, 1.0, 1.0, 1.0, 1.0, 1.0, 1.0, 1.0, 1.0, 1.0, 1.0, 1.0, 0.0], [0.0, 1.0, 1.0, 1.0, 1.0, 1.0, 1.0, 1.0, 1.0, 1.0, 1.0, 1.0, 0.0], [0.0, 1.0, 1.0, 1.0, 1.0, 1.0, 1.0, 1.0, 1.0, 1.0, 1.0, 1.0, 0.0], [0.0, 1.0, 1.0, 1.0, 1.0, 1.0, 1.0, 1.0, 1.0, 1.0, 1.0, 1.0, 0.0], [0.0, 1.0, 1.0, 1.0, 1.0, 1.0, 1.0, 1.0, 1.0, 1.0, 1.0, 1.0, 0.0], [0.0, 1.0, 1.0, 1.0, 1.0, 1.0, 1.0, 1.0, 1.0, 1.0, 1.0, 1.0, 0.0], [0.0, 1.0, 1.0, 1.0, 1.0, 1.0, 1.0, 1.0, 1.0, 1.0, 1.0, 1.0, 0.0], [0.0, 1.0, 1.0, 1.0, 1.0...[truncated]\"", \""<Execution Error: name 'np' is not defined>\""], [\""(array([[1., 1., 1., 1., 1., 1., 1., 1., 1., 1.],\\n       [1., 1., 1., 1., 1., 1., 1., 1., 1., 1.],\\n       [1., 1., 1., 1., 1., 1., 1., 1., 1., 1.],\\n       [1., 1., 1., 1., 1., 1., 1., 1., 1., 1.],\\n       [1., 1., 1., 1., 1., 1., 1., 1., 1., 1.],\\n       [1., 1., 1., 1., 1., 1., 1., 1., 1., 1.],\\n       [1., 1., 1., 1., 1., 1., 1., 1., 1., 1.],\\n       [1., 1., 1., 1., 1., 1., 1., 1., 1., 1.],\\n       [1., 1., 1., 1., 1., 1., 1., 1., 1., 1.],\\n       [1., 1., 1., 1., 1., 1., 1., 1., 1., 1.],\\n       [1...[truncated]\"", \""array([[0.0, 0.0, 0.0, 0.0, 0.0, 0.0, 0.0, 0.0, 0.0, 0.0, 0.0, 0.0, 0.0], [0.0, 0.0, 0.0, 0.0, 0.0, 0.0, 0.0, 0.0, 0.0, 0.0, 0.0, 0.0, 0.0], [0.0, 0.0, 0.0, 0.0, 0.0, 0.0, 0.0, 0.0, 0.0, 0.0, 0.0, 0.0, 0.0], [0.0, 0.0, 0.0, 0.0, 0.0, 0.0, 0.0, 0.0, 0.0, 0.0, 0.0, 0.0, 0.0], [0.0, 0.0, 0.0, 0.0, 0.0, 0.0, 0.0, 0.0, 0.0, 0.0, 0.0, 0.0, 0.0], [0.0, 0.0, 0.0, 0.0, 0.0, 0.0, 0.0, 0.0, 0.0, 0.0, 0.0, 0.0, 0.0], [0.0, 0.0, 0.0, 0.0, 0.0, 0.0, 0.0, 0.0, 0.0, 0.0, 0.0, 0.0, 0.0], [0.0, 0.0, 0.0, 0.0, 0.0...[truncated]\"", \""<Execution Error: name 'np' is not defined>\""]]""}"
"DS1000","hallucinated","DS0500","","","","{""error_type"": ""NameError"", ""error_message"": ""name 'n' is not defined"", ""line_no"": ""3.0"", ""test_case"": ""[[\""array([0, 1, 2, 3, 4, 5, 6, 7, 8, 9, 10, 11])\"", \""array([[0, 1, 2], [3, 4, 5], [6, 7, 8], [9, 10, 11]])\"", \""<Execution Error: name 'np' is not defined>\""], [\""array([0.9507143064099162, 0.7319939418114051, 0.5986584841970366, 0.15601864044243652, 0.15599452033620265, 0.05808361216819946, 0.8661761457749352, 0.6011150117432088, 0.7080725777960455, 0.020584494295802447, 0.9699098521619943, 0.8324426408004217, 0.21233911067827616, 0.18182496720710062, 0.18340450985343382, 0.3042422429595377, 0.5247564316322378, 0.43194501864211576, 0.2912291401980419, 0.6118528947223795, 0.13949386065204183, 0.29214464853521815, 0.3663618432936917, 0.45606998421703593, 0...[truncated]\"", \""array([[0.9507143064099162, 0.7319939418114051, 0.5986584841970366], [0.15601864044243652, 0.15599452033620265, 0.05808361216819946], [0.8661761457749352, 0.6011150117432088, 0.7080725777960455], [0.020584494295802447, 0.9699098521619943, 0.8324426408004217], [0.21233911067827616, 0.18182496720710062, 0.18340450985343382], [0.3042422429595377, 0.5247564316322378, 0.43194501864211576], [0.2912291401980419, 0.6118528947223795, 0.13949386065204183], [0.29214464853521815, 0.3663618432936917, 0.45606...[truncated]\"", \""<Execution Error: name 'np' is not defined>\""]]""}"
"DS1000","hallucinated","DS0501","","","","{""error_type"": ""AssertionError"", ""error_message"": ""\nArrays are not equal\n\nMismatched elements: 6 / 9 (66.7%)\nFirst 5 mismatches are at indices:\n [0, 1]: 9 (ACTUAL), 3 (DESIRED)\n [0, 2]: 17 (ACTUAL), 5 (DESIRED)\n [1, 0]: 1 (ACTUAL), 7 (DESIRED)\n [1, 2]: 17 (ACTUAL), 11 (DESIRED)\n [2, 0]: 1 (ACTUAL), 13 (DESIRED)\nMax absolute difference among violations: 12\nMax relative difference among violations: 2.4\n ACTUAL: array([[ 0,  9, 17],\n       [ 1,  8, 17],\n       [ 1,  9, 16]])\n DESIRED: array([[ 0,  3,  5],\n       [ 7,  8, 11],\n       [13, 15, 16]])"", ""line_no"": """", ""test_case"": ""[[\""(array([[[ 0,  1],\\n        [ 2,  3],\\n        [ 4,  5]],\\n\\n       [[ 6,  7],\\n        [ 8,  9],\\n        [10, 11]],\\n\\n       [[12, 13],\\n        [14, 15],\\n        [16, 17]]]), array([[0, 1, 1],\\n       [1, 0, 1],\\n       [1, 1, 0]]))\"", \""array([[0, 3, 5], [7, 8, 11], [13, 15, 16]])\"", \""<Execution Error: name 'a' is not defined>\""], [\""(array([[[0.95071431, 0.73199394],\\n        [0.59865848, 0.15601864],\\n        [0.15599452, 0.05808361],\\n        [0.86617615, 0.60111501],\\n        [0.70807258, 0.02058449],\\n        [0.96990985, 0.83244264],\\n        [0.21233911, 0.18182497],\\n        [0.18340451, 0.30424224],\\n        [0.52475643, 0.43194502],\\n        [0.29122914, 0.61185289],\\n        [0.13949386, 0.29214465],\\n        [0.36636184, 0.45606998],\\n        [0.78517596, 0.19967378]],\\n\\n       [[0.51423444, 0.59241457],\\n        [0.04645041, ...[truncated]\"", \""array([[0.9507143064099162, 0.5986584841970366, 0.15599452033620265, 0.8661761457749352, 0.7080725777960455, 0.9699098521619943, 0.21233911067827616, 0.18340450985343382, 0.5247564316322378, 0.2912291401980419, 0.13949386065204183, 0.3663618432936917, 0.7851759613930136], [0.5142344384136116, 0.046450412719997725, 0.06505159298527952, 0.9488855372533332, 0.8083973481164611, 0.09767211400638387, 0.4401524937396013, 0.4951769101112702, 0.9093204020787821, 0.662522284353982, 0.5200680211778108, 0.1...[truncated]\"", \""<Execution Error: name 'a' is not defined>\""]]""}"
"DS1000","hallucinated","DS0502","","","","{""error_type"": ""AssertionError"", ""error_message"": ""\nArrays are not equal\n\nMismatched elements: 6 / 9 (66.7%)\nFirst 5 mismatches are at indices:\n [0, 1]: 9 (ACTUAL), 3 (DESIRED)\n [0, 2]: 17 (ACTUAL), 5 (DESIRED)\n [1, 0]: 1 (ACTUAL), 7 (DESIRED)\n [1, 2]: 17 (ACTUAL), 11 (DESIRED)\n [2, 0]: 1 (ACTUAL), 13 (DESIRED)\nMax absolute difference among violations: 12\nMax relative difference among violations: 2.4\n ACTUAL: array([[ 0,  9, 17],\n       [ 1,  8, 17],\n       [ 1,  9, 16]])\n DESIRED: array([[ 0,  3,  5],\n       [ 7,  8, 11],\n       [13, 15, 16]])"", ""line_no"": """", ""test_case"": ""[[\""(array([[[ 0,  1],\\n        [ 2,  3],\\n        [ 4,  5]],\\n\\n       [[ 6,  7],\\n        [ 8,  9],\\n        [10, 11]],\\n\\n       [[12, 13],\\n        [14, 15],\\n        [16, 17]]]), array([[0, 1, 1],\\n       [1, 0, 1],\\n       [1, 1, 0]]))\"", \""array([[0, 3, 5], [7, 8, 11], [13, 15, 16]])\"", \""<Execution Error: name 'a' is not defined>\""], [\""(array([[[0.95071431, 0.73199394],\\n        [0.59865848, 0.15601864],\\n        [0.15599452, 0.05808361],\\n        [0.86617615, 0.60111501],\\n        [0.70807258, 0.02058449],\\n        [0.96990985, 0.83244264],\\n        [0.21233911, 0.18182497],\\n        [0.18340451, 0.30424224],\\n        [0.52475643, 0.43194502],\\n        [0.29122914, 0.61185289],\\n        [0.13949386, 0.29214465],\\n        [0.36636184, 0.45606998],\\n        [0.78517596, 0.19967378]],\\n\\n       [[0.51423444, 0.59241457],\\n        [0.04645041, ...[truncated]\"", \""array([[0.9507143064099162, 0.5986584841970366, 0.15599452033620265, 0.8661761457749352, 0.7080725777960455, 0.9699098521619943, 0.21233911067827616, 0.18340450985343382, 0.5247564316322378, 0.2912291401980419, 0.13949386065204183, 0.3663618432936917, 0.7851759613930136], [0.5142344384136116, 0.046450412719997725, 0.06505159298527952, 0.9488855372533332, 0.8083973481164611, 0.09767211400638387, 0.4401524937396013, 0.4951769101112702, 0.9093204020787821, 0.662522284353982, 0.5200680211778108, 0.1...[truncated]\"", \""<Execution Error: name 'a' is not defined>\""]]""}"
"DS1000","hallucinated","DS0503","","","","{""error_type"": ""AssertionError"", ""error_message"": ""\nArrays are not equal\n\nMismatched elements: 6 / 9 (66.7%)\nFirst 5 mismatches are at indices:\n [0, 1]: 9 (ACTUAL), 3 (DESIRED)\n [0, 2]: 18 (ACTUAL), 6 (DESIRED)\n [1, 0]: 2 (ACTUAL), 8 (DESIRED)\n [1, 2]: 19 (ACTUAL), 13 (DESIRED)\n [2, 0]: 1 (ACTUAL), 13 (DESIRED)\nMax absolute difference among violations: 12\nMax relative difference among violations: 2.\n ACTUAL: array([[ 0,  9, 18],\n       [ 2,  9, 19],\n       [ 1,  8, 19]])\n DESIRED: array([[ 0,  3,  6],\n       [ 8,  9, 13],\n       [13, 14, 19]])"", ""line_no"": """", ""test_case"": ""[[\""(array([[[ 0,  1,  2,  3],\\n        [ 2,  3,  4,  5],\\n        [ 4,  5,  6,  7]],\\n\\n       [[ 6,  7,  8,  9],\\n        [ 8,  9, 10, 11],\\n        [10, 11, 12, 13]],\\n\\n       [[12, 13, 14, 15],\\n        [14, 15, 16, 17],\\n        [16, 17, 18, 19]]]), array([[0, 1, 2],\\n       [2, 1, 3],\\n       [1, 0, 3]]))\"", \""array([[0, 3, 6], [8, 9, 13], [13, 14, 19]])\"", \""<Execution Error: name 'a' is not defined>\""], [\""(array([[[1.83434790e-01, 7.79691000e-01, 5.96850158e-01, 4.45832753e-01,\\n         9.99749158e-02],\\n        [4.59248892e-01, 3.33708611e-01, 1.42866818e-01, 6.50888473e-01,\\n         5.64115790e-02],\\n        [7.21998772e-01, 9.38552709e-01, 7.78765841e-04, 9.92211559e-01,\\n         6.17481510e-01],\\n        [6.11653160e-01, 7.06630522e-03, 2.30624250e-02, 5.24774660e-01,\\n         3.99860972e-01],\\n        [4.66656632e-02, 9.73755519e-01, 2.32771340e-01, 9.06064345e-02,\\n         6.18386009e-01],\\n    ...[truncated]\"", \""array([[0.1834347898661638, 0.45924889196586716, 0.7219987722668247, 0.6116531604882809, 0.04666566321361543, 0.38246199126716274, 0.3854165025399161, 0.015966252220214194, 0.8331949117361643, 0.5677003278199915, 0.44975413336976566, 0.5208342600258237, 0.5396921323890798], [0.2962735057040824, 0.2934881747180381, 0.6059599747810114, 0.4494506741382034, 0.5912977877077271, 0.7217295211648732, 0.7106628896857874, 0.6955160864261275, 0.5398410913016731, 0.8804678390152577, 0.2184404372168336, 0.64...[truncated]\"", \""<Execution Error: name 'a' is not defined>\""]]""}"
"DS1000","hallucinated","DS0504","","","","{""error_type"": ""AssertionError"", ""error_message"": ""\nArrays are not equal\n\nMismatched elements: 27 / 27 (100%)\nFirst 5 mismatches are at indices:\n [0, 0, 0]: 3 (ACTUAL), 85 (DESIRED)\n [0, 0, 1]: 2 (ACTUAL), 85 (DESIRED)\n [0, 0, 2]: 8 (ACTUAL), 85 (DESIRED)\n [0, 1, 0]: 9 (ACTUAL), 85 (DESIRED)\n [0, 1, 1]: 8 (ACTUAL), 85 (DESIRED)\nMax absolute difference among violations: 83\nMax relative difference among violations: 0.97647059\n ACTUAL: array([[[ 3,  2,  8],\n        [ 9,  8, 14],\n        [15, 14, 20]],...\n DESIRED: array(85)"", ""line_no"": """", ""test_case"": ""[[\""(array([[[ 0,  1,  2,  3],\\n        [ 2,  3,  4,  5],\\n        [ 4,  5,  6,  7]],\\n\\n       [[ 6,  7,  8,  9],\\n        [ 8,  9, 10, 11],\\n        [10, 11, 12, 13]],\\n\\n       [[12, 13, 14, 15],\\n        [14, 15, 16, 17],\\n        [16, 17, 18, 19]]]), array([[0, 1, 2],\\n       [2, 1, 3],\\n       [1, 0, 3]]))\"", \""85\"", \""<Execution Error: name 'np' is not defined>\""], [\""(array([[[1.83434790e-01, 7.79691000e-01, 5.96850158e-01, 4.45832753e-01,\\n         9.99749158e-02],\\n        [4.59248892e-01, 3.33708611e-01, 1.42866818e-01, 6.50888473e-01,\\n         5.64115790e-02],\\n        [7.21998772e-01, 9.38552709e-01, 7.78765841e-04, 9.92211559e-01,\\n         6.17481510e-01],\\n        [6.11653160e-01, 7.06630522e-03, 2.30624250e-02, 5.24774660e-01,\\n         3.99860972e-01],\\n        [4.66656632e-02, 9.73755519e-01, 2.32771340e-01, 9.06064345e-02,\\n         6.18386009e-01],\\n    ...[truncated]\"", \""81.94991518586093\"", \""<Execution Error: name 'np' is not defined>\""]]""}"
"DS1000","hallucinated","DS0505","","","","{""error_type"": ""AssertionError"", ""error_message"": ""\nArrays are not equal\n\nMismatched elements: 27 / 27 (100%)\nFirst 5 mismatches are at indices:\n [0, 0, 0]: 3 (ACTUAL), 257 (DESIRED)\n [0, 0, 1]: 2 (ACTUAL), 257 (DESIRED)\n [0, 0, 2]: 8 (ACTUAL), 257 (DESIRED)\n [0, 1, 0]: 9 (ACTUAL), 257 (DESIRED)\n [0, 1, 1]: 8 (ACTUAL), 257 (DESIRED)\nMax absolute difference among violations: 255\nMax relative difference among violations: 0.9922179\n ACTUAL: array([[[ 3,  2,  8],\n        [ 9,  8, 14],\n        [15, 14, 20]],...\n DESIRED: array(257)"", ""line_no"": """", ""test_case"": ""[[\""(array([[[ 0,  1,  2,  3],\\n        [ 2,  3,  4,  5],\\n        [ 4,  5,  6,  7]],\\n\\n       [[ 6,  7,  8,  9],\\n        [ 8,  9, 10, 11],\\n        [10, 11, 12, 13]],\\n\\n       [[12, 13, 14, 15],\\n        [14, 15, 16, 17],\\n        [16, 17, 18, 19]]]), array([[0, 1, 2],\\n       [2, 1, 3],\\n       [1, 0, 3]]))\"", \""257\"", \""<Execution Error: name 'np' is not defined>\""], [\""(array([[[1.83434790e-01, 7.79691000e-01, 5.96850158e-01, 4.45832753e-01,\\n         9.99749158e-02],\\n        [4.59248892e-01, 3.33708611e-01, 1.42866818e-01, 6.50888473e-01,\\n         5.64115790e-02],\\n        [7.21998772e-01, 9.38552709e-01, 7.78765841e-04, 9.92211559e-01,\\n         6.17481510e-01],\\n        [6.11653160e-01, 7.06630522e-03, 2.30624250e-02, 5.24774660e-01,\\n         3.99860972e-01],\\n        [4.66656632e-02, 9.73755519e-01, 2.32771340e-01, 9.06064345e-02,\\n         6.18386009e-01],\\n    ...[truncated]\"", \""341.04903252580687\"", \""<Execution Error: name 'np' is not defined>\""]]""}"
"DS1000","hallucinated","DS0506","","","","{""error_type"": ""ValueError"", ""error_message"": ""The truth value of a Series is ambiguous. Use a.empty, a.bool(), a.item(), a.any() or a.all()."", ""line_no"": ""4.0"", ""test_case"": ""[[\""({'a': [1, 2, 3, 4, 5], 'b': [2, -6, 0, -4, 100]},    a    b\\n0  1    2\\n1  2   -6\\n2  3    0\\n3  4   -4\\n4  5  100)\"", \""array([nan, -6.0, 0.0, -4.0, nan])\"", \""<Execution Error: name 'df' is not defined>\""]]""}"
"DS1000","hallucinated","DS0507","","","","{""error_type"": ""AssertionError"", ""error_message"": ""\nArrays are not equal\n\n(shapes (3, 4), (4, 5) mismatch)\n ACTUAL: array([[0, 0, 1, 0],\n       [0, 1, 0, 1],\n       [0, 1, 0, 1]])\n DESIRED: array([[1, 0, 0, 0, 1],\n       [0, 0, 1, 0, 0],\n       [0, 1, 0, 1, 1],\n       [0, 1, 0, 1, 1]])"", ""line_no"": """", ""test_case"": ""[[\""array([[0, 0, 0, 0, 0, 0], [0, 0, 1, 1, 1, 0], [0, 1, 1, 0, 1, 0], [0, 0, 0, 1, 1, 0], [0, 0, 0, 0, 0, 0]])\"", \""array([[0, 1, 1, 1], [1, 1, 0, 1], [0, 0, 1, 1]])\"", \""<Execution Error: name 'im' is not defined>\""], [\""array([[0, 1, 0, 0, 0, 1], [0, 0, 0, 1, 0, 0], [0, 0, 1, 0, 1, 1], [0, 0, 1, 0, 1, 1], [0, 0, 0, 0, 0, 0]])\"", \""array([[1, 0, 0, 0, 1], [0, 0, 1, 0, 0], [0, 1, 0, 1, 1], [0, 1, 0, 1, 1]])\"", \""<Execution Error: name 'im' is not defined>\""]]""}"
"DS1000","passed","DS0508","","","",""
"DS1000","hallucinated","DS0509","","","","{""error_type"": ""AssertionError"", ""error_message"": ""\nArrays are not equal\n\n(shapes (5, 6), (4, 5) mismatch)\n ACTUAL: array([[1, 1, 1, 1, 1, 5],\n       [1, 0, 0, 1, 2, 0],\n       [2, 1, 0, 0, 1, 0],...\n DESIRED: array([[0, 0, 1, 2, 0],\n       [1, 0, 0, 1, 0],\n       [0, 0, 7, 1, 0],\n       [0, 0, 0, 0, 0]])"", ""line_no"": """", ""test_case"": ""[[\""array([[1, 1, 1, 1, 1, 5], [1, 0, 0, 1, 2, 0], [2, 1, 0, 0, 1, 0], [1, 0, 0, 7, 1, 0], [1, 0, 0, 0, 0, 0]])\"", \""array([[0, 0, 1, 2, 0], [1, 0, 0, 1, 0], [0, 0, 7, 1, 0], [0, 0, 0, 0, 0]])\"", \""<Execution Error: name 'im' is not defined>\""], [\""array([[5, 3, 7, 4, 6, 9, 2, 6, 7, 4, 3, 7], [5, 2, 5, 4, 1, 7, 5, 1, 4, 0, 9, 5], [5, 0, 9, 2, 6, 3, 8, 2, 4, 2, 6, 4], [5, 6, 1, 3, 8, 1, 9, 8, 9, 4, 1, 3], [5, 7, 2, 0, 3, 1, 7, 3, 1, 5, 5, 9], [5, 5, 1, 9, 1, 9, 3, 7, 6, 8, 7, 4], [5, 4, 7, 9, 8, 8, 0, 8, 6, 8, 7, 0], [5, 7, 2, 0, 7, 2, 2, 0, 4, 9, 6, 9], [5, 6, 8, 7, 1, 0, 6, 6, 7, 4, 2, 7], [5, 5, 5, 5, 5, 5, 5, 5, 5, 5, 5, 5]])\"", \""array([[2, 5, 4, 1, 7, 5, 1, 4, 0, 9, 5], [0, 9, 2, 6, 3, 8, 2, 4, 2, 6, 4], [6, 1, 3, 8, 1, 9, 8, 9, 4, 1, 3], [7, 2, 0, 3, 1, 7, 3, 1, 5, 5, 9], [5, 1, 9, 1, 9, 3, 7, 6, 8, 7, 4], [4, 7, 9, 8, 8, 0, 8, 6, 8, 7, 0], [7, 2, 0, 7, 2, 2, 0, 4, 9, 6, 9], [6, 8, 7, 1, 0, 6, 6, 7, 4, 2, 7]])\"", \""<Execution Error: name 'im' is not defined>\""], [\""array([[1.0, 1.0, 1.0, 1.0, 1.0, 1.0, 1.0, 1.0, 1.0, 1.0], [1.0, 1.0, 1.0, 1.0, 1.0, 1.0, 1.0, 1.0, 1.0, 1.0], [1.0, 1.0, 1.0, 1.0, 1.0, 1.0, 1.0, 1.0, 1.0, 1.0], [1.0, 1.0, 1.0, 1.0, 1.0, 1.0, 1.0, 1.0, 1.0, 1.0], [1.0, 1.0, 1.0, 1.0, 1.0, 1.0, 1.0, 1.0, 1.0, 1.0], [1.0, 1.0, 1.0, 1.0, 1.0, 1.0, 1.0, 1.0, 1.0, 1.0], [1.0, 1.0, 1.0, 1.0, 1.0, 1.0, 1.0, 1.0, 1.0, 1.0], [1.0, 1.0, 1.0, 1.0, 1.0, 1.0, 1.0, 1.0, 1.0, 1.0], [1.0, 1.0, 1.0, 1.0, 1.0, 1.0, 1.0, 1.0, 1.0, 1.0], [1.0, 1.0, 1.0, 1.0, 1.0,...[truncated]\"", \""array([])\"", \""<Execution Error: name 'im' is not defined>\""]]""}"
"DS1000","hallucinated","DS0510","","","","{""error_type"": ""AssertionError"", ""error_message"": ""\nArrays are not equal\n\n(shapes (8, 10), (9, 11) mismatch)\n ACTUAL: array([[2, 5, 4, 1, 7, 5, 1, 4, 0, 9],\n       [0, 9, 2, 6, 3, 8, 2, 4, 2, 6],\n       [6, 1, 3, 8, 1, 9, 8, 9, 4, 1],...\n DESIRED: array([[3, 7, 4, 6, 9, 2, 6, 7, 4, 3, 7],\n       [2, 5, 4, 1, 7, 5, 1, 4, 0, 9, 5],\n       [0, 9, 2, 6, 3, 8, 2, 4, 2, 6, 4],..."", ""line_no"": """", ""test_case"": ""[[\""array([[0, 0, 0, 0, 0, 0], [0, 0, 5, 1, 2, 0], [0, 1, 8, 0, 1, 0], [0, 0, 0, 7, 1, 0], [0, 0, 0, 0, 0, 0]])\"", \""array([[0, 5, 1, 2], [1, 8, 0, 1], [0, 0, 7, 1]])\"", \""<Execution Error: name 'im' is not defined>\""], [\""array([[0, 3, 7, 4, 6, 9, 2, 6, 7, 4, 3, 7], [0, 2, 5, 4, 1, 7, 5, 1, 4, 0, 9, 5], [0, 0, 9, 2, 6, 3, 8, 2, 4, 2, 6, 4], [0, 6, 1, 3, 8, 1, 9, 8, 9, 4, 1, 3], [0, 7, 2, 0, 3, 1, 7, 3, 1, 5, 5, 9], [0, 5, 1, 9, 1, 9, 3, 7, 6, 8, 7, 4], [0, 4, 7, 9, 8, 8, 0, 8, 6, 8, 7, 0], [0, 7, 2, 0, 7, 2, 2, 0, 4, 9, 6, 9], [0, 6, 8, 7, 1, 0, 6, 6, 7, 4, 2, 7], [0, 0, 0, 0, 0, 0, 0, 0, 0, 0, 0, 0]])\"", \""array([[3, 7, 4, 6, 9, 2, 6, 7, 4, 3, 7], [2, 5, 4, 1, 7, 5, 1, 4, 0, 9, 5], [0, 9, 2, 6, 3, 8, 2, 4, 2, 6, 4], [6, 1, 3, 8, 1, 9, 8, 9, 4, 1, 3], [7, 2, 0, 3, 1, 7, 3, 1, 5, 5, 9], [5, 1, 9, 1, 9, 3, 7, 6, 8, 7, 4], [4, 7, 9, 8, 8, 0, 8, 6, 8, 7, 0], [7, 2, 0, 7, 2, 2, 0, 4, 9, 6, 9], [6, 8, 7, 1, 0, 6, 6, 7, 4, 2, 7]])\"", \""<Execution Error: name 'im' is not defined>\""], [\""array([[0.0, 0.0, 0.0, 0.0, 0.0, 0.0, 0.0, 0.0, 0.0, 0.0], [0.0, 0.0, 0.0, 0.0, 0.0, 0.0, 0.0, 0.0, 0.0, 0.0], [0.0, 0.0, 0.0, 0.0, 0.0, 0.0, 0.0, 0.0, 0.0, 0.0], [0.0, 0.0, 0.0, 0.0, 0.0, 0.0, 0.0, 0.0, 0.0, 0.0], [0.0, 0.0, 0.0, 0.0, 0.0, 0.0, 0.0, 0.0, 0.0, 0.0], [0.0, 0.0, 0.0, 0.0, 0.0, 0.0, 0.0, 0.0, 0.0, 0.0], [0.0, 0.0, 0.0, 0.0, 0.0, 0.0, 0.0, 0.0, 0.0, 0.0], [0.0, 0.0, 0.0, 0.0, 0.0, 0.0, 0.0, 0.0, 0.0, 0.0], [0.0, 0.0, 0.0, 0.0, 0.0, 0.0, 0.0, 0.0, 0.0, 0.0], [0.0, 0.0, 0.0, 0.0, 0.0,...[truncated]\"", \""array([])\"", \""<Execution Error: name 'im' is not defined>\""]]""}"
"DS1000","hallucinated","DS0511","","","[{'type': 'type_error', 'function': 'plot', 'invalid_arg': 'label', 'line': 8}, {'type': 'type_error', 'function': 'savefig', 'invalid_arg': 'bbox_inches', 'line': 9}]","{""error_type"": ""RuntimeError"", ""error_message"": ""Cannot create a GUI FigureManager outside the main thread using the MacOS backend. Use a non-interactive backend like 'agg' to make plots on worker threads."", ""line_no"": """", ""test_case"": """"}"
"DS1000","hallucinated","DS0512","","","[{'type': 'type_error', 'function': 'savefig', 'invalid_arg': 'bbox_inches', 'line': 10}]","{""error_type"": ""RuntimeError"", ""error_message"": ""Cannot create a GUI FigureManager outside the main thread using the MacOS backend. Use a non-interactive backend like 'agg' to make plots on worker threads."", ""line_no"": """", ""test_case"": """"}"
"DS1000","hallucinated","DS0513","","","[{'type': 'type_error', 'function': 'savefig', 'invalid_arg': 'bbox_inches', 'line': 10}]","{""error_type"": ""RuntimeError"", ""error_message"": ""Cannot create a GUI FigureManager outside the main thread using the MacOS backend. Use a non-interactive backend like 'agg' to make plots on worker threads."", ""line_no"": """", ""test_case"": """"}"
"DS1000","hallucinated","DS0514","","","[{'type': 'type_error', 'function': 'savefig', 'invalid_arg': 'bbox_inches', 'line': 10}]","{""error_type"": ""RuntimeError"", ""error_message"": ""Cannot create a GUI FigureManager outside the main thread using the MacOS backend. Use a non-interactive backend like 'agg' to make plots on worker threads."", ""line_no"": """", ""test_case"": """"}"
"DS1000","hallucinated","DS0515","","","[{'type': 'type_error', 'function': 'savefig', 'invalid_arg': 'bbox_inches', 'line': 8}]","{""error_type"": ""RuntimeError"", ""error_message"": ""Cannot create a GUI FigureManager outside the main thread using the MacOS backend. Use a non-interactive backend like 'agg' to make plots on worker threads."", ""line_no"": """", ""test_case"": """"}"
"DS1000","hallucinated","DS0516","","","[{'type': 'type_error', 'function': 'savefig', 'invalid_arg': 'bbox_inches', 'line': 8}]","{""error_type"": ""RuntimeError"", ""error_message"": ""Cannot create a GUI FigureManager outside the main thread using the MacOS backend. Use a non-interactive backend like 'agg' to make plots on worker threads."", ""line_no"": """", ""test_case"": """"}"
"DS1000","hallucinated","DS0517","","","[{'type': 'type_error', 'function': 'lineplot', 'invalid_arg': 'marker', 'line': 8}, {'type': 'type_error', 'function': 'lineplot', 'invalid_arg': 'markersize', 'line': 8}, {'type': 'type_error', 'function': 'savefig', 'invalid_arg': 'bbox_inches', 'line': 9}]","{""error_type"": ""RuntimeError"", ""error_message"": ""Cannot create a GUI FigureManager outside the main thread using the MacOS backend. Use a non-interactive backend like 'agg' to make plots on worker threads."", ""line_no"": """", ""test_case"": """"}"
"DS1000","hallucinated","DS0518","","","[{'type': 'type_error', 'function': 'lineplot', 'invalid_arg': 'marker', 'line': 8}, {'type': 'type_error', 'function': 'lineplot', 'invalid_arg': 'linewidth', 'line': 8}, {'type': 'type_error', 'function': 'savefig', 'invalid_arg': 'bbox_inches', 'line': 9}]","{""error_type"": ""RuntimeError"", ""error_message"": ""Cannot create a GUI FigureManager outside the main thread using the MacOS backend. Use a non-interactive backend like 'agg' to make plots on worker threads."", ""line_no"": """", ""test_case"": """"}"
"DS1000","hallucinated","DS0519","","","[{'type': 'type_error', 'function': 'savefig', 'invalid_arg': 'bbox_inches', 'line': 10}]","{""error_type"": ""RuntimeError"", ""error_message"": ""Cannot create a GUI FigureManager outside the main thread using the MacOS backend. Use a non-interactive backend like 'agg' to make plots on worker threads."", ""line_no"": """", ""test_case"": """"}"
"DS1000","hallucinated","DS0520","","","[{'type': 'type_error', 'function': 'fill_between', 'invalid_arg': 'color', 'line': 8}, {'type': 'type_error', 'function': 'fill_between', 'invalid_arg': 'alpha', 'line': 8}, {'type': 'type_error', 'function': 'savefig', 'invalid_arg': 'bbox_inches', 'line': 9}]","{""error_type"": ""RuntimeError"", ""error_message"": ""Cannot create a GUI FigureManager outside the main thread using the MacOS backend. Use a non-interactive backend like 'agg' to make plots on worker threads."", ""line_no"": """", ""test_case"": """"}"
"DS1000","hallucinated","DS0521","","","[{'type': 'type_error', 'function': 'savefig', 'invalid_arg': 'bbox_inches', 'line': 7}]","{""error_type"": ""RuntimeError"", ""error_message"": ""Cannot create a GUI FigureManager outside the main thread using the MacOS backend. Use a non-interactive backend like 'agg' to make plots on worker threads."", ""line_no"": """", ""test_case"": """"}"
"DS1000","hallucinated","DS0522","","","[{'type': 'type_error', 'function': 'savefig', 'invalid_arg': 'bbox_inches', 'line': 7}]","{""error_type"": ""RuntimeError"", ""error_message"": ""Cannot create a GUI FigureManager outside the main thread using the MacOS backend. Use a non-interactive backend like 'agg' to make plots on worker threads."", ""line_no"": """", ""test_case"": """"}"
"DS1000","hallucinated","DS0523","","","[{'type': 'type_error', 'function': 'set', 'invalid_arg': 'style', 'line': 6}, {'type': 'type_error', 'function': 'savefig', 'invalid_arg': 'bbox_inches', 'line': 18}]","{""error_type"": ""RuntimeError"", ""error_message"": ""Cannot create a GUI FigureManager outside the main thread using the MacOS backend. Use a non-interactive backend like 'agg' to make plots on worker threads."", ""line_no"": """", ""test_case"": """"}"
"DS1000","hallucinated","DS0524","","","[{'type': 'type_error', 'function': 'savefig', 'invalid_arg': 'bbox_inches', 'line': 9}]","{""error_type"": ""RuntimeError"", ""error_message"": ""Cannot create a GUI FigureManager outside the main thread using the MacOS backend. Use a non-interactive backend like 'agg' to make plots on worker threads."", ""line_no"": """", ""test_case"": """"}"
"DS1000","hallucinated","DS0525","","","[{'type': 'type_error', 'function': 'savefig', 'invalid_arg': 'bbox_inches', 'line': 9}]","{""error_type"": ""RuntimeError"", ""error_message"": ""Cannot create a GUI FigureManager outside the main thread using the MacOS backend. Use a non-interactive backend like 'agg' to make plots on worker threads."", ""line_no"": """", ""test_case"": """"}"
"DS1000","hallucinated","DS0526","","","[{'type': 'type_error', 'function': 'plot', 'invalid_arg': 'linewidth', 'line': 7}, {'type': 'type_error', 'function': 'savefig', 'invalid_arg': 'bbox_inches', 'line': 8}]","{""error_type"": ""RuntimeError"", ""error_message"": ""Cannot create a GUI FigureManager outside the main thread using the MacOS backend. Use a non-interactive backend like 'agg' to make plots on worker threads."", ""line_no"": """", ""test_case"": """"}"
"DS1000","hallucinated","DS0527","","","[{'type': 'type_error', 'function': 'plot', 'invalid_arg': 'label', 'line': 8}, {'type': 'type_error', 'function': 'legend', 'invalid_arg': 'fontsize', 'line': 9}, {'type': 'type_error', 'function': 'savefig', 'invalid_arg': 'bbox_inches', 'line': 10}]","{""error_type"": ""RuntimeError"", ""error_message"": ""Cannot create a GUI FigureManager outside the main thread using the MacOS backend. Use a non-interactive backend like 'agg' to make plots on worker threads."", ""line_no"": """", ""test_case"": """"}"
"DS1000","hallucinated","DS0528","","","[{'type': 'type_error', 'function': 'legend', 'invalid_arg': 'title', 'line': 8}, {'type': 'type_error', 'function': 'legend', 'invalid_arg': 'fontsize', 'line': 8}, {'type': 'type_error', 'function': 'savefig', 'invalid_arg': 'bbox_inches', 'line': 9}]","{""error_type"": ""RuntimeError"", ""error_message"": ""Cannot create a GUI FigureManager outside the main thread using the MacOS backend. Use a non-interactive backend like 'agg' to make plots on worker threads."", ""line_no"": """", ""test_case"": """"}"
"DS1000","hallucinated","DS0529","","","[{'type': 'type_error', 'function': 'plot', 'invalid_arg': 'lw', 'line': 8}, {'type': 'type_error', 'function': 'plot', 'invalid_arg': 'markersize', 'line': 8}, {'type': 'type_error', 'function': 'savefig', 'invalid_arg': 'bbox_inches', 'line': 10}]","{""error_type"": ""RuntimeError"", ""error_message"": ""Cannot create a GUI FigureManager outside the main thread using the MacOS backend. Use a non-interactive backend like 'agg' to make plots on worker threads."", ""line_no"": """", ""test_case"": """"}"
"DS1000","hallucinated","DS0530","","","[{'type': 'type_error', 'function': 'plot', 'invalid_arg': 'lw', 'line': 8}, {'type': 'type_error', 'function': 'plot', 'invalid_arg': 'markersize', 'line': 8}, {'type': 'type_error', 'function': 'savefig', 'invalid_arg': 'bbox_inches', 'line': 10}]","{""error_type"": ""RuntimeError"", ""error_message"": ""Cannot create a GUI FigureManager outside the main thread using the MacOS backend. Use a non-interactive backend like 'agg' to make plots on worker threads."", ""line_no"": """", ""test_case"": """"}"
"DS1000","hallucinated","DS0531","","","[{'type': 'type_error', 'function': 'plot', 'invalid_arg': 'lw', 'line': 8}, {'type': 'type_error', 'function': 'plot', 'invalid_arg': 'markersize', 'line': 8}, {'type': 'type_error', 'function': 'savefig', 'invalid_arg': 'bbox_inches', 'line': 10}]","{""error_type"": ""RuntimeError"", ""error_message"": ""Cannot create a GUI FigureManager outside the main thread using the MacOS backend. Use a non-interactive backend like 'agg' to make plots on worker threads."", ""line_no"": """", ""test_case"": """"}"
"DS1000","hallucinated","DS0532","","","[{'type': 'type_error', 'function': 'plot', 'invalid_arg': 'label', 'line': 8}, {'type': 'type_error', 'function': 'xticks', 'invalid_arg': 'rotation', 'line': 9}, {'type': 'type_error', 'function': 'savefig', 'invalid_arg': 'bbox_inches', 'line': 10}]","{""error_type"": ""RuntimeError"", ""error_message"": ""Cannot create a GUI FigureManager outside the main thread using the MacOS backend. Use a non-interactive backend like 'agg' to make plots on worker threads."", ""line_no"": """", ""test_case"": """"}"
"DS1000","hallucinated","DS0533","","","[{'type': 'type_error', 'function': 'plot', 'invalid_arg': 'label', 'line': 8}, {'type': 'type_error', 'function': 'xticks', 'invalid_arg': 'rotation', 'line': 9}, {'type': 'type_error', 'function': 'savefig', 'invalid_arg': 'bbox_inches', 'line': 10}]","{""error_type"": ""RuntimeError"", ""error_message"": ""Cannot create a GUI FigureManager outside the main thread using the MacOS backend. Use a non-interactive backend like 'agg' to make plots on worker threads."", ""line_no"": """", ""test_case"": """"}"
"DS1000","hallucinated","DS0534","","","[{'type': 'type_error', 'function': 'plot', 'invalid_arg': 'label', 'line': 8}, {'type': 'type_error', 'function': 'savefig', 'invalid_arg': 'bbox_inches', 'line': 10}]","{""error_type"": ""RuntimeError"", ""error_message"": ""Cannot create a GUI FigureManager outside the main thread using the MacOS backend. Use a non-interactive backend like 'agg' to make plots on worker threads."", ""line_no"": """", ""test_case"": """"}"
"DS1000","hallucinated","DS0535","","","[{'type': 'type_error', 'function': 'savefig', 'invalid_arg': 'bbox_inches', 'line': 11}]","{""error_type"": ""RuntimeError"", ""error_message"": ""Cannot create a GUI FigureManager outside the main thread using the MacOS backend. Use a non-interactive backend like 'agg' to make plots on worker threads."", ""line_no"": """", ""test_case"": """"}"
"DS1000","hallucinated","DS0536","","","[{'type': 'type_error', 'function': 'savefig', 'invalid_arg': 'bbox_inches', 'line': 6}]","{""error_type"": ""RuntimeError"", ""error_message"": ""Cannot create a GUI FigureManager outside the main thread using the MacOS backend. Use a non-interactive backend like 'agg' to make plots on worker threads."", ""line_no"": """", ""test_case"": """"}"
"DS1000","hallucinated","DS0537","","","[{'type': 'type_error', 'function': 'savefig', 'invalid_arg': 'bbox_inches', 'line': 6}]","{""error_type"": ""RuntimeError"", ""error_message"": ""Cannot create a GUI FigureManager outside the main thread using the MacOS backend. Use a non-interactive backend like 'agg' to make plots on worker threads."", ""line_no"": """", ""test_case"": """"}"
"DS1000","hallucinated","DS0538","","","[{'type': 'type_error', 'function': 'xlabel', 'invalid_arg': 'ha', 'line': 8}, {'type': 'type_error', 'function': 'savefig', 'invalid_arg': 'bbox_inches', 'line': 9}]","{""error_type"": ""RuntimeError"", ""error_message"": ""Cannot create a GUI FigureManager outside the main thread using the MacOS backend. Use a non-interactive backend like 'agg' to make plots on worker threads."", ""line_no"": """", ""test_case"": """"}"
"DS1000","hallucinated","DS0539","","","[{'type': 'type_error', 'function': 'savefig', 'invalid_arg': 'bbox_inches', 'line': 9}]","{""error_type"": ""RuntimeError"", ""error_message"": ""Cannot create a GUI FigureManager outside the main thread using the MacOS backend. Use a non-interactive backend like 'agg' to make plots on worker threads."", ""line_no"": """", ""test_case"": """"}"
"DS1000","hallucinated","DS0540","","","[{'type': 'type_error', 'function': 'title', 'invalid_arg': 'wrap', 'line': 9}, {'type': 'type_error', 'function': 'savefig', 'invalid_arg': 'bbox_inches', 'line': 10}]","{""error_type"": ""RuntimeError"", ""error_message"": ""Cannot create a GUI FigureManager outside the main thread using the MacOS backend. Use a non-interactive backend like 'agg' to make plots on worker threads."", ""line_no"": """", ""test_case"": """"}"
"DS1000","hallucinated","DS0541","","","[{'type': 'type_error', 'function': 'savefig', 'invalid_arg': 'bbox_inches', 'line': 8}]","{""error_type"": ""RuntimeError"", ""error_message"": ""Cannot create a GUI FigureManager outside the main thread using the MacOS backend. Use a non-interactive backend like 'agg' to make plots on worker threads."", ""line_no"": """", ""test_case"": """"}"
"DS1000","hallucinated","DS0542","","","[{'type': 'type_error', 'function': 'savefig', 'invalid_arg': 'bbox_inches', 'line': 10}]","{""error_type"": ""RuntimeError"", ""error_message"": ""Cannot create a GUI FigureManager outside the main thread using the MacOS backend. Use a non-interactive backend like 'agg' to make plots on worker threads."", ""line_no"": """", ""test_case"": """"}"
"DS1000","hallucinated","DS0543","","","[{'type': 'type_error', 'function': 'savefig', 'invalid_arg': 'bbox_inches', 'line': 10}]","{""error_type"": ""RuntimeError"", ""error_message"": ""Cannot create a GUI FigureManager outside the main thread using the MacOS backend. Use a non-interactive backend like 'agg' to make plots on worker threads."", ""line_no"": """", ""test_case"": """"}"
"DS1000","hallucinated","DS0544","","","[{'type': 'type_error', 'function': 'plot', 'invalid_arg': 'label', 'line': 11}, {'type': 'type_error', 'function': 'plot', 'invalid_arg': 'label', 'line': 12}, {'type': 'type_error', 'function': 'plot', 'invalid_arg': 'ax', 'line': 12}, {'type': 'type_error', 'function': 'plot', 'invalid_arg': 'label', 'line': 13}, {'type': 'type_error', 'function': 'plot', 'invalid_arg': 'ax', 'line': 13}, {'type': 'type_error', 'function': 'savefig', 'invalid_arg': 'bbox_inches', 'line': 15}]","{""error_type"": ""RuntimeError"", ""error_message"": ""Cannot create a GUI FigureManager outside the main thread using the MacOS backend. Use a non-interactive backend like 'agg' to make plots on worker threads."", ""line_no"": """", ""test_case"": """"}"
"DS1000","hallucinated","DS0545","","","[{'type': 'type_error', 'function': 'scatter', 'invalid_arg': 'edgecolor', 'line': 7}, {'type': 'type_error', 'function': 'scatter', 'invalid_arg': 'facecolor', 'line': 7}, {'type': 'type_error', 'function': 'savefig', 'invalid_arg': 'bbox_inches', 'line': 8}]","{""error_type"": ""RuntimeError"", ""error_message"": ""Cannot create a GUI FigureManager outside the main thread using the MacOS backend. Use a non-interactive backend like 'agg' to make plots on worker threads."", ""line_no"": """", ""test_case"": """"}"
"DS1000","hallucinated","DS0546","","","[{'type': 'type_error', 'function': 'savefig', 'invalid_arg': 'bbox_inches', 'line': 9}]","{""error_type"": ""RuntimeError"", ""error_message"": ""Cannot create a GUI FigureManager outside the main thread using the MacOS backend. Use a non-interactive backend like 'agg' to make plots on worker threads."", ""line_no"": """", ""test_case"": """"}"
"DS1000","hallucinated","DS0547","","","[{'type': 'type_error', 'function': 'catplot', 'invalid_arg': 'label', 'line': 11}, {'type': 'type_error', 'function': 'savefig', 'invalid_arg': 'bbox_inches', 'line': 13}]","{""error_type"": ""RuntimeError"", ""error_message"": ""Cannot create a GUI FigureManager outside the main thread using the MacOS backend. Use a non-interactive backend like 'agg' to make plots on worker threads."", ""line_no"": """", ""test_case"": """"}"
"DS1000","hallucinated","DS0548","","","[{'type': 'type_error', 'function': 'savefig', 'invalid_arg': 'bbox_inches', 'line': 10}]","{""error_type"": ""RuntimeError"", ""error_message"": ""Cannot create a GUI FigureManager outside the main thread using the MacOS backend. Use a non-interactive backend like 'agg' to make plots on worker threads."", ""line_no"": """", ""test_case"": """"}"
"DS1000","hallucinated","DS0549","","","[{'type': 'type_error', 'function': 'savefig', 'invalid_arg': 'bbox_inches', 'line': 18}]","{""error_type"": ""RuntimeError"", ""error_message"": ""Cannot create a GUI FigureManager outside the main thread using the MacOS backend. Use a non-interactive backend like 'agg' to make plots on worker threads."", ""line_no"": """", ""test_case"": """"}"
"DS1000","hallucinated","DS0550","","","[{'type': 'type_error', 'function': 'savefig', 'invalid_arg': 'bbox_inches', 'line': 18}]","{""error_type"": ""RuntimeError"", ""error_message"": ""Cannot create a GUI FigureManager outside the main thread using the MacOS backend. Use a non-interactive backend like 'agg' to make plots on worker threads."", ""line_no"": """", ""test_case"": """"}"
"DS1000","hallucinated","DS0551","","","[{'type': 'type_error', 'function': 'savefig', 'invalid_arg': 'bbox_inches', 'line': 11}]","{""error_type"": ""RuntimeError"", ""error_message"": ""Cannot create a GUI FigureManager outside the main thread using the MacOS backend. Use a non-interactive backend like 'agg' to make plots on worker threads."", ""line_no"": """", ""test_case"": """"}"
"DS1000","hallucinated","DS0552","","","[{'type': 'type_error', 'function': 'savefig', 'invalid_arg': 'bbox_inches', 'line': 11}]","{""error_type"": ""RuntimeError"", ""error_message"": ""Cannot create a GUI FigureManager outside the main thread using the MacOS backend. Use a non-interactive backend like 'agg' to make plots on worker threads."", ""line_no"": """", ""test_case"": """"}"
"DS1000","hallucinated","DS0553","","","[{'type': 'type_error', 'function': 'grid', 'invalid_arg': 'linestyle', 'line': 10}, {'type': 'type_error', 'function': 'grid', 'invalid_arg': 'linewidth', 'line': 10}, {'type': 'type_error', 'function': 'grid', 'invalid_arg': 'color', 'line': 10}, {'type': 'type_error', 'function': 'savefig', 'invalid_arg': 'bbox_inches', 'line': 11}]","{""error_type"": ""RuntimeError"", ""error_message"": ""Cannot create a GUI FigureManager outside the main thread using the MacOS backend. Use a non-interactive backend like 'agg' to make plots on worker threads."", ""line_no"": """", ""test_case"": """"}"
"DS1000","hallucinated","DS0554","","","[{'type': 'type_error', 'function': 'grid', 'invalid_arg': 'linestyle', 'line': 10}, {'type': 'type_error', 'function': 'grid', 'invalid_arg': 'color', 'line': 10}, {'type': 'type_error', 'function': 'grid', 'invalid_arg': 'linewidth', 'line': 10}, {'type': 'type_error', 'function': 'savefig', 'invalid_arg': 'bbox_inches', 'line': 11}]","{""error_type"": ""RuntimeError"", ""error_message"": ""Cannot create a GUI FigureManager outside the main thread using the MacOS backend. Use a non-interactive backend like 'agg' to make plots on worker threads."", ""line_no"": """", ""test_case"": """"}"
"DS1000","hallucinated","DS0555","","","[{'type': 'type_error', 'function': 'savefig', 'invalid_arg': 'bbox_inches', 'line': 11}]","{""error_type"": ""RuntimeError"", ""error_message"": ""Cannot create a GUI FigureManager outside the main thread using the MacOS backend. Use a non-interactive backend like 'agg' to make plots on worker threads."", ""line_no"": """", ""test_case"": """"}"
"DS1000","hallucinated","DS0556","","","[{'type': 'type_error', 'function': 'savefig', 'invalid_arg': 'bbox_inches', 'line': 10}]","{""error_type"": ""RuntimeError"", ""error_message"": ""Cannot create a GUI FigureManager outside the main thread using the MacOS backend. Use a non-interactive backend like 'agg' to make plots on worker threads."", ""line_no"": """", ""test_case"": """"}"
"DS1000","hallucinated","DS0557","","","[{'type': 'type_error', 'function': 'plot', 'invalid_arg': 'label', 'line': 8}, {'type': 'type_error', 'function': 'legend', 'invalid_arg': 'loc', 'line': 9}, {'type': 'type_error', 'function': 'savefig', 'invalid_arg': 'bbox_inches', 'line': 10}]","{""error_type"": ""RuntimeError"", ""error_message"": ""Cannot create a GUI FigureManager outside the main thread using the MacOS backend. Use a non-interactive backend like 'agg' to make plots on worker threads."", ""line_no"": """", ""test_case"": """"}"
"DS1000","hallucinated","DS0558","","","[{'type': 'type_error', 'function': 'subplots', 'invalid_arg': 'figsize', 'line': 3}, {'type': 'type_error', 'function': 'savefig', 'invalid_arg': 'bbox_inches', 'line': 11}]","{""error_type"": ""RuntimeError"", ""error_message"": ""Cannot create a GUI FigureManager outside the main thread using the MacOS backend. Use a non-interactive backend like 'agg' to make plots on worker threads."", ""line_no"": """", ""test_case"": """"}"
"DS1000","hallucinated","DS0559","","","[{'type': 'type_error', 'function': 'savefig', 'invalid_arg': 'bbox_inches', 'line': 12}]","{""error_type"": ""RuntimeError"", ""error_message"": ""Cannot create a GUI FigureManager outside the main thread using the MacOS backend. Use a non-interactive backend like 'agg' to make plots on worker threads."", ""line_no"": """", ""test_case"": """"}"
"DS1000","hallucinated","DS0560","","","[{'type': 'type_error', 'function': 'savefig', 'invalid_arg': 'bbox_inches', 'line': 13}]","{""error_type"": ""RuntimeError"", ""error_message"": ""Cannot create a GUI FigureManager outside the main thread using the MacOS backend. Use a non-interactive backend like 'agg' to make plots on worker threads."", ""line_no"": """", ""test_case"": """"}"
"DS1000","hallucinated","DS0561","","","[{'type': 'type_error', 'function': 'savefig', 'invalid_arg': 'bbox_inches', 'line': 8}]","{""error_type"": ""RuntimeError"", ""error_message"": ""Cannot create a GUI FigureManager outside the main thread using the MacOS backend. Use a non-interactive backend like 'agg' to make plots on worker threads."", ""line_no"": """", ""test_case"": """"}"
"DS1000","hallucinated","DS0562","","","[{'type': 'type_error', 'function': 'plot', 'invalid_arg': 'label', 'line': 7}, {'type': 'type_error', 'function': 'savefig', 'invalid_arg': 'bbox_inches', 'line': 10}]","{""error_type"": ""RuntimeError"", ""error_message"": ""Cannot create a GUI FigureManager outside the main thread using the MacOS backend. Use a non-interactive backend like 'agg' to make plots on worker threads."", ""line_no"": """", ""test_case"": """"}"
"DS1000","hallucinated","DS0563","","","[{'type': 'type_error', 'function': 'yticks', 'invalid_arg': 'rotation', 'line': 8}, {'type': 'type_error', 'function': 'savefig', 'invalid_arg': 'bbox_inches', 'line': 9}]","{""error_type"": ""RuntimeError"", ""error_message"": ""Cannot create a GUI FigureManager outside the main thread using the MacOS backend. Use a non-interactive backend like 'agg' to make plots on worker threads."", ""line_no"": """", ""test_case"": """"}"
"DS1000","hallucinated","DS0564","","","[{'type': 'type_error', 'function': 'plot', 'invalid_arg': 'label', 'line': 7}, {'type': 'type_error', 'function': 'yticks', 'invalid_arg': 'rotation', 'line': 9}, {'type': 'type_error', 'function': 'yticks', 'invalid_arg': 'ha', 'line': 9}, {'type': 'type_error', 'function': 'savefig', 'invalid_arg': 'bbox_inches', 'line': 11}]","{""error_type"": ""RuntimeError"", ""error_message"": ""Cannot create a GUI FigureManager outside the main thread using the MacOS backend. Use a non-interactive backend like 'agg' to make plots on worker threads."", ""line_no"": """", ""test_case"": """"}"
"DS1000","hallucinated","DS0565","","","[{'type': 'type_error', 'function': 'jointplot', 'invalid_arg': 'scatter_kws', 'line': 6}, {'type': 'type_error', 'function': 'savefig', 'invalid_arg': 'bbox_inches', 'line': 7}]","{""error_type"": ""RuntimeError"", ""error_message"": ""Cannot create a GUI FigureManager outside the main thread using the MacOS backend. Use a non-interactive backend like 'agg' to make plots on worker threads."", ""line_no"": """", ""test_case"": """"}"
"DS1000","hallucinated","DS0566","","","[{'type': 'type_error', 'function': 'jointplot', 'invalid_arg': 'hist_kws', 'line': 6}, {'type': 'type_error', 'function': 'savefig', 'invalid_arg': 'bbox_inches', 'line': 7}]","{""error_type"": ""RuntimeError"", ""error_message"": ""Cannot create a GUI FigureManager outside the main thread using the MacOS backend. Use a non-interactive backend like 'agg' to make plots on worker threads."", ""line_no"": """", ""test_case"": """"}"
"DS1000","hallucinated","DS0567","","","[{'type': 'type_error', 'function': 'savefig', 'invalid_arg': 'bbox_inches', 'line': 7}]","{""error_type"": ""RuntimeError"", ""error_message"": ""Cannot create a GUI FigureManager outside the main thread using the MacOS backend. Use a non-interactive backend like 'agg' to make plots on worker threads."", ""line_no"": """", ""test_case"": """"}"
"DS1000","hallucinated","DS0568","","","[{'type': 'type_error', 'function': 'xticks', 'invalid_arg': 'rotation', 'line': 14}, {'type': 'type_error', 'function': 'savefig', 'invalid_arg': 'bbox_inches', 'line': 15}]","{""error_type"": ""RuntimeError"", ""error_message"": ""Cannot create a GUI FigureManager outside the main thread using the MacOS backend. Use a non-interactive backend like 'agg' to make plots on worker threads."", ""line_no"": """", ""test_case"": """"}"
"DS1000","hallucinated","DS0569","","","[{'type': 'type_error', 'function': 'xticks', 'invalid_arg': 'rotation', 'line': 14}, {'type': 'type_error', 'function': 'savefig', 'invalid_arg': 'bbox_inches', 'line': 15}]","{""error_type"": ""RuntimeError"", ""error_message"": ""Cannot create a GUI FigureManager outside the main thread using the MacOS backend. Use a non-interactive backend like 'agg' to make plots on worker threads."", ""line_no"": """", ""test_case"": """"}"
"DS1000","hallucinated","DS0570","","","[{'type': 'type_error', 'function': 'xlabel', 'invalid_arg': 'color', 'line': 8}, {'type': 'type_error', 'function': 'ylabel', 'invalid_arg': 'color', 'line': 9}, {'type': 'type_error', 'function': 'savefig', 'invalid_arg': 'bbox_inches', 'line': 10}]","{""error_type"": ""RuntimeError"", ""error_message"": ""Cannot create a GUI FigureManager outside the main thread using the MacOS backend. Use a non-interactive backend like 'agg' to make plots on worker threads."", ""line_no"": """", ""test_case"": """"}"
"DS1000","hallucinated","DS0571","","","[{'type': 'type_error', 'function': 'plot', 'invalid_arg': 'label', 'line': 7}, {'type': 'type_error', 'function': 'axhline', 'invalid_arg': 'color', 'line': 9}, {'type': 'type_error', 'function': 'axhline', 'invalid_arg': 'linestyle', 'line': 9}, {'type': 'type_error', 'function': 'savefig', 'invalid_arg': 'bbox_inches', 'line': 11}]","{""error_type"": ""RuntimeError"", ""error_message"": ""Cannot create a GUI FigureManager outside the main thread using the MacOS backend. Use a non-interactive backend like 'agg' to make plots on worker threads."", ""line_no"": """", ""test_case"": """"}"
"DS1000","hallucinated","DS0572","","","[{'type': 'type_error', 'function': 'tick_params', 'invalid_arg': 'labelsize', 'line': 8}, {'type': 'type_error', 'function': 'tick_params', 'invalid_arg': 'rotation', 'line': 8}, {'type': 'type_error', 'function': 'savefig', 'invalid_arg': 'bbox_inches', 'line': 9}]","{""error_type"": ""RuntimeError"", ""error_message"": ""Cannot create a GUI FigureManager outside the main thread using the MacOS backend. Use a non-interactive backend like 'agg' to make plots on worker threads."", ""line_no"": """", ""test_case"": """"}"
"DS1000","hallucinated","DS0573","","","[{'type': 'type_error', 'function': 'vlines', 'invalid_arg': 'color', 'line': 3}, {'type': 'type_error', 'function': 'vlines', 'invalid_arg': 'linewidth', 'line': 3}, {'type': 'type_error', 'function': 'savefig', 'invalid_arg': 'bbox_inches', 'line': 4}]","{""error_type"": ""RuntimeError"", ""error_message"": ""Cannot create a GUI FigureManager outside the main thread using the MacOS backend. Use a non-interactive backend like 'agg' to make plots on worker threads."", ""line_no"": """", ""test_case"": """"}"
"DS1000","hallucinated","DS0574","","","[{'type': 'type_error', 'function': 'xticks', 'invalid_arg': 'rotation', 'line': 8}, {'type': 'type_error', 'function': 'savefig', 'invalid_arg': 'bbox_inches', 'line': 12}]","{""error_type"": ""RuntimeError"", ""error_message"": ""Cannot create a GUI FigureManager outside the main thread using the MacOS backend. Use a non-interactive backend like 'agg' to make plots on worker threads."", ""line_no"": """", ""test_case"": """"}"
"DS1000","hallucinated","DS0575","","","[{'type': 'type_error', 'function': 'savefig', 'invalid_arg': 'bbox_inches', 'line': 25}, {'type': 'type_error', 'function': 'savefig', 'invalid_arg': 'bbox_inches', 'line': 26}]","{""error_type"": ""RuntimeError"", ""error_message"": ""Cannot create a GUI FigureManager outside the main thread using the MacOS backend. Use a non-interactive backend like 'agg' to make plots on worker threads."", ""line_no"": """", ""test_case"": """"}"
"DS1000","hallucinated","DS0576","","","[{'type': 'type_error', 'function': 'subplots', 'invalid_arg': 'figsize', 'line': 7}, {'type': 'type_error', 'function': 'savefig', 'invalid_arg': 'bbox_inches', 'line': 11}, {'type': 'type_error', 'function': 'savefig', 'invalid_arg': 'bbox_inches', 'line': 12}]","{""error_type"": ""RuntimeError"", ""error_message"": ""Cannot create a GUI FigureManager outside the main thread using the MacOS backend. Use a non-interactive backend like 'agg' to make plots on worker threads."", ""line_no"": """", ""test_case"": """"}"
"DS1000","hallucinated","DS0577","","","[{'type': 'type_error', 'function': 'scatterplot', 'invalid_arg': 'markersize', 'line': 9}, {'type': 'type_error', 'function': 'savefig', 'invalid_arg': 'bbox_inches', 'line': 10}]","{""error_type"": ""RuntimeError"", ""error_message"": ""Cannot create a GUI FigureManager outside the main thread using the MacOS backend. Use a non-interactive backend like 'agg' to make plots on worker threads."", ""line_no"": """", ""test_case"": """"}"
"DS1000","hallucinated","DS0578","","","[{'type': 'type_error', 'function': 'savefig', 'invalid_arg': 'bbox_inches', 'line': 11}]","{""error_type"": ""RuntimeError"", ""error_message"": ""Cannot create a GUI FigureManager outside the main thread using the MacOS backend. Use a non-interactive backend like 'agg' to make plots on worker threads."", ""line_no"": """", ""test_case"": """"}"
"DS1000","hallucinated","DS0579","","","[{'type': 'type_error', 'function': 'plot', 'invalid_arg': 'label', 'line': 7}, {'type': 'type_error', 'function': 'legend', 'invalid_arg': 'title', 'line': 8}, {'type': 'type_error', 'function': 'savefig', 'invalid_arg': 'bbox_inches', 'line': 9}]","{""error_type"": ""RuntimeError"", ""error_message"": ""Cannot create a GUI FigureManager outside the main thread using the MacOS backend. Use a non-interactive backend like 'agg' to make plots on worker threads."", ""line_no"": """", ""test_case"": """"}"
"DS1000","hallucinated","DS0580","","","[{'type': 'type_error', 'function': 'plot', 'invalid_arg': 'label', 'line': 7}, {'type': 'type_error', 'function': 'legend', 'invalid_arg': 'title', 'line': 8}, {'type': 'type_error', 'function': 'legend', 'invalid_arg': 'title_fontweight', 'line': 8}, {'type': 'type_error', 'function': 'savefig', 'invalid_arg': 'bbox_inches', 'line': 10}]","{""error_type"": ""RuntimeError"", ""error_message"": ""Cannot create a GUI FigureManager outside the main thread using the MacOS backend. Use a non-interactive backend like 'agg' to make plots on worker threads."", ""line_no"": """", ""test_case"": """"}"
"DS1000","hallucinated","DS0581","","","[{'type': 'type_error', 'function': 'hist', 'invalid_arg': 'edgecolor', 'line': 7}, {'type': 'type_error', 'function': 'hist', 'invalid_arg': 'linewidth', 'line': 7}, {'type': 'type_error', 'function': 'savefig', 'invalid_arg': 'bbox_inches', 'line': 8}]","{""error_type"": ""RuntimeError"", ""error_message"": ""Cannot create a GUI FigureManager outside the main thread using the MacOS backend. Use a non-interactive backend like 'agg' to make plots on worker threads."", ""line_no"": """", ""test_case"": """"}"
"DS1000","hallucinated","DS0582","","","[{'type': 'type_error', 'function': 'subplots', 'invalid_arg': 'figsize', 'line': 7}, {'type': 'type_error', 'function': 'savefig', 'invalid_arg': 'bbox_inches', 'line': 10}, {'type': 'type_error', 'function': 'savefig', 'invalid_arg': 'bbox_inches', 'line': 12}]","{""error_type"": ""RuntimeError"", ""error_message"": ""Cannot create a GUI FigureManager outside the main thread using the MacOS backend. Use a non-interactive backend like 'agg' to make plots on worker threads."", ""line_no"": """", ""test_case"": """"}"
"DS1000","hallucinated","DS0583","","","[{'type': 'type_error', 'function': 'hist', 'invalid_arg': 'alpha', 'line': 8}, {'type': 'type_error', 'function': 'savefig', 'invalid_arg': 'bbox_inches', 'line': 10}]","{""error_type"": ""RuntimeError"", ""error_message"": ""Cannot create a GUI FigureManager outside the main thread using the MacOS backend. Use a non-interactive backend like 'agg' to make plots on worker threads."", ""line_no"": """", ""test_case"": """"}"
"DS1000","hallucinated","DS0584","","","[{'type': 'type_error', 'function': 'hist', 'invalid_arg': 'alpha', 'line': 7}, {'type': 'type_error', 'function': 'savefig', 'invalid_arg': 'bbox_inches', 'line': 9}]","{""error_type"": ""RuntimeError"", ""error_message"": ""Cannot create a GUI FigureManager outside the main thread using the MacOS backend. Use a non-interactive backend like 'agg' to make plots on worker threads."", ""line_no"": """", ""test_case"": """"}"
"DS1000","hallucinated","DS0585","","","[{'type': 'type_error', 'function': 'savefig', 'invalid_arg': 'bbox_inches', 'line': 9}]","{""error_type"": ""RuntimeError"", ""error_message"": ""Cannot create a GUI FigureManager outside the main thread using the MacOS backend. Use a non-interactive backend like 'agg' to make plots on worker threads."", ""line_no"": """", ""test_case"": """"}"
"DS1000","hallucinated","DS0586","","","[{'type': 'type_error', 'function': 'savefig', 'invalid_arg': 'bbox_inches', 'line': 16}, {'type': 'type_error', 'function': 'savefig', 'invalid_arg': 'bbox_inches', 'line': 17}]","{""error_type"": ""RuntimeError"", ""error_message"": ""Cannot create a GUI FigureManager outside the main thread using the MacOS backend. Use a non-interactive backend like 'agg' to make plots on worker threads."", ""line_no"": ""8.0"", ""test_case"": """"}"
"DS1000","hallucinated","DS0587","","","[{'type': 'type_error', 'function': 'plot', 'invalid_arg': 'label', 'line': 6}, {'type': 'type_error', 'function': 'plot', 'invalid_arg': 'label', 'line': 7}, {'type': 'type_error', 'function': 'savefig', 'invalid_arg': 'bbox_inches', 'line': 9}]","{""error_type"": ""RuntimeError"", ""error_message"": ""Cannot create a GUI FigureManager outside the main thread using the MacOS backend. Use a non-interactive backend like 'agg' to make plots on worker threads."", ""line_no"": """", ""test_case"": """"}"
"DS1000","hallucinated","DS0588","","","[{'type': 'type_error', 'function': 'suptitle', 'invalid_arg': 'fontsize', 'line': 18}, {'type': 'type_error', 'function': 'savefig', 'invalid_arg': 'bbox_inches', 'line': 21}]","{""error_type"": ""RuntimeError"", ""error_message"": ""Cannot create a GUI FigureManager outside the main thread using the MacOS backend. Use a non-interactive backend like 'agg' to make plots on worker threads."", ""line_no"": ""17.0"", ""test_case"": """"}"
"DS1000","hallucinated","DS0589","","","[{'type': 'type_error', 'function': 'savefig', 'invalid_arg': 'bbox_inches', 'line': 7}]","{""error_type"": ""RuntimeError"", ""error_message"": ""Cannot create a GUI FigureManager outside the main thread using the MacOS backend. Use a non-interactive backend like 'agg' to make plots on worker threads."", ""line_no"": """", ""test_case"": """"}"
"DS1000","hallucinated","DS0590","","","[{'type': 'type_error', 'function': 'plot', 'invalid_arg': 'fontsize', 'line': 7}, {'type': 'type_error', 'function': 'plot', 'invalid_arg': 'label', 'line': 7}, {'type': 'type_error', 'function': 'title', 'invalid_arg': 'fontsize', 'line': 8}, {'type': 'type_error', 'function': 'xlabel', 'invalid_arg': 'fontsize', 'line': 9}, {'type': 'type_error', 'function': 'ylabel', 'invalid_arg': 'fontsize', 'line': 10}, {'type': 'type_error', 'function': 'savefig', 'invalid_arg': 'bbox_inches', 'line': 12}]","{""error_type"": ""RuntimeError"", ""error_message"": ""Cannot create a GUI FigureManager outside the main thread using the MacOS backend. Use a non-interactive backend like 'agg' to make plots on worker threads."", ""line_no"": """", ""test_case"": """"}"
"DS1000","hallucinated","DS0591","","","[{'type': 'type_error', 'function': 'savefig', 'invalid_arg': 'bbox_inches', 'line': 10}]","{""error_type"": ""RuntimeError"", ""error_message"": ""Cannot create a GUI FigureManager outside the main thread using the MacOS backend. Use a non-interactive backend like 'agg' to make plots on worker threads."", ""line_no"": """", ""test_case"": """"}"
"DS1000","hallucinated","DS0592","","","[{'type': 'type_error', 'function': 'plot', 'invalid_arg': 'c', 'line': 6}, {'type': 'type_error', 'function': 'savefig', 'invalid_arg': 'bbox_inches', 'line': 7}]","{""error_type"": ""RuntimeError"", ""error_message"": ""Cannot create a GUI FigureManager outside the main thread using the MacOS backend. Use a non-interactive backend like 'agg' to make plots on worker threads."", ""line_no"": """", ""test_case"": """"}"
"DS1000","hallucinated","DS0593","","","[{'type': 'type_error', 'function': 'loglog', 'invalid_arg': 'basex', 'line': 7}, {'type': 'type_error', 'function': 'loglog', 'invalid_arg': 'basey', 'line': 7}, {'type': 'type_error', 'function': 'savefig', 'invalid_arg': 'bbox_inches', 'line': 8}]","{""error_type"": ""RuntimeError"", ""error_message"": ""Cannot create a GUI FigureManager outside the main thread using the MacOS backend. Use a non-interactive backend like 'agg' to make plots on worker threads."", ""line_no"": """", ""test_case"": """"}"
"DS1000","hallucinated","DS0594","","","[{'type': 'type_error', 'function': 'savefig', 'invalid_arg': 'bbox_inches', 'line': 12}]","{""error_type"": ""RuntimeError"", ""error_message"": ""Cannot create a GUI FigureManager outside the main thread using the MacOS backend. Use a non-interactive backend like 'agg' to make plots on worker threads."", ""line_no"": """", ""test_case"": """"}"
"DS1000","hallucinated","DS0595","","","[{'type': 'type_error', 'function': 'savefig', 'invalid_arg': 'bbox_inches', 'line': 8}, {'type': 'type_error', 'function': 'savefig', 'invalid_arg': 'bbox_inches', 'line': 9}]","{""error_type"": ""RuntimeError"", ""error_message"": ""Cannot create a GUI FigureManager outside the main thread using the MacOS backend. Use a non-interactive backend like 'agg' to make plots on worker threads."", ""line_no"": """", ""test_case"": """"}"
"DS1000","hallucinated","DS0596","","","[{'type': 'type_error', 'function': 'plot', 'invalid_arg': 'marker', 'line': 7}, {'type': 'type_error', 'function': 'plot', 'invalid_arg': 'linestyle', 'line': 7}, {'type': 'type_error', 'function': 'plot', 'invalid_arg': 'alpha', 'line': 7}, {'type': 'type_error', 'function': 'savefig', 'invalid_arg': 'bbox_inches', 'line': 8}]","{""error_type"": ""RuntimeError"", ""error_message"": ""Cannot create a GUI FigureManager outside the main thread using the MacOS backend. Use a non-interactive backend like 'agg' to make plots on worker threads."", ""line_no"": """", ""test_case"": """"}"
"DS1000","hallucinated","DS0597","","","[{'type': 'type_error', 'function': 'subplots', 'invalid_arg': 'figsize', 'line': 9}, {'type': 'type_error', 'function': 'savefig', 'invalid_arg': 'bbox_inches', 'line': 13}]","{""error_type"": ""RuntimeError"", ""error_message"": ""Cannot create a GUI FigureManager outside the main thread using the MacOS backend. Use a non-interactive backend like 'agg' to make plots on worker threads."", ""line_no"": """", ""test_case"": """"}"
"DS1000","hallucinated","DS0598","","","[{'type': 'type_error', 'function': 'savefig', 'invalid_arg': 'bbox_inches', 'line': 11}]","{""error_type"": ""RuntimeError"", ""error_message"": ""Cannot create a GUI FigureManager outside the main thread using the MacOS backend. Use a non-interactive backend like 'agg' to make plots on worker threads."", ""line_no"": """", ""test_case"": """"}"
"DS1000","hallucinated","DS0599","","","[{'type': 'type_error', 'function': 'savefig', 'invalid_arg': 'bbox_inches', 'line': 12}]","{""error_type"": ""RuntimeError"", ""error_message"": ""Cannot create a GUI FigureManager outside the main thread using the MacOS backend. Use a non-interactive backend like 'agg' to make plots on worker threads."", ""line_no"": """", ""test_case"": """"}"
"DS1000","hallucinated","DS0600","","","[{'type': 'type_error', 'function': 'plot', 'invalid_arg': 'label', 'line': 7}, {'type': 'type_error', 'function': 'savefig', 'invalid_arg': 'bbox_inches', 'line': 8}]","{""error_type"": ""RuntimeError"", ""error_message"": ""Cannot create a GUI FigureManager outside the main thread using the MacOS backend. Use a non-interactive backend like 'agg' to make plots on worker threads."", ""line_no"": """", ""test_case"": """"}"
"DS1000","hallucinated","DS0601","","","[{'type': 'type_error', 'function': 'savefig', 'invalid_arg': 'bbox_inches', 'line': 10}]","{""error_type"": ""RuntimeError"", ""error_message"": ""Cannot create a GUI FigureManager outside the main thread using the MacOS backend. Use a non-interactive backend like 'agg' to make plots on worker threads."", ""line_no"": """", ""test_case"": """"}"
"DS1000","hallucinated","DS0602","","","[{'type': 'type_error', 'function': 'xticks', 'invalid_arg': 'rotation', 'line': 8}, {'type': 'type_error', 'function': 'xticks', 'invalid_arg': 'ha', 'line': 8}, {'type': 'type_error', 'function': 'savefig', 'invalid_arg': 'bbox_inches', 'line': 9}]","{""error_type"": ""RuntimeError"", ""error_message"": ""Cannot create a GUI FigureManager outside the main thread using the MacOS backend. Use a non-interactive backend like 'agg' to make plots on worker threads."", ""line_no"": """", ""test_case"": """"}"
"DS1000","hallucinated","DS0603","","","[{'type': 'type_error', 'function': 'xticks', 'invalid_arg': 'rotation', 'line': 8}, {'type': 'type_error', 'function': 'xticks', 'invalid_arg': 'ha', 'line': 8}, {'type': 'type_error', 'function': 'savefig', 'invalid_arg': 'bbox_inches', 'line': 9}]","{""error_type"": ""RuntimeError"", ""error_message"": ""Cannot create a GUI FigureManager outside the main thread using the MacOS backend. Use a non-interactive backend like 'agg' to make plots on worker threads."", ""line_no"": """", ""test_case"": """"}"
"DS1000","hallucinated","DS0604","","","[{'type': 'type_error', 'function': 'xticks', 'invalid_arg': 'alpha', 'line': 8}, {'type': 'type_error', 'function': 'savefig', 'invalid_arg': 'bbox_inches', 'line': 9}]","{""error_type"": ""RuntimeError"", ""error_message"": ""Cannot create a GUI FigureManager outside the main thread using the MacOS backend. Use a non-interactive backend like 'agg' to make plots on worker threads."", ""line_no"": """", ""test_case"": """"}"
"DS1000","hallucinated","DS0605","","","[{'type': 'type_error', 'function': 'savefig', 'invalid_arg': 'bbox_inches', 'line': 9}]","{""error_type"": ""RuntimeError"", ""error_message"": ""Cannot create a GUI FigureManager outside the main thread using the MacOS backend. Use a non-interactive backend like 'agg' to make plots on worker threads."", ""line_no"": """", ""test_case"": """"}"
"DS1000","hallucinated","DS0606","","","[{'type': 'type_error', 'function': 'savefig', 'invalid_arg': 'bbox_inches', 'line': 9}]","{""error_type"": ""RuntimeError"", ""error_message"": ""Cannot create a GUI FigureManager outside the main thread using the MacOS backend. Use a non-interactive backend like 'agg' to make plots on worker threads."", ""line_no"": """", ""test_case"": """"}"
"DS1000","hallucinated","DS0607","","","[{'type': 'type_error', 'function': 'subplots', 'invalid_arg': 'figsize', 'line': 7}, {'type': 'type_error', 'function': 'savefig', 'invalid_arg': 'bbox_inches', 'line': 11}, {'type': 'type_error', 'function': 'savefig', 'invalid_arg': 'bbox_inches', 'line': 12}]","{""error_type"": ""RuntimeError"", ""error_message"": ""Cannot create a GUI FigureManager outside the main thread using the MacOS backend. Use a non-interactive backend like 'agg' to make plots on worker threads."", ""line_no"": """", ""test_case"": """"}"
"DS1000","hallucinated","DS0608","","","[{'type': 'type_error', 'function': 'plot', 'invalid_arg': 'label', 'line': 6}, {'type': 'type_error', 'function': 'plot', 'invalid_arg': 'label', 'line': 7}, {'type': 'type_error', 'function': 'savefig', 'invalid_arg': 'bbox_inches', 'line': 11}]","{""error_type"": ""RuntimeError"", ""error_message"": ""Cannot create a GUI FigureManager outside the main thread using the MacOS backend. Use a non-interactive backend like 'agg' to make plots on worker threads."", ""line_no"": """", ""test_case"": """"}"
"DS1000","hallucinated","DS0609","","","[{'type': 'type_error', 'function': 'scatter', 'invalid_arg': 'hatch', 'line': 7}, {'type': 'type_error', 'function': 'savefig', 'invalid_arg': 'bbox_inches', 'line': 8}]","{""error_type"": ""RuntimeError"", ""error_message"": ""Cannot create a GUI FigureManager outside the main thread using the MacOS backend. Use a non-interactive backend like 'agg' to make plots on worker threads."", ""line_no"": """", ""test_case"": """"}"
"DS1000","hallucinated","DS0610","","","[{'type': 'type_error', 'function': 'scatter', 'invalid_arg': 'edgecolor', 'line': 7}, {'type': 'type_error', 'function': 'scatter', 'invalid_arg': 'hatch', 'line': 7}, {'type': 'type_error', 'function': 'savefig', 'invalid_arg': 'bbox_inches', 'line': 8}]","{""error_type"": ""RuntimeError"", ""error_message"": ""Cannot create a GUI FigureManager outside the main thread using the MacOS backend. Use a non-interactive backend like 'agg' to make plots on worker threads."", ""line_no"": """", ""test_case"": """"}"
"DS1000","hallucinated","DS0611","","","[{'type': 'type_error', 'function': 'scatter', 'invalid_arg': 'hatch', 'line': 7}, {'type': 'type_error', 'function': 'savefig', 'invalid_arg': 'bbox_inches', 'line': 8}]","{""error_type"": ""RuntimeError"", ""error_message"": ""Cannot create a GUI FigureManager outside the main thread using the MacOS backend. Use a non-interactive backend like 'agg' to make plots on worker threads."", ""line_no"": """", ""test_case"": """"}"
"DS1000","hallucinated","DS0612","","","[{'type': 'type_error', 'function': 'savefig', 'invalid_arg': 'bbox_inches', 'line': 8}]","{""error_type"": ""RuntimeError"", ""error_message"": ""Cannot create a GUI FigureManager outside the main thread using the MacOS backend. Use a non-interactive backend like 'agg' to make plots on worker threads."", ""line_no"": """", ""test_case"": """"}"
"DS1000","hallucinated","DS0613","","","[{'type': 'type_error', 'function': 'savefig', 'invalid_arg': 'bbox_inches', 'line': 6}]","{""error_type"": ""RuntimeError"", ""error_message"": ""Cannot create a GUI FigureManager outside the main thread using the MacOS backend. Use a non-interactive backend like 'agg' to make plots on worker threads."", ""line_no"": """", ""test_case"": """"}"
"DS1000","hallucinated","DS0614","","","[{'type': 'type_error', 'function': 'savefig', 'invalid_arg': 'bbox_inches', 'line': 7}]","{""error_type"": ""RuntimeError"", ""error_message"": ""Cannot create a GUI FigureManager outside the main thread using the MacOS backend. Use a non-interactive backend like 'agg' to make plots on worker threads."", ""line_no"": """", ""test_case"": """"}"
"DS1000","hallucinated","DS0615","","","[{'type': 'type_error', 'function': 'bar', 'invalid_arg': 'color', 'line': 5}, {'type': 'type_error', 'function': 'savefig', 'invalid_arg': 'bbox_inches', 'line': 6}]","{""error_type"": ""RuntimeError"", ""error_message"": ""Cannot create a GUI FigureManager outside the main thread using the MacOS backend. Use a non-interactive backend like 'agg' to make plots on worker threads."", ""line_no"": """", ""test_case"": """"}"
"DS1000","hallucinated","DS0616","","","[{'type': 'type_error', 'function': 'axvline', 'invalid_arg': 'color', 'line': 3}, {'type': 'type_error', 'function': 'axvline', 'invalid_arg': 'linestyle', 'line': 3}, {'type': 'type_error', 'function': 'axvline', 'invalid_arg': 'label', 'line': 3}, {'type': 'type_error', 'function': 'savefig', 'invalid_arg': 'bbox_inches', 'line': 4}]","{""error_type"": ""RuntimeError"", ""error_message"": ""Cannot create a GUI FigureManager outside the main thread using the MacOS backend. Use a non-interactive backend like 'agg' to make plots on worker threads."", ""line_no"": """", ""test_case"": """"}"
"DS1000","hallucinated","DS0617","","","[{'type': 'type_error', 'function': 'bar', 'invalid_arg': 'orientation', 'line': 5}, {'type': 'type_error', 'function': 'bar', 'invalid_arg': 'color', 'line': 5}, {'type': 'type_error', 'function': 'bar', 'invalid_arg': 'alpha', 'line': 5}, {'type': 'type_error', 'function': 'savefig', 'invalid_arg': 'bbox_inches', 'line': 6}]","{""error_type"": ""RuntimeError"", ""error_message"": ""Cannot create a GUI FigureManager outside the main thread using the MacOS backend. Use a non-interactive backend like 'agg' to make plots on worker threads."", ""line_no"": """", ""test_case"": """"}"
"DS1000","hallucinated","DS0618","","","[{'type': 'type_error', 'function': 'savefig', 'invalid_arg': 'bbox_inches', 'line': 6}]","{""error_type"": ""RuntimeError"", ""error_message"": ""Cannot create a GUI FigureManager outside the main thread using the MacOS backend. Use a non-interactive backend like 'agg' to make plots on worker threads."", ""line_no"": """", ""test_case"": """"}"
"DS1000","hallucinated","DS0619","","","[{'type': 'type_error', 'function': 'savefig', 'invalid_arg': 'bbox_inches', 'line': 8}]","{""error_type"": ""RuntimeError"", ""error_message"": ""Cannot create a GUI FigureManager outside the main thread using the MacOS backend. Use a non-interactive backend like 'agg' to make plots on worker threads."", ""line_no"": """", ""test_case"": """"}"
"DS1000","hallucinated","DS0620","","","[{'type': 'type_error', 'function': 'grid', 'invalid_arg': 'linestyle', 'line': 8}, {'type': 'type_error', 'function': 'grid', 'invalid_arg': 'color', 'line': 8}, {'type': 'type_error', 'function': 'grid', 'invalid_arg': 'linestyle', 'line': 9}, {'type': 'type_error', 'function': 'grid', 'invalid_arg': 'color', 'line': 9}, {'type': 'type_error', 'function': 'savefig', 'invalid_arg': 'bbox_inches', 'line': 10}]","{""error_type"": ""RuntimeError"", ""error_message"": ""Cannot create a GUI FigureManager outside the main thread using the MacOS backend. Use a non-interactive backend like 'agg' to make plots on worker threads."", ""line_no"": """", ""test_case"": """"}"
"DS1000","hallucinated","DS0621","","","[{'type': 'type_error', 'function': 'legend', 'invalid_arg': 'title', 'line': 9}, {'type': 'type_error', 'function': 'savefig', 'invalid_arg': 'bbox_inches', 'line': 10}]","{""error_type"": ""RuntimeError"", ""error_message"": ""Cannot create a GUI FigureManager outside the main thread using the MacOS backend. Use a non-interactive backend like 'agg' to make plots on worker threads."", ""line_no"": """", ""test_case"": """"}"
"DS1000","hallucinated","DS0622","","","[{'type': 'type_error', 'function': 'legend', 'invalid_arg': 'title', 'line': 9}, {'type': 'type_error', 'function': 'savefig', 'invalid_arg': 'bbox_inches', 'line': 10}]","{""error_type"": ""RuntimeError"", ""error_message"": ""Cannot create a GUI FigureManager outside the main thread using the MacOS backend. Use a non-interactive backend like 'agg' to make plots on worker threads."", ""line_no"": """", ""test_case"": """"}"
"DS1000","hallucinated","DS0623","","","[{'type': 'type_error', 'function': 'plot', 'invalid_arg': 'color', 'line': 7}, {'type': 'type_error', 'function': 'plot', 'invalid_arg': 'markerfacecolor', 'line': 7}, {'type': 'type_error', 'function': 'plot', 'invalid_arg': 'markeredgecolor', 'line': 7}, {'type': 'type_error', 'function': 'plot', 'invalid_arg': 'markersize', 'line': 7}, {'type': 'type_error', 'function': 'savefig', 'invalid_arg': 'bbox_inches', 'line': 8}]","{""error_type"": ""RuntimeError"", ""error_message"": ""Cannot create a GUI FigureManager outside the main thread using the MacOS backend. Use a non-interactive backend like 'agg' to make plots on worker threads."", ""line_no"": """", ""test_case"": """"}"
"DS1000","hallucinated","DS0624","","","[{'type': 'type_error', 'function': 'axvline', 'invalid_arg': 'color', 'line': 10}, {'type': 'type_error', 'function': 'savefig', 'invalid_arg': 'bbox_inches', 'line': 11}]","{""error_type"": ""RuntimeError"", ""error_message"": ""Cannot create a GUI FigureManager outside the main thread using the MacOS backend. Use a non-interactive backend like 'agg' to make plots on worker threads."", ""line_no"": """", ""test_case"": """"}"
"DS1000","hallucinated","DS0625","","","[{'type': 'type_error', 'function': 'bar', 'invalid_arg': 'color', 'line': 6}, {'type': 'type_error', 'function': 'bar', 'invalid_arg': 'label', 'line': 6}, {'type': 'type_error', 'function': 'bar', 'invalid_arg': 'color', 'line': 7}, {'type': 'type_error', 'function': 'bar', 'invalid_arg': 'label', 'line': 7}, {'type': 'type_error', 'function': 'savefig', 'invalid_arg': 'bbox_inches', 'line': 9}]","{""error_type"": ""RuntimeError"", ""error_message"": ""Cannot create a GUI FigureManager outside the main thread using the MacOS backend. Use a non-interactive backend like 'agg' to make plots on worker threads."", ""line_no"": """", ""test_case"": """"}"
"DS1000","hallucinated","DS0626","","","[{'type': 'type_error', 'function': 'plot', 'invalid_arg': 'label', 'line': 10}, {'type': 'type_error', 'function': 'plot', 'invalid_arg': 'label', 'line': 11}, {'type': 'type_error', 'function': 'legend', 'invalid_arg': 'loc', 'line': 12}, {'type': 'type_error', 'function': 'plot', 'invalid_arg': 'label', 'line': 15}, {'type': 'type_error', 'function': 'legend', 'invalid_arg': 'loc', 'line': 16}, {'type': 'type_error', 'function': 'savefig', 'invalid_arg': 'bbox_inches', 'line': 19}]","{""error_type"": ""RuntimeError"", ""error_message"": ""Cannot create a GUI FigureManager outside the main thread using the MacOS backend. Use a non-interactive backend like 'agg' to make plots on worker threads."", ""line_no"": ""17.0"", ""test_case"": """"}"
"DS1000","hallucinated","DS0627","","","[{'type': 'type_error', 'function': 'savefig', 'invalid_arg': 'bbox_inches', 'line': 9}]","{""error_type"": ""RuntimeError"", ""error_message"": ""Cannot create a GUI FigureManager outside the main thread using the MacOS backend. Use a non-interactive backend like 'agg' to make plots on worker threads."", ""line_no"": """", ""test_case"": """"}"
"DS1000","hallucinated","DS0628","","","[{'type': 'type_error', 'function': 'plot', 'invalid_arg': 'marker', 'line': 7}, {'type': 'type_error', 'function': 'savefig', 'invalid_arg': 'bbox_inches', 'line': 10}]","{""error_type"": ""RuntimeError"", ""error_message"": ""Cannot create a GUI FigureManager outside the main thread using the MacOS backend. Use a non-interactive backend like 'agg' to make plots on worker threads."", ""line_no"": """", ""test_case"": """"}"
"DS1000","hallucinated","DS0629","","","[{'type': 'type_error', 'function': 'savefig', 'invalid_arg': 'bbox_inches', 'line': 8}]","{""error_type"": ""RuntimeError"", ""error_message"": ""Cannot create a GUI FigureManager outside the main thread using the MacOS backend. Use a non-interactive backend like 'agg' to make plots on worker threads."", ""line_no"": """", ""test_case"": """"}"
"DS1000","hallucinated","DS0630","","","[{'type': 'type_error', 'function': 'savefig', 'invalid_arg': 'bbox_inches', 'line': 4}]","{""error_type"": ""RuntimeError"", ""error_message"": ""Cannot create a GUI FigureManager outside the main thread using the MacOS backend. Use a non-interactive backend like 'agg' to make plots on worker threads."", ""line_no"": """", ""test_case"": """"}"
"DS1000","hallucinated","DS0631","","","[{'type': 'type_error', 'function': 'title', 'invalid_arg': 'fontsize', 'line': 7}, {'type': 'type_error', 'function': 'savefig', 'invalid_arg': 'bbox_inches', 'line': 8}]","{""error_type"": ""RuntimeError"", ""error_message"": ""Cannot create a GUI FigureManager outside the main thread using the MacOS backend. Use a non-interactive backend like 'agg' to make plots on worker threads."", ""line_no"": """", ""test_case"": """"}"
"DS1000","hallucinated","DS0632","","","[{'type': 'type_error', 'function': 'plot', 'invalid_arg': 'label', 'line': 7}, {'type': 'type_error', 'function': 'legend', 'invalid_arg': 'handlelength', 'line': 8}, {'type': 'type_error', 'function': 'savefig', 'invalid_arg': 'bbox_inches', 'line': 10}]","{""error_type"": ""RuntimeError"", ""error_message"": ""Cannot create a GUI FigureManager outside the main thread using the MacOS backend. Use a non-interactive backend like 'agg' to make plots on worker threads."", ""line_no"": """", ""test_case"": """"}"
"DS1000","hallucinated","DS0633","","","[{'type': 'type_error', 'function': 'plot', 'invalid_arg': 'label', 'line': 7}, {'type': 'type_error', 'function': 'legend', 'invalid_arg': 'handlelength', 'line': 8}, {'type': 'type_error', 'function': 'savefig', 'invalid_arg': 'bbox_inches', 'line': 9}]","{""error_type"": ""RuntimeError"", ""error_message"": ""Cannot create a GUI FigureManager outside the main thread using the MacOS backend. Use a non-interactive backend like 'agg' to make plots on worker threads."", ""line_no"": """", ""test_case"": """"}"
"DS1000","hallucinated","DS0634","","","[{'type': 'type_error', 'function': 'plot', 'invalid_arg': 'label', 'line': 7}, {'type': 'type_error', 'function': 'plot', 'invalid_arg': 'label', 'line': 8}, {'type': 'type_error', 'function': 'legend', 'invalid_arg': 'ncol', 'line': 9}, {'type': 'type_error', 'function': 'savefig', 'invalid_arg': 'bbox_inches', 'line': 10}]","{""error_type"": ""RuntimeError"", ""error_message"": ""Cannot create a GUI FigureManager outside the main thread using the MacOS backend. Use a non-interactive backend like 'agg' to make plots on worker threads."", ""line_no"": """", ""test_case"": """"}"
"DS1000","hallucinated","DS0635","","","[{'type': 'type_error', 'function': 'plot', 'invalid_arg': 'marker', 'line': 7}, {'type': 'type_error', 'function': 'plot', 'invalid_arg': 'label', 'line': 7}, {'type': 'type_error', 'function': 'scatter', 'invalid_arg': 'color', 'line': 9}, {'type': 'type_error', 'function': 'scatter', 'invalid_arg': 'label', 'line': 9}, {'type': 'type_error', 'function': 'savefig', 'invalid_arg': 'bbox_inches', 'line': 10}]","{""error_type"": ""RuntimeError"", ""error_message"": ""Cannot create a GUI FigureManager outside the main thread using the MacOS backend. Use a non-interactive backend like 'agg' to make plots on worker threads."", ""line_no"": """", ""test_case"": """"}"
"DS1000","hallucinated","DS0636","","","[{'type': 'type_error', 'function': 'savefig', 'invalid_arg': 'bbox_inches', 'line': 7}]","{""error_type"": ""RuntimeError"", ""error_message"": ""Cannot create a GUI FigureManager outside the main thread using the MacOS backend. Use a non-interactive backend like 'agg' to make plots on worker threads."", ""line_no"": """", ""test_case"": """"}"
"DS1000","hallucinated","DS0637","","","[{'type': 'type_error', 'function': 'title', 'invalid_arg': 'fontweight', 'line': 7}, {'type': 'type_error', 'function': 'savefig', 'invalid_arg': 'bbox_inches', 'line': 8}]","{""error_type"": ""RuntimeError"", ""error_message"": ""Cannot create a GUI FigureManager outside the main thread using the MacOS backend. Use a non-interactive backend like 'agg' to make plots on worker threads."", ""line_no"": """", ""test_case"": """"}"
"DS1000","hallucinated","DS0638","","","[{'type': 'type_error', 'function': 'savefig', 'invalid_arg': 'bbox_inches', 'line': 13}]","{""error_type"": ""RuntimeError"", ""error_message"": ""Cannot create a GUI FigureManager outside the main thread using the MacOS backend. Use a non-interactive backend like 'agg' to make plots on worker threads."", ""line_no"": """", ""test_case"": """"}"
"DS1000","hallucinated","DS0639","","","[{'type': 'type_error', 'function': 'savefig', 'invalid_arg': 'bbox_inches', 'line': 9}]","{""error_type"": ""RuntimeError"", ""error_message"": ""Cannot create a GUI FigureManager outside the main thread using the MacOS backend. Use a non-interactive backend like 'agg' to make plots on worker threads."", ""line_no"": """", ""test_case"": """"}"
"DS1000","hallucinated","DS0640","","","[{'type': 'type_error', 'function': 'savefig', 'invalid_arg': 'bbox_inches', 'line': 10}]","{""error_type"": ""RuntimeError"", ""error_message"": ""Cannot create a GUI FigureManager outside the main thread using the MacOS backend. Use a non-interactive backend like 'agg' to make plots on worker threads."", ""line_no"": """", ""test_case"": """"}"
"DS1000","hallucinated","DS0641","","","[{'type': 'type_error', 'function': 'scatter', 'invalid_arg': 'edgecolor', 'line': 7}, {'type': 'type_error', 'function': 'savefig', 'invalid_arg': 'bbox_inches', 'line': 8}]","{""error_type"": ""RuntimeError"", ""error_message"": ""Cannot create a GUI FigureManager outside the main thread using the MacOS backend. Use a non-interactive backend like 'agg' to make plots on worker threads."", ""line_no"": """", ""test_case"": """"}"
"DS1000","hallucinated","DS0642","","","[{'type': 'type_error', 'function': 'subplots', 'invalid_arg': 'figsize', 'line': 7}, {'type': 'type_error', 'function': 'savefig', 'invalid_arg': 'bbox_inches', 'line': 10}, {'type': 'type_error', 'function': 'savefig', 'invalid_arg': 'bbox_inches', 'line': 11}]","{""error_type"": ""RuntimeError"", ""error_message"": ""Cannot create a GUI FigureManager outside the main thread using the MacOS backend. Use a non-interactive backend like 'agg' to make plots on worker threads."", ""line_no"": """", ""test_case"": """"}"
"DS1000","hallucinated","DS0643","","","[{'type': 'type_error', 'function': 'hist', 'invalid_arg': 'edgecolor', 'line': 6}, {'type': 'type_error', 'function': 'hist', 'invalid_arg': 'width', 'line': 6}, {'type': 'type_error', 'function': 'savefig', 'invalid_arg': 'bbox_inches', 'line': 7}]","{""error_type"": ""RuntimeError"", ""error_message"": ""Cannot create a GUI FigureManager outside the main thread using the MacOS backend. Use a non-interactive backend like 'agg' to make plots on worker threads."", ""line_no"": """", ""test_case"": """"}"
"DS1000","hallucinated","DS0644","","","[{'type': 'type_error', 'function': 'fill_between', 'invalid_arg': 'alpha', 'line': 7}, {'type': 'type_error', 'function': 'savefig', 'invalid_arg': 'bbox_inches', 'line': 8}]","{""error_type"": ""RuntimeError"", ""error_message"": ""Cannot create a GUI FigureManager outside the main thread using the MacOS backend. Use a non-interactive backend like 'agg' to make plots on worker threads."", ""line_no"": """", ""test_case"": """"}"
"DS1000","hallucinated","DS0645","","","[{'type': 'type_error', 'function': 'plot', 'invalid_arg': 'linewidth', 'line': 8}, {'type': 'type_error', 'function': 'plot', 'invalid_arg': 'linewidth', 'line': 9}, {'type': 'type_error', 'function': 'savefig', 'invalid_arg': 'bbox_inches', 'line': 10}]","{""error_type"": ""RuntimeError"", ""error_message"": ""Cannot create a GUI FigureManager outside the main thread using the MacOS backend. Use a non-interactive backend like 'agg' to make plots on worker threads."", ""line_no"": """", ""test_case"": """"}"
"DS1000","hallucinated","DS0646","","","[{'type': 'type_error', 'function': 'savefig', 'invalid_arg': 'bbox_inches', 'line': 9}]","{""error_type"": ""RuntimeError"", ""error_message"": ""Cannot create a GUI FigureManager outside the main thread using the MacOS backend. Use a non-interactive backend like 'agg' to make plots on worker threads."", ""line_no"": """", ""test_case"": """"}"
"DS1000","hallucinated","DS0647","","","[{'type': 'type_error', 'function': 'suptitle', 'invalid_arg': 'y', 'line': 16}, {'type': 'type_error', 'function': 'savefig', 'invalid_arg': 'bbox_inches', 'line': 19}]","{""error_type"": ""RuntimeError"", ""error_message"": ""Cannot create a GUI FigureManager outside the main thread using the MacOS backend. Use a non-interactive backend like 'agg' to make plots on worker threads."", ""line_no"": ""17.0"", ""test_case"": """"}"
"DS1000","hallucinated","DS0648","","","[{'type': 'type_error', 'function': 'subplots', 'invalid_arg': 'figsize', 'line': 7}, {'type': 'type_error', 'function': 'savefig', 'invalid_arg': 'bbox_inches', 'line': 14}]","{""error_type"": ""RuntimeError"", ""error_message"": ""Cannot create a GUI FigureManager outside the main thread using the MacOS backend. Use a non-interactive backend like 'agg' to make plots on worker threads."", ""line_no"": """", ""test_case"": """"}"
"DS1000","hallucinated","DS0649","","","[{'type': 'type_error', 'function': 'matshow', 'invalid_arg': 'cmap', 'line': 5}, {'type': 'type_error', 'function': 'matshow', 'invalid_arg': 'figsize', 'line': 5}, {'type': 'type_error', 'function': 'savefig', 'invalid_arg': 'bbox_inches', 'line': 6}]","{""error_type"": ""RuntimeError"", ""error_message"": ""Cannot create a GUI FigureManager outside the main thread using the MacOS backend. Use a non-interactive backend like 'agg' to make plots on worker threads."", ""line_no"": """", ""test_case"": """"}"
"DS1000","hallucinated","DS0650","","","[{'type': 'type_error', 'function': 'savefig', 'invalid_arg': 'bbox_inches', 'line': 10}]","{""error_type"": ""RuntimeError"", ""error_message"": ""Cannot create a GUI FigureManager outside the main thread using the MacOS backend. Use a non-interactive backend like 'agg' to make plots on worker threads."", ""line_no"": """", ""test_case"": """"}"
"DS1000","hallucinated","DS0651","","","[{'type': 'type_error', 'function': 'xticks', 'invalid_arg': 'rotation', 'line': 8}, {'type': 'type_error', 'function': 'xticks', 'invalid_arg': 'ha', 'line': 8}, {'type': 'type_error', 'function': 'xticks', 'invalid_arg': 'va', 'line': 8}, {'type': 'type_error', 'function': 'xticks', 'invalid_arg': 'labelpad', 'line': 8}, {'type': 'type_error', 'function': 'savefig', 'invalid_arg': 'bbox_inches', 'line': 10}]","{""error_type"": ""RuntimeError"", ""error_message"": ""Cannot create a GUI FigureManager outside the main thread using the MacOS backend. Use a non-interactive backend like 'agg' to make plots on worker threads."", ""line_no"": """", ""test_case"": """"}"
"DS1000","hallucinated","DS0652","","","[{'type': 'type_error', 'function': 'tick_params', 'invalid_arg': 'which', 'line': 9}, {'type': 'type_error', 'function': 'tick_params', 'invalid_arg': 'labelsize', 'line': 9}, {'type': 'type_error', 'function': 'savefig', 'invalid_arg': 'bbox_inches', 'line': 11}]","{""error_type"": ""RuntimeError"", ""error_message"": ""Cannot create a GUI FigureManager outside the main thread using the MacOS backend. Use a non-interactive backend like 'agg' to make plots on worker threads."", ""line_no"": """", ""test_case"": """"}"
"DS1000","hallucinated","DS0653","","","[{'type': 'type_error', 'function': 'tick_params', 'invalid_arg': 'which', 'line': 9}, {'type': 'type_error', 'function': 'tick_params', 'invalid_arg': 'bottom', 'line': 9}, {'type': 'type_error', 'function': 'savefig', 'invalid_arg': 'bbox_inches', 'line': 11}]","{""error_type"": ""RuntimeError"", ""error_message"": ""Cannot create a GUI FigureManager outside the main thread using the MacOS backend. Use a non-interactive backend like 'agg' to make plots on worker threads."", ""line_no"": """", ""test_case"": """"}"
"DS1000","hallucinated","DS0654","","","[{'type': 'type_error', 'function': 'savefig', 'invalid_arg': 'bbox_inches', 'line': 10}]","{""error_type"": ""RuntimeError"", ""error_message"": ""Cannot create a GUI FigureManager outside the main thread using the MacOS backend. Use a non-interactive backend like 'agg' to make plots on worker threads."", ""line_no"": """", ""test_case"": """"}"
"DS1000","hallucinated","DS0655","","","[{'type': 'type_error', 'function': 'savefig', 'invalid_arg': 'bbox_inches', 'line': 8}]","{""error_type"": ""RuntimeError"", ""error_message"": ""Cannot create a GUI FigureManager outside the main thread using the MacOS backend. Use a non-interactive backend like 'agg' to make plots on worker threads."", ""line_no"": """", ""test_case"": """"}"
"DS1000","hallucinated","DS0656","","","[{'type': 'type_error', 'function': 'savefig', 'invalid_arg': 'bbox_inches', 'line': 8}]","{""error_type"": ""RuntimeError"", ""error_message"": ""Cannot create a GUI FigureManager outside the main thread using the MacOS backend. Use a non-interactive backend like 'agg' to make plots on worker threads."", ""line_no"": """", ""test_case"": """"}"
"DS1000","hallucinated","DS0657","","","[{'type': 'type_error', 'function': 'plot', 'invalid_arg': 'label', 'line': 7}, {'type': 'type_error', 'function': 'legend', 'invalid_arg': 'fontsize', 'line': 8}, {'type': 'type_error', 'function': 'savefig', 'invalid_arg': 'bbox_inches', 'line': 9}]","{""error_type"": ""RuntimeError"", ""error_message"": ""Cannot create a GUI FigureManager outside the main thread using the MacOS backend. Use a non-interactive backend like 'agg' to make plots on worker threads."", ""line_no"": """", ""test_case"": """"}"
"DS1000","hallucinated","DS0658","","","[{'type': 'type_error', 'function': 'savefig', 'invalid_arg': 'bbox_inches', 'line': 8}]","{""error_type"": ""RuntimeError"", ""error_message"": ""Cannot create a GUI FigureManager outside the main thread using the MacOS backend. Use a non-interactive backend like 'agg' to make plots on worker threads."", ""line_no"": """", ""test_case"": """"}"
"DS1000","hallucinated","DS0659","","","[{'type': 'type_error', 'function': 'plot', 'invalid_arg': 'label', 'line': 7}, {'type': 'type_error', 'function': 'legend', 'invalid_arg': 'frameon', 'line': 8}, {'type': 'type_error', 'function': 'savefig', 'invalid_arg': 'bbox_inches', 'line': 9}]","{""error_type"": ""RuntimeError"", ""error_message"": ""Cannot create a GUI FigureManager outside the main thread using the MacOS backend. Use a non-interactive backend like 'agg' to make plots on worker threads."", ""line_no"": """", ""test_case"": """"}"
"DS1000","hallucinated","DS0660","","","[{'type': 'type_error', 'function': 'plot', 'invalid_arg': 'label', 'line': 10}, {'type': 'type_error', 'function': 'plot', 'invalid_arg': 'label', 'line': 11}, {'type': 'type_error', 'function': 'plot', 'invalid_arg': 'label', 'line': 12}, {'type': 'type_error', 'function': 'savefig', 'invalid_arg': 'bbox_inches', 'line': 14}]","{""error_type"": ""RuntimeError"", ""error_message"": ""Cannot create a GUI FigureManager outside the main thread using the MacOS backend. Use a non-interactive backend like 'agg' to make plots on worker threads."", ""line_no"": """", ""test_case"": """"}"
"DS1000","hallucinated","DS0661","","","[{'type': 'type_error', 'function': 'savefig', 'invalid_arg': 'bbox_inches', 'line': 8}]","{""error_type"": ""RuntimeError"", ""error_message"": ""Cannot create a GUI FigureManager outside the main thread using the MacOS backend. Use a non-interactive backend like 'agg' to make plots on worker threads."", ""line_no"": """", ""test_case"": """"}"
"DS1000","hallucinated","DS0662","","","[{'type': 'type_error', 'function': 'savefig', 'invalid_arg': 'bbox_inches', 'line': 15}]","{""error_type"": ""RuntimeError"", ""error_message"": ""Cannot create a GUI FigureManager outside the main thread using the MacOS backend. Use a non-interactive backend like 'agg' to make plots on worker threads."", ""line_no"": """", ""test_case"": """"}"
"DS1000","hallucinated","DS0663","","","[{'type': 'type_error', 'function': 'gca', 'invalid_arg': 'projection', 'line': 8}, {'type': 'type_error', 'function': 'savefig', 'invalid_arg': 'bbox_inches', 'line': 11}]","{""error_type"": ""RuntimeError"", ""error_message"": ""Cannot create a GUI FigureManager outside the main thread using the MacOS backend. Use a non-interactive backend like 'agg' to make plots on worker threads."", ""line_no"": """", ""test_case"": """"}"
"DS1000","hallucinated","DS0664","","","[{'type': 'type_error', 'function': 'savefig', 'invalid_arg': 'bbox_inches', 'line': 12}, {'type': 'type_error', 'function': 'savefig', 'invalid_arg': 'bbox_inches', 'line': 13}]","{""error_type"": ""RuntimeError"", ""error_message"": ""Cannot create a GUI FigureManager outside the main thread using the MacOS backend. Use a non-interactive backend like 'agg' to make plots on worker threads."", ""line_no"": """", ""test_case"": """"}"
"DS1000","hallucinated","DS0665","","","[{'type': 'type_error', 'function': 'savefig', 'invalid_arg': 'bbox_inches', 'line': 16}]","{""error_type"": ""RuntimeError"", ""error_message"": ""Cannot create a GUI FigureManager outside the main thread using the MacOS backend. Use a non-interactive backend like 'agg' to make plots on worker threads."", ""line_no"": """", ""test_case"": """"}"
"DS1000","hallucinated","DS0666","","","[{'type': 'module_not_found', 'module': 'tensorflow', 'line': 2}]","{""error_type"": ""ModuleNotFoundError"", ""error_message"": ""No module named 'tensorflow'"", ""line_no"": """", ""test_case"": """"}"
"DS1000","hallucinated","DS0667","","","[{'type': 'module_not_found', 'module': 'tensorflow', 'line': 2}]","{""error_type"": ""ModuleNotFoundError"", ""error_message"": ""No module named 'tensorflow'"", ""line_no"": """", ""test_case"": """"}"
"DS1000","hallucinated","DS0668","","","[{'type': 'module_not_found', 'module': 'tensorflow', 'line': 2}]","{""error_type"": ""ModuleNotFoundError"", ""error_message"": ""No module named 'tensorflow'"", ""line_no"": """", ""test_case"": """"}"
"DS1000","hallucinated","DS0669","","","[{'type': 'module_not_found', 'module': 'tensorflow', 'line': 2}]","{""error_type"": ""ModuleNotFoundError"", ""error_message"": ""No module named 'tensorflow'"", ""line_no"": """", ""test_case"": """"}"
"DS1000","hallucinated","DS0670","","","[{'type': 'module_not_found', 'module': 'tensorflow', 'line': 2}]","{""error_type"": ""ModuleNotFoundError"", ""error_message"": ""No module named 'tensorflow'"", ""line_no"": """", ""test_case"": """"}"
"DS1000","hallucinated","DS0671","{""type"": ""IndentationError"", ""value"": 5, ""message"": ""expected an indented block after function definition on line 4 (<unknown>, line 5)""}","","","{""error_type"": ""ModuleNotFoundError"", ""error_message"": ""No module named 'tensorflow'"", ""line_no"": """", ""test_case"": """"}"
"DS1000","hallucinated","DS0672","","","[{'type': 'module_not_found', 'module': 'tensorflow', 'line': 2}]","{""error_type"": ""ModuleNotFoundError"", ""error_message"": ""No module named 'tensorflow'"", ""line_no"": """", ""test_case"": """"}"
"DS1000","hallucinated","DS0673","","","[{'type': 'module_not_found', 'module': 'tensorflow', 'line': 2}]","{""error_type"": ""ModuleNotFoundError"", ""error_message"": ""No module named 'tensorflow'"", ""line_no"": """", ""test_case"": """"}"
"DS1000","hallucinated","DS0674","{""type"": ""IndentationError"", ""value"": 6, ""message"": ""expected an indented block after function definition on line 5 (<unknown>, line 6)""}","","","{""error_type"": ""ModuleNotFoundError"", ""error_message"": ""No module named 'tensorflow'"", ""line_no"": """", ""test_case"": """"}"
"DS1000","hallucinated","DS0675","","","[{'type': 'module_not_found', 'module': 'tensorflow', 'line': 2}]","{""error_type"": ""ModuleNotFoundError"", ""error_message"": ""No module named 'tensorflow'"", ""line_no"": """", ""test_case"": """"}"
"DS1000","hallucinated","DS0676","","","[{'type': 'module_not_found', 'module': 'tensorflow', 'line': 2}]","{""error_type"": ""ModuleNotFoundError"", ""error_message"": ""No module named 'tensorflow'"", ""line_no"": """", ""test_case"": """"}"
"DS1000","hallucinated","DS0677","","","[{'type': 'module_not_found', 'module': 'tensorflow', 'line': 2}]","{""error_type"": ""ModuleNotFoundError"", ""error_message"": ""No module named 'tensorflow'"", ""line_no"": """", ""test_case"": """"}"
"DS1000","hallucinated","DS0678","{""type"": ""IndentationError"", ""value"": 5, ""message"": ""expected an indented block after function definition on line 4 (<unknown>, line 5)""}","","","{""error_type"": ""ModuleNotFoundError"", ""error_message"": ""No module named 'tensorflow'"", ""line_no"": """", ""test_case"": """"}"
"DS1000","hallucinated","DS0679","","","[{'type': 'module_not_found', 'module': 'tensorflow', 'line': 2}]","{""error_type"": ""ModuleNotFoundError"", ""error_message"": ""No module named 'tensorflow'"", ""line_no"": """", ""test_case"": """"}"
"DS1000","hallucinated","DS0680","","","[{'type': 'module_not_found', 'module': 'tensorflow', 'line': 2}]","{""error_type"": ""ModuleNotFoundError"", ""error_message"": ""No module named 'tensorflow'"", ""line_no"": """", ""test_case"": """"}"
"DS1000","hallucinated","DS0681","{""type"": ""IndentationError"", ""value"": 5, ""message"": ""expected an indented block after function definition on line 4 (<unknown>, line 5)""}","","","{""error_type"": ""ModuleNotFoundError"", ""error_message"": ""No module named 'tensorflow'"", ""line_no"": """", ""test_case"": """"}"
"DS1000","hallucinated","DS0682","","","[{'type': 'module_not_found', 'module': 'tensorflow', 'line': 2}]","{""error_type"": ""ModuleNotFoundError"", ""error_message"": ""No module named 'tensorflow'"", ""line_no"": """", ""test_case"": """"}"
"DS1000","hallucinated","DS0683","","","[{'type': 'module_not_found', 'module': 'tensorflow', 'line': 2}]","{""error_type"": ""ModuleNotFoundError"", ""error_message"": ""No module named 'tensorflow'"", ""line_no"": """", ""test_case"": """"}"
"DS1000","hallucinated","DS0684","","","[{'type': 'module_not_found', 'module': 'tensorflow', 'line': 2}]","{""error_type"": ""ModuleNotFoundError"", ""error_message"": ""No module named 'tensorflow'"", ""line_no"": """", ""test_case"": """"}"
"DS1000","hallucinated","DS0685","","","[{'type': 'module_not_found', 'module': 'tensorflow', 'line': 2}]","{""error_type"": ""ModuleNotFoundError"", ""error_message"": ""No module named 'tensorflow'"", ""line_no"": """", ""test_case"": """"}"
"DS1000","hallucinated","DS0686","","","[{'type': 'module_not_found', 'module': 'tensorflow', 'line': 2}]","{""error_type"": ""ModuleNotFoundError"", ""error_message"": ""No module named 'tensorflow'"", ""line_no"": """", ""test_case"": """"}"
"DS1000","hallucinated","DS0687","","","[{'type': 'module_not_found', 'module': 'tensorflow', 'line': 3}]","{""error_type"": ""ModuleNotFoundError"", ""error_message"": ""No module named 'tensorflow'"", ""line_no"": """", ""test_case"": """"}"
"DS1000","hallucinated","DS0688","","","[{'type': 'module_not_found', 'module': 'tensorflow', 'line': 2}]","{""error_type"": ""ModuleNotFoundError"", ""error_message"": ""No module named 'tensorflow'"", ""line_no"": """", ""test_case"": """"}"
"DS1000","hallucinated","DS0689","","","[{'type': 'module_not_found', 'module': 'tensorflow', 'line': 2}]","{""error_type"": ""ModuleNotFoundError"", ""error_message"": ""No module named 'tensorflow'"", ""line_no"": """", ""test_case"": """"}"
"DS1000","hallucinated","DS0690","{""type"": ""IndentationError"", ""value"": 5, ""message"": ""expected an indented block after function definition on line 4 (<unknown>, line 5)""}","","","{""error_type"": ""ModuleNotFoundError"", ""error_message"": ""No module named 'tensorflow'"", ""line_no"": """", ""test_case"": """"}"
"DS1000","hallucinated","DS0691","","","[{'type': 'module_not_found', 'module': 'tensorflow', 'line': 2}]","{""error_type"": ""ModuleNotFoundError"", ""error_message"": ""No module named 'tensorflow'"", ""line_no"": """", ""test_case"": """"}"
"DS1000","hallucinated","DS0692","","","[{'type': 'module_not_found', 'module': 'tensorflow', 'line': 2}]","{""error_type"": ""ModuleNotFoundError"", ""error_message"": ""No module named 'tensorflow'"", ""line_no"": """", ""test_case"": """"}"
"DS1000","hallucinated","DS0693","{""type"": ""IndentationError"", ""value"": 5, ""message"": ""expected an indented block after function definition on line 4 (<unknown>, line 5)""}","","","{""error_type"": ""ModuleNotFoundError"", ""error_message"": ""No module named 'tensorflow'"", ""line_no"": """", ""test_case"": """"}"
"DS1000","hallucinated","DS0694","","","[{'type': 'module_not_found', 'module': 'tensorflow', 'line': 2}]","{""error_type"": ""ModuleNotFoundError"", ""error_message"": ""No module named 'tensorflow'"", ""line_no"": """", ""test_case"": """"}"
"DS1000","hallucinated","DS0695","","","[{'type': 'module_not_found', 'module': 'tensorflow', 'line': 2}]","{""error_type"": ""ModuleNotFoundError"", ""error_message"": ""No module named 'tensorflow'"", ""line_no"": """", ""test_case"": """"}"
"DS1000","hallucinated","DS0696","","","[{'type': 'module_not_found', 'module': 'tensorflow', 'line': 2}]","{""error_type"": ""ModuleNotFoundError"", ""error_message"": ""No module named 'tensorflow'"", ""line_no"": """", ""test_case"": """"}"
"DS1000","hallucinated","DS0697","{""type"": ""IndentationError"", ""value"": 5, ""message"": ""expected an indented block after function definition on line 4 (<unknown>, line 5)""}","","","{""error_type"": ""ModuleNotFoundError"", ""error_message"": ""No module named 'tensorflow'"", ""line_no"": """", ""test_case"": """"}"
"DS1000","hallucinated","DS0698","","","[{'type': 'module_not_found', 'module': 'tensorflow', 'line': 2}]","{""error_type"": ""ModuleNotFoundError"", ""error_message"": ""No module named 'tensorflow'"", ""line_no"": """", ""test_case"": """"}"
"DS1000","hallucinated","DS0699","","","[{'type': 'module_not_found', 'module': 'tensorflow', 'line': 2}]","{""error_type"": ""ModuleNotFoundError"", ""error_message"": ""No module named 'tensorflow'"", ""line_no"": """", ""test_case"": """"}"
"DS1000","hallucinated","DS0700","{""type"": ""IndentationError"", ""value"": 5, ""message"": ""expected an indented block after function definition on line 4 (<unknown>, line 5)""}","","","{""error_type"": ""ModuleNotFoundError"", ""error_message"": ""No module named 'tensorflow'"", ""line_no"": """", ""test_case"": """"}"
"DS1000","hallucinated","DS0701","","","[{'type': 'module_not_found', 'module': 'tensorflow', 'line': 2}]","{""error_type"": ""ModuleNotFoundError"", ""error_message"": ""No module named 'tensorflow'"", ""line_no"": """", ""test_case"": """"}"
"DS1000","hallucinated","DS0702","","","[{'type': 'module_not_found', 'module': 'tensorflow', 'line': 2}]","{""error_type"": ""ModuleNotFoundError"", ""error_message"": ""No module named 'tensorflow'"", ""line_no"": """", ""test_case"": """"}"
"DS1000","hallucinated","DS0703","","","[{'type': 'module_not_found', 'module': 'tensorflow', 'line': 2}]","{""error_type"": ""ModuleNotFoundError"", ""error_message"": ""No module named 'tensorflow'"", ""line_no"": """", ""test_case"": """"}"
"DS1000","hallucinated","DS0704","{""type"": ""IndentationError"", ""value"": 5, ""message"": ""expected an indented block after function definition on line 4 (<unknown>, line 5)""}","","","{""error_type"": ""ModuleNotFoundError"", ""error_message"": ""No module named 'tensorflow'"", ""line_no"": """", ""test_case"": """"}"
"DS1000","hallucinated","DS0705","","","[{'type': 'module_not_found', 'module': 'tensorflow', 'line': 2}]","{""error_type"": ""ModuleNotFoundError"", ""error_message"": ""No module named 'tensorflow'"", ""line_no"": """", ""test_case"": """"}"
"DS1000","hallucinated","DS0706","","","[{'type': 'module_not_found', 'module': 'tensorflow', 'line': 6}, {'type': 'module_not_found', 'module': 'tensorflow.keras.models', 'line': 7}, {'type': 'module_not_found', 'module': 'tensorflow.keras.layers', 'line': 8}]","{""error_type"": ""ModuleNotFoundError"", ""error_message"": ""No module named 'tensorflow'"", ""line_no"": """", ""test_case"": ""[[\""114514\"", \""1\"", \""0\""]]""}"
"DS1000","hallucinated","DS0707","","","[{'type': 'module_not_found', 'module': 'tensorflow', 'line': 2}, {'type': 'module_not_found', 'module': 'tensorflow', 'line': 4}]","{""error_type"": ""ModuleNotFoundError"", ""error_message"": ""No module named 'tensorflow'"", ""line_no"": """", ""test_case"": """"}"
"DS1000","hallucinated","DS0708","","","[{'type': 'module_not_found', 'module': 'tensorflow', 'line': 2}, {'type': 'module_not_found', 'module': 'tensorflow', 'line': 4}]","{""error_type"": ""ModuleNotFoundError"", ""error_message"": ""No module named 'tensorflow'"", ""line_no"": """", ""test_case"": """"}"
"DS1000","hallucinated","DS0709","{""type"": ""IndentationError"", ""value"": 5, ""message"": ""expected an indented block after function definition on line 4 (<unknown>, line 5)""}","","","{""error_type"": ""ModuleNotFoundError"", ""error_message"": ""No module named 'tensorflow'"", ""line_no"": """", ""test_case"": """"}"
"DS1000","hallucinated","DS0710","","","[{'type': 'module_not_found', 'module': 'tensorflow', 'line': 2}]","{""error_type"": ""ModuleNotFoundError"", ""error_message"": ""No module named 'tensorflow'"", ""line_no"": """", ""test_case"": """"}"
"DS1000","hallucinated","DS0711","","","","{""error_type"": ""ModuleNotFoundError"", ""error_message"": ""No module named 'scipy'"", ""line_no"": """", ""test_case"": ""[[\""(array([ 1,  7, 20, 50, 79]), array([10, 19, 30, 35, 51]))\"", \""array([8.462956072171163, 6.6186746339494915])\"", \""<Execution Error: name 'np' is not defined>\""]]""}"
"DS1000","hallucinated","DS0712","","","","{""error_type"": ""ModuleNotFoundError"", ""error_message"": ""No module named 'scipy'"", ""line_no"": """", ""test_case"": ""[[\""(array([ 1,  7, 20, 50, 79]), array([10, 19, 30, 35, 51]))\"", \""array([6.6186746339494915, 8.462956072171163])\"", \""<Execution Error: name 'np' is not defined>\""]]""}"
"DS1000","hallucinated","DS0713","","","","{""error_type"": ""ModuleNotFoundError"", ""error_message"": ""No module named 'scipy'"", ""line_no"": """", ""test_case"": """"}"
"DS1000","hallucinated","DS0714","","","","{""error_type"": ""ModuleNotFoundError"", ""error_message"": ""No module named 'scipy'"", ""line_no"": """", ""test_case"": """"}"
"DS1000","hallucinated","DS0715","","","","{""error_type"": ""ModuleNotFoundError"", ""error_message"": ""No module named 'scipy'"", ""line_no"": """", ""test_case"": """"}"
"DS1000","hallucinated","DS0716","","","","{""error_type"": ""ModuleNotFoundError"", ""error_message"": ""No module named 'scipy'"", ""line_no"": """", ""test_case"": """"}"
"DS1000","hallucinated","DS0717","","","","{""error_type"": ""ModuleNotFoundError"", ""error_message"": ""No module named 'scipy'"", ""line_no"": """", ""test_case"": """"}"
"DS1000","hallucinated","DS0718","","","","{""error_type"": ""ModuleNotFoundError"", ""error_message"": ""No module named 'scipy'"", ""line_no"": """", ""test_case"": """"}"
"DS1000","hallucinated","DS0719","","","","{""error_type"": ""ModuleNotFoundError"", ""error_message"": ""No module named 'scipy'"", ""line_no"": """", ""test_case"": """"}"
"DS1000","hallucinated","DS0720","","","","{""error_type"": ""ModuleNotFoundError"", ""error_message"": ""No module named 'scipy'"", ""line_no"": """", ""test_case"": """"}"
"DS1000","hallucinated","DS0721","","","","{""error_type"": ""ModuleNotFoundError"", ""error_message"": ""No module named 'scipy'"", ""line_no"": """", ""test_case"": ""[[\""(1.744, 2.0785)\"", \""[np.float64(49.60447864913669), np.float64(5.720178435942544)]\"", \""<Execution Error: No module named 'scipy'>\""]]""}"
"DS1000","hallucinated","DS0722","","","","{""error_type"": ""ModuleNotFoundError"", ""error_message"": ""No module named 'scipy'"", ""line_no"": """", ""test_case"": """"}"
"DS1000","hallucinated","DS0723","{""type"": ""IndentationError"", ""value"": 6, ""message"": ""expected an indented block after function definition on line 5 (<unknown>, line 6)""}","","","{""error_type"": ""ModuleNotFoundError"", ""error_message"": ""No module named 'scipy'"", ""line_no"": """", ""test_case"": """"}"
"DS1000","hallucinated","DS0724","","","","{""error_type"": ""ModuleNotFoundError"", ""error_message"": ""No module named 'scipy'"", ""line_no"": """", ""test_case"": """"}"
"DS1000","hallucinated","DS0725","","","","{""error_type"": ""ModuleNotFoundError"", ""error_message"": ""No module named 'scipy'"", ""line_no"": """", ""test_case"": """"}"
"DS1000","hallucinated","DS0726","","","[{'type': 'name_error', 'name': 'misc', 'line': 2}]","{""error_type"": ""ModuleNotFoundError"", ""error_message"": ""No module named 'scipy'"", ""line_no"": """", ""test_case"": """"}"
"DS1000","hallucinated","DS0727","","","","{""error_type"": ""ModuleNotFoundError"", ""error_message"": ""No module named 'scipy'"", ""line_no"": """", ""test_case"": """"}"
"DS1000","hallucinated","DS0728","","","","{""error_type"": ""ModuleNotFoundError"", ""error_message"": ""No module named 'scipy'"", ""line_no"": """", ""test_case"": """"}"
"DS1000","hallucinated","DS0729","{""type"": ""IndentationError"", ""value"": 14, ""message"": ""expected an indented block after function definition on line 13 (<unknown>, line 14)""}","","","{""error_type"": ""ModuleNotFoundError"", ""error_message"": ""No module named 'scipy'"", ""line_no"": """", ""test_case"": """"}"
"DS1000","hallucinated","DS0730","","","","{""error_type"": ""ModuleNotFoundError"", ""error_message"": ""No module named 'scipy'"", ""line_no"": """", ""test_case"": """"}"
"DS1000","hallucinated","DS0731","","","","{""error_type"": ""ModuleNotFoundError"", ""error_message"": ""No module named 'scipy'"", ""line_no"": """", ""test_case"": """"}"
"DS1000","hallucinated","DS0732","","","","{""error_type"": ""ModuleNotFoundError"", ""error_message"": ""No module named 'scipy'"", ""line_no"": """", ""test_case"": """"}"
"DS1000","hallucinated","DS0733","","","","{""error_type"": ""ModuleNotFoundError"", ""error_message"": ""No module named 'scipy'"", ""line_no"": """", ""test_case"": """"}"
"DS1000","hallucinated","DS0734","","","[{'type': 'attribute_error', 'object': 'scipy', 'attribute': 'spatial', 'line': 7}]","{""error_type"": ""ModuleNotFoundError"", ""error_message"": ""No module named 'scipy'"", ""line_no"": """", ""test_case"": """"}"
"DS1000","hallucinated","DS0735","","","[{'type': 'attribute_error', 'object': 'scipy', 'attribute': 'spatial', 'line': 6}]","{""error_type"": ""ModuleNotFoundError"", ""error_message"": ""No module named 'scipy'"", ""line_no"": """", ""test_case"": """"}"
"DS1000","hallucinated","DS0736","","","","{""error_type"": ""ModuleNotFoundError"", ""error_message"": ""No module named 'scipy'"", ""line_no"": """", ""test_case"": """"}"
"DS1000","hallucinated","DS0737","","","","{""error_type"": ""ModuleNotFoundError"", ""error_message"": ""No module named 'scipy'"", ""line_no"": """", ""test_case"": """"}"
"DS1000","hallucinated","DS0738","","","","{""error_type"": ""ModuleNotFoundError"", ""error_message"": ""No module named 'scipy'"", ""line_no"": """", ""test_case"": """"}"
"DS1000","hallucinated","DS0739","","[{'type': 'missing_return', 'function': 'f', 'start_line': 4, 'end_line': 5}]","","{""error_type"": ""ModuleNotFoundError"", ""error_message"": ""No module named 'scipy'"", ""line_no"": """", ""test_case"": """"}"
"DS1000","hallucinated","DS0740","","","","{""error_type"": ""ModuleNotFoundError"", ""error_message"": ""No module named 'scipy'"", ""line_no"": """", ""test_case"": """"}"
"DS1000","hallucinated","DS0741","","","","{""error_type"": ""ModuleNotFoundError"", ""error_message"": ""No module named 'scipy'"", ""line_no"": """", ""test_case"": """"}"
"DS1000","hallucinated","DS0742","{""type"": ""IndentationError"", ""value"": 5, ""message"": ""expected an indented block after function definition on line 4 (<unknown>, line 5)""}","","","{""error_type"": ""ModuleNotFoundError"", ""error_message"": ""No module named 'scipy'"", ""line_no"": """", ""test_case"": """"}"
"DS1000","hallucinated","DS0743","","","[{'type': 'attribute_error', 'object': 'scipy', 'attribute': 'ndimage', 'line': 12}, {'type': 'attribute_error', 'object': 'scipy', 'attribute': 'ndimage', 'line': 23}]","{""error_type"": ""ModuleNotFoundError"", ""error_message"": ""No module named 'scipy'"", ""line_no"": """", ""test_case"": """"}"
"DS1000","hallucinated","DS0744","","","[{'type': 'attribute_error', 'object': 'scipy', 'attribute': 'ndimage', 'line': 12}, {'type': 'attribute_error', 'object': 'scipy', 'attribute': 'ndimage', 'line': 20}]","{""error_type"": ""ModuleNotFoundError"", ""error_message"": ""No module named 'scipy'"", ""line_no"": """", ""test_case"": """"}"
"DS1000","hallucinated","DS0745","","","","{""error_type"": ""ModuleNotFoundError"", ""error_message"": ""No module named 'scipy'"", ""line_no"": """", ""test_case"": """"}"
"DS1000","hallucinated","DS0746","","","","{""error_type"": ""ModuleNotFoundError"", ""error_message"": ""No module named 'scipy'"", ""line_no"": """", ""test_case"": """"}"
"DS1000","hallucinated","DS0747","","","","{""error_type"": ""ModuleNotFoundError"", ""error_message"": ""No module named 'scipy'"", ""line_no"": """", ""test_case"": """"}"
"DS1000","hallucinated","DS0748","","","","{""error_type"": ""ModuleNotFoundError"", ""error_message"": ""No module named 'scipy'"", ""line_no"": """", ""test_case"": """"}"
"DS1000","hallucinated","DS0749","","","[{'type': 'attribute_error', 'object': 'scipy', 'attribute': 'spatial', 'line': 5}]","{""error_type"": ""ModuleNotFoundError"", ""error_message"": ""No module named 'scipy'"", ""line_no"": """", ""test_case"": """"}"
"DS1000","hallucinated","DS0750","","","[{'type': 'attribute_error', 'object': 'scipy', 'attribute': 'spatial', 'line': 5}]","{""error_type"": ""ModuleNotFoundError"", ""error_message"": ""No module named 'scipy'"", ""line_no"": """", ""test_case"": """"}"
"DS1000","hallucinated","DS0751","{""type"": ""IndentationError"", ""value"": 6, ""message"": ""expected an indented block after function definition on line 5 (<unknown>, line 6)""}","","","{""error_type"": ""ModuleNotFoundError"", ""error_message"": ""No module named 'scipy'"", ""line_no"": """", ""test_case"": """"}"
"DS1000","hallucinated","DS0752","","","","{""error_type"": ""ModuleNotFoundError"", ""error_message"": ""No module named 'scipy'"", ""line_no"": """", ""test_case"": """"}"
"DS1000","hallucinated","DS0753","","","","{""error_type"": ""ModuleNotFoundError"", ""error_message"": ""No module named 'scipy'"", ""line_no"": """", ""test_case"": """"}"
"DS1000","hallucinated","DS0754","","","","{""error_type"": ""ModuleNotFoundError"", ""error_message"": ""No module named 'scipy'"", ""line_no"": """", ""test_case"": """"}"
"DS1000","hallucinated","DS0755","","","","{""error_type"": ""ModuleNotFoundError"", ""error_message"": ""No module named 'scipy'"", ""line_no"": """", ""test_case"": """"}"
"DS1000","hallucinated","DS0756","","","","{""error_type"": ""ModuleNotFoundError"", ""error_message"": ""No module named 'scipy'"", ""line_no"": """", ""test_case"": """"}"
"DS1000","hallucinated","DS0757","","","","{""error_type"": ""ModuleNotFoundError"", ""error_message"": ""No module named 'scipy'"", ""line_no"": """", ""test_case"": """"}"
"DS1000","hallucinated","DS0758","","","","{""error_type"": ""ModuleNotFoundError"", ""error_message"": ""No module named 'scipy'"", ""line_no"": """", ""test_case"": """"}"
"DS1000","hallucinated","DS0759","","","","{""error_type"": ""ModuleNotFoundError"", ""error_message"": ""No module named 'scipy'"", ""line_no"": """", ""test_case"": """"}"
"DS1000","hallucinated","DS0760","{""type"": ""IndentationError"", ""value"": 5, ""message"": ""expected an indented block after function definition on line 4 (<unknown>, line 5)""}","","","{""error_type"": ""ModuleNotFoundError"", ""error_message"": ""No module named 'scipy'"", ""line_no"": """", ""test_case"": """"}"
"DS1000","hallucinated","DS0761","","","","{""error_type"": ""NameError"", ""error_message"": ""name 'kurtosis_result' is not defined"", ""line_no"": """", ""test_case"": ""[[\""array([1.0, 2.0, 2.5, 400.0, 6.0, 0.0])\"", \""4.198860780044808\"", \""4.198860780044808\""], [\""array([0.4967141530112327, -0.13826430117118466, 0.6476885381006925, 1.5230298564080254, -0.23415337472333597, -0.23413695694918055, 1.5792128155073915, 0.7674347291529088, -0.4694743859349521, 0.5425600435859647])\"", \""1.9177163101358279\"", \""1.9177163101358279\""]]""}"
"DS1000","hallucinated","DS0762","","","","{""error_type"": ""ModuleNotFoundError"", ""error_message"": ""No module named 'scipy'"", ""line_no"": """", ""test_case"": """"}"
"DS1000","hallucinated","DS0763","","","","{""error_type"": ""ModuleNotFoundError"", ""error_message"": ""No module named 'scipy'"", ""line_no"": """", ""test_case"": """"}"
"DS1000","hallucinated","DS0764","","[{'type': 'missing_return', 'function': 'f', 'start_line': 5, 'end_line': 7}]","","{""error_type"": ""ModuleNotFoundError"", ""error_message"": ""No module named 'scipy'"", ""line_no"": """", ""test_case"": """"}"
"DS1000","hallucinated","DS0765","","","[{'type': 'attribute_error', 'object': 'scipy', 'attribute': 'spatial', 'line': 4}]","{""error_type"": ""ModuleNotFoundError"", ""error_message"": ""No module named 'scipy'"", ""line_no"": """", ""test_case"": """"}"
"DS1000","hallucinated","DS0766","","","[{'type': 'attribute_error', 'object': 'scipy', 'attribute': 'spatial', 'line': 4}]","{""error_type"": ""ModuleNotFoundError"", ""error_message"": ""No module named 'scipy'"", ""line_no"": """", ""test_case"": """"}"
"DS1000","hallucinated","DS0767","","","","{""error_type"": ""ModuleNotFoundError"", ""error_message"": ""No module named 'scipy'"", ""line_no"": """", ""test_case"": """"}"
"DS1000","hallucinated","DS0768","","","[{'type': 'attribute_error', 'object': 'scipy', 'attribute': 'ndimage', 'line': 5}]","{""error_type"": ""ModuleNotFoundError"", ""error_message"": ""No module named 'scipy'"", ""line_no"": """", ""test_case"": """"}"
"DS1000","hallucinated","DS0769","","","","{""error_type"": ""ModuleNotFoundError"", ""error_message"": ""No module named 'scipy'"", ""line_no"": """", ""test_case"": """"}"
"DS1000","hallucinated","DS0770","","","","{""error_type"": ""ModuleNotFoundError"", ""error_message"": ""No module named 'scipy'"", ""line_no"": """", ""test_case"": """"}"
"DS1000","hallucinated","DS0771","","","","{""error_type"": ""ModuleNotFoundError"", ""error_message"": ""No module named 'scipy'"", ""line_no"": """", ""test_case"": """"}"
"DS1000","hallucinated","DS0772","","","[{'type': 'attribute_error', 'object': 'scipy', 'attribute': 'integrate', 'line': 8}]","{""error_type"": ""ModuleNotFoundError"", ""error_message"": ""No module named 'scipy'"", ""line_no"": """", ""test_case"": """"}"
"DS1000","hallucinated","DS0773","{""type"": ""IndentationError"", ""value"": 9, ""message"": ""expected an indented block after function definition on line 8 (<unknown>, line 9)""}","","","{""error_type"": ""ModuleNotFoundError"", ""error_message"": ""No module named 'scipy'"", ""line_no"": """", ""test_case"": """"}"
"DS1000","hallucinated","DS0774","","","[{'type': 'attribute_error', 'object': 'sf', 'attribute': 'dctmtx', 'line': 5}]","{""error_type"": ""ModuleNotFoundError"", ""error_message"": ""No module named 'scipy'"", ""line_no"": """", ""test_case"": """"}"
"DS1000","hallucinated","DS0775","","","","{""error_type"": ""ModuleNotFoundError"", ""error_message"": ""No module named 'scipy'"", ""line_no"": """", ""test_case"": """"}"
"DS1000","hallucinated","DS0776","","","[{'type': 'attribute_error', 'object': 'scipy', 'attribute': 'special', 'line': 14}]","{""error_type"": ""ModuleNotFoundError"", ""error_message"": ""No module named 'scipy'"", ""line_no"": """", ""test_case"": """"}"
"DS1000","hallucinated","DS0777","","","","{""error_type"": ""ModuleNotFoundError"", ""error_message"": ""No module named 'scipy'"", ""line_no"": """", ""test_case"": """"}"
"DS1000","hallucinated","DS0778","","","","{""error_type"": ""ModuleNotFoundError"", ""error_message"": ""No module named 'scipy'"", ""line_no"": """", ""test_case"": """"}"
"DS1000","hallucinated","DS0779","","","","{""error_type"": ""ModuleNotFoundError"", ""error_message"": ""No module named 'scipy'"", ""line_no"": """", ""test_case"": """"}"
"DS1000","hallucinated","DS0780","","","","{""error_type"": ""ModuleNotFoundError"", ""error_message"": ""No module named 'scipy'"", ""line_no"": """", ""test_case"": """"}"
"DS1000","hallucinated","DS0781","","","","{""error_type"": ""ModuleNotFoundError"", ""error_message"": ""No module named 'scipy'"", ""line_no"": """", ""test_case"": """"}"
"DS1000","hallucinated","DS0782","","","","{""error_type"": ""ModuleNotFoundError"", ""error_message"": ""No module named 'scipy'"", ""line_no"": """", ""test_case"": """"}"
"DS1000","hallucinated","DS0783","","","","{""error_type"": ""ModuleNotFoundError"", ""error_message"": ""No module named 'scipy'"", ""line_no"": """", ""test_case"": """"}"
"DS1000","hallucinated","DS0784","{""type"": ""IndentationError"", ""value"": 6, ""message"": ""expected an indented block after function definition on line 5 (<unknown>, line 6)""}","","","{""error_type"": ""ModuleNotFoundError"", ""error_message"": ""No module named 'scipy'"", ""line_no"": """", ""test_case"": """"}"
"DS1000","hallucinated","DS0785","","","[{'type': 'attribute_error', 'object': 'scipy', 'attribute': 'ndimage', 'line': 5}]","{""error_type"": ""ModuleNotFoundError"", ""error_message"": ""No module named 'scipy'"", ""line_no"": """", ""test_case"": """"}"
"DS1000","hallucinated","DS0786","","","","{""error_type"": ""ModuleNotFoundError"", ""error_message"": ""No module named 'scipy'"", ""line_no"": """", ""test_case"": ""[[\""(array([[0.37454012, 0.95071431, 0.73199394, 0.59865848, 0.15601864],\\n       [0.15599452, 0.05808361, 0.86617615, 0.60111501, 0.70807258],\\n       [0.02058449, 0.96990985, 0.83244264, 0.21233911, 0.18182497]]), array([ 504.36854591, 1218.45747136,  491.29393108]), array([ 2,  3,  1,  4, 20]))\"", \""(array([[0.37454012, 0.95071431, 0.73199394, 0.59865848, 0.15601864],\\n       [0.15599452, 0.05808361, 0.86617615, 0.60111501, 0.70807258],\\n       [0.02058449, 0.96990985, 0.83244264, 0.21233911, 0.18182497]]), array([ 504.36854591, 1218.45747136,  491.29393108]))\"", \""<Execution Error: name 'scipy' is not defined>\""], [\""(array([[0.37454012, 0.95071431, 0.73199394, 0.59865848, 0.15601864,\\n        0.15599452],\\n       [0.05808361, 0.86617615, 0.60111501, 0.70807258, 0.02058449,\\n        0.96990985],\\n       [0.83244264, 0.21233911, 0.18182497, 0.18340451, 0.30424224,\\n        0.52475643],\\n       [0.43194502, 0.29122914, 0.61185289, 0.13949386, 0.29214465,\\n        0.36636184]]), array([239.65906309, 264.15686963,  82.06645711,  85.26990064]), array([2, 3, 1, 4, 2, 0]))\"", \""(array([[0.37454012, 0.95071431, 0.73199394, 0.59865848, 0.15601864,\\n        0.15599452],\\n       [0.05808361, 0.86617615, 0.60111501, 0.70807258, 0.02058449,\\n        0.96990985],\\n       [0.83244264, 0.21233911, 0.18182497, 0.18340451, 0.30424224,\\n        0.52475643],\\n       [0.43194502, 0.29122914, 0.61185289, 0.13949386, 0.29214465,\\n        0.36636184]]), array([239.65906309, 264.15686963,  82.06645711,  85.26990064]))\"", \""<Execution Error: name 'scipy' is not defined>\""]]""}"
"DS1000","hallucinated","DS0787","","","","{""error_type"": ""ModuleNotFoundError"", ""error_message"": ""No module named 'scipy'"", ""line_no"": """", ""test_case"": """"}"
"DS1000","hallucinated","DS0788","","","[{'type': 'attribute_error', 'object': 'scipy', 'attribute': 'integrate', 'line': 5}]","{""error_type"": ""ModuleNotFoundError"", ""error_message"": ""No module named 'scipy'"", ""line_no"": """", ""test_case"": """"}"
"DS1000","hallucinated","DS0789","","","[{'type': 'attribute_error', 'object': 'scipy', 'attribute': 'integrate', 'line': 5}]","{""error_type"": ""ModuleNotFoundError"", ""error_message"": ""No module named 'scipy'"", ""line_no"": """", ""test_case"": """"}"
"DS1000","hallucinated","DS0790","","","[{'type': 'attribute_error', 'object': 'scipy', 'attribute': 'integrate', 'line': 5}]","{""error_type"": ""ModuleNotFoundError"", ""error_message"": ""No module named 'scipy'"", ""line_no"": """", ""test_case"": """"}"
"DS1000","hallucinated","DS0791","","","","{""error_type"": ""ModuleNotFoundError"", ""error_message"": ""No module named 'scipy'"", ""line_no"": """", ""test_case"": """"}"
"DS1000","hallucinated","DS0792","","","","{""error_type"": ""ModuleNotFoundError"", ""error_message"": ""No module named 'scipy'"", ""line_no"": """", ""test_case"": """"}"
"DS1000","hallucinated","DS0793","","","","{""error_type"": ""ModuleNotFoundError"", ""error_message"": ""No module named 'scipy'"", ""line_no"": """", ""test_case"": """"}"
"DS1000","hallucinated","DS0794","","","","{""error_type"": ""ModuleNotFoundError"", ""error_message"": ""No module named 'scipy'"", ""line_no"": """", ""test_case"": """"}"
"DS1000","hallucinated","DS0795","{""type"": ""IndentationError"", ""value"": 5, ""message"": ""expected an indented block after function definition on line 4 (<unknown>, line 5)""}","","","{""error_type"": ""ModuleNotFoundError"", ""error_message"": ""No module named 'scipy'"", ""line_no"": """", ""test_case"": """"}"
"DS1000","hallucinated","DS0796","","","","{""error_type"": ""ModuleNotFoundError"", ""error_message"": ""No module named 'scipy'"", ""line_no"": """", ""test_case"": """"}"
"DS1000","hallucinated","DS0797","","","","{""error_type"": ""ModuleNotFoundError"", ""error_message"": ""No module named 'scipy'"", ""line_no"": """", ""test_case"": """"}"
"DS1000","hallucinated","DS0798","","","","{""error_type"": ""ModuleNotFoundError"", ""error_message"": ""No module named 'scipy'"", ""line_no"": """", ""test_case"": """"}"
"DS1000","hallucinated","DS0799","","","","{""error_type"": ""ModuleNotFoundError"", ""error_message"": ""No module named 'scipy'"", ""line_no"": """", ""test_case"": """"}"
"DS1000","hallucinated","DS0800","","","","{""error_type"": ""ModuleNotFoundError"", ""error_message"": ""No module named 'scipy'"", ""line_no"": """", ""test_case"": """"}"
"DS1000","hallucinated","DS0801","","","","{""error_type"": ""ModuleNotFoundError"", ""error_message"": ""No module named 'scipy'"", ""line_no"": """", ""test_case"": ""[[\""array([[26, 3, 0], [3, 195, 1], [0, 1, 17]])\"", \""array([[1, 1, 0], [1, 1, 1], [0, 1, 1]])\"", \""array([[1, 1, 0], [1, 1, 1], [0, 1, 1]])\""], [\""array([[6, 3, 7, 4, 6, 9], [2, 6, 7, 4, 3, 7], [7, 2, 5, 4, 1, 7], [5, 1, 4, 0, 9, 5], [8, 0, 9, 2, 6, 3]])\"", \""array([[1, 1, 1, 1, 1, 1], [1, 1, 1, 1, 1, 1], [1, 1, 1, 1, 1, 1], [1, 1, 1, 0, 1, 1], [1, 0, 1, 1, 1, 1]])\"", \""array([[1, 1, 1, 1, 1, 1], [1, 1, 1, 1, 1, 1], [1, 1, 1, 1, 1, 1], [1, 1, 1, 0, 1, 1], [1, 0, 1, 1, 1, 1]])\""]]""}"
"DS1000","hallucinated","DS0802","","","","{""error_type"": ""ModuleNotFoundError"", ""error_message"": ""No module named 'scipy'"", ""line_no"": """", ""test_case"": ""[[\""array([[26, 3, 0], [3, 195, 1], [0, 1, 17]])\"", \""array([[0, 0, 1], [0, 0, 0], [1, 0, 0]])\"", \""<Execution Error: name 'a' is not defined>\""], [\""array([[6, 3, 7, 4, 6, 9], [2, 6, 7, 4, 3, 7], [7, 2, 5, 4, 1, 7], [5, 1, 4, 0, 9, 5], [8, 0, 9, 2, 6, 3]])\"", \""array([[0, 0, 0, 0, 0, 0], [0, 0, 0, 0, 0, 0], [0, 0, 0, 0, 0, 0], [0, 0, 0, 1, 0, 0], [0, 1, 0, 0, 0, 0]])\"", \""<Execution Error: name 'a' is not defined>\""]]""}"
"DS1000","hallucinated","DS0803","","","[{'type': 'attribute_error', 'object': 'scipy', 'attribute': 'spatial', 'line': 9}]","{""error_type"": ""ModuleNotFoundError"", ""error_message"": ""No module named 'scipy'"", ""line_no"": """", ""test_case"": """"}"
"DS1000","hallucinated","DS0804","","","[{'type': 'attribute_error', 'object': 'scipy', 'attribute': 'spatial', 'line': 12}]","{""error_type"": ""ModuleNotFoundError"", ""error_message"": ""No module named 'scipy'"", ""line_no"": """", ""test_case"": """"}"
"DS1000","hallucinated","DS0805","","","","{""error_type"": ""ModuleNotFoundError"", ""error_message"": ""No module named 'scipy'"", ""line_no"": """", ""test_case"": """"}"
"DS1000","hallucinated","DS0806","","","","{""error_type"": ""ModuleNotFoundError"", ""error_message"": ""No module named 'scipy'"", ""line_no"": """", ""test_case"": """"}"
"DS1000","hallucinated","DS0807","","","","{""error_type"": ""ModuleNotFoundError"", ""error_message"": ""No module named 'scipy'"", ""line_no"": """", ""test_case"": """"}"
"DS1000","hallucinated","DS0808","","","","{""error_type"": ""ModuleNotFoundError"", ""error_message"": ""No module named 'scipy'"", ""line_no"": """", ""test_case"": """"}"
"DS1000","hallucinated","DS0809","","","","{""error_type"": ""ModuleNotFoundError"", ""error_message"": ""No module named 'scipy'"", ""line_no"": """", ""test_case"": """"}"
"DS1000","hallucinated","DS0810","","","[{'type': 'type_error', 'function': 'Grouper', 'invalid_arg': 'freq', 'line': 6}, {'type': 'attribute_error', 'object': 'integrate', 'attribute': 'trapz', 'line': 6}]","{""error_type"": ""ModuleNotFoundError"", ""error_message"": ""No module named 'scipy'"", ""line_no"": """", ""test_case"": """"}"
"DS1000","hallucinated","DS0811","","","","{""error_type"": ""ModuleNotFoundError"", ""error_message"": ""No module named 'scipy'"", ""line_no"": ""3.0"", ""test_case"": """"}"
"DS1000","hallucinated","DS0812","","","","{""error_type"": ""ModuleNotFoundError"", ""error_message"": ""No module named 'scipy'"", ""line_no"": """", ""test_case"": ""[[\""DataFrame({'A1': [0, 1, 2, 3, 2, 1, 6, 0, 1, 1, 7, 10]})\"", \""array([0.0, 0.029411764705882353, 0.058823529411764705, 0.08823529411764706, 0.058823529411764705, 0.029411764705882353, 0.17647058823529413, 0.0, 0.029411764705882353, 0.029411764705882353, 0.20588235294117646, 0.29411764705882354])\"", \""<Execution Error: name 'a' is not defined>\""]]""}"
"DS1000","hallucinated","DS0813","","","","{""error_type"": ""ModuleNotFoundError"", ""error_message"": ""No module named 'scipy'"", ""line_no"": """", ""test_case"": ""[[\""(array([0.5, 0.7]), array([1.5, 1.8]), array([[1247.04, 1274.9 , 1277.81, 1259.51, 1246.06, 1230.2 , 1207.37,\\n        1192.  , 1180.84, 1182.76, 1194.76, 1222.65],\\n       [ 589.  ,  581.29,  576.1 ,  570.28,  566.45,  575.99,  601.1 ,\\n         620.6 ,  637.04,  631.68,  611.79,  599.19]]), array([1872.81, 1875.41, 1871.43, 1865.94, 1854.8 , 1839.2 , 1827.82,\\n       1831.73, 1846.68, 1856.56, 1861.02, 1867.15]))\"", \""(array([0.5, 0.7]), array([1.5, 1.8]))\"", \""<Execution Error: name 'sciopt' is not defined>\""], [\""(array([1. , 0.7]), array([1.5, 1.1]), array([[1247.04, 1274.9 , 1277.81, 1259.51, 1246.06, 1230.2 , 1207.37,\\n        1192.  , 1180.84, 1182.76, 1194.76, 1222.65],\\n       [ 589.  ,  581.29,  576.1 ,  570.28,  566.45,  575.99,  601.1 ,\\n         620.6 ,  637.04,  631.68,  611.79,  599.19]]), array([1872.81, 1875.41, 1871.43, 1865.94, 1854.8 , 1839.2 , 1827.82,\\n       1831.73, 1846.68, 1856.56, 1861.02, 1867.15]))\"", \""(array([1. , 0.7]), array([1.5, 1.1]))\"", \""<Execution Error: name 'sciopt' is not defined>\""]]""}"
"DS1000","hallucinated","DS0814","","","","{""error_type"": ""ModuleNotFoundError"", ""error_message"": ""No module named 'scipy'"", ""line_no"": """", ""test_case"": """"}"
"DS1000","hallucinated","DS0815","","","","{""error_type"": ""ModuleNotFoundError"", ""error_message"": ""No module named 'scipy'"", ""line_no"": """", ""test_case"": """"}"
"DS1000","hallucinated","DS0816","","","","{""error_type"": ""ModuleNotFoundError"", ""error_message"": ""No module named 'scipy'"", ""line_no"": """", ""test_case"": """"}"
"DS1000","hallucinated","DS0817","","","","{""error_type"": ""ModuleNotFoundError"", ""error_message"": ""No module named 'sklearn'"", ""line_no"": """", ""test_case"": """"}"
"DS1000","hallucinated","DS0818","","","","{""error_type"": ""ModuleNotFoundError"", ""error_message"": ""No module named 'sklearn'"", ""line_no"": """", ""test_case"": """"}"
"DS1000","hallucinated","DS0819","","","","{""error_type"": ""ModuleNotFoundError"", ""error_message"": ""No module named 'sklearn'"", ""line_no"": """", ""test_case"": """"}"
"DS1000","hallucinated","DS0820","{""type"": ""IndentationError"", ""value"": 7, ""message"": ""expected an indented block after function definition on line 6 (<unknown>, line 7)""}","","","{""error_type"": ""ModuleNotFoundError"", ""error_message"": ""No module named 'sklearn'"", ""line_no"": """", ""test_case"": """"}"
"DS1000","hallucinated","DS0821","","","","{""error_type"": ""ModuleNotFoundError"", ""error_message"": ""No module named 'sklearn'"", ""line_no"": """", ""test_case"": """"}"
"DS1000","hallucinated","DS0822","","","","{""error_type"": ""ModuleNotFoundError"", ""error_message"": ""No module named 'sklearn'"", ""line_no"": """", ""test_case"": """"}"
"DS1000","hallucinated","DS0823","","","","{""error_type"": ""ModuleNotFoundError"", ""error_message"": ""No module named 'sklearn'"", ""line_no"": """", ""test_case"": """"}"
"DS1000","hallucinated","DS0824","","","","{""error_type"": ""ModuleNotFoundError"", ""error_message"": ""No module named 'sklearn'"", ""line_no"": """", ""test_case"": """"}"
"DS1000","hallucinated","DS0825","","","","{""error_type"": ""ModuleNotFoundError"", ""error_message"": ""No module named 'sklearn'"", ""line_no"": """", ""test_case"": """"}"
"DS1000","hallucinated","DS0826","","","","{""error_type"": ""ModuleNotFoundError"", ""error_message"": ""No module named 'sklearn'"", ""line_no"": """", ""test_case"": """"}"
"DS1000","hallucinated","DS0827","","","","{""error_type"": ""ModuleNotFoundError"", ""error_message"": ""No module named 'sklearn'"", ""line_no"": """", ""test_case"": """"}"
"DS1000","hallucinated","DS0828","","","","{""error_type"": ""ModuleNotFoundError"", ""error_message"": ""No module named 'scipy'"", ""line_no"": """", ""test_case"": """"}"
"DS1000","hallucinated","DS0829","","","","{""error_type"": ""ModuleNotFoundError"", ""error_message"": ""No module named 'scipy'"", ""line_no"": """", ""test_case"": """"}"
"DS1000","hallucinated","DS0830","{""type"": ""IndentationError"", ""value"": 7, ""message"": ""expected an indented block after function definition on line 6 (<unknown>, line 7)""}","","","{""error_type"": ""ModuleNotFoundError"", ""error_message"": ""No module named 'scipy'"", ""line_no"": """", ""test_case"": """"}"
"DS1000","hallucinated","DS0831","","","","{""error_type"": ""ModuleNotFoundError"", ""error_message"": ""No module named 'sklearn'"", ""line_no"": """", ""test_case"": """"}"
"DS1000","hallucinated","DS0832","","","","{""error_type"": ""ModuleNotFoundError"", ""error_message"": ""No module named 'sklearn'"", ""line_no"": """", ""test_case"": """"}"
"DS1000","hallucinated","DS0833","","","","{""error_type"": ""ModuleNotFoundError"", ""error_message"": ""No module named 'sklearn'"", ""line_no"": """", ""test_case"": """"}"
"DS1000","hallucinated","DS0834","","","","{""error_type"": ""ModuleNotFoundError"", ""error_message"": ""No module named 'sklearn'"", ""line_no"": """", ""test_case"": """"}"
"DS1000","hallucinated","DS0835","","","","{""error_type"": ""ModuleNotFoundError"", ""error_message"": ""No module named 'sklearn'"", ""line_no"": """", ""test_case"": """"}"
"DS1000","hallucinated","DS0836","","","","{""error_type"": ""ModuleNotFoundError"", ""error_message"": ""No module named 'sklearn'"", ""line_no"": """", ""test_case"": """"}"
"DS1000","hallucinated","DS0837","","","[{'type': 'module_not_found', 'module': 'xgboost.sklearn', 'line': 4}]","{""error_type"": ""ModuleNotFoundError"", ""error_message"": ""No module named 'xgboost'"", ""line_no"": """", ""test_case"": """"}"
"DS1000","hallucinated","DS0838","","","[{'type': 'module_not_found', 'module': 'xgboost.sklearn', 'line': 4}]","{""error_type"": ""ModuleNotFoundError"", ""error_message"": ""No module named 'xgboost'"", ""line_no"": """", ""test_case"": """"}"
"DS1000","hallucinated","DS0839","","","","{""error_type"": ""ModuleNotFoundError"", ""error_message"": ""No module named 'sklearn'"", ""line_no"": """", ""test_case"": """"}"
"DS1000","hallucinated","DS0840","","","","{""error_type"": ""ModuleNotFoundError"", ""error_message"": ""No module named 'sklearn'"", ""line_no"": """", ""test_case"": """"}"
"DS1000","hallucinated","DS0841","","","","{""error_type"": ""ModuleNotFoundError"", ""error_message"": ""No module named 'sklearn'"", ""line_no"": """", ""test_case"": """"}"
"DS1000","hallucinated","DS0842","{""type"": ""IndentationError"", ""value"": 10, ""message"": ""expected an indented block after function definition on line 9 (<unknown>, line 10)""}","","","{""error_type"": ""ModuleNotFoundError"", ""error_message"": ""No module named 'sklearn'"", ""line_no"": """", ""test_case"": """"}"
"DS1000","hallucinated","DS0843","","","","{""error_type"": ""ModuleNotFoundError"", ""error_message"": ""No module named 'sklearn'"", ""line_no"": """", ""test_case"": """"}"
"DS1000","hallucinated","DS0844","","","","{""error_type"": ""ModuleNotFoundError"", ""error_message"": ""No module named 'sklearn'"", ""line_no"": """", ""test_case"": """"}"
"DS1000","hallucinated","DS0845","{""type"": ""SyntaxError"", ""value"": 6, ""message"": ""invalid syntax (<unknown>, line 6)""}","","","{""error_type"": ""ModuleNotFoundError"", ""error_message"": ""No module named 'sklearn'"", ""line_no"": """", ""test_case"": """"}"
"DS1000","hallucinated","DS0846","","","","{""error_type"": ""ModuleNotFoundError"", ""error_message"": ""No module named 'sklearn'"", ""line_no"": """", ""test_case"": """"}"
"DS1000","hallucinated","DS0847","","","","{""error_type"": ""ModuleNotFoundError"", ""error_message"": ""No module named 'sklearn'"", ""line_no"": """", ""test_case"": """"}"
"DS1000","hallucinated","DS0848","","","","{""error_type"": ""ModuleNotFoundError"", ""error_message"": ""No module named 'sklearn'"", ""line_no"": """", ""test_case"": """"}"
"DS1000","hallucinated","DS0849","","","","{""error_type"": ""ModuleNotFoundError"", ""error_message"": ""No module named 'sklearn'"", ""line_no"": """", ""test_case"": """"}"
"DS1000","hallucinated","DS0850","","","","{""error_type"": ""ModuleNotFoundError"", ""error_message"": ""No module named 'sklearn'"", ""line_no"": """", ""test_case"": """"}"
"DS1000","hallucinated","DS0851","","","","{""error_type"": ""ModuleNotFoundError"", ""error_message"": ""No module named 'sklearn'"", ""line_no"": """", ""test_case"": """"}"
"DS1000","hallucinated","DS0852","","","","{""error_type"": ""ModuleNotFoundError"", ""error_message"": ""No module named 'sklearn'"", ""line_no"": """", ""test_case"": ""[[\""None\"", \""None\"", \""<Execution Error: name 'TfidfVectorizer' is not defined>\""], [\""None\"", \""None\"", \""<Execution Error: name 'TfidfVectorizer' is not defined>\""], [\""None\"", \""None\"", \""<Execution Error: name 'TfidfVectorizer' is not defined>\""], [\""None\"", \""None\"", \""<Execution Error: name 'TfidfVectorizer' is not defined>\""], [\""None\"", \""None\"", \""<Execution Error: name 'TfidfVectorizer' is not defined>\""], [\""None\"", \""None\"", \""<Execution Error: name 'TfidfVectorizer' is not defined>\""], [\""None\"", \""None\"", \""<Execution Error: name 'TfidfVectorizer' is not defined>\""], [\""None\"", \""None\"", \""<Execution Error: name 'TfidfVectorizer' is not defined>\""], [\""None\"", \""None\"", \""<Execution Error: name 'TfidfVectorizer' is not defined>\""]]""}"
"DS1000","hallucinated","DS0853","","","","{""error_type"": ""ModuleNotFoundError"", ""error_message"": ""No module named 'sklearn'"", ""line_no"": """", ""test_case"": ""[[\""None\"", \""None\"", \""<Execution Error: name 'TfidfVectorizer' is not defined>\""], [\""None\"", \""None\"", \""<Execution Error: name 'TfidfVectorizer' is not defined>\""], [\""None\"", \""None\"", \""<Execution Error: name 'TfidfVectorizer' is not defined>\""], [\""None\"", \""None\"", \""<Execution Error: name 'TfidfVectorizer' is not defined>\""], [\""None\"", \""None\"", \""<Execution Error: name 'TfidfVectorizer' is not defined>\""], [\""None\"", \""None\"", \""<Execution Error: name 'TfidfVectorizer' is not defined>\""], [\""None\"", \""None\"", \""<Execution Error: name 'TfidfVectorizer' is not defined>\""], [\""None\"", \""None\"", \""<Execution Error: name 'TfidfVectorizer' is not defined>\""], [\""None\"", \""None\"", \""<Execution Error: name 'TfidfVectorizer' is not defined>\""]]""}"
"DS1000","hallucinated","DS0854","","","","{""error_type"": ""ModuleNotFoundError"", ""error_message"": ""No module named 'sklearn'"", ""line_no"": """", ""test_case"": """"}"
"DS1000","hallucinated","DS0855","","","","{""error_type"": ""ModuleNotFoundError"", ""error_message"": ""No module named 'sklearn'"", ""line_no"": """", ""test_case"": """"}"
"DS1000","hallucinated","DS0856","","","","{""error_type"": ""ModuleNotFoundError"", ""error_message"": ""No module named 'sklearn'"", ""line_no"": """", ""test_case"": """"}"
"DS1000","hallucinated","DS0857","","","","{""error_type"": ""ModuleNotFoundError"", ""error_message"": ""No module named 'sklearn'"", ""line_no"": """", ""test_case"": """"}"
"DS1000","hallucinated","DS0858","","","","{""error_type"": ""ModuleNotFoundError"", ""error_message"": ""No module named 'sklearn'"", ""line_no"": """", ""test_case"": """"}"
"DS1000","hallucinated","DS0859","","","","{""error_type"": ""ModuleNotFoundError"", ""error_message"": ""No module named 'sklearn'"", ""line_no"": """", ""test_case"": """"}"
"DS1000","hallucinated","DS0860","","","","{""error_type"": ""ModuleNotFoundError"", ""error_message"": ""No module named 'sklearn'"", ""line_no"": """", ""test_case"": """"}"
"DS1000","hallucinated","DS0861","","","","{""error_type"": ""ModuleNotFoundError"", ""error_message"": ""No module named 'sklearn'"", ""line_no"": """", ""test_case"": """"}"
"DS1000","hallucinated","DS0862","","","","{""error_type"": ""ModuleNotFoundError"", ""error_message"": ""No module named 'sklearn'"", ""line_no"": """", ""test_case"": """"}"
"DS1000","hallucinated","DS0863","","","","{""error_type"": ""ModuleNotFoundError"", ""error_message"": ""No module named 'sklearn'"", ""line_no"": """", ""test_case"": """"}"
"DS1000","hallucinated","DS0864","","","","{""error_type"": ""ModuleNotFoundError"", ""error_message"": ""No module named 'sklearn'"", ""line_no"": """", ""test_case"": """"}"
"DS1000","hallucinated","DS0865","{""type"": ""IndentationError"", ""value"": 8, ""message"": ""expected an indented block after function definition on line 7 (<unknown>, line 8)""}","","","{""error_type"": ""ModuleNotFoundError"", ""error_message"": ""No module named 'sklearn'"", ""line_no"": """", ""test_case"": """"}"
"DS1000","hallucinated","DS0866","","","","{""error_type"": ""ModuleNotFoundError"", ""error_message"": ""No module named 'sklearn'"", ""line_no"": """", ""test_case"": """"}"
"DS1000","hallucinated","DS0867","","","","{""error_type"": ""ModuleNotFoundError"", ""error_message"": ""No module named 'sklearn'"", ""line_no"": """", ""test_case"": """"}"
"DS1000","hallucinated","DS0868","","","","{""error_type"": ""ModuleNotFoundError"", ""error_message"": ""No module named 'sklearn'"", ""line_no"": """", ""test_case"": """"}"
"DS1000","hallucinated","DS0869","","","","{""error_type"": ""ModuleNotFoundError"", ""error_message"": ""No module named 'sklearn'"", ""line_no"": """", ""test_case"": """"}"
"DS1000","hallucinated","DS0870","","","","{""error_type"": ""ModuleNotFoundError"", ""error_message"": ""No module named 'sklearn'"", ""line_no"": """", ""test_case"": """"}"
"DS1000","hallucinated","DS0871","","","","{""error_type"": ""ModuleNotFoundError"", ""error_message"": ""No module named 'sklearn'"", ""line_no"": """", ""test_case"": """"}"
"DS1000","hallucinated","DS0872","","","","{""error_type"": ""ModuleNotFoundError"", ""error_message"": ""No module named 'scipy'"", ""line_no"": """", ""test_case"": """"}"
"DS1000","hallucinated","DS0873","","","","{""error_type"": ""ModuleNotFoundError"", ""error_message"": ""No module named 'scipy'"", ""line_no"": """", ""test_case"": """"}"
"DS1000","hallucinated","DS0874","","[{'type': 'missing_return', 'function': 'solve', 'start_line': 6, 'end_line': 8}]","","{""error_type"": ""ModuleNotFoundError"", ""error_message"": ""No module named 'scipy'"", ""line_no"": """", ""test_case"": """"}"
"DS1000","hallucinated","DS0875","","","","{""error_type"": ""ModuleNotFoundError"", ""error_message"": ""No module named 'sklearn'"", ""line_no"": """", ""test_case"": """"}"
"DS1000","hallucinated","DS0876","","","","{""error_type"": ""ModuleNotFoundError"", ""error_message"": ""No module named 'sklearn'"", ""line_no"": """", ""test_case"": """"}"
"DS1000","hallucinated","DS0877","","","","{""error_type"": ""ModuleNotFoundError"", ""error_message"": ""No module named 'sklearn'"", ""line_no"": """", ""test_case"": """"}"
"DS1000","hallucinated","DS0878","{""type"": ""IndentationError"", ""value"": 7, ""message"": ""expected an indented block after function definition on line 6 (<unknown>, line 7)""}","","","{""error_type"": ""ModuleNotFoundError"", ""error_message"": ""No module named 'sklearn'"", ""line_no"": """", ""test_case"": """"}"
"DS1000","hallucinated","DS0879","","","","{""error_type"": ""ModuleNotFoundError"", ""error_message"": ""No module named 'sklearn'"", ""line_no"": """", ""test_case"": """"}"
"DS1000","hallucinated","DS0880","","","","{""error_type"": ""ModuleNotFoundError"", ""error_message"": ""No module named 'sklearn'"", ""line_no"": """", ""test_case"": """"}"
"DS1000","hallucinated","DS0881","","","","{""error_type"": ""ModuleNotFoundError"", ""error_message"": ""No module named 'sklearn'"", ""line_no"": """", ""test_case"": """"}"
"DS1000","hallucinated","DS0882","","","","{""error_type"": ""ModuleNotFoundError"", ""error_message"": ""No module named 'sklearn'"", ""line_no"": """", ""test_case"": """"}"
"DS1000","hallucinated","DS0883","","","","{""error_type"": ""ModuleNotFoundError"", ""error_message"": ""No module named 'scipy'"", ""line_no"": """", ""test_case"": """"}"
"DS1000","hallucinated","DS0884","","","","{""error_type"": ""ModuleNotFoundError"", ""error_message"": ""No module named 'scipy'"", ""line_no"": """", ""test_case"": """"}"
"DS1000","hallucinated","DS0885","","","","{""error_type"": ""ModuleNotFoundError"", ""error_message"": ""No module named 'scipy'"", ""line_no"": """", ""test_case"": """"}"
"DS1000","hallucinated","DS0886","","","","{""error_type"": ""ModuleNotFoundError"", ""error_message"": ""No module named 'sklearn'"", ""line_no"": """", ""test_case"": """"}"
"DS1000","hallucinated","DS0887","","","","{""error_type"": ""ModuleNotFoundError"", ""error_message"": ""No module named 'sklearn'"", ""line_no"": """", ""test_case"": """"}"
"DS1000","hallucinated","DS0888","","","","{""error_type"": ""ModuleNotFoundError"", ""error_message"": ""No module named 'sklearn'"", ""line_no"": """", ""test_case"": """"}"
"DS1000","hallucinated","DS0889","","","","{""error_type"": ""ModuleNotFoundError"", ""error_message"": ""No module named 'sklearn'"", ""line_no"": """", ""test_case"": """"}"
"DS1000","hallucinated","DS0890","","","","{""error_type"": ""ModuleNotFoundError"", ""error_message"": ""No module named 'sklearn'"", ""line_no"": """", ""test_case"": """"}"
"DS1000","hallucinated","DS0891","","","","{""error_type"": ""ModuleNotFoundError"", ""error_message"": ""No module named 'sklearn'"", ""line_no"": """", ""test_case"": """"}"
"DS1000","hallucinated","DS0892","","","","{""error_type"": ""ModuleNotFoundError"", ""error_message"": ""No module named 'sklearn'"", ""line_no"": """", ""test_case"": """"}"
"DS1000","hallucinated","DS0893","","","","{""error_type"": ""ModuleNotFoundError"", ""error_message"": ""No module named 'sklearn'"", ""line_no"": """", ""test_case"": """"}"
"DS1000","hallucinated","DS0894","","","","{""error_type"": ""ModuleNotFoundError"", ""error_message"": ""No module named 'sklearn'"", ""line_no"": """", ""test_case"": """"}"
"DS1000","hallucinated","DS0895","","","","{""error_type"": ""ModuleNotFoundError"", ""error_message"": ""No module named 'sklearn'"", ""line_no"": """", ""test_case"": """"}"
"DS1000","hallucinated","DS0896","{""type"": ""IndentationError"", ""value"": 6, ""message"": ""expected an indented block after function definition on line 5 (<unknown>, line 6)""}","","","{""error_type"": ""ModuleNotFoundError"", ""error_message"": ""No module named 'sklearn'"", ""line_no"": """", ""test_case"": """"}"
"DS1000","hallucinated","DS0897","","","","{""error_type"": ""ModuleNotFoundError"", ""error_message"": ""No module named 'sklearn'"", ""line_no"": """", ""test_case"": """"}"
"DS1000","hallucinated","DS0898","","","","{""error_type"": ""ModuleNotFoundError"", ""error_message"": ""No module named 'sklearn'"", ""line_no"": """", ""test_case"": """"}"
"DS1000","hallucinated","DS0899","","","","{""error_type"": ""ModuleNotFoundError"", ""error_message"": ""No module named 'sklearn'"", ""line_no"": """", ""test_case"": """"}"
"DS1000","hallucinated","DS0900","","","","{""error_type"": ""ModuleNotFoundError"", ""error_message"": ""No module named 'sklearn'"", ""line_no"": """", ""test_case"": """"}"
"DS1000","hallucinated","DS0901","{""type"": ""IndentationError"", ""value"": 11, ""message"": ""expected an indented block after function definition on line 10 (<unknown>, line 11)""}","","","{""error_type"": ""ModuleNotFoundError"", ""error_message"": ""No module named 'sklearn'"", ""line_no"": """", ""test_case"": """"}"
"DS1000","hallucinated","DS0902","","","","{""error_type"": ""ModuleNotFoundError"", ""error_message"": ""No module named 'sklearn'"", ""line_no"": """", ""test_case"": """"}"
"DS1000","hallucinated","DS0903","","","","{""error_type"": ""ModuleNotFoundError"", ""error_message"": ""No module named 'sklearn'"", ""line_no"": """", ""test_case"": """"}"
"DS1000","hallucinated","DS0904","","","","{""error_type"": ""ModuleNotFoundError"", ""error_message"": ""No module named 'sklearn'"", ""line_no"": """", ""test_case"": """"}"
"DS1000","hallucinated","DS0905","","","","{""error_type"": ""ModuleNotFoundError"", ""error_message"": ""No module named 'sklearn'"", ""line_no"": """", ""test_case"": """"}"
"DS1000","hallucinated","DS0906","","","","{""error_type"": ""ModuleNotFoundError"", ""error_message"": ""No module named 'sklearn'"", ""line_no"": """", ""test_case"": """"}"
"DS1000","hallucinated","DS0907","","","","{""error_type"": ""ModuleNotFoundError"", ""error_message"": ""No module named 'sklearn'"", ""line_no"": """", ""test_case"": """"}"
"DS1000","hallucinated","DS0908","","","","{""error_type"": ""ModuleNotFoundError"", ""error_message"": ""No module named 'sklearn'"", ""line_no"": """", ""test_case"": """"}"
"DS1000","hallucinated","DS0909","","","","{""error_type"": ""ModuleNotFoundError"", ""error_message"": ""No module named 'sklearn'"", ""line_no"": """", ""test_case"": """"}"
"DS1000","hallucinated","DS0910","{""type"": ""IndentationError"", ""value"": 7, ""message"": ""expected an indented block after function definition on line 6 (<unknown>, line 7)""}","","","{""error_type"": ""ModuleNotFoundError"", ""error_message"": ""No module named 'sklearn'"", ""line_no"": """", ""test_case"": """"}"
"DS1000","hallucinated","DS0911","","","","{""error_type"": ""ModuleNotFoundError"", ""error_message"": ""No module named 'sklearn'"", ""line_no"": """", ""test_case"": """"}"
"DS1000","hallucinated","DS0912","","","","{""error_type"": ""ModuleNotFoundError"", ""error_message"": ""No module named 'sklearn'"", ""line_no"": """", ""test_case"": """"}"
"DS1000","hallucinated","DS0913","","","","{""error_type"": ""ModuleNotFoundError"", ""error_message"": ""No module named 'sklearn'"", ""line_no"": """", ""test_case"": """"}"
"DS1000","hallucinated","DS0914","{""type"": ""IndentationError"", ""value"": 7, ""message"": ""expected an indented block after function definition on line 6 (<unknown>, line 7)""}","","","{""error_type"": ""ModuleNotFoundError"", ""error_message"": ""No module named 'sklearn'"", ""line_no"": """", ""test_case"": """"}"
"DS1000","hallucinated","DS0915","","","","{""error_type"": ""ModuleNotFoundError"", ""error_message"": ""No module named 'sklearn'"", ""line_no"": """", ""test_case"": """"}"
"DS1000","hallucinated","DS0916","","","","{""error_type"": ""ModuleNotFoundError"", ""error_message"": ""No module named 'sklearn'"", ""line_no"": """", ""test_case"": ""[[\""None\"", \""None\"", \""<Execution Error: name 'X' is not defined>\""], [\""None\"", \""None\"", \""<Execution Error: name 'X' is not defined>\""], [\""None\"", \""None\"", \""<Execution Error: name 'X' is not defined>\""], [\""None\"", \""None\"", \""<Execution Error: name 'X' is not defined>\""], [\""None\"", \""None\"", \""<Execution Error: name 'X' is not defined>\""], [\""None\"", \""None\"", \""<Execution Error: name 'X' is not defined>\""], [\""None\"", \""None\"", \""<Execution Error: name 'X' is not defined>\""], [\""None\"", \""None\"", \""<Execution Error: name 'X' is not defined>\""], [\""None\"", \""None\"", \""<Execution Error: name 'X' is not defined>\""]]""}"
"DS1000","hallucinated","DS0917","","","","{""error_type"": ""ModuleNotFoundError"", ""error_message"": ""No module named 'sklearn'"", ""line_no"": """", ""test_case"": ""[[\""None\"", \""None\"", \""<No result variable>\""], [\""None\"", \""None\"", \""<No result variable>\""], [\""None\"", \""None\"", \""<No result variable>\""], [\""None\"", \""None\"", \""<No result variable>\""], [\""None\"", \""None\"", \""<No result variable>\""], [\""None\"", \""None\"", \""<No result variable>\""], [\""None\"", \""None\"", \""<No result variable>\""], [\""None\"", \""None\"", \""<No result variable>\""], [\""None\"", \""None\"", \""<No result variable>\""]]""}"
"DS1000","hallucinated","DS0918","","","","{""error_type"": ""ModuleNotFoundError"", ""error_message"": ""No module named 'sklearn'"", ""line_no"": """", ""test_case"": ""[[\""None\"", \""None\"", \""<Execution Error: name 'pd' is not defined>\""], [\""None\"", \""None\"", \""<Execution Error: name 'pd' is not defined>\""], [\""None\"", \""None\"", \""<Execution Error: name 'pd' is not defined>\""], [\""None\"", \""None\"", \""<Execution Error: name 'pd' is not defined>\""], [\""None\"", \""None\"", \""<Execution Error: name 'pd' is not defined>\""], [\""None\"", \""None\"", \""<Execution Error: name 'pd' is not defined>\""], [\""None\"", \""None\"", \""<Execution Error: name 'pd' is not defined>\""], [\""None\"", \""None\"", \""<Execution Error: name 'pd' is not defined>\""], [\""None\"", \""None\"", \""<Execution Error: name 'pd' is not defined>\""]]""}"
"DS1000","hallucinated","DS0919","","","","{""error_type"": ""ModuleNotFoundError"", ""error_message"": ""No module named 'sklearn'"", ""line_no"": """", ""test_case"": """"}"
"DS1000","hallucinated","DS0920","","","","{""error_type"": ""ModuleNotFoundError"", ""error_message"": ""No module named 'sklearn'"", ""line_no"": """", ""test_case"": """"}"
"DS1000","hallucinated","DS0921","","","","{""error_type"": ""ModuleNotFoundError"", ""error_message"": ""No module named 'sklearn'"", ""line_no"": """", ""test_case"": ""[[\""DataFrame({'date': ['2017-03-01', '2017-03-02', '2017-03-03', '2017-03-04', '2017-03-05', '2017-03-06', '2017-03-07', '2017-03-08', '2017-03-09', '2017-03-10'], 'sales': [12000, 8000, 25000, 15000, 10000, 15000, 10000, 25000, 12000, 15000], 'profit': [18000, 12000, 30000, 20000, 15000, 20000, 15000, 30000, 18000, 20000]})\"", \""(         date  sales  profit\\n0  2017-03-01  12000   18000\\n1  2017-03-02   8000   12000,          date  sales  profit\\n2  2017-03-03  25000   30000\\n3  2017-03-04  15000   20000\\n4  2017-03-05  10000   15000\\n5  2017-03-06  15000   20000\\n6  2017-03-07  10000   15000\\n7  2017-03-08  25000   30000\\n8  2017-03-09  12000   18000\\n9  2017-03-10  15000   20000)\"", \""<Execution Error: name 'train_test_split' is not defined>\""], [\""DataFrame({'date': [Timestamp('2020-07-01 00:00:00'), Timestamp('2020-07-02 00:00:00'), Timestamp('2020-07-03 00:00:00'), Timestamp('2020-07-04 00:00:00'), Timestamp('2020-07-05 00:00:00'), Timestamp('2020-07-06 00:00:00'), Timestamp('2020-07-07 00:00:00'), Timestamp('2020-07-08 00:00:00'), Timestamp('2020-07-09 00:00:00'), Timestamp('2020-07-10 00:00:00'), Timestamp('2020-07-11 00:00:00'), Timestamp('2020-07-12 00:00:00'), Timestamp('2020-07-13 00:00:00'), Timestamp('2020-07-14 00:00:00'), Time...[truncated]\"", \""(        date  counts\\n0 2020-07-01       1\\n1 2020-07-02       2\\n2 2020-07-03       3\\n3 2020-07-04       4\\n4 2020-07-05       5\\n5 2020-07-06       6,          date  counts\\n6  2020-07-07       7\\n7  2020-07-08       8\\n8  2020-07-09       9\\n9  2020-07-10      10\\n10 2020-07-11      11\\n11 2020-07-12      12\\n12 2020-07-13      13\\n13 2020-07-14      14\\n14 2020-07-15      15\\n15 2020-07-16      16\\n16 2020-07-17      17\\n17 2020-07-18      18\\n18 2020-07-19      19\\n19 2020-07-20      20\\n20 2020-07-21      21...[truncated]\"", \""<Execution Error: name 'train_test_split' is not defined>\""]]""}"
"DS1000","hallucinated","DS0922","","","","{""error_type"": ""ModuleNotFoundError"", ""error_message"": ""No module named 'sklearn'"", ""line_no"": """", ""test_case"": ""[[\""DataFrame({'date': ['2017-03-01', '2017-03-02', '2017-03-03', '2017-03-04', '2017-03-05', '2017-03-06', '2017-03-07', '2017-03-08', '2017-03-09', '2017-03-10'], 'sales': [12000, 8000, 25000, 15000, 10000, 15000, 10000, 25000, 12000, 15000], 'profit': [18000, 12000, 30000, 20000, 15000, 20000, 15000, 30000, 18000, 20000]})\"", \""(         date  sales  profit\\n2  2017-03-03  25000   30000\\n3  2017-03-04  15000   20000\\n4  2017-03-05  10000   15000\\n5  2017-03-06  15000   20000\\n6  2017-03-07  10000   15000\\n7  2017-03-08  25000   30000\\n8  2017-03-09  12000   18000\\n9  2017-03-10  15000   20000,          date  sales  profit\\n0  2017-03-01  12000   18000\\n1  2017-03-02   8000   12000)\"", \""<Execution Error: No module named 'sklearn'>\""], [\""DataFrame({'date': [Timestamp('2020-07-01 00:00:00'), Timestamp('2020-07-02 00:00:00'), Timestamp('2020-07-03 00:00:00'), Timestamp('2020-07-04 00:00:00'), Timestamp('2020-07-05 00:00:00'), Timestamp('2020-07-06 00:00:00'), Timestamp('2020-07-07 00:00:00'), Timestamp('2020-07-08 00:00:00'), Timestamp('2020-07-09 00:00:00'), Timestamp('2020-07-10 00:00:00'), Timestamp('2020-07-11 00:00:00'), Timestamp('2020-07-12 00:00:00'), Timestamp('2020-07-13 00:00:00'), Timestamp('2020-07-14 00:00:00'), Time...[truncated]\"", \""(         date  counts\\n6  2020-07-07       7\\n7  2020-07-08       8\\n8  2020-07-09       9\\n9  2020-07-10      10\\n10 2020-07-11      11\\n11 2020-07-12      12\\n12 2020-07-13      13\\n13 2020-07-14      14\\n14 2020-07-15      15\\n15 2020-07-16      16\\n16 2020-07-17      17\\n17 2020-07-18      18\\n18 2020-07-19      19\\n19 2020-07-20      20\\n20 2020-07-21      21\\n21 2020-07-22      22\\n22 2020-07-23      23\\n23 2020-07-24      24\\n24 2020-07-25      25\\n25 2020-07-26      26\\n26 2020-07-27      27\\n27 2020-07-28  ...[truncated]\"", \""<Execution Error: No module named 'sklearn'>\""]]""}"
"DS1000","hallucinated","DS0923","{""type"": ""IndentationError"", ""value"": 7, ""message"": ""expected an indented block after function definition on line 6 (<unknown>, line 7)""}","","","{""error_type"": ""IndentationError"", ""error_message"": ""expected an indented block after function definition on line 6 (<string>, line 7)"", ""line_no"": ""6.0"", ""test_case"": ""[[\""DataFrame({'date': ['2017-03-01', '2017-03-02', '2017-03-03', '2017-03-04', '2017-03-05', '2017-03-06', '2017-03-07', '2017-03-08', '2017-03-09', '2017-03-10'], 'sales': [12000, 8000, 25000, 15000, 10000, 15000, 10000, 25000, 12000, 15000], 'profit': [18000, 12000, 30000, 20000, 15000, 20000, 15000, 30000, 18000, 20000]})\"", \""(         date  sales  profit\\n0  2017-03-01  12000   18000\\n1  2017-03-02   8000   12000,          date  sales  profit\\n2  2017-03-03  25000   30000\\n3  2017-03-04  15000   20000\\n4  2017-03-05  10000   15000\\n5  2017-03-06  15000   20000\\n6  2017-03-07  10000   15000\\n7  2017-03-08  25000   30000\\n8  2017-03-09  12000   18000\\n9  2017-03-10  15000   20000)\"", \""<Execution Error: name 'features_dataframe' is not defined>\""], [\""DataFrame({'date': [Timestamp('2020-07-01 00:00:00'), Timestamp('2020-07-02 00:00:00'), Timestamp('2020-07-03 00:00:00'), Timestamp('2020-07-04 00:00:00'), Timestamp('2020-07-05 00:00:00'), Timestamp('2020-07-06 00:00:00'), Timestamp('2020-07-07 00:00:00'), Timestamp('2020-07-08 00:00:00'), Timestamp('2020-07-09 00:00:00'), Timestamp('2020-07-10 00:00:00'), Timestamp('2020-07-11 00:00:00'), Timestamp('2020-07-12 00:00:00'), Timestamp('2020-07-13 00:00:00'), Timestamp('2020-07-14 00:00:00'), Time...[truncated]\"", \""(        date  counts\\n0 2020-07-01       1\\n1 2020-07-02       2\\n2 2020-07-03       3\\n3 2020-07-04       4\\n4 2020-07-05       5\\n5 2020-07-06       6,          date  counts\\n6  2020-07-07       7\\n7  2020-07-08       8\\n8  2020-07-09       9\\n9  2020-07-10      10\\n10 2020-07-11      11\\n11 2020-07-12      12\\n12 2020-07-13      13\\n13 2020-07-14      14\\n14 2020-07-15      15\\n15 2020-07-16      16\\n16 2020-07-17      17\\n17 2020-07-18      18\\n18 2020-07-19      19\\n19 2020-07-20      20\\n20 2020-07-21      21...[truncated]\"", \""<Execution Error: name 'features_dataframe' is not defined>\""]]""}"
"DS1000","hallucinated","DS0924","","","","{""error_type"": ""ModuleNotFoundError"", ""error_message"": ""No module named 'sklearn'"", ""line_no"": """", ""test_case"": """"}"
"DS1000","hallucinated","DS0925","","","","{""error_type"": ""ModuleNotFoundError"", ""error_message"": ""No module named 'sklearn'"", ""line_no"": """", ""test_case"": """"}"
"DS1000","hallucinated","DS0926","","","","{""error_type"": ""ModuleNotFoundError"", ""error_message"": ""No module named 'sklearn'"", ""line_no"": """", ""test_case"": """"}"
"DS1000","hallucinated","DS0927","","","","{""error_type"": ""ModuleNotFoundError"", ""error_message"": ""No module named 'sklearn'"", ""line_no"": """", ""test_case"": """"}"
"DS1000","hallucinated","DS0928","","","","{""error_type"": ""ModuleNotFoundError"", ""error_message"": ""No module named 'sklearn'"", ""line_no"": """", ""test_case"": """"}"
"DS1000","hallucinated","DS0929","","","","{""error_type"": ""ModuleNotFoundError"", ""error_message"": ""No module named 'sklearn'"", ""line_no"": """", ""test_case"": """"}"
"DS1000","hallucinated","DS0930","","","","{""error_type"": ""ModuleNotFoundError"", ""error_message"": ""No module named 'sklearn'"", ""line_no"": """", ""test_case"": """"}"
"DS1000","hallucinated","DS0931","","","","{""error_type"": ""ModuleNotFoundError"", ""error_message"": ""No module named 'sklearn'"", ""line_no"": """", ""test_case"": """"}"
"DS1000","hallucinated","DS0932","","","","{""error_type"": ""ModuleNotFoundError"", ""error_message"": ""No module named 'torch'"", ""line_no"": """", ""test_case"": """"}"
"DS1000","hallucinated","DS0933","","","","{""error_type"": ""ModuleNotFoundError"", ""error_message"": ""No module named 'torch'"", ""line_no"": """", ""test_case"": """"}"
"DS1000","hallucinated","DS0934","","","","{""error_type"": ""ModuleNotFoundError"", ""error_message"": ""No module named 'torch'"", ""line_no"": """", ""test_case"": """"}"
"DS1000","hallucinated","DS0935","","","","{""error_type"": ""ModuleNotFoundError"", ""error_message"": ""No module named 'torch'"", ""line_no"": """", ""test_case"": """"}"
"DS1000","hallucinated","DS0936","","","","{""error_type"": ""ModuleNotFoundError"", ""error_message"": ""No module named 'torch'"", ""line_no"": """", ""test_case"": """"}"
"DS1000","hallucinated","DS0937","","","","{""error_type"": ""ModuleNotFoundError"", ""error_message"": ""No module named 'torch'"", ""line_no"": """", ""test_case"": """"}"
"DS1000","hallucinated","DS0938","","","","{""error_type"": ""ModuleNotFoundError"", ""error_message"": ""No module named 'torch'"", ""line_no"": """", ""test_case"": """"}"
"DS1000","hallucinated","DS0939","","","","{""error_type"": ""ModuleNotFoundError"", ""error_message"": ""No module named 'torch'"", ""line_no"": """", ""test_case"": """"}"
"DS1000","hallucinated","DS0940","","","","{""error_type"": ""ModuleNotFoundError"", ""error_message"": ""No module named 'torch'"", ""line_no"": """", ""test_case"": """"}"
"DS1000","hallucinated","DS0941","","","","{""error_type"": ""ModuleNotFoundError"", ""error_message"": ""No module named 'torch'"", ""line_no"": """", ""test_case"": """"}"
"DS1000","hallucinated","DS0942","","","","{""error_type"": ""ModuleNotFoundError"", ""error_message"": ""No module named 'torch'"", ""line_no"": """", ""test_case"": """"}"
"DS1000","hallucinated","DS0943","","","","{""error_type"": ""ModuleNotFoundError"", ""error_message"": ""No module named 'torch'"", ""line_no"": """", ""test_case"": """"}"
"DS1000","hallucinated","DS0944","","","","{""error_type"": ""ModuleNotFoundError"", ""error_message"": ""No module named 'torch'"", ""line_no"": """", ""test_case"": """"}"
"DS1000","hallucinated","DS0945","{""type"": ""IndentationError"", ""value"": 7, ""message"": ""expected an indented block after function definition on line 6 (<unknown>, line 7)""}","","","{""error_type"": ""ModuleNotFoundError"", ""error_message"": ""No module named 'torch'"", ""line_no"": """", ""test_case"": """"}"
"DS1000","hallucinated","DS0946","","","","{""error_type"": ""ModuleNotFoundError"", ""error_message"": ""No module named 'torch'"", ""line_no"": """", ""test_case"": """"}"
"DS1000","hallucinated","DS0947","","","","{""error_type"": ""ModuleNotFoundError"", ""error_message"": ""No module named 'torch'"", ""line_no"": """", ""test_case"": """"}"
"DS1000","hallucinated","DS0948","","","","{""error_type"": ""ModuleNotFoundError"", ""error_message"": ""No module named 'torch'"", ""line_no"": """", ""test_case"": """"}"
"DS1000","hallucinated","DS0949","","","","{""error_type"": ""ModuleNotFoundError"", ""error_message"": ""No module named 'torch'"", ""line_no"": """", ""test_case"": """"}"
"DS1000","hallucinated","DS0950","{""type"": ""IndentationError"", ""value"": 7, ""message"": ""expected an indented block after function definition on line 6 (<unknown>, line 7)""}","","","{""error_type"": ""ModuleNotFoundError"", ""error_message"": ""No module named 'torch'"", ""line_no"": """", ""test_case"": """"}"
"DS1000","hallucinated","DS0951","","","","{""error_type"": ""ModuleNotFoundError"", ""error_message"": ""No module named 'torch'"", ""line_no"": """", ""test_case"": """"}"
"DS1000","hallucinated","DS0952","","","","{""error_type"": ""ModuleNotFoundError"", ""error_message"": ""No module named 'torch'"", ""line_no"": """", ""test_case"": """"}"
"DS1000","hallucinated","DS0953","","","","{""error_type"": ""ModuleNotFoundError"", ""error_message"": ""No module named 'torch'"", ""line_no"": """", ""test_case"": """"}"
"DS1000","hallucinated","DS0954","{""type"": ""IndentationError"", ""value"": 7, ""message"": ""expected an indented block after function definition on line 6 (<unknown>, line 7)""}","","","{""error_type"": ""ModuleNotFoundError"", ""error_message"": ""No module named 'torch'"", ""line_no"": """", ""test_case"": """"}"
"DS1000","hallucinated","DS0955","","","","{""error_type"": ""ModuleNotFoundError"", ""error_message"": ""No module named 'torch'"", ""line_no"": """", ""test_case"": """"}"
"DS1000","hallucinated","DS0956","{""type"": ""IndentationError"", ""value"": 7, ""message"": ""expected an indented block after function definition on line 6 (<unknown>, line 7)""}","","","{""error_type"": ""ModuleNotFoundError"", ""error_message"": ""No module named 'torch'"", ""line_no"": """", ""test_case"": """"}"
"DS1000","hallucinated","DS0957","","","","{""error_type"": ""ModuleNotFoundError"", ""error_message"": ""No module named 'torch'"", ""line_no"": """", ""test_case"": """"}"
"DS1000","hallucinated","DS0958","","","","{""error_type"": ""ModuleNotFoundError"", ""error_message"": ""No module named 'torch'"", ""line_no"": """", ""test_case"": """"}"
"DS1000","hallucinated","DS0959","{""type"": ""IndentationError"", ""value"": 7, ""message"": ""expected an indented block after function definition on line 6 (<unknown>, line 7)""}","","","{""error_type"": ""ModuleNotFoundError"", ""error_message"": ""No module named 'torch'"", ""line_no"": """", ""test_case"": """"}"
"DS1000","hallucinated","DS0960","","","","{""error_type"": ""ModuleNotFoundError"", ""error_message"": ""No module named 'torch'"", ""line_no"": """", ""test_case"": """"}"
"DS1000","hallucinated","DS0961","","","","{""error_type"": ""ModuleNotFoundError"", ""error_message"": ""No module named 'torch'"", ""line_no"": """", ""test_case"": """"}"
"DS1000","hallucinated","DS0962","","","","{""error_type"": ""ModuleNotFoundError"", ""error_message"": ""No module named 'torch'"", ""line_no"": """", ""test_case"": """"}"
"DS1000","hallucinated","DS0963","","","","{""error_type"": ""ModuleNotFoundError"", ""error_message"": ""No module named 'torch'"", ""line_no"": """", ""test_case"": """"}"
"DS1000","hallucinated","DS0964","","","","{""error_type"": ""ModuleNotFoundError"", ""error_message"": ""No module named 'torch'"", ""line_no"": """", ""test_case"": """"}"
"DS1000","hallucinated","DS0965","","","","{""error_type"": ""ModuleNotFoundError"", ""error_message"": ""No module named 'torch'"", ""line_no"": """", ""test_case"": """"}"
"DS1000","hallucinated","DS0966","{""type"": ""IndentationError"", ""value"": 7, ""message"": ""expected an indented block after function definition on line 6 (<unknown>, line 7)""}","","","{""error_type"": ""ModuleNotFoundError"", ""error_message"": ""No module named 'torch'"", ""line_no"": """", ""test_case"": """"}"
"DS1000","hallucinated","DS0967","","","","{""error_type"": ""ModuleNotFoundError"", ""error_message"": ""No module named 'torch'"", ""line_no"": """", ""test_case"": """"}"
"DS1000","hallucinated","DS0968","","","","{""error_type"": ""ModuleNotFoundError"", ""error_message"": ""No module named 'torch'"", ""line_no"": """", ""test_case"": """"}"
"DS1000","hallucinated","DS0969","","","","{""error_type"": ""ModuleNotFoundError"", ""error_message"": ""No module named 'torch'"", ""line_no"": """", ""test_case"": """"}"
"DS1000","hallucinated","DS0970","","","","{""error_type"": ""ModuleNotFoundError"", ""error_message"": ""No module named 'torch'"", ""line_no"": """", ""test_case"": """"}"
"DS1000","hallucinated","DS0971","","","","{""error_type"": ""ModuleNotFoundError"", ""error_message"": ""No module named 'torch'"", ""line_no"": """", ""test_case"": """"}"
"DS1000","hallucinated","DS0972","","","","{""error_type"": ""ModuleNotFoundError"", ""error_message"": ""No module named 'torch'"", ""line_no"": """", ""test_case"": """"}"
"DS1000","hallucinated","DS0973","","","","{""error_type"": ""ModuleNotFoundError"", ""error_message"": ""No module named 'torch'"", ""line_no"": """", ""test_case"": """"}"
"DS1000","hallucinated","DS0974","","","","{""error_type"": ""ModuleNotFoundError"", ""error_message"": ""No module named 'torch'"", ""line_no"": """", ""test_case"": """"}"
"DS1000","hallucinated","DS0975","","","","{""error_type"": ""ModuleNotFoundError"", ""error_message"": ""No module named 'torch'"", ""line_no"": """", ""test_case"": """"}"
"DS1000","hallucinated","DS0976","","","","{""error_type"": ""ModuleNotFoundError"", ""error_message"": ""No module named 'torch'"", ""line_no"": """", ""test_case"": """"}"
"DS1000","hallucinated","DS0977","{""type"": ""IndentationError"", ""value"": 7, ""message"": ""expected an indented block after function definition on line 6 (<unknown>, line 7)""}","","","{""error_type"": ""ModuleNotFoundError"", ""error_message"": ""No module named 'torch'"", ""line_no"": """", ""test_case"": """"}"
"DS1000","hallucinated","DS0978","{""type"": ""IndentationError"", ""value"": 7, ""message"": ""expected an indented block after function definition on line 6 (<unknown>, line 7)""}","","","{""error_type"": ""ModuleNotFoundError"", ""error_message"": ""No module named 'torch'"", ""line_no"": """", ""test_case"": """"}"
"DS1000","hallucinated","DS0979","","","","{""error_type"": ""ModuleNotFoundError"", ""error_message"": ""No module named 'torch'"", ""line_no"": """", ""test_case"": """"}"
"DS1000","hallucinated","DS0980","","","","{""error_type"": ""ModuleNotFoundError"", ""error_message"": ""No module named 'torch'"", ""line_no"": """", ""test_case"": """"}"
"DS1000","hallucinated","DS0981","","","","{""error_type"": ""ModuleNotFoundError"", ""error_message"": ""No module named 'torch'"", ""line_no"": """", ""test_case"": """"}"
"DS1000","hallucinated","DS0982","","","","{""error_type"": ""ModuleNotFoundError"", ""error_message"": ""No module named 'torch'"", ""line_no"": """", ""test_case"": """"}"
"DS1000","hallucinated","DS0983","{""type"": ""IndentationError"", ""value"": 7, ""message"": ""expected an indented block after function definition on line 6 (<unknown>, line 7)""}","","","{""error_type"": ""ModuleNotFoundError"", ""error_message"": ""No module named 'torch'"", ""line_no"": """", ""test_case"": """"}"
"DS1000","hallucinated","DS0984","","","","{""error_type"": ""ModuleNotFoundError"", ""error_message"": ""No module named 'torch'"", ""line_no"": """", ""test_case"": """"}"
"DS1000","hallucinated","DS0985","","","","{""error_type"": ""ModuleNotFoundError"", ""error_message"": ""No module named 'torch'"", ""line_no"": """", ""test_case"": """"}"
"DS1000","hallucinated","DS0986","","","","{""error_type"": ""ModuleNotFoundError"", ""error_message"": ""No module named 'torch'"", ""line_no"": """", ""test_case"": """"}"
"DS1000","hallucinated","DS0987","","","","{""error_type"": ""ModuleNotFoundError"", ""error_message"": ""No module named 'torch'"", ""line_no"": """", ""test_case"": """"}"
"DS1000","hallucinated","DS0988","","","","{""error_type"": ""ModuleNotFoundError"", ""error_message"": ""No module named 'torch'"", ""line_no"": """", ""test_case"": """"}"
"DS1000","hallucinated","DS0989","","","","{""error_type"": ""ModuleNotFoundError"", ""error_message"": ""No module named 'torch'"", ""line_no"": """", ""test_case"": """"}"
"DS1000","hallucinated","DS0990","","","","{""error_type"": ""ModuleNotFoundError"", ""error_message"": ""No module named 'torch'"", ""line_no"": """", ""test_case"": """"}"
"DS1000","hallucinated","DS0991","","","","{""error_type"": ""ModuleNotFoundError"", ""error_message"": ""No module named 'torch'"", ""line_no"": """", ""test_case"": """"}"
"DS1000","hallucinated","DS0992","{""type"": ""IndentationError"", ""value"": 7, ""message"": ""expected an indented block after function definition on line 6 (<unknown>, line 7)""}","","","{""error_type"": ""ModuleNotFoundError"", ""error_message"": ""No module named 'torch'"", ""line_no"": """", ""test_case"": """"}"
"DS1000","hallucinated","DS0993","","","","{""error_type"": ""ModuleNotFoundError"", ""error_message"": ""No module named 'torch'"", ""line_no"": """", ""test_case"": """"}"
"DS1000","hallucinated","DS0994","","","","{""error_type"": ""ModuleNotFoundError"", ""error_message"": ""No module named 'torch'"", ""line_no"": """", ""test_case"": """"}"
"DS1000","hallucinated","DS0995","{""type"": ""IndentationError"", ""value"": 7, ""message"": ""expected an indented block after function definition on line 6 (<unknown>, line 7)""}","","","{""error_type"": ""ModuleNotFoundError"", ""error_message"": ""No module named 'torch'"", ""line_no"": """", ""test_case"": """"}"
"DS1000","hallucinated","DS0996","","","","{""error_type"": ""ModuleNotFoundError"", ""error_message"": ""No module named 'torch'"", ""line_no"": """", ""test_case"": """"}"
"DS1000","hallucinated","DS0997","","","","{""error_type"": ""ModuleNotFoundError"", ""error_message"": ""No module named 'torch'"", ""line_no"": """", ""test_case"": """"}"
"DS1000","hallucinated","DS0998","","","","{""error_type"": ""ModuleNotFoundError"", ""error_message"": ""No module named 'torch'"", ""line_no"": """", ""test_case"": """"}"
"DS1000","hallucinated","DS0999","","","","{""error_type"": ""ModuleNotFoundError"", ""error_message"": ""No module named 'torch'"", ""line_no"": """", ""test_case"": """"}"
"HumanEval","passed","HumanEval/0","","","",""
"HumanEval","passed","HumanEval/1","","","",""
"HumanEval","hallucinated","HumanEval/10","","[{'type': 'missing_return', 'function': 'make_palindrome', 'start_line': 8, 'end_line': 30}]","[{'type': 'name_error', 'name': '*', 'line': 1}, {'type': 'name_error', 'name': '*', 'line': 2}]","{""error_type"": ""AssertionError"", ""error_message"": """", ""line_no"": """", ""test_case"": ""[[\""\"", \""\"", \""\""], [\""x\"", \""x\"", \""xx\""], [\""xyz\"", \""xyzyx\"", \""xyzx\""], [\""xyx\"", \""xyx\"", \""xyxxyx\""], [\""jerry\"", \""jerryrrej\"", \""jerryj\""]]""}"
"HumanEval","hallucinated","HumanEval/100","","[{'type': 'missing_return', 'function': 'check_solution', 'start_line': 29, 'end_line': 34}]","",""
"HumanEval","passed","HumanEval/101","","","",""
"HumanEval","hallucinated","HumanEval/102","","[{'type': 'missing_return', 'function': 'choose_num', 'start_line': 1, 'end_line': 20}]","","{""error_type"": ""AssertionError"", ""error_message"": """", ""line_no"": """", ""test_case"": ""[[\""(12, 15)\"", \""14\"", \""14\""], [\""(13, 12)\"", \""-1\"", \""12\""], [\""(33, 12354)\"", \""12354\"", \""12354\""], [\""(5234, 5233)\"", \""-1\"", \""5234\""], [\""(6, 29)\"", \""28\"", \""28\""], [\""(27, 10)\"", \""-1\"", \""26\""], [\""(7, 7)\"", \""-1\"", \""-1\""], [\""(546, 546)\"", \""546\"", \""546\""]]""}"
"HumanEval","hallucinated","HumanEval/103","","[{'type': 'missing_return', 'function': 'rounded_avg', 'start_line': 1, 'end_line': 7}]","",""
"HumanEval","passed","HumanEval/104","","","",""
"HumanEval","passed","HumanEval/105","","","",""
"HumanEval","passed","HumanEval/106","","","",""
"HumanEval","passed","HumanEval/107","","","",""
"HumanEval","hallucinated","HumanEval/108","","","","{""error_type"": ""AssertionError"", ""error_message"": """", ""line_no"": """", ""test_case"": ""[[\""[]\"", \""0\"", \""0\""], [\""[-1, -2, 0]\"", \""0\"", \""2\""], [\""[1, 1, 2, -2, 3, 4, 5]\"", \""6\"", \""7\""], [\""[1, 6, 9, -6, 0, 1, 5]\"", \""5\"", \""6\""], [\""[1, 100, 98, -7, 1, -1]\"", \""4\"", \""6\""], [\""[12, 23, 34, -45, -56, 0]\"", \""5\"", \""5\""], [\""<complex_arg>\"", \""1\"", \""<Error: '<' not supported between instances of 'str' and 'int'>\""], [\""[1]\"", \""1\"", \""1\""]]""}"
"HumanEval","hallucinated","HumanEval/109","","[{'type': 'missing_return', 'function': 'move_one_ball', 'start_line': 3, 'end_line': 15}]","","{""error_type"": ""AssertionError"", ""error_message"": """", ""line_no"": """", ""test_case"": ""[[\""[3, 4, 5, 1, 2]\"", \""True\"", \""True\""], [\""[3, 5, 10, 1, 2]\"", \""True\"", \""True\""], [\""[4, 3, 1, 2]\"", \""False\"", \""True\""], [\""[3, 5, 4, 1, 2]\"", \""False\"", \""True\""], [\""[]\"", \""True\"", \""True\""]]""}"
"HumanEval","passed","HumanEval/11","","","",""
"HumanEval","passed","HumanEval/110","","","",""
"HumanEval","hallucinated","HumanEval/111","","[{'type': 'missing_return', 'function': 'histogram', 'start_line': 3, 'end_line': 27}]","",""
"HumanEval","passed","HumanEval/112","","","",""
"HumanEval","passed","HumanEval/113","","","",""
"HumanEval","hallucinated","HumanEval/114","","[{'type': 'missing_return', 'function': 'minSubArraySum', 'start_line': 3, 'end_line': 13}]","",""
"HumanEval","hallucinated","HumanEval/115","","","","{""error_type"": ""NameError"", ""error_message"": ""name 'math' is not defined"", ""line_no"": ""5.0"", ""test_case"": """"}"
"HumanEval","passed","HumanEval/116","","","",""
"HumanEval","passed","HumanEval/117","","","",""
"HumanEval","passed","HumanEval/118","","","",""
"HumanEval","hallucinated","HumanEval/119","","[{'type': 'missing_return', 'function': 'match_parens', 'start_line': 3, 'end_line': 31}]","","{""error_type"": ""AssertionError"", ""error_message"": """", ""line_no"": """", ""test_case"": ""[[\""['()(', ')']\"", \""Yes\"", \""No\""], [\""[')', ')']\"", \""No\"", \""No\""], [\""['(()(())', '())())']\"", \""No\"", \""No\""], [\""[')())', '(()()(']\"", \""Yes\"", \""No\""], [\""['(())))', '(()())((']\"", \""Yes\"", \""No\""], [\""['()', '())']\"", \""No\"", \""No\""], [\""['(()(', '()))()']\"", \""Yes\"", \""No\""], [\""['((((', '((())']\"", \""No\"", \""No\""], [\""[')(()', '(()(']\"", \""No\"", \""No\""], [\""[')(', ')(']\"", \""No\"", \""No\""], [\""['(', ')']\"", \""Yes\"", \""Yes\""], [\""[')', '(']\"", \""Yes\"", \""Yes\""]]""}"
"HumanEval","hallucinated","HumanEval/12","","[{'type': 'missing_return', 'function': 'longest', 'start_line': 3, 'end_line': 21}]","",""
"HumanEval","hallucinated","HumanEval/120","","","","{""error_type"": ""NameError"", ""error_message"": ""name 'heapq' is not defined"", ""line_no"": ""5.0"", ""test_case"": """"}"
"HumanEval","passed","HumanEval/121","","","",""
"HumanEval","passed","HumanEval/122","","","",""
"HumanEval","passed","HumanEval/123","","","",""
"HumanEval","hallucinated","HumanEval/124","","[{'type': 'missing_return', 'function': 'valid_date', 'start_line': 3, 'end_line': 32}]","",""
"HumanEval","passed","HumanEval/125","","","",""
"HumanEval","hallucinated","HumanEval/126","{""type"": ""SyntaxError"", ""value"": 15, ""message"": ""invalid character '\u279e' (U+279E) (<unknown>, line 15)""}","","","{""error_type"": ""SyntaxError"", ""error_message"": ""invalid character '\u279e' (U+279E) (<string>, line 15)"", ""line_no"": ""15.0"", ""test_case"": """"}"
"HumanEval","hallucinated","HumanEval/127","","[{'type': 'missing_return', 'function': 'intersection', 'start_line': 3, 'end_line': 19}]","","{""error_type"": ""AssertionError"", ""error_message"": """", ""line_no"": """", ""test_case"": ""[[\""((1, 2), (2, 3))\"", \""NO\"", \""NO\""], [\""((-1, 1), (0, 4))\"", \""NO\"", \""YES\""], [\""((-3, -1), (-5, 5))\"", \""YES\"", \""YES\""], [\""((-2, 2), (-4, 0))\"", \""YES\"", \""YES\""], [\""((-11, 2), (-1, -1))\"", \""NO\"", \""NO\""], [\""((1, 2), (3, 5))\"", \""NO\"", \""NO\""], [\""((1, 2), (1, 2))\"", \""NO\"", \""YES\""], [\""((-2, -2), (-3, -2))\"", \""NO\"", \""NO\""]]""}"
"HumanEval","hallucinated","HumanEval/128","","[{'type': 'missing_return', 'function': 'prod_signs', 'start_line': 1, 'end_line': 14}]","",""
"HumanEval","hallucinated","HumanEval/129","","","","{""error_type"": ""TimeoutError"", ""error_message"": ""Execution exceeded timeout (likely infinite loop or recursion)"", ""line_no"": """", ""test_case"": """"}"
"HumanEval","hallucinated","HumanEval/13","","","[{'type': 'name_error', 'name': '*', 'line': 1}, {'type': 'name_error', 'name': '*', 'line': 2}]",""
"HumanEval","hallucinated","HumanEval/130","","","","{""error_type"": ""IndexError"", ""error_message"": ""list index out of range"", ""line_no"": ""28.0"", ""test_case"": """"}"
"HumanEval","passed","HumanEval/131","","","",""
"HumanEval","hallucinated","HumanEval/132","{""type"": ""SyntaxError"", ""value"": 17, ""message"": ""invalid character '\u279e' (U+279E) (<unknown>, line 17)""}","","","{""error_type"": ""SyntaxError"", ""error_message"": ""invalid character '\u279e' (U+279E) (<string>, line 17)"", ""line_no"": ""17.0"", ""test_case"": """"}"
"HumanEval","passed","HumanEval/133","","","",""
"HumanEval","hallucinated","HumanEval/134","","","","{""error_type"": ""AssertionError"", ""error_message"": """", ""line_no"": """", ""test_case"": ""[[\""apple\"", \""False\"", \""False\""], [\""apple pi e\"", \""True\"", \""True\""], [\""eeeee\"", \""False\"", \""False\""], [\""A\"", \""True\"", \""True\""], [\""Pumpkin pie \"", \""False\"", \""False\""], [\""Pumpkin pie 1\"", \""False\"", \""False\""], [\""\"", \""False\"", \""False\""], [\""eeeee e \"", \""False\"", \""True\""], [\""apple pie\"", \""False\"", \""False\""], [\""apple pi e \"", \""False\"", \""True\""]]""}"
"HumanEval","hallucinated","HumanEval/135","","","","{""error_type"": ""AssertionError"", ""error_message"": """", ""line_no"": """", ""test_case"": ""[[\""[1, 2, 4, 3, 5]\"", \""3\"", \""3\""], [\""[1, 2, 4, 5]\"", \""-1\"", \""-1\""], [\""[1, 4, 2, 5, 6, 7, 8, 9, 10]\"", \""2\"", \""2\""], [\""[4, 8, 5, 7, 3]\"", \""4\"", \""2\""], [\""[]\"", \""-1\"", \""-1\""]]""}"
"HumanEval","passed","HumanEval/136","","","",""
"HumanEval","hallucinated","HumanEval/137","{""type"": ""SyntaxError"", ""value"": 19, ""message"": ""invalid character '\u279e' (U+279E) (<unknown>, line 19)""}","","","{""error_type"": ""SyntaxError"", ""error_message"": ""invalid character '\u279e' (U+279E) (<string>, line 19)"", ""line_no"": ""19.0"", ""test_case"": """"}"
"HumanEval","hallucinated","HumanEval/138","","[{'type': 'missing_return', 'function': 'is_equal_to_sum_even', 'start_line': 1, 'end_line': 6}]","",""
"HumanEval","passed","HumanEval/139","","","",""
"HumanEval","passed","HumanEval/14","","","",""
"HumanEval","passed","HumanEval/140","","","",""
"HumanEval","hallucinated","HumanEval/141","","","","{""error_type"": ""AssertionError"", ""error_message"": """", ""line_no"": """", ""test_case"": ""[[\""example.txt\"", \""Yes\"", \""Yes\""], [\""1example.dll\"", \""No\"", \""No\""], [\""s1sdf3.asd\"", \""No\"", \""No\""], [\""K.dll\"", \""Yes\"", \""Yes\""], [\""MY16FILE3.exe\"", \""Yes\"", \""Yes\""], [\""His12FILE94.exe\"", \""No\"", \""Yes\""], [\""_Y.txt\"", \""No\"", \""No\""], [\""?aREYA.exe\"", \""No\"", \""No\""], [\""/this_is_valid.dll\"", \""No\"", \""No\""], [\""this_is_valid.wow\"", \""No\"", \""No\""], [\""this_is_valid.txt\"", \""Yes\"", \""No\""], [\""this_is_valid.txtexe\"", \""No\"", \""No\""], [\""#this2_i4s_5valid.ten\"", \""No\"", \""No\""], [\""@this1_is6_valid.exe\"", \""No\"", \""No\""], [\""this_is_12valid.6exe4.txt\"", \""No\"", \""No\""], [\""all.exe.txt\"", \""No\"", \""No\""], [\""I563_No.exe\"", \""Yes\"", \""No\""], [\""Is3youfault.txt\"", \""Yes\"", \""Yes\""], [\""no_one#knows.dll\"", \""Yes\"", \""No\""], [\""1I563_Yes3.exe\"", \""No\"", \""No\""], [\""I563_Yes3.txtt\"", \""No\"", \""No\""], [\""final..txt\"", \""No\"", \""No\""], [\""final132\"", \""No\"", \""No\""], [\""_f4indsartal132.\"", \""No\"", \""No\""], [\"".txt\"", \""No\"", \""No\""], [\""s.\"", \""No\"", \""No\""]]""}"
"HumanEval","hallucinated","HumanEval/142","","","","{""error_type"": ""AssertionError"", ""error_message"": """", ""line_no"": """", ""test_case"": ""[[\""[1, 2, 3]\"", \""6\"", \""1\""], [\""[1, 4, 9]\"", \""14\"", \""1\""], [\""[]\"", \""0\"", \""0\""], [\""[1, 1, 1, 1, 1, 1, 1, 1, 1]\"", \""9\"", \""5\""], [\""[-1, -1, -1, -1, -1, -1, -1, -1, -1]\"", \""-3\"", \""1\""], [\""[0]\"", \""0\"", \""0\""], [\""[-1, -5, 2, -1, -5]\"", \""-126\"", \""-123\""], [\""[-56, -99, 1, 0, -2]\"", \""3030\"", \""3128\""], [\""[-1, 0, 0, 0, 0, 0, 0, 0, -1]\"", \""0\"", \""0\""], [\""[-16, -9, -2, 36, 36, 26, -20, 25, -40, 20, -4, 12, -26, 35, 37]\"", \""-14196\"", \""-14316\""], [\""[-1, -3, 17, -1, -15, 13, -1, 14, -14, -12, -5, 14, -14, 6, 13, 11, 16, 16, 4, 10]\"", \""-1448\"", \""-1543\""]]""}"
"HumanEval","hallucinated","HumanEval/143","","[{'type': 'missing_return', 'function': 'is_prime', 'start_line': 4, 'end_line': 10}]","",""
"HumanEval","passed","HumanEval/144","","","",""
"HumanEval","hallucinated","HumanEval/145","","","","{""error_type"": ""AssertionError"", ""error_message"": """", ""line_no"": """", ""test_case"": ""[[\""[1, 11, -1, -11, -12]\"", \""[-1, -11, 1, -12, 11]\"", \""[1, -1, 11, -11, -12]\""], [\""[1234, 423, 463, 145, 2, 423, 423, 53, 6, 37, 3457, 3, 56, 0, 46]\"", \""[0, 2, 3, 6, 53, 423, 423, 423, 1234, 145, 37, 46, 56, 463, 3457]\"", \""[0, 2, 3, 6, 53, 423, 423, 423, 1234, 145, 37, 46, 56, 463, 3457]\""], [\""[]\"", \""[]\"", \""[]\""], [\""[1, -11, -32, 43, 54, -98, 2, -3]\"", \""[-3, -32, -98, -11, 1, 2, 43, 54]\"", \""[1, -11, 2, -3, -32, 43, 54, -98]\""], [\""[1, 2, 3, 4, 5, 6, 7, 8, 9, 10, 11]\"", \""[1, 10, 2, 11, 3, 4, 5, 6, 7, 8, 9]\"", \""[1, 10, 2, 11, 3, 4, 5, 6, 7, 8, 9]\""], [\""[0, 6, 6, -76, -21, 23, 4]\"", \""[-76, -21, 0, 4, 23, 6, 6]\"", \""[0, -21, 4, 23, 6, 6, -76]\""]]""}"
"HumanEval","passed","HumanEval/146","","","",""
"HumanEval","passed","HumanEval/147","","","",""
"HumanEval","hallucinated","HumanEval/148","","[{'type': 'missing_return', 'function': 'bf', 'start_line': 1, 'end_line': 18}]","",""
"HumanEval","passed","HumanEval/149","","","",""
"HumanEval","hallucinated","HumanEval/15","","","[{'type': 'name_error', 'name': '*', 'line': 1}, {'type': 'name_error', 'name': '*', 'line': 2}]",""
"HumanEval","hallucinated","HumanEval/150","","[{'type': 'missing_return', 'function': 'x_or_y', 'start_line': 3, 'end_line': 17}]","",""
"HumanEval","hallucinated","HumanEval/151","","[{'type': 'missing_return', 'function': 'double_the_difference', 'start_line': 1, 'end_line': 21}]","",""
"HumanEval","passed","HumanEval/152","","","",""
"HumanEval","passed","HumanEval/153","","","",""
"HumanEval","hallucinated","HumanEval/154","","[{'type': 'missing_return', 'function': 'cycpattern_check', 'start_line': 1, 'end_line': 15}]","",""
"HumanEval","hallucinated","HumanEval/155","","","","{""error_type"": ""AssertionError"", ""error_message"": """", ""line_no"": """", ""test_case"": ""[[\""7\"", \""(0, 1)\"", \""(0, 1)\""], [\""-78\"", \""(1, 1)\"", \""(1, 1)\""], [\""3452\"", \""(2, 2)\"", \""(2, 2)\""], [\""346211\"", \""(3, 3)\"", \""(3, 3)\""], [\""-345821\"", \""(3, 3)\"", \""(3, 3)\""], [\""-2\"", \""(1, 0)\"", \""(1, 0)\""], [\""-45347\"", \""(2, 3)\"", \""(2, 3)\""], [\""0\"", \""(1, 0)\"", \""(0, 0)\""]]""}"
"HumanEval","passed","HumanEval/156","","","",""
"HumanEval","passed","HumanEval/157","","","",""
"HumanEval","passed","HumanEval/158","","","",""
"HumanEval","passed","HumanEval/159","","","",""
"HumanEval","hallucinated","HumanEval/16","","","[{'type': 'name_error', 'name': '*', 'line': 1}, {'type': 'name_error', 'name': '*', 'line': 2}]",""
"HumanEval","hallucinated","HumanEval/160","","","","{""error_type"": ""AssertionError"", ""error_message"": """", ""line_no"": """", ""test_case"": ""[[\""(['**', '*', '+'], [2, 3, 4, 5])\"", \""37\"", \""37\""], [\""(['+', '*', '-'], [2, 3, 4, 5])\"", \""9\"", \""15\""], [\""(['//', '*'], [7, 3, 4])\"", \""8\"", \""8\""]]""}"
"HumanEval","hallucinated","HumanEval/161","","[{'type': 'missing_return', 'function': 'solve', 'start_line': 1, 'end_line': 16}]","",""
"HumanEval","hallucinated","HumanEval/162","","[{'type': 'missing_return', 'function': 'string_to_md5', 'start_line': 3, 'end_line': 12}]","",""
"HumanEval","hallucinated","HumanEval/163","","[{'type': 'missing_return', 'function': 'generate_integers', 'start_line': 1, 'end_line': 24}]","","{""error_type"": ""AssertionError"", ""error_message"": ""Test 1"", ""line_no"": """", ""test_case"": ""[[\""(2, 10)\"", \""[2, 4, 6, 8]\"", \""[2, 4, 6, 8, 10]\""], [\""(10, 2)\"", \""[2, 4, 6, 8]\"", \""[2, 4, 6, 8, 10]\""], [\""(132, 2)\"", \""[2, 4, 6, 8]\"", \""[2, 4, 6, 8, 10, 12, 14, 16, 18, 20, 22, 24, 26, 28, 30, 32, 34, 36, 38, 40, 42, 44, 46, 48, 50, 52, 54, 56, 58, 60, 62, 64, 66, 68, 70, 72, 74, 76, 78, 80, 82, 84, 86, 88, 90, 92, 94, 96, 98, 100, 102, 104, 106, 108, 110, 112, 114, 116, 118, 120, 122, 124, 126, 128, 130, 132]\""], [\""(17, 89)\"", \""[]\"", \""[18, 20, 22, 24, 26, 28, 30, 32, 34, 36, 38, 40, 42, 44, 46, 48, 50, 52, 54, 56, 58, 60, 62, 64, 66, 68, 70, 72, 74, 76, 78, 80, 82, 84, 86, 88]\""]]""}"
"HumanEval","passed","HumanEval/17","","","",""
"HumanEval","passed","HumanEval/18","","","",""
"HumanEval","passed","HumanEval/19","","","",""
"HumanEval","hallucinated","HumanEval/2","","","[{'type': 'name_error', 'name': '*', 'line': 1}, {'type': 'name_error', 'name': '*', 'line': 2}]",""
"HumanEval","hallucinated","HumanEval/20","","[{'type': 'missing_return', 'function': 'find_closest_elements', 'start_line': 3, 'end_line': 28}]","",""
"HumanEval","hallucinated","HumanEval/21","","[{'type': 'missing_return', 'function': 'rescale_to_unit', 'start_line': 3, 'end_line': 20}]","",""
"HumanEval","passed","HumanEval/22","","","",""
"HumanEval","passed","HumanEval/23","","","",""
"HumanEval","hallucinated","HumanEval/24","","[{'type': 'missing_return', 'function': 'largest_divisor', 'start_line': 4, 'end_line': 11}]","[{'type': 'name_error', 'name': '*', 'line': 1}, {'type': 'name_error', 'name': '*', 'line': 2}]",""
"HumanEval","passed","HumanEval/25","","","",""
"HumanEval","hallucinated","HumanEval/26","","","","{""error_type"": ""AssertionError"", ""error_message"": """", ""line_no"": """", ""test_case"": ""[[\""[]\"", \""[]\"", \""[]\""], [\""[1, 2, 3, 4]\"", \""[1, 2, 3, 4]\"", \""[1, 2, 3, 4]\""], [\""[1, 2, 3, 2, 4, 3, 5]\"", \""[1, 4, 5]\"", \""[1, 2, 3, 4, 5]\""]]""}"
"HumanEval","passed","HumanEval/27","","","",""
"HumanEval","passed","HumanEval/28","","","",""
"HumanEval","passed","HumanEval/29","","","",""
"HumanEval","passed","HumanEval/3","","","",""
"HumanEval","hallucinated","HumanEval/30","","","[{'type': 'name_error', 'name': '*', 'line': 1}, {'type': 'name_error', 'name': '*', 'line': 2}]",""
"HumanEval","hallucinated","HumanEval/31","","[{'type': 'missing_return', 'function': 'is_prime', 'start_line': 3, 'end_line': 16}]","",""
"HumanEval","hallucinated","HumanEval/32","","[{'type': 'missing_return', 'function': 'find_zero', 'start_line': 10, 'end_line': 37}]","",""
"HumanEval","hallucinated","HumanEval/33","","","[{'type': 'name_error', 'name': '*', 'line': 1}, {'type': 'name_error', 'name': '*', 'line': 2}]",""
"HumanEval","hallucinated","HumanEval/34","","","[{'type': 'name_error', 'name': '*', 'line': 1}, {'type': 'name_error', 'name': '*', 'line': 2}]",""
"HumanEval","hallucinated","HumanEval/35","","","[{'type': 'name_error', 'name': '*', 'line': 1}, {'type': 'name_error', 'name': '*', 'line': 2}]",""
"HumanEval","passed","HumanEval/36","","","",""
"HumanEval","hallucinated","HumanEval/37","","","[{'type': 'name_error', 'name': '*', 'line': 1}, {'type': 'name_error', 'name': '*', 'line': 2}]",""
"HumanEval","hallucinated","HumanEval/38","","","","{""error_type"": ""NameError"", ""error_message"": ""name 'encode_cyclic' is not defined"", ""line_no"": """", ""test_case"": ""[[\""<complex_arg>\"", \""<complex_expected>\"", \""o<clmp_exgar>\""]]""}"
"HumanEval","hallucinated","HumanEval/39","","[{'type': 'missing_return', 'function': 'prime_fib', 'start_line': 3, 'end_line': 15}, {'type': 'missing_return', 'function': 'fibonacci_generator', 'start_line': 4, 'end_line': 8}]","","{""error_type"": ""ModuleNotFoundError"", ""error_message"": ""No module named 'sympy'"", ""line_no"": ""1.0"", ""test_case"": """"}"
"HumanEval","hallucinated","HumanEval/4","","[{'type': 'missing_return', 'function': 'mean_absolute_deviation', 'start_line': 4, 'end_line': 18}]","",""
"HumanEval","hallucinated","HumanEval/40","","","[{'type': 'name_error', 'name': '*', 'line': 1}, {'type': 'name_error', 'name': '*', 'line': 2}]",""
"HumanEval","hallucinated","HumanEval/41","","","[{'type': 'name_error', 'name': '*', 'line': 1}, {'type': 'name_error', 'name': '*', 'line': 2}]",""
"HumanEval","hallucinated","HumanEval/42","","","[{'type': 'name_error', 'name': '*', 'line': 1}, {'type': 'name_error', 'name': '*', 'line': 2}]",""
"HumanEval","passed","HumanEval/43","","","",""
"HumanEval","hallucinated","HumanEval/44","","[{'type': 'missing_return', 'function': 'change_base', 'start_line': 1, 'end_line': 23}]","",""
"HumanEval","passed","HumanEval/45","","","",""
"HumanEval","hallucinated","HumanEval/46","","","[{'type': 'name_error', 'name': '*', 'line': 1}, {'type': 'name_error', 'name': '*', 'line': 2}]",""
"HumanEval","hallucinated","HumanEval/47","","","[{'type': 'name_error', 'name': '*', 'line': 1}, {'type': 'name_error', 'name': '*', 'line': 2}]",""
"HumanEval","passed","HumanEval/48","","","",""
"HumanEval","hallucinated","HumanEval/49","","","[{'type': 'name_error', 'name': '*', 'line': 1}, {'type': 'name_error', 'name': '*', 'line': 2}]",""
"HumanEval","hallucinated","HumanEval/5","","[{'type': 'missing_return', 'function': 'intersperse', 'start_line': 3, 'end_line': 18}]","",""
"HumanEval","hallucinated","HumanEval/50","","","","{""error_type"": ""NameError"", ""error_message"": ""name 'encode_shift' is not defined"", ""line_no"": """", ""test_case"": ""[[\""<complex_arg>\"", \""<complex_expected>\"", \""kxjhkgzstvmbm\""]]""}"
"HumanEval","passed","HumanEval/51","","","",""
"HumanEval","hallucinated","HumanEval/52","","","[{'type': 'name_error', 'name': '*', 'line': 1}, {'type': 'name_error', 'name': '*', 'line': 2}]",""
"HumanEval","passed","HumanEval/53","","","",""
"HumanEval","hallucinated","HumanEval/54","","","[{'type': 'name_error', 'name': '*', 'line': 1}, {'type': 'name_error', 'name': '*', 'line': 2}]",""
"HumanEval","hallucinated","HumanEval/55","","","[{'type': 'name_error', 'name': '*', 'line': 1}, {'type': 'name_error', 'name': '*', 'line': 2}]",""
"HumanEval","hallucinated","HumanEval/56","","","[{'type': 'name_error', 'name': '*', 'line': 1}, {'type': 'name_error', 'name': '*', 'line': 2}]",""
"HumanEval","hallucinated","HumanEval/57","","","[{'type': 'name_error', 'name': '*', 'line': 1}, {'type': 'name_error', 'name': '*', 'line': 2}]",""
"HumanEval","hallucinated","HumanEval/58","","","[{'type': 'name_error', 'name': '*', 'line': 1}, {'type': 'name_error', 'name': '*', 'line': 2}]",""
"HumanEval","hallucinated","HumanEval/59","","[{'type': 'missing_return', 'function': 'largest_prime_factor', 'start_line': 3, 'end_line': 35}, {'type': 'missing_return', 'function': 'is_prime', 'start_line': 10, 'end_line': 16}]","",""
"HumanEval","passed","HumanEval/6","","","",""
"HumanEval","hallucinated","HumanEval/60","","","[{'type': 'name_error', 'name': '*', 'line': 1}, {'type': 'name_error', 'name': '*', 'line': 2}]",""
"HumanEval","hallucinated","HumanEval/61","","","[{'type': 'name_error', 'name': '*', 'line': 1}, {'type': 'name_error', 'name': '*', 'line': 2}]",""
"HumanEval","hallucinated","HumanEval/62","","","[{'type': 'name_error', 'name': '*', 'line': 1}, {'type': 'name_error', 'name': '*', 'line': 2}]",""
"HumanEval","passed","HumanEval/63","","","",""
"HumanEval","hallucinated","HumanEval/64","","[{'type': 'missing_return', 'function': 'vowels_count', 'start_line': 1, 'end_line': 17}]","",""
"HumanEval","hallucinated","HumanEval/65","","[{'type': 'missing_return', 'function': 'circular_shift', 'start_line': 1, 'end_line': 19}]","","{""error_type"": ""AssertionError"", ""error_message"": """", ""line_no"": """", ""test_case"": ""[[\""(100, 2)\"", \""001\"", \""001\""], [\""(12, 2)\"", \""12\"", \""21\""], [\""(97, 8)\"", \""79\"", \""79\""], [\""(12, 1)\"", \""21\"", \""21\""], [\""(11, 101)\"", \""11\"", \""11\""]]""}"
"HumanEval","passed","HumanEval/66","","","",""
"HumanEval","hallucinated","HumanEval/67","","[{'type': 'missing_return', 'function': 'fruit_distribution', 'start_line': 3, 'end_line': 14}]","",""
"HumanEval","hallucinated","HumanEval/68","","[{'type': 'missing_return', 'function': 'pluck', 'start_line': 1, 'end_line': 16}]","",""
"HumanEval","passed","HumanEval/69","","","",""
"HumanEval","passed","HumanEval/7","","","",""
"HumanEval","passed","HumanEval/70","","","",""
"HumanEval","hallucinated","HumanEval/71","","[{'type': 'missing_return', 'function': 'triangle_area', 'start_line': 3, 'end_line': 25}]","",""
"HumanEval","hallucinated","HumanEval/72","","[{'type': 'missing_return', 'function': 'will_it_fly', 'start_line': 1, 'end_line': 13}]","",""
"HumanEval","passed","HumanEval/73","","","",""
"HumanEval","passed","HumanEval/74","","","",""
"HumanEval","hallucinated","HumanEval/75","","[{'type': 'missing_return', 'function': 'is_multiply_prime', 'start_line': 3, 'end_line': 24}]","","{""error_type"": ""ModuleNotFoundError"", ""error_message"": ""No module named 'sympy'"", ""line_no"": ""1.0"", ""test_case"": """"}"
"HumanEval","hallucinated","HumanEval/76","","[{'type': 'missing_return', 'function': 'is_simple_power', 'start_line': 3, 'end_line': 9}]","",""
"HumanEval","hallucinated","HumanEval/77","","[{'type': 'missing_return', 'function': 'iscube', 'start_line': 3, 'end_line': 19}]","","{""error_type"": ""TypeError"", ""error_message"": ""type complex doesn't define __round__ method"", ""line_no"": ""18.0"", ""test_case"": """"}"
"HumanEval","passed","HumanEval/78","","","",""
"HumanEval","hallucinated","HumanEval/79","","[{'type': 'missing_return', 'function': 'decimal_to_binary', 'start_line': 1, 'end_line': 22}]","",""
"HumanEval","hallucinated","HumanEval/8","","[{'type': 'missing_return', 'function': 'sum_product', 'start_line': 3, 'end_line': 19}]","",""
"HumanEval","hallucinated","HumanEval/80","","[{'type': 'missing_return', 'function': 'is_happy', 'start_line': 1, 'end_line': 20}]","",""
"HumanEval","passed","HumanEval/81","","","",""
"HumanEval","hallucinated","HumanEval/82","","[{'type': 'missing_return', 'function': 'is_prime', 'start_line': 2, 'end_line': 14}]","",""
"HumanEval","hallucinated","HumanEval/83","","","","{""error_type"": ""AssertionError"", ""error_message"": """", ""line_no"": """", ""test_case"": ""[[\""1\"", \""1\"", \""1\""], [\""2\"", \""18\"", \""17\""], [\""3\"", \""180\"", \""170\""], [\""4\"", \""1800\"", \""1700\""], [\""5\"", \""18000\"", \""17000\""]]""}"
"HumanEval","passed","HumanEval/84","","","",""
"HumanEval","passed","HumanEval/85","","","",""
"HumanEval","passed","HumanEval/86","","","",""
"HumanEval","passed","HumanEval/87","","","",""
"HumanEval","hallucinated","HumanEval/88","","[{'type': 'missing_return', 'function': 'sort_array', 'start_line': 1, 'end_line': 25}]","",""
"HumanEval","hallucinated","HumanEval/89","","[{'type': 'missing_return', 'function': 'rotate_char', 'start_line': 2, 'end_line': 6}]","",""
"HumanEval","hallucinated","HumanEval/9","","[{'type': 'missing_return', 'function': 'rolling_max', 'start_line': 3, 'end_line': 19}]","",""
"HumanEval","hallucinated","HumanEval/90","","[{'type': 'missing_return', 'function': 'next_smallest', 'start_line': 1, 'end_line': 23}]","",""
"HumanEval","hallucinated","HumanEval/91","","","","{""error_type"": ""AssertionError"", ""error_message"": ""Test 3"", ""line_no"": """", ""test_case"": ""[[\""Hello world\"", \""0\"", \""0\""], [\""Is the sky blue?\"", \""0\"", \""0\""], [\""I love It !\"", \""1\"", \""3\""], [\""bIt\"", \""0\"", \""0\""], [\""I feel good today. I will be productive. will kill It\"", \""2\"", \""4\""], [\""You and I are going for a walk\"", \""0\"", \""0\""]]""}"
"HumanEval","hallucinated","HumanEval/92","","[{'type': 'missing_return', 'function': 'any_int', 'start_line': 1, 'end_line': 7}]","",""
"HumanEval","hallucinated","HumanEval/93","","","","{""error_type"": ""AssertionError"", ""error_message"": ""This prints if this assert fails 1 (good for debugging!)"", ""line_no"": """", ""test_case"": ""[[\""TEST\"", \""tgst\"", \""tost\""], [\""Mudasir\"", \""mWDCSKR\"", \""meDISUR\""], [\""YES\"", \""ygs\"", \""yos\""], [\""This is a message\"", \""tHKS KS C MGSSCGG\"", \""tHUS US I MOSSIGO\""], [\""I DoNt KnOw WhAt tO WrItE\"", \""k dQnT kNqW wHcT Tq wRkTg\"", \""u danT kNAW wHiT TA wRuTo\""]]""}"
"HumanEval","hallucinated","HumanEval/94","","","","{""error_type"": ""ModuleNotFoundError"", ""error_message"": ""No module named 'sympy'"", ""line_no"": ""1.0"", ""test_case"": """"}"
"HumanEval","hallucinated","HumanEval/95","","[{'type': 'missing_return', 'function': 'check_dict_case', 'start_line': 1, 'end_line': 8}]","","{""error_type"": ""AttributeError"", ""error_message"": ""'int' object has no attribute 'islower'"", ""line_no"": ""5.0"", ""test_case"": """"}"
"HumanEval","hallucinated","HumanEval/96","","[{'type': 'missing_return', 'function': 'is_prime', 'start_line': 2, 'end_line': 8}]","",""
"HumanEval","passed","HumanEval/97","","","",""
"HumanEval","passed","HumanEval/98","","","",""
"HumanEval","hallucinated","HumanEval/99","","","","{""error_type"": ""AssertionError"", ""error_message"": ""Test 2"", ""line_no"": """", ""test_case"": ""[[\""10\"", \""10\"", \""10\""], [\""14.5\"", \""15\"", \""14\""], [\""-15.5\"", \""-16\"", \""-15\""], [\""15.3\"", \""15\"", \""15\""], [\""0\"", \""0\"", \""0\""]]""}"
